2026-02-18 05:09:10.5565 ERROR Error: System.InvalidOperationException: A second operation was started on this context before a previous operation completed. This is usually caused by different threads concurrently using the same instance of DbContext. For more information on how to avoid threading issues with DbContext, see https://go.microsoft.com/fwlink/?linkid=2097913.
   at Microsoft.EntityFrameworkCore.Internal.ConcurrencyDetector.EnterCriticalSection()
   at Microsoft.EntityFrameworkCore.Query.Internal.SingleQueryingEnumerable`1.AsyncEnumerator.MoveNextAsync()
   at Microsoft.EntityFrameworkCore.EntityFrameworkQueryableExtensions.ToListAsync[TSource](IQueryable`1 source, CancellationToken cancellationToken)
   at Microsoft.EntityFrameworkCore.EntityFrameworkQueryableExtensions.ToListAsync[TSource](IQueryable`1 source, CancellationToken cancellationToken)
   at CWB.CommonUtils.Common.Repositories.Repository`1.AwaitGetRangeAsync(Expression`1 predicate) in F:\CWBworking\CWB.CommonUtils\Common\Repositories\Repository.cs:line 36
   at CWB.ProductionPlanWO.Services.WOService.GetAllInvTransLog(Int64 tenantId) in F:\CWBworking\CWB.ProductionPlanWO\Services\WOService.cs:line 1123
   at CWB.ProductionPlanWO.Services.WOService.AllProductionWoReadForProd(Int64 tenantId) in F:\CWBworking\CWB.ProductionPlanWO\Services\WOService.cs:line 4346
   at CWB.ProductionPlanWO.Controllers.WOController.AllProductionWoReadForProd(Int64 tenantId) in F:\CWBworking\CWB.ProductionPlanWO\Controllers\WOController.cs:line 1697
   at Microsoft.AspNetCore.Mvc.Infrastructure.ActionMethodExecutor.TaskOfIActionResultExecutor.Execute(IActionResultTypeMapper mapper, ObjectMethodExecutor executor, Object controller, Object[] arguments)
   at Microsoft.AspNetCore.Mvc.Infrastructure.ControllerActionInvoker.<InvokeActionMethodAsync>g__Awaited|12_0(ControllerActionInvoker invoker, ValueTask`1 actionResultValueTask)
   at Microsoft.AspNetCore.Mvc.Infrastructure.ControllerActionInvoker.<InvokeNextActionFilterAsync>g__Awaited|10_0(ControllerActionInvoker invoker, Task lastTask, State next, Scope scope, Object state, Boolean isCompleted)
   at Microsoft.AspNetCore.Mvc.Infrastructure.ControllerActionInvoker.Rethrow(ActionExecutedContextSealed context)
   at Microsoft.AspNetCore.Mvc.Infrastructure.ControllerActionInvoker.Next(State& next, Scope& scope, Object& state, Boolean& isCompleted)
   at Microsoft.AspNetCore.Mvc.Infrastructure.ControllerActionInvoker.InvokeInnerFilterAsync()
--- End of stack trace from previous location where exception was thrown ---
   at Microsoft.AspNetCore.Mvc.Infrastructure.ResourceInvoker.<InvokeFilterPipelineAsync>g__Awaited|19_0(ResourceInvoker invoker, Task lastTask, State next, Scope scope, Object state, Boolean isCompleted)
   at Microsoft.AspNetCore.Mvc.Infrastructure.ResourceInvoker.<InvokeAsync>g__Awaited|17_0(ResourceInvoker invoker, Task task, IDisposable scope)
   at Microsoft.AspNetCore.Routing.EndpointMiddleware.<Invoke>g__AwaitRequestTask|6_0(Endpoint endpoint, Task requestTask, ILogger logger)
   at Microsoft.AspNetCore.Authorization.AuthorizationMiddleware.Invoke(HttpContext context)
   at Microsoft.AspNetCore.Authentication.AuthenticationMiddleware.Invoke(HttpContext context)
   at CWB.ExceptionHandling.ExceptionMiddleware.InvokeAsync(HttpContext httpContext) in F:\CWBworking\CWB.ExceptionHandling\ExceptionMiddleware.cs:line 26
2026-02-18 05:09:38.6821 ERROR Error: AutoMapper.AutoMapperMappingException: Error mapping types.

Mapping types:
EntityQueryable`1 -> IEnumerable`1
Microsoft.EntityFrameworkCore.Query.Internal.EntityQueryable`1[[CWB.ProductionPlanWO.Domain.Insp_Outcome_Details, CWB.ProductionPlanWO, Version=1.0.0.0, Culture=neutral, PublicKeyToken=null]] -> System.Collections.Generic.IEnumerable`1[[CWB.ProductionPlanWO.ViewModels.Insp_Outcome_DetailsVM, CWB.ProductionPlanWO, Version=1.0.0.0, Culture=neutral, PublicKeyToken=null]]
 ---> System.InvalidOperationException: A second operation was started on this context before a previous operation completed. This is usually caused by different threads concurrently using the same instance of DbContext. For more information on how to avoid threading issues with DbContext, see https://go.microsoft.com/fwlink/?linkid=2097913.
   at Microsoft.EntityFrameworkCore.Internal.ConcurrencyDetector.EnterCriticalSection()
   at Microsoft.EntityFrameworkCore.Query.Internal.SingleQueryingEnumerable`1.Enumerator.MoveNext()
   at lambda_method(Closure , Object , IEnumerable`1 , ResolutionContext )
   --- End of inner exception stack trace ---
   at lambda_method(Closure , Object , IEnumerable`1 , ResolutionContext )
   at CWB.ProductionPlanWO.Services.WOService.GetAllInsp_Outcome_Details(Int64 tenantId) in F:\CWBworking\CWB.ProductionPlanWO\Services\WOService.cs:line 1109
   at CWB.ProductionPlanWO.Services.WOService.AllProductionWoReadForProd(Int64 tenantId) in F:\CWBworking\CWB.ProductionPlanWO\Services\WOService.cs:line 4346
   at CWB.ProductionPlanWO.Controllers.WOController.AllProductionWoReadForProd(Int64 tenantId) in F:\CWBworking\CWB.ProductionPlanWO\Controllers\WOController.cs:line 1697
   at Microsoft.AspNetCore.Mvc.Infrastructure.ActionMethodExecutor.TaskOfIActionResultExecutor.Execute(IActionResultTypeMapper mapper, ObjectMethodExecutor executor, Object controller, Object[] arguments)
   at Microsoft.AspNetCore.Mvc.Infrastructure.ControllerActionInvoker.<InvokeActionMethodAsync>g__Awaited|12_0(ControllerActionInvoker invoker, ValueTask`1 actionResultValueTask)
   at Microsoft.AspNetCore.Mvc.Infrastructure.ControllerActionInvoker.<InvokeNextActionFilterAsync>g__Awaited|10_0(ControllerActionInvoker invoker, Task lastTask, State next, Scope scope, Object state, Boolean isCompleted)
   at Microsoft.AspNetCore.Mvc.Infrastructure.ControllerActionInvoker.Rethrow(ActionExecutedContextSealed context)
   at Microsoft.AspNetCore.Mvc.Infrastructure.ControllerActionInvoker.Next(State& next, Scope& scope, Object& state, Boolean& isCompleted)
   at Microsoft.AspNetCore.Mvc.Infrastructure.ControllerActionInvoker.InvokeInnerFilterAsync()
--- End of stack trace from previous location where exception was thrown ---
   at Microsoft.AspNetCore.Mvc.Infrastructure.ResourceInvoker.<InvokeFilterPipelineAsync>g__Awaited|19_0(ResourceInvoker invoker, Task lastTask, State next, Scope scope, Object state, Boolean isCompleted)
   at Microsoft.AspNetCore.Mvc.Infrastructure.ResourceInvoker.<InvokeAsync>g__Awaited|17_0(ResourceInvoker invoker, Task task, IDisposable scope)
   at Microsoft.AspNetCore.Routing.EndpointMiddleware.<Invoke>g__AwaitRequestTask|6_0(Endpoint endpoint, Task requestTask, ILogger logger)
   at Microsoft.AspNetCore.Authorization.AuthorizationMiddleware.Invoke(HttpContext context)
   at Microsoft.AspNetCore.Authentication.AuthenticationMiddleware.Invoke(HttpContext context)
   at CWB.ExceptionHandling.ExceptionMiddleware.InvokeAsync(HttpContext httpContext) in F:\CWBworking\CWB.ExceptionHandling\ExceptionMiddleware.cs:line 26
2026-02-18 05:09:44.1077 ERROR Error: AutoMapper.AutoMapperMappingException: Error mapping types.

Mapping types:
EntityQueryable`1 -> IEnumerable`1
Microsoft.EntityFrameworkCore.Query.Internal.EntityQueryable`1[[CWB.ProductionPlanWO.Domain.Insp_Outcome_Details, CWB.ProductionPlanWO, Version=1.0.0.0, Culture=neutral, PublicKeyToken=null]] -> System.Collections.Generic.IEnumerable`1[[CWB.ProductionPlanWO.ViewModels.Insp_Outcome_DetailsVM, CWB.ProductionPlanWO, Version=1.0.0.0, Culture=neutral, PublicKeyToken=null]]
 ---> System.InvalidOperationException: A second operation was started on this context before a previous operation completed. This is usually caused by different threads concurrently using the same instance of DbContext. For more information on how to avoid threading issues with DbContext, see https://go.microsoft.com/fwlink/?linkid=2097913.
   at Microsoft.EntityFrameworkCore.Internal.ConcurrencyDetector.EnterCriticalSection()
   at Microsoft.EntityFrameworkCore.Query.Internal.SingleQueryingEnumerable`1.Enumerator.MoveNext()
   at lambda_method(Closure , Object , IEnumerable`1 , ResolutionContext )
   --- End of inner exception stack trace ---
   at lambda_method(Closure , Object , IEnumerable`1 , ResolutionContext )
   at CWB.ProductionPlanWO.Services.WOService.GetAllInsp_Outcome_Details(Int64 tenantId) in F:\CWBworking\CWB.ProductionPlanWO\Services\WOService.cs:line 1109
   at CWB.ProductionPlanWO.Services.WOService.AllProductionWoReadForProd(Int64 tenantId) in F:\CWBworking\CWB.ProductionPlanWO\Services\WOService.cs:line 4346
   at CWB.ProductionPlanWO.Controllers.WOController.AllProductionWoReadForProd(Int64 tenantId) in F:\CWBworking\CWB.ProductionPlanWO\Controllers\WOController.cs:line 1697
   at Microsoft.AspNetCore.Mvc.Infrastructure.ActionMethodExecutor.TaskOfIActionResultExecutor.Execute(IActionResultTypeMapper mapper, ObjectMethodExecutor executor, Object controller, Object[] arguments)
   at Microsoft.AspNetCore.Mvc.Infrastructure.ControllerActionInvoker.<InvokeActionMethodAsync>g__Awaited|12_0(ControllerActionInvoker invoker, ValueTask`1 actionResultValueTask)
   at Microsoft.AspNetCore.Mvc.Infrastructure.ControllerActionInvoker.<InvokeNextActionFilterAsync>g__Awaited|10_0(ControllerActionInvoker invoker, Task lastTask, State next, Scope scope, Object state, Boolean isCompleted)
   at Microsoft.AspNetCore.Mvc.Infrastructure.ControllerActionInvoker.Rethrow(ActionExecutedContextSealed context)
   at Microsoft.AspNetCore.Mvc.Infrastructure.ControllerActionInvoker.Next(State& next, Scope& scope, Object& state, Boolean& isCompleted)
   at Microsoft.AspNetCore.Mvc.Infrastructure.ControllerActionInvoker.InvokeInnerFilterAsync()
--- End of stack trace from previous location where exception was thrown ---
   at Microsoft.AspNetCore.Mvc.Infrastructure.ResourceInvoker.<InvokeFilterPipelineAsync>g__Awaited|19_0(ResourceInvoker invoker, Task lastTask, State next, Scope scope, Object state, Boolean isCompleted)
   at Microsoft.AspNetCore.Mvc.Infrastructure.ResourceInvoker.<InvokeAsync>g__Awaited|17_0(ResourceInvoker invoker, Task task, IDisposable scope)
   at Microsoft.AspNetCore.Routing.EndpointMiddleware.<Invoke>g__AwaitRequestTask|6_0(Endpoint endpoint, Task requestTask, ILogger logger)
   at Microsoft.AspNetCore.Authorization.AuthorizationMiddleware.Invoke(HttpContext context)
   at Microsoft.AspNetCore.Authentication.AuthenticationMiddleware.Invoke(HttpContext context)
   at CWB.ExceptionHandling.ExceptionMiddleware.InvokeAsync(HttpContext httpContext) in F:\CWBworking\CWB.ExceptionHandling\ExceptionMiddleware.cs:line 26
2026-02-18 05:09:48.8013 ERROR Error: AutoMapper.AutoMapperMappingException: Error mapping types.

Mapping types:
EntityQueryable`1 -> IEnumerable`1
Microsoft.EntityFrameworkCore.Query.Internal.EntityQueryable`1[[CWB.ProductionPlanWO.Domain.Insp_Outcome_Details, CWB.ProductionPlanWO, Version=1.0.0.0, Culture=neutral, PublicKeyToken=null]] -> System.Collections.Generic.IEnumerable`1[[CWB.ProductionPlanWO.ViewModels.Insp_Outcome_DetailsVM, CWB.ProductionPlanWO, Version=1.0.0.0, Culture=neutral, PublicKeyToken=null]]
 ---> System.InvalidOperationException: A second operation was started on this context before a previous operation completed. This is usually caused by different threads concurrently using the same instance of DbContext. For more information on how to avoid threading issues with DbContext, see https://go.microsoft.com/fwlink/?linkid=2097913.
   at Microsoft.EntityFrameworkCore.Internal.ConcurrencyDetector.EnterCriticalSection()
   at Microsoft.EntityFrameworkCore.Query.Internal.SingleQueryingEnumerable`1.Enumerator.MoveNext()
   at lambda_method(Closure , Object , IEnumerable`1 , ResolutionContext )
   --- End of inner exception stack trace ---
   at lambda_method(Closure , Object , IEnumerable`1 , ResolutionContext )
   at CWB.ProductionPlanWO.Services.WOService.GetAllInsp_Outcome_Details(Int64 tenantId) in F:\CWBworking\CWB.ProductionPlanWO\Services\WOService.cs:line 1109
   at CWB.ProductionPlanWO.Services.WOService.AllProductionWoReadForProd(Int64 tenantId) in F:\CWBworking\CWB.ProductionPlanWO\Services\WOService.cs:line 4346
   at CWB.ProductionPlanWO.Controllers.WOController.AllProductionWoReadForProd(Int64 tenantId) in F:\CWBworking\CWB.ProductionPlanWO\Controllers\WOController.cs:line 1697
   at Microsoft.AspNetCore.Mvc.Infrastructure.ActionMethodExecutor.TaskOfIActionResultExecutor.Execute(IActionResultTypeMapper mapper, ObjectMethodExecutor executor, Object controller, Object[] arguments)
   at Microsoft.AspNetCore.Mvc.Infrastructure.ControllerActionInvoker.<InvokeActionMethodAsync>g__Awaited|12_0(ControllerActionInvoker invoker, ValueTask`1 actionResultValueTask)
   at Microsoft.AspNetCore.Mvc.Infrastructure.ControllerActionInvoker.<InvokeNextActionFilterAsync>g__Awaited|10_0(ControllerActionInvoker invoker, Task lastTask, State next, Scope scope, Object state, Boolean isCompleted)
   at Microsoft.AspNetCore.Mvc.Infrastructure.ControllerActionInvoker.Rethrow(ActionExecutedContextSealed context)
   at Microsoft.AspNetCore.Mvc.Infrastructure.ControllerActionInvoker.Next(State& next, Scope& scope, Object& state, Boolean& isCompleted)
   at Microsoft.AspNetCore.Mvc.Infrastructure.ControllerActionInvoker.<InvokeInnerFilterAsync>g__Awaited|13_0(ControllerActionInvoker invoker, Task lastTask, State next, Scope scope, Object state, Boolean isCompleted)
   at Microsoft.AspNetCore.Mvc.Infrastructure.ResourceInvoker.<InvokeFilterPipelineAsync>g__Awaited|19_0(ResourceInvoker invoker, Task lastTask, State next, Scope scope, Object state, Boolean isCompleted)
   at Microsoft.AspNetCore.Mvc.Infrastructure.ResourceInvoker.<InvokeAsync>g__Awaited|17_0(ResourceInvoker invoker, Task task, IDisposable scope)
   at Microsoft.AspNetCore.Routing.EndpointMiddleware.<Invoke>g__AwaitRequestTask|6_0(Endpoint endpoint, Task requestTask, ILogger logger)
   at Microsoft.AspNetCore.Authorization.AuthorizationMiddleware.Invoke(HttpContext context)
   at Microsoft.AspNetCore.Authentication.AuthenticationMiddleware.Invoke(HttpContext context)
   at CWB.ExceptionHandling.ExceptionMiddleware.InvokeAsync(HttpContext httpContext) in F:\CWBworking\CWB.ExceptionHandling\ExceptionMiddleware.cs:line 26
2026-02-18 05:24:10.5152 ERROR Error: AutoMapper.AutoMapperMappingException: Error mapping types.

Mapping types:
EntityQueryable`1 -> IEnumerable`1
Microsoft.EntityFrameworkCore.Query.Internal.EntityQueryable`1[[CWB.ProductionPlanWO.Domain.Insp_Outcome_Details, CWB.ProductionPlanWO, Version=1.0.0.0, Culture=neutral, PublicKeyToken=null]] -> System.Collections.Generic.IEnumerable`1[[CWB.ProductionPlanWO.ViewModels.Insp_Outcome_DetailsVM, CWB.ProductionPlanWO, Version=1.0.0.0, Culture=neutral, PublicKeyToken=null]]
 ---> System.InvalidOperationException: A second operation was started on this context before a previous operation completed. This is usually caused by different threads concurrently using the same instance of DbContext. For more information on how to avoid threading issues with DbContext, see https://go.microsoft.com/fwlink/?linkid=2097913.
   at Microsoft.EntityFrameworkCore.Internal.ConcurrencyDetector.EnterCriticalSection()
   at Microsoft.EntityFrameworkCore.Query.Internal.SingleQueryingEnumerable`1.Enumerator.MoveNext()
   at lambda_method(Closure , Object , IEnumerable`1 , ResolutionContext )
   --- End of inner exception stack trace ---
   at lambda_method(Closure , Object , IEnumerable`1 , ResolutionContext )
   at CWB.ProductionPlanWO.Services.WOService.GetAllInsp_Outcome_Details(Int64 tenantId) in F:\CWBworking\CWB.ProductionPlanWO\Services\WOService.cs:line 1109
   at CWB.ProductionPlanWO.Services.WOService.AllProductionWoReadForProd(Int64 tenantId) in F:\CWBworking\CWB.ProductionPlanWO\Services\WOService.cs:line 4346
   at CWB.ProductionPlanWO.Controllers.WOController.AllProductionWoReadForProd(Int64 tenantId) in F:\CWBworking\CWB.ProductionPlanWO\Controllers\WOController.cs:line 1697
   at Microsoft.AspNetCore.Mvc.Infrastructure.ActionMethodExecutor.TaskOfIActionResultExecutor.Execute(IActionResultTypeMapper mapper, ObjectMethodExecutor executor, Object controller, Object[] arguments)
   at Microsoft.AspNetCore.Mvc.Infrastructure.ControllerActionInvoker.<InvokeActionMethodAsync>g__Awaited|12_0(ControllerActionInvoker invoker, ValueTask`1 actionResultValueTask)
   at Microsoft.AspNetCore.Mvc.Infrastructure.ControllerActionInvoker.<InvokeNextActionFilterAsync>g__Awaited|10_0(ControllerActionInvoker invoker, Task lastTask, State next, Scope scope, Object state, Boolean isCompleted)
   at Microsoft.AspNetCore.Mvc.Infrastructure.ControllerActionInvoker.Rethrow(ActionExecutedContextSealed context)
   at Microsoft.AspNetCore.Mvc.Infrastructure.ControllerActionInvoker.Next(State& next, Scope& scope, Object& state, Boolean& isCompleted)
   at Microsoft.AspNetCore.Mvc.Infrastructure.ControllerActionInvoker.<InvokeInnerFilterAsync>g__Awaited|13_0(ControllerActionInvoker invoker, Task lastTask, State next, Scope scope, Object state, Boolean isCompleted)
   at Microsoft.AspNetCore.Mvc.Infrastructure.ResourceInvoker.<InvokeFilterPipelineAsync>g__Awaited|19_0(ResourceInvoker invoker, Task lastTask, State next, Scope scope, Object state, Boolean isCompleted)
   at Microsoft.AspNetCore.Mvc.Infrastructure.ResourceInvoker.<InvokeAsync>g__Awaited|17_0(ResourceInvoker invoker, Task task, IDisposable scope)
   at Microsoft.AspNetCore.Routing.EndpointMiddleware.<Invoke>g__AwaitRequestTask|6_0(Endpoint endpoint, Task requestTask, ILogger logger)
   at Microsoft.AspNetCore.Authorization.AuthorizationMiddleware.Invoke(HttpContext context)
   at Microsoft.AspNetCore.Authentication.AuthenticationMiddleware.Invoke(HttpContext context)
   at CWB.ExceptionHandling.ExceptionMiddleware.InvokeAsync(HttpContext httpContext) in F:\CWBworking\CWB.ExceptionHandling\ExceptionMiddleware.cs:line 26
2026-02-18 05:28:59.9181 ERROR Error: AutoMapper.AutoMapperMappingException: Error mapping types.

Mapping types:
EntityQueryable`1 -> IEnumerable`1
Microsoft.EntityFrameworkCore.Query.Internal.EntityQueryable`1[[CWB.ProductionPlanWO.Domain.Insp_Outcome_Details, CWB.ProductionPlanWO, Version=1.0.0.0, Culture=neutral, PublicKeyToken=null]] -> System.Collections.Generic.IEnumerable`1[[CWB.ProductionPlanWO.ViewModels.Insp_Outcome_DetailsVM, CWB.ProductionPlanWO, Version=1.0.0.0, Culture=neutral, PublicKeyToken=null]]
 ---> System.InvalidOperationException: A second operation was started on this context before a previous operation completed. This is usually caused by different threads concurrently using the same instance of DbContext. For more information on how to avoid threading issues with DbContext, see https://go.microsoft.com/fwlink/?linkid=2097913.
   at Microsoft.EntityFrameworkCore.Internal.ConcurrencyDetector.EnterCriticalSection()
   at Microsoft.EntityFrameworkCore.Query.Internal.SingleQueryingEnumerable`1.Enumerator.MoveNext()
   at lambda_method(Closure , Object , IEnumerable`1 , ResolutionContext )
   --- End of inner exception stack trace ---
   at lambda_method(Closure , Object , IEnumerable`1 , ResolutionContext )
   at CWB.ProductionPlanWO.Services.WOService.GetAllInsp_Outcome_Details(Int64 tenantId) in F:\CWBworking\CWB.ProductionPlanWO\Services\WOService.cs:line 1109
   at CWB.ProductionPlanWO.Services.WOService.AllProductionWoReadForProd(Int64 tenantId) in F:\CWBworking\CWB.ProductionPlanWO\Services\WOService.cs:line 4346
   at CWB.ProductionPlanWO.Controllers.WOController.AllProductionWoReadForProd(Int64 tenantId) in F:\CWBworking\CWB.ProductionPlanWO\Controllers\WOController.cs:line 1697
   at Microsoft.AspNetCore.Mvc.Infrastructure.ActionMethodExecutor.TaskOfIActionResultExecutor.Execute(IActionResultTypeMapper mapper, ObjectMethodExecutor executor, Object controller, Object[] arguments)
   at Microsoft.AspNetCore.Mvc.Infrastructure.ControllerActionInvoker.<InvokeActionMethodAsync>g__Awaited|12_0(ControllerActionInvoker invoker, ValueTask`1 actionResultValueTask)
   at Microsoft.AspNetCore.Mvc.Infrastructure.ControllerActionInvoker.<InvokeNextActionFilterAsync>g__Awaited|10_0(ControllerActionInvoker invoker, Task lastTask, State next, Scope scope, Object state, Boolean isCompleted)
   at Microsoft.AspNetCore.Mvc.Infrastructure.ControllerActionInvoker.Rethrow(ActionExecutedContextSealed context)
   at Microsoft.AspNetCore.Mvc.Infrastructure.ControllerActionInvoker.Next(State& next, Scope& scope, Object& state, Boolean& isCompleted)
   at Microsoft.AspNetCore.Mvc.Infrastructure.ControllerActionInvoker.InvokeInnerFilterAsync()
--- End of stack trace from previous location where exception was thrown ---
   at Microsoft.AspNetCore.Mvc.Infrastructure.ResourceInvoker.<InvokeFilterPipelineAsync>g__Awaited|19_0(ResourceInvoker invoker, Task lastTask, State next, Scope scope, Object state, Boolean isCompleted)
   at Microsoft.AspNetCore.Mvc.Infrastructure.ResourceInvoker.<InvokeAsync>g__Awaited|17_0(ResourceInvoker invoker, Task task, IDisposable scope)
   at Microsoft.AspNetCore.Routing.EndpointMiddleware.<Invoke>g__AwaitRequestTask|6_0(Endpoint endpoint, Task requestTask, ILogger logger)
   at Microsoft.AspNetCore.Authorization.AuthorizationMiddleware.Invoke(HttpContext context)
   at Microsoft.AspNetCore.Authentication.AuthenticationMiddleware.Invoke(HttpContext context)
   at CWB.ExceptionHandling.ExceptionMiddleware.InvokeAsync(HttpContext httpContext) in F:\CWBworking\CWB.ExceptionHandling\ExceptionMiddleware.cs:line 26
2026-02-18 05:34:15.7460 ERROR Error: AutoMapper.AutoMapperMappingException: Error mapping types.

Mapping types:
EntityQueryable`1 -> IEnumerable`1
Microsoft.EntityFrameworkCore.Query.Internal.EntityQueryable`1[[CWB.ProductionPlanWO.Domain.Insp_Outcome_Details, CWB.ProductionPlanWO, Version=1.0.0.0, Culture=neutral, PublicKeyToken=null]] -> System.Collections.Generic.IEnumerable`1[[CWB.ProductionPlanWO.ViewModels.Insp_Outcome_DetailsVM, CWB.ProductionPlanWO, Version=1.0.0.0, Culture=neutral, PublicKeyToken=null]]
 ---> System.InvalidOperationException: A second operation was started on this context before a previous operation completed. This is usually caused by different threads concurrently using the same instance of DbContext. For more information on how to avoid threading issues with DbContext, see https://go.microsoft.com/fwlink/?linkid=2097913.
   at Microsoft.EntityFrameworkCore.Internal.ConcurrencyDetector.EnterCriticalSection()
   at Microsoft.EntityFrameworkCore.Query.Internal.SingleQueryingEnumerable`1.Enumerator.MoveNext()
   at lambda_method(Closure , Object , IEnumerable`1 , ResolutionContext )
   --- End of inner exception stack trace ---
   at lambda_method(Closure , Object , IEnumerable`1 , ResolutionContext )
   at CWB.ProductionPlanWO.Services.WOService.GetAllInsp_Outcome_Details(Int64 tenantId) in F:\CWBworking\CWB.ProductionPlanWO\Services\WOService.cs:line 1109
   at CWB.ProductionPlanWO.Services.WOService.AllProductionWoReadForProd(Int64 tenantId) in F:\CWBworking\CWB.ProductionPlanWO\Services\WOService.cs:line 4346
   at CWB.ProductionPlanWO.Controllers.WOController.AllProductionWoReadForProd(Int64 tenantId) in F:\CWBworking\CWB.ProductionPlanWO\Controllers\WOController.cs:line 1697
   at Microsoft.AspNetCore.Mvc.Infrastructure.ActionMethodExecutor.TaskOfIActionResultExecutor.Execute(IActionResultTypeMapper mapper, ObjectMethodExecutor executor, Object controller, Object[] arguments)
   at Microsoft.AspNetCore.Mvc.Infrastructure.ControllerActionInvoker.<InvokeActionMethodAsync>g__Awaited|12_0(ControllerActionInvoker invoker, ValueTask`1 actionResultValueTask)
   at Microsoft.AspNetCore.Mvc.Infrastructure.ControllerActionInvoker.<InvokeNextActionFilterAsync>g__Awaited|10_0(ControllerActionInvoker invoker, Task lastTask, State next, Scope scope, Object state, Boolean isCompleted)
   at Microsoft.AspNetCore.Mvc.Infrastructure.ControllerActionInvoker.Rethrow(ActionExecutedContextSealed context)
   at Microsoft.AspNetCore.Mvc.Infrastructure.ControllerActionInvoker.Next(State& next, Scope& scope, Object& state, Boolean& isCompleted)
   at Microsoft.AspNetCore.Mvc.Infrastructure.ControllerActionInvoker.<InvokeInnerFilterAsync>g__Awaited|13_0(ControllerActionInvoker invoker, Task lastTask, State next, Scope scope, Object state, Boolean isCompleted)
   at Microsoft.AspNetCore.Mvc.Infrastructure.ResourceInvoker.<InvokeFilterPipelineAsync>g__Awaited|19_0(ResourceInvoker invoker, Task lastTask, State next, Scope scope, Object state, Boolean isCompleted)
   at Microsoft.AspNetCore.Mvc.Infrastructure.ResourceInvoker.<InvokeAsync>g__Awaited|17_0(ResourceInvoker invoker, Task task, IDisposable scope)
   at Microsoft.AspNetCore.Routing.EndpointMiddleware.<Invoke>g__AwaitRequestTask|6_0(Endpoint endpoint, Task requestTask, ILogger logger)
   at Microsoft.AspNetCore.Authorization.AuthorizationMiddleware.Invoke(HttpContext context)
   at Microsoft.AspNetCore.Authentication.AuthenticationMiddleware.Invoke(HttpContext context)
   at CWB.ExceptionHandling.ExceptionMiddleware.InvokeAsync(HttpContext httpContext) in F:\CWBworking\CWB.ExceptionHandling\ExceptionMiddleware.cs:line 26
2026-02-18 05:47:21.5847 ERROR Error: AutoMapper.AutoMapperMappingException: Error mapping types.

Mapping types:
EntityQueryable`1 -> IEnumerable`1
Microsoft.EntityFrameworkCore.Query.Internal.EntityQueryable`1[[CWB.ProductionPlanWO.Domain.Insp_Outcome_Details, CWB.ProductionPlanWO, Version=1.0.0.0, Culture=neutral, PublicKeyToken=null]] -> System.Collections.Generic.IEnumerable`1[[CWB.ProductionPlanWO.ViewModels.Insp_Outcome_DetailsVM, CWB.ProductionPlanWO, Version=1.0.0.0, Culture=neutral, PublicKeyToken=null]]
 ---> System.InvalidOperationException: A second operation was started on this context before a previous operation completed. This is usually caused by different threads concurrently using the same instance of DbContext. For more information on how to avoid threading issues with DbContext, see https://go.microsoft.com/fwlink/?linkid=2097913.
   at Microsoft.EntityFrameworkCore.Internal.ConcurrencyDetector.EnterCriticalSection()
   at Microsoft.EntityFrameworkCore.Query.Internal.SingleQueryingEnumerable`1.Enumerator.MoveNext()
   at lambda_method(Closure , Object , IEnumerable`1 , ResolutionContext )
   --- End of inner exception stack trace ---
   at lambda_method(Closure , Object , IEnumerable`1 , ResolutionContext )
   at CWB.ProductionPlanWO.Services.WOService.GetAllInsp_Outcome_Details(Int64 tenantId) in F:\CWBworking\CWB.ProductionPlanWO\Services\WOService.cs:line 1109
   at CWB.ProductionPlanWO.Services.WOService.AllProductionWoReadForProd(Int64 tenantId) in F:\CWBworking\CWB.ProductionPlanWO\Services\WOService.cs:line 4346
   at CWB.ProductionPlanWO.Controllers.WOController.AllProductionWoReadForProd(Int64 tenantId) in F:\CWBworking\CWB.ProductionPlanWO\Controllers\WOController.cs:line 1697
   at Microsoft.AspNetCore.Mvc.Infrastructure.ActionMethodExecutor.TaskOfIActionResultExecutor.Execute(IActionResultTypeMapper mapper, ObjectMethodExecutor executor, Object controller, Object[] arguments)
   at Microsoft.AspNetCore.Mvc.Infrastructure.ControllerActionInvoker.<InvokeActionMethodAsync>g__Awaited|12_0(ControllerActionInvoker invoker, ValueTask`1 actionResultValueTask)
   at Microsoft.AspNetCore.Mvc.Infrastructure.ControllerActionInvoker.<InvokeNextActionFilterAsync>g__Awaited|10_0(ControllerActionInvoker invoker, Task lastTask, State next, Scope scope, Object state, Boolean isCompleted)
   at Microsoft.AspNetCore.Mvc.Infrastructure.ControllerActionInvoker.Rethrow(ActionExecutedContextSealed context)
   at Microsoft.AspNetCore.Mvc.Infrastructure.ControllerActionInvoker.Next(State& next, Scope& scope, Object& state, Boolean& isCompleted)
   at Microsoft.AspNetCore.Mvc.Infrastructure.ControllerActionInvoker.<InvokeInnerFilterAsync>g__Awaited|13_0(ControllerActionInvoker invoker, Task lastTask, State next, Scope scope, Object state, Boolean isCompleted)
   at Microsoft.AspNetCore.Mvc.Infrastructure.ResourceInvoker.<InvokeFilterPipelineAsync>g__Awaited|19_0(ResourceInvoker invoker, Task lastTask, State next, Scope scope, Object state, Boolean isCompleted)
   at Microsoft.AspNetCore.Mvc.Infrastructure.ResourceInvoker.<InvokeAsync>g__Awaited|17_0(ResourceInvoker invoker, Task task, IDisposable scope)
   at Microsoft.AspNetCore.Routing.EndpointMiddleware.<Invoke>g__AwaitRequestTask|6_0(Endpoint endpoint, Task requestTask, ILogger logger)
   at Microsoft.AspNetCore.Authorization.AuthorizationMiddleware.Invoke(HttpContext context)
   at Microsoft.AspNetCore.Authentication.AuthenticationMiddleware.Invoke(HttpContext context)
   at CWB.ExceptionHandling.ExceptionMiddleware.InvokeAsync(HttpContext httpContext) in F:\CWBworking\CWB.ExceptionHandling\ExceptionMiddleware.cs:line 26
2026-02-18 05:47:27.0798 ERROR Error: AutoMapper.AutoMapperMappingException: Error mapping types.

Mapping types:
EntityQueryable`1 -> IEnumerable`1
Microsoft.EntityFrameworkCore.Query.Internal.EntityQueryable`1[[CWB.ProductionPlanWO.Domain.Insp_Outcome_Details, CWB.ProductionPlanWO, Version=1.0.0.0, Culture=neutral, PublicKeyToken=null]] -> System.Collections.Generic.IEnumerable`1[[CWB.ProductionPlanWO.ViewModels.Insp_Outcome_DetailsVM, CWB.ProductionPlanWO, Version=1.0.0.0, Culture=neutral, PublicKeyToken=null]]
 ---> System.InvalidOperationException: A second operation was started on this context before a previous operation completed. This is usually caused by different threads concurrently using the same instance of DbContext. For more information on how to avoid threading issues with DbContext, see https://go.microsoft.com/fwlink/?linkid=2097913.
   at Microsoft.EntityFrameworkCore.Internal.ConcurrencyDetector.EnterCriticalSection()
   at Microsoft.EntityFrameworkCore.Query.Internal.SingleQueryingEnumerable`1.Enumerator.MoveNext()
   at lambda_method(Closure , Object , IEnumerable`1 , ResolutionContext )
   --- End of inner exception stack trace ---
   at lambda_method(Closure , Object , IEnumerable`1 , ResolutionContext )
   at CWB.ProductionPlanWO.Services.WOService.GetAllInsp_Outcome_Details(Int64 tenantId) in F:\CWBworking\CWB.ProductionPlanWO\Services\WOService.cs:line 1109
   at CWB.ProductionPlanWO.Services.WOService.AllProductionWoReadForProd(Int64 tenantId) in F:\CWBworking\CWB.ProductionPlanWO\Services\WOService.cs:line 4346
   at CWB.ProductionPlanWO.Controllers.WOController.AllProductionWoReadForProd(Int64 tenantId) in F:\CWBworking\CWB.ProductionPlanWO\Controllers\WOController.cs:line 1697
   at Microsoft.AspNetCore.Mvc.Infrastructure.ActionMethodExecutor.TaskOfIActionResultExecutor.Execute(IActionResultTypeMapper mapper, ObjectMethodExecutor executor, Object controller, Object[] arguments)
   at Microsoft.AspNetCore.Mvc.Infrastructure.ControllerActionInvoker.<InvokeActionMethodAsync>g__Awaited|12_0(ControllerActionInvoker invoker, ValueTask`1 actionResultValueTask)
   at Microsoft.AspNetCore.Mvc.Infrastructure.ControllerActionInvoker.<InvokeNextActionFilterAsync>g__Awaited|10_0(ControllerActionInvoker invoker, Task lastTask, State next, Scope scope, Object state, Boolean isCompleted)
   at Microsoft.AspNetCore.Mvc.Infrastructure.ControllerActionInvoker.Rethrow(ActionExecutedContextSealed context)
   at Microsoft.AspNetCore.Mvc.Infrastructure.ControllerActionInvoker.Next(State& next, Scope& scope, Object& state, Boolean& isCompleted)
   at Microsoft.AspNetCore.Mvc.Infrastructure.ControllerActionInvoker.InvokeInnerFilterAsync()
--- End of stack trace from previous location where exception was thrown ---
   at Microsoft.AspNetCore.Mvc.Infrastructure.ResourceInvoker.<InvokeFilterPipelineAsync>g__Awaited|19_0(ResourceInvoker invoker, Task lastTask, State next, Scope scope, Object state, Boolean isCompleted)
   at Microsoft.AspNetCore.Mvc.Infrastructure.ResourceInvoker.<InvokeAsync>g__Awaited|17_0(ResourceInvoker invoker, Task task, IDisposable scope)
   at Microsoft.AspNetCore.Routing.EndpointMiddleware.<Invoke>g__AwaitRequestTask|6_0(Endpoint endpoint, Task requestTask, ILogger logger)
   at Microsoft.AspNetCore.Authorization.AuthorizationMiddleware.Invoke(HttpContext context)
   at Microsoft.AspNetCore.Authentication.AuthenticationMiddleware.Invoke(HttpContext context)
   at CWB.ExceptionHandling.ExceptionMiddleware.InvokeAsync(HttpContext httpContext) in F:\CWBworking\CWB.ExceptionHandling\ExceptionMiddleware.cs:line 26
2026-02-18 05:48:33.6366 ERROR Error: AutoMapper.AutoMapperMappingException: Error mapping types.

Mapping types:
EntityQueryable`1 -> IEnumerable`1
Microsoft.EntityFrameworkCore.Query.Internal.EntityQueryable`1[[CWB.ProductionPlanWO.Domain.Insp_Outcome_Details, CWB.ProductionPlanWO, Version=1.0.0.0, Culture=neutral, PublicKeyToken=null]] -> System.Collections.Generic.IEnumerable`1[[CWB.ProductionPlanWO.ViewModels.Insp_Outcome_DetailsVM, CWB.ProductionPlanWO, Version=1.0.0.0, Culture=neutral, PublicKeyToken=null]]
 ---> System.InvalidOperationException: A second operation was started on this context before a previous operation completed. This is usually caused by different threads concurrently using the same instance of DbContext. For more information on how to avoid threading issues with DbContext, see https://go.microsoft.com/fwlink/?linkid=2097913.
   at Microsoft.EntityFrameworkCore.Internal.ConcurrencyDetector.EnterCriticalSection()
   at Microsoft.EntityFrameworkCore.Query.Internal.SingleQueryingEnumerable`1.Enumerator.MoveNext()
   at lambda_method(Closure , Object , IEnumerable`1 , ResolutionContext )
   --- End of inner exception stack trace ---
   at lambda_method(Closure , Object , IEnumerable`1 , ResolutionContext )
   at CWB.ProductionPlanWO.Services.WOService.GetAllInsp_Outcome_Details(Int64 tenantId) in F:\CWBworking\CWB.ProductionPlanWO\Services\WOService.cs:line 1109
   at CWB.ProductionPlanWO.Services.WOService.AllProductionWoReadForProd(Int64 tenantId) in F:\CWBworking\CWB.ProductionPlanWO\Services\WOService.cs:line 4346
   at CWB.ProductionPlanWO.Controllers.WOController.AllProductionWoReadForProd(Int64 tenantId) in F:\CWBworking\CWB.ProductionPlanWO\Controllers\WOController.cs:line 1697
   at Microsoft.AspNetCore.Mvc.Infrastructure.ActionMethodExecutor.TaskOfIActionResultExecutor.Execute(IActionResultTypeMapper mapper, ObjectMethodExecutor executor, Object controller, Object[] arguments)
   at Microsoft.AspNetCore.Mvc.Infrastructure.ControllerActionInvoker.<InvokeActionMethodAsync>g__Awaited|12_0(ControllerActionInvoker invoker, ValueTask`1 actionResultValueTask)
   at Microsoft.AspNetCore.Mvc.Infrastructure.ControllerActionInvoker.<InvokeNextActionFilterAsync>g__Awaited|10_0(ControllerActionInvoker invoker, Task lastTask, State next, Scope scope, Object state, Boolean isCompleted)
   at Microsoft.AspNetCore.Mvc.Infrastructure.ControllerActionInvoker.Rethrow(ActionExecutedContextSealed context)
   at Microsoft.AspNetCore.Mvc.Infrastructure.ControllerActionInvoker.Next(State& next, Scope& scope, Object& state, Boolean& isCompleted)
   at Microsoft.AspNetCore.Mvc.Infrastructure.ControllerActionInvoker.InvokeInnerFilterAsync()
--- End of stack trace from previous location where exception was thrown ---
   at Microsoft.AspNetCore.Mvc.Infrastructure.ResourceInvoker.<InvokeFilterPipelineAsync>g__Awaited|19_0(ResourceInvoker invoker, Task lastTask, State next, Scope scope, Object state, Boolean isCompleted)
   at Microsoft.AspNetCore.Mvc.Infrastructure.ResourceInvoker.<InvokeAsync>g__Awaited|17_0(ResourceInvoker invoker, Task task, IDisposable scope)
   at Microsoft.AspNetCore.Routing.EndpointMiddleware.<Invoke>g__AwaitRequestTask|6_0(Endpoint endpoint, Task requestTask, ILogger logger)
   at Microsoft.AspNetCore.Authorization.AuthorizationMiddleware.Invoke(HttpContext context)
   at Microsoft.AspNetCore.Authentication.AuthenticationMiddleware.Invoke(HttpContext context)
   at CWB.ExceptionHandling.ExceptionMiddleware.InvokeAsync(HttpContext httpContext) in F:\CWBworking\CWB.ExceptionHandling\ExceptionMiddleware.cs:line 26
2026-02-18 05:49:10.0194 ERROR Error: AutoMapper.AutoMapperMappingException: Error mapping types.

Mapping types:
EntityQueryable`1 -> IEnumerable`1
Microsoft.EntityFrameworkCore.Query.Internal.EntityQueryable`1[[CWB.ProductionPlanWO.Domain.Insp_Outcome_Details, CWB.ProductionPlanWO, Version=1.0.0.0, Culture=neutral, PublicKeyToken=null]] -> System.Collections.Generic.IEnumerable`1[[CWB.ProductionPlanWO.ViewModels.Insp_Outcome_DetailsVM, CWB.ProductionPlanWO, Version=1.0.0.0, Culture=neutral, PublicKeyToken=null]]
 ---> System.InvalidOperationException: A second operation was started on this context before a previous operation completed. This is usually caused by different threads concurrently using the same instance of DbContext. For more information on how to avoid threading issues with DbContext, see https://go.microsoft.com/fwlink/?linkid=2097913.
   at Microsoft.EntityFrameworkCore.Internal.ConcurrencyDetector.EnterCriticalSection()
   at Microsoft.EntityFrameworkCore.Query.Internal.SingleQueryingEnumerable`1.Enumerator.MoveNext()
   at lambda_method(Closure , Object , IEnumerable`1 , ResolutionContext )
   --- End of inner exception stack trace ---
   at lambda_method(Closure , Object , IEnumerable`1 , ResolutionContext )
   at CWB.ProductionPlanWO.Services.WOService.GetAllInsp_Outcome_Details(Int64 tenantId) in F:\CWBworking\CWB.ProductionPlanWO\Services\WOService.cs:line 1109
   at CWB.ProductionPlanWO.Services.WOService.AllProductionWoReadForProd(Int64 tenantId) in F:\CWBworking\CWB.ProductionPlanWO\Services\WOService.cs:line 4346
   at CWB.ProductionPlanWO.Controllers.WOController.AllProductionWoReadForProd(Int64 tenantId) in F:\CWBworking\CWB.ProductionPlanWO\Controllers\WOController.cs:line 1697
   at Microsoft.AspNetCore.Mvc.Infrastructure.ActionMethodExecutor.TaskOfIActionResultExecutor.Execute(IActionResultTypeMapper mapper, ObjectMethodExecutor executor, Object controller, Object[] arguments)
   at Microsoft.AspNetCore.Mvc.Infrastructure.ControllerActionInvoker.<InvokeActionMethodAsync>g__Awaited|12_0(ControllerActionInvoker invoker, ValueTask`1 actionResultValueTask)
   at Microsoft.AspNetCore.Mvc.Infrastructure.ControllerActionInvoker.<InvokeNextActionFilterAsync>g__Awaited|10_0(ControllerActionInvoker invoker, Task lastTask, State next, Scope scope, Object state, Boolean isCompleted)
   at Microsoft.AspNetCore.Mvc.Infrastructure.ControllerActionInvoker.Rethrow(ActionExecutedContextSealed context)
   at Microsoft.AspNetCore.Mvc.Infrastructure.ControllerActionInvoker.Next(State& next, Scope& scope, Object& state, Boolean& isCompleted)
   at Microsoft.AspNetCore.Mvc.Infrastructure.ControllerActionInvoker.<InvokeInnerFilterAsync>g__Awaited|13_0(ControllerActionInvoker invoker, Task lastTask, State next, Scope scope, Object state, Boolean isCompleted)
   at Microsoft.AspNetCore.Mvc.Infrastructure.ResourceInvoker.<InvokeFilterPipelineAsync>g__Awaited|19_0(ResourceInvoker invoker, Task lastTask, State next, Scope scope, Object state, Boolean isCompleted)
   at Microsoft.AspNetCore.Mvc.Infrastructure.ResourceInvoker.<InvokeAsync>g__Awaited|17_0(ResourceInvoker invoker, Task task, IDisposable scope)
   at Microsoft.AspNetCore.Routing.EndpointMiddleware.<Invoke>g__AwaitRequestTask|6_0(Endpoint endpoint, Task requestTask, ILogger logger)
   at Microsoft.AspNetCore.Authorization.AuthorizationMiddleware.Invoke(HttpContext context)
   at Microsoft.AspNetCore.Authentication.AuthenticationMiddleware.Invoke(HttpContext context)
   at CWB.ExceptionHandling.ExceptionMiddleware.InvokeAsync(HttpContext httpContext) in F:\CWBworking\CWB.ExceptionHandling\ExceptionMiddleware.cs:line 26
2026-02-18 05:49:14.9498 ERROR Error: AutoMapper.AutoMapperMappingException: Error mapping types.

Mapping types:
EntityQueryable`1 -> IEnumerable`1
Microsoft.EntityFrameworkCore.Query.Internal.EntityQueryable`1[[CWB.ProductionPlanWO.Domain.Insp_Outcome_Details, CWB.ProductionPlanWO, Version=1.0.0.0, Culture=neutral, PublicKeyToken=null]] -> System.Collections.Generic.IEnumerable`1[[CWB.ProductionPlanWO.ViewModels.Insp_Outcome_DetailsVM, CWB.ProductionPlanWO, Version=1.0.0.0, Culture=neutral, PublicKeyToken=null]]
 ---> System.InvalidOperationException: A second operation was started on this context before a previous operation completed. This is usually caused by different threads concurrently using the same instance of DbContext. For more information on how to avoid threading issues with DbContext, see https://go.microsoft.com/fwlink/?linkid=2097913.
   at Microsoft.EntityFrameworkCore.Internal.ConcurrencyDetector.EnterCriticalSection()
   at Microsoft.EntityFrameworkCore.Query.Internal.SingleQueryingEnumerable`1.Enumerator.MoveNext()
   at lambda_method(Closure , Object , IEnumerable`1 , ResolutionContext )
   --- End of inner exception stack trace ---
   at lambda_method(Closure , Object , IEnumerable`1 , ResolutionContext )
   at CWB.ProductionPlanWO.Services.WOService.GetAllInsp_Outcome_Details(Int64 tenantId) in F:\CWBworking\CWB.ProductionPlanWO\Services\WOService.cs:line 1109
   at CWB.ProductionPlanWO.Services.WOService.AllProductionWoReadForProd(Int64 tenantId) in F:\CWBworking\CWB.ProductionPlanWO\Services\WOService.cs:line 4346
   at CWB.ProductionPlanWO.Controllers.WOController.AllProductionWoReadForProd(Int64 tenantId) in F:\CWBworking\CWB.ProductionPlanWO\Controllers\WOController.cs:line 1697
   at Microsoft.AspNetCore.Mvc.Infrastructure.ActionMethodExecutor.TaskOfIActionResultExecutor.Execute(IActionResultTypeMapper mapper, ObjectMethodExecutor executor, Object controller, Object[] arguments)
   at Microsoft.AspNetCore.Mvc.Infrastructure.ControllerActionInvoker.<InvokeActionMethodAsync>g__Awaited|12_0(ControllerActionInvoker invoker, ValueTask`1 actionResultValueTask)
   at Microsoft.AspNetCore.Mvc.Infrastructure.ControllerActionInvoker.<InvokeNextActionFilterAsync>g__Awaited|10_0(ControllerActionInvoker invoker, Task lastTask, State next, Scope scope, Object state, Boolean isCompleted)
   at Microsoft.AspNetCore.Mvc.Infrastructure.ControllerActionInvoker.Rethrow(ActionExecutedContextSealed context)
   at Microsoft.AspNetCore.Mvc.Infrastructure.ControllerActionInvoker.Next(State& next, Scope& scope, Object& state, Boolean& isCompleted)
   at Microsoft.AspNetCore.Mvc.Infrastructure.ControllerActionInvoker.<InvokeInnerFilterAsync>g__Awaited|13_0(ControllerActionInvoker invoker, Task lastTask, State next, Scope scope, Object state, Boolean isCompleted)
   at Microsoft.AspNetCore.Mvc.Infrastructure.ResourceInvoker.<InvokeFilterPipelineAsync>g__Awaited|19_0(ResourceInvoker invoker, Task lastTask, State next, Scope scope, Object state, Boolean isCompleted)
   at Microsoft.AspNetCore.Mvc.Infrastructure.ResourceInvoker.<InvokeAsync>g__Awaited|17_0(ResourceInvoker invoker, Task task, IDisposable scope)
   at Microsoft.AspNetCore.Routing.EndpointMiddleware.<Invoke>g__AwaitRequestTask|6_0(Endpoint endpoint, Task requestTask, ILogger logger)
   at Microsoft.AspNetCore.Authorization.AuthorizationMiddleware.Invoke(HttpContext context)
   at Microsoft.AspNetCore.Authentication.AuthenticationMiddleware.Invoke(HttpContext context)
   at CWB.ExceptionHandling.ExceptionMiddleware.InvokeAsync(HttpContext httpContext) in F:\CWBworking\CWB.ExceptionHandling\ExceptionMiddleware.cs:line 26
2026-02-18 05:51:16.4717 ERROR Error: AutoMapper.AutoMapperMappingException: Error mapping types.

Mapping types:
EntityQueryable`1 -> IEnumerable`1
Microsoft.EntityFrameworkCore.Query.Internal.EntityQueryable`1[[CWB.ProductionPlanWO.Domain.Insp_Outcome_Details, CWB.ProductionPlanWO, Version=1.0.0.0, Culture=neutral, PublicKeyToken=null]] -> System.Collections.Generic.IEnumerable`1[[CWB.ProductionPlanWO.ViewModels.Insp_Outcome_DetailsVM, CWB.ProductionPlanWO, Version=1.0.0.0, Culture=neutral, PublicKeyToken=null]]
 ---> System.InvalidOperationException: A second operation was started on this context before a previous operation completed. This is usually caused by different threads concurrently using the same instance of DbContext. For more information on how to avoid threading issues with DbContext, see https://go.microsoft.com/fwlink/?linkid=2097913.
   at Microsoft.EntityFrameworkCore.Internal.ConcurrencyDetector.EnterCriticalSection()
   at Microsoft.EntityFrameworkCore.Query.Internal.SingleQueryingEnumerable`1.Enumerator.MoveNext()
   at lambda_method(Closure , Object , IEnumerable`1 , ResolutionContext )
   --- End of inner exception stack trace ---
   at lambda_method(Closure , Object , IEnumerable`1 , ResolutionContext )
   at CWB.ProductionPlanWO.Services.WOService.GetAllInsp_Outcome_Details(Int64 tenantId) in F:\CWBworking\CWB.ProductionPlanWO\Services\WOService.cs:line 1109
   at CWB.ProductionPlanWO.Services.WOService.AllProductionWoReadForProd(Int64 tenantId) in F:\CWBworking\CWB.ProductionPlanWO\Services\WOService.cs:line 4346
   at CWB.ProductionPlanWO.Controllers.WOController.AllProductionWoReadForProd(Int64 tenantId) in F:\CWBworking\CWB.ProductionPlanWO\Controllers\WOController.cs:line 1697
   at Microsoft.AspNetCore.Mvc.Infrastructure.ActionMethodExecutor.TaskOfIActionResultExecutor.Execute(IActionResultTypeMapper mapper, ObjectMethodExecutor executor, Object controller, Object[] arguments)
   at Microsoft.AspNetCore.Mvc.Infrastructure.ControllerActionInvoker.<InvokeActionMethodAsync>g__Awaited|12_0(ControllerActionInvoker invoker, ValueTask`1 actionResultValueTask)
   at Microsoft.AspNetCore.Mvc.Infrastructure.ControllerActionInvoker.<InvokeNextActionFilterAsync>g__Awaited|10_0(ControllerActionInvoker invoker, Task lastTask, State next, Scope scope, Object state, Boolean isCompleted)
   at Microsoft.AspNetCore.Mvc.Infrastructure.ControllerActionInvoker.Rethrow(ActionExecutedContextSealed context)
   at Microsoft.AspNetCore.Mvc.Infrastructure.ControllerActionInvoker.Next(State& next, Scope& scope, Object& state, Boolean& isCompleted)
   at Microsoft.AspNetCore.Mvc.Infrastructure.ControllerActionInvoker.<InvokeInnerFilterAsync>g__Awaited|13_0(ControllerActionInvoker invoker, Task lastTask, State next, Scope scope, Object state, Boolean isCompleted)
   at Microsoft.AspNetCore.Mvc.Infrastructure.ResourceInvoker.<InvokeFilterPipelineAsync>g__Awaited|19_0(ResourceInvoker invoker, Task lastTask, State next, Scope scope, Object state, Boolean isCompleted)
   at Microsoft.AspNetCore.Mvc.Infrastructure.ResourceInvoker.<InvokeAsync>g__Awaited|17_0(ResourceInvoker invoker, Task task, IDisposable scope)
   at Microsoft.AspNetCore.Routing.EndpointMiddleware.<Invoke>g__AwaitRequestTask|6_0(Endpoint endpoint, Task requestTask, ILogger logger)
   at Microsoft.AspNetCore.Authorization.AuthorizationMiddleware.Invoke(HttpContext context)
   at Microsoft.AspNetCore.Authentication.AuthenticationMiddleware.Invoke(HttpContext context)
   at CWB.ExceptionHandling.ExceptionMiddleware.InvokeAsync(HttpContext httpContext) in F:\CWBworking\CWB.ExceptionHandling\ExceptionMiddleware.cs:line 26
2026-02-18 05:52:04.5743 ERROR Error: AutoMapper.AutoMapperMappingException: Error mapping types.

Mapping types:
EntityQueryable`1 -> IEnumerable`1
Microsoft.EntityFrameworkCore.Query.Internal.EntityQueryable`1[[CWB.ProductionPlanWO.Domain.Insp_Outcome_Details, CWB.ProductionPlanWO, Version=1.0.0.0, Culture=neutral, PublicKeyToken=null]] -> System.Collections.Generic.IEnumerable`1[[CWB.ProductionPlanWO.ViewModels.Insp_Outcome_DetailsVM, CWB.ProductionPlanWO, Version=1.0.0.0, Culture=neutral, PublicKeyToken=null]]
 ---> System.InvalidOperationException: A second operation was started on this context before a previous operation completed. This is usually caused by different threads concurrently using the same instance of DbContext. For more information on how to avoid threading issues with DbContext, see https://go.microsoft.com/fwlink/?linkid=2097913.
   at Microsoft.EntityFrameworkCore.Internal.ConcurrencyDetector.EnterCriticalSection()
   at Microsoft.EntityFrameworkCore.Query.Internal.SingleQueryingEnumerable`1.Enumerator.MoveNext()
   at lambda_method(Closure , Object , IEnumerable`1 , ResolutionContext )
   --- End of inner exception stack trace ---
   at lambda_method(Closure , Object , IEnumerable`1 , ResolutionContext )
   at CWB.ProductionPlanWO.Services.WOService.GetAllInsp_Outcome_Details(Int64 tenantId) in F:\CWBworking\CWB.ProductionPlanWO\Services\WOService.cs:line 1109
   at CWB.ProductionPlanWO.Services.WOService.AllProductionWoReadForProd(Int64 tenantId) in F:\CWBworking\CWB.ProductionPlanWO\Services\WOService.cs:line 4346
   at CWB.ProductionPlanWO.Controllers.WOController.AllProductionWoReadForProd(Int64 tenantId) in F:\CWBworking\CWB.ProductionPlanWO\Controllers\WOController.cs:line 1697
   at Microsoft.AspNetCore.Mvc.Infrastructure.ActionMethodExecutor.TaskOfIActionResultExecutor.Execute(IActionResultTypeMapper mapper, ObjectMethodExecutor executor, Object controller, Object[] arguments)
   at Microsoft.AspNetCore.Mvc.Infrastructure.ControllerActionInvoker.<InvokeActionMethodAsync>g__Awaited|12_0(ControllerActionInvoker invoker, ValueTask`1 actionResultValueTask)
   at Microsoft.AspNetCore.Mvc.Infrastructure.ControllerActionInvoker.<InvokeNextActionFilterAsync>g__Awaited|10_0(ControllerActionInvoker invoker, Task lastTask, State next, Scope scope, Object state, Boolean isCompleted)
   at Microsoft.AspNetCore.Mvc.Infrastructure.ControllerActionInvoker.Rethrow(ActionExecutedContextSealed context)
   at Microsoft.AspNetCore.Mvc.Infrastructure.ControllerActionInvoker.Next(State& next, Scope& scope, Object& state, Boolean& isCompleted)
   at Microsoft.AspNetCore.Mvc.Infrastructure.ControllerActionInvoker.InvokeInnerFilterAsync()
--- End of stack trace from previous location where exception was thrown ---
   at Microsoft.AspNetCore.Mvc.Infrastructure.ResourceInvoker.<InvokeFilterPipelineAsync>g__Awaited|19_0(ResourceInvoker invoker, Task lastTask, State next, Scope scope, Object state, Boolean isCompleted)
   at Microsoft.AspNetCore.Mvc.Infrastructure.ResourceInvoker.<InvokeAsync>g__Awaited|17_0(ResourceInvoker invoker, Task task, IDisposable scope)
   at Microsoft.AspNetCore.Routing.EndpointMiddleware.<Invoke>g__AwaitRequestTask|6_0(Endpoint endpoint, Task requestTask, ILogger logger)
   at Microsoft.AspNetCore.Authorization.AuthorizationMiddleware.Invoke(HttpContext context)
   at Microsoft.AspNetCore.Authentication.AuthenticationMiddleware.Invoke(HttpContext context)
   at CWB.ExceptionHandling.ExceptionMiddleware.InvokeAsync(HttpContext httpContext) in F:\CWBworking\CWB.ExceptionHandling\ExceptionMiddleware.cs:line 26
2026-02-18 05:57:58.9445 ERROR Error: AutoMapper.AutoMapperMappingException: Error mapping types.

Mapping types:
EntityQueryable`1 -> IEnumerable`1
Microsoft.EntityFrameworkCore.Query.Internal.EntityQueryable`1[[CWB.ProductionPlanWO.Domain.Insp_Outcome_Details, CWB.ProductionPlanWO, Version=1.0.0.0, Culture=neutral, PublicKeyToken=null]] -> System.Collections.Generic.IEnumerable`1[[CWB.ProductionPlanWO.ViewModels.Insp_Outcome_DetailsVM, CWB.ProductionPlanWO, Version=1.0.0.0, Culture=neutral, PublicKeyToken=null]]
 ---> System.InvalidOperationException: A second operation was started on this context before a previous operation completed. This is usually caused by different threads concurrently using the same instance of DbContext. For more information on how to avoid threading issues with DbContext, see https://go.microsoft.com/fwlink/?linkid=2097913.
   at Microsoft.EntityFrameworkCore.Internal.ConcurrencyDetector.EnterCriticalSection()
   at Microsoft.EntityFrameworkCore.Query.Internal.SingleQueryingEnumerable`1.Enumerator.MoveNext()
   at lambda_method(Closure , Object , IEnumerable`1 , ResolutionContext )
   --- End of inner exception stack trace ---
   at lambda_method(Closure , Object , IEnumerable`1 , ResolutionContext )
   at CWB.ProductionPlanWO.Services.WOService.GetAllInsp_Outcome_Details(Int64 tenantId) in F:\CWBworking\CWB.ProductionPlanWO\Services\WOService.cs:line 1109
   at CWB.ProductionPlanWO.Services.WOService.AllProductionWoReadForProd(Int64 tenantId) in F:\CWBworking\CWB.ProductionPlanWO\Services\WOService.cs:line 4346
   at CWB.ProductionPlanWO.Controllers.WOController.AllProductionWoReadForProd(Int64 tenantId) in F:\CWBworking\CWB.ProductionPlanWO\Controllers\WOController.cs:line 1697
   at Microsoft.AspNetCore.Mvc.Infrastructure.ActionMethodExecutor.TaskOfIActionResultExecutor.Execute(IActionResultTypeMapper mapper, ObjectMethodExecutor executor, Object controller, Object[] arguments)
   at Microsoft.AspNetCore.Mvc.Infrastructure.ControllerActionInvoker.<InvokeActionMethodAsync>g__Awaited|12_0(ControllerActionInvoker invoker, ValueTask`1 actionResultValueTask)
   at Microsoft.AspNetCore.Mvc.Infrastructure.ControllerActionInvoker.<InvokeNextActionFilterAsync>g__Awaited|10_0(ControllerActionInvoker invoker, Task lastTask, State next, Scope scope, Object state, Boolean isCompleted)
   at Microsoft.AspNetCore.Mvc.Infrastructure.ControllerActionInvoker.Rethrow(ActionExecutedContextSealed context)
   at Microsoft.AspNetCore.Mvc.Infrastructure.ControllerActionInvoker.Next(State& next, Scope& scope, Object& state, Boolean& isCompleted)
   at Microsoft.AspNetCore.Mvc.Infrastructure.ControllerActionInvoker.InvokeInnerFilterAsync()
--- End of stack trace from previous location where exception was thrown ---
   at Microsoft.AspNetCore.Mvc.Infrastructure.ResourceInvoker.<InvokeFilterPipelineAsync>g__Awaited|19_0(ResourceInvoker invoker, Task lastTask, State next, Scope scope, Object state, Boolean isCompleted)
   at Microsoft.AspNetCore.Mvc.Infrastructure.ResourceInvoker.<InvokeAsync>g__Awaited|17_0(ResourceInvoker invoker, Task task, IDisposable scope)
   at Microsoft.AspNetCore.Routing.EndpointMiddleware.<Invoke>g__AwaitRequestTask|6_0(Endpoint endpoint, Task requestTask, ILogger logger)
   at Microsoft.AspNetCore.Authorization.AuthorizationMiddleware.Invoke(HttpContext context)
   at Microsoft.AspNetCore.Authentication.AuthenticationMiddleware.Invoke(HttpContext context)
   at CWB.ExceptionHandling.ExceptionMiddleware.InvokeAsync(HttpContext httpContext) in F:\CWBworking\CWB.ExceptionHandling\ExceptionMiddleware.cs:line 26
2026-02-18 05:59:26.5458 ERROR Error: AutoMapper.AutoMapperMappingException: Error mapping types.

Mapping types:
EntityQueryable`1 -> IEnumerable`1
Microsoft.EntityFrameworkCore.Query.Internal.EntityQueryable`1[[CWB.ProductionPlanWO.Domain.Insp_Outcome_Details, CWB.ProductionPlanWO, Version=1.0.0.0, Culture=neutral, PublicKeyToken=null]] -> System.Collections.Generic.IEnumerable`1[[CWB.ProductionPlanWO.ViewModels.Insp_Outcome_DetailsVM, CWB.ProductionPlanWO, Version=1.0.0.0, Culture=neutral, PublicKeyToken=null]]
 ---> System.InvalidOperationException: A second operation was started on this context before a previous operation completed. This is usually caused by different threads concurrently using the same instance of DbContext. For more information on how to avoid threading issues with DbContext, see https://go.microsoft.com/fwlink/?linkid=2097913.
   at Microsoft.EntityFrameworkCore.Internal.ConcurrencyDetector.EnterCriticalSection()
   at Microsoft.EntityFrameworkCore.Query.Internal.SingleQueryingEnumerable`1.Enumerator.MoveNext()
   at lambda_method(Closure , Object , IEnumerable`1 , ResolutionContext )
   --- End of inner exception stack trace ---
   at lambda_method(Closure , Object , IEnumerable`1 , ResolutionContext )
   at CWB.ProductionPlanWO.Services.WOService.GetAllInsp_Outcome_Details(Int64 tenantId) in F:\CWBworking\CWB.ProductionPlanWO\Services\WOService.cs:line 1109
   at CWB.ProductionPlanWO.Services.WOService.AllProductionWoReadForProd(Int64 tenantId) in F:\CWBworking\CWB.ProductionPlanWO\Services\WOService.cs:line 4346
   at CWB.ProductionPlanWO.Controllers.WOController.AllProductionWoReadForProd(Int64 tenantId) in F:\CWBworking\CWB.ProductionPlanWO\Controllers\WOController.cs:line 1697
   at Microsoft.AspNetCore.Mvc.Infrastructure.ActionMethodExecutor.TaskOfIActionResultExecutor.Execute(IActionResultTypeMapper mapper, ObjectMethodExecutor executor, Object controller, Object[] arguments)
   at Microsoft.AspNetCore.Mvc.Infrastructure.ControllerActionInvoker.<InvokeActionMethodAsync>g__Awaited|12_0(ControllerActionInvoker invoker, ValueTask`1 actionResultValueTask)
   at Microsoft.AspNetCore.Mvc.Infrastructure.ControllerActionInvoker.<InvokeNextActionFilterAsync>g__Awaited|10_0(ControllerActionInvoker invoker, Task lastTask, State next, Scope scope, Object state, Boolean isCompleted)
   at Microsoft.AspNetCore.Mvc.Infrastructure.ControllerActionInvoker.Rethrow(ActionExecutedContextSealed context)
   at Microsoft.AspNetCore.Mvc.Infrastructure.ControllerActionInvoker.Next(State& next, Scope& scope, Object& state, Boolean& isCompleted)
   at Microsoft.AspNetCore.Mvc.Infrastructure.ControllerActionInvoker.InvokeInnerFilterAsync()
--- End of stack trace from previous location where exception was thrown ---
   at Microsoft.AspNetCore.Mvc.Infrastructure.ResourceInvoker.<InvokeFilterPipelineAsync>g__Awaited|19_0(ResourceInvoker invoker, Task lastTask, State next, Scope scope, Object state, Boolean isCompleted)
   at Microsoft.AspNetCore.Mvc.Infrastructure.ResourceInvoker.<InvokeAsync>g__Awaited|17_0(ResourceInvoker invoker, Task task, IDisposable scope)
   at Microsoft.AspNetCore.Routing.EndpointMiddleware.<Invoke>g__AwaitRequestTask|6_0(Endpoint endpoint, Task requestTask, ILogger logger)
   at Microsoft.AspNetCore.Authorization.AuthorizationMiddleware.Invoke(HttpContext context)
   at Microsoft.AspNetCore.Authentication.AuthenticationMiddleware.Invoke(HttpContext context)
   at CWB.ExceptionHandling.ExceptionMiddleware.InvokeAsync(HttpContext httpContext) in F:\CWBworking\CWB.ExceptionHandling\ExceptionMiddleware.cs:line 26
2026-02-18 06:06:33.9946 ERROR Error: AutoMapper.AutoMapperMappingException: Error mapping types.

Mapping types:
EntityQueryable`1 -> IEnumerable`1
Microsoft.EntityFrameworkCore.Query.Internal.EntityQueryable`1[[CWB.ProductionPlanWO.Domain.Timeslot_List, CWB.ProductionPlanWO, Version=1.0.0.0, Culture=neutral, PublicKeyToken=null]] -> System.Collections.Generic.IEnumerable`1[[CWB.ProductionPlanWO.ViewModels.Timeslot_ListVM, CWB.ProductionPlanWO, Version=1.0.0.0, Culture=neutral, PublicKeyToken=null]]
 ---> System.IO.IOException: Unable to read data from the transport connection: Connection reset by peer.
 ---> System.Net.Sockets.SocketException (104): Connection reset by peer
   at System.Net.Sockets.NetworkStream.Read(Byte[] buffer, Int32 offset, Int32 size)
   --- End of inner exception stack trace ---
   at System.Net.Sockets.NetworkStream.Read(Byte[] buffer, Int32 offset, Int32 size)
   at System.Net.Security.SslStream.FillBufferAsync[TReadAdapter](TReadAdapter adapter, Int32 minSize)
   at System.Net.Security.SslStream.ReadAsyncInternal[TReadAdapter](TReadAdapter adapter, Memory`1 buffer)
   at System.Net.Security.SslStream.Read(Byte[] buffer, Int32 offset, Int32 count)
   at System.IO.Stream.Read(Span`1 buffer)
   at MySqlConnector.Protocol.Serialization.StreamByteHandler.<ReadBytesAsync>g__DoReadBytesSync|6_0(Memory`1 buffer) in /_/src/MySqlConnector/Protocol/Serialization/StreamByteHandler.cs:line 48
--- End of stack trace from previous location where exception was thrown ---
   at MySqlConnector.Protocol.Serialization.BufferedByteReader.ReadBytesAsync(IByteHandler byteHandler, ArraySegment`1 buffer, Int32 totalBytesToRead, IOBehavior ioBehavior) in /_/src/MySqlConnector/Protocol/Serialization/BufferedByteReader.cs:line 36
   at MySqlConnector.Protocol.Serialization.ProtocolUtility.<ReadPacketAfterHeader>g__AddContinuation|2_0(ValueTask`1 payloadBytesTask, Int32 payloadLength, ProtocolErrorBehavior protocolErrorBehavior, Exception packetOutOfOrderException) in /_/src/MySqlConnector/Protocol/Serialization/ProtocolUtility.cs:line 437
   at MySqlConnector.Protocol.Serialization.ProtocolUtility.<DoReadPayloadAsync>g__AddContinuation|5_0(ValueTask`1 readPacketTask, BufferedByteReader bufferedByteReader, IByteHandler byteHandler, Func`1 getNextSequenceNumber, ArraySegmentHolder`1 previousPayloads, ProtocolErrorBehavior protocolErrorBehavior, IOBehavior ioBehavior) in /_/src/MySqlConnector/Protocol/Serialization/ProtocolUtility.cs:line 483
   at MySqlConnector.Core.ServerSession.ReceiveReplyAsyncAwaited(ValueTask`1 task) in /_/src/MySqlConnector/Core/ServerSession.cs:line 890
   at MySqlConnector.Core.ResultSet.<ScanRowAsync>g__ScanRowAsyncAwaited|9_0(ResultSet resultSet, Task`1 payloadTask, Row row, CancellationToken token) in /_/src/MySqlConnector/Core/ResultSet.cs:line 245
   at MySqlConnector.Core.ResultSet.ReadAsync(IOBehavior ioBehavior, CancellationToken cancellationToken) in /_/src/MySqlConnector/Core/ResultSet.cs:line 216
   at MySqlConnector.Core.ResultSet.Read() in /_/src/MySqlConnector/Core/ResultSet.cs:line 192
   at Microsoft.EntityFrameworkCore.Query.Internal.SingleQueryingEnumerable`1.Enumerator.MoveNext()
   at lambda_method(Closure , Object , IEnumerable`1 , ResolutionContext )
   --- End of inner exception stack trace ---
   at lambda_method(Closure , Object , IEnumerable`1 , ResolutionContext )
   at CWB.ProductionPlanWO.Services.WOService.GetAllTimeslot_List(Int64 tenantId) in F:\CWBworking\CWB.ProductionPlanWO\Services\WOService.cs:line 3215
   at CWB.ProductionPlanWO.Services.WOService.GetAllReadyforProductionWo(Int64 tenantId) in F:\CWBworking\CWB.ProductionPlanWO\Services\WOService.cs:line 4438
   at CWB.ProductionPlanWO.Controllers.WOController.GetAllReadyforProductionWo(Int64 tenantId) in F:\CWBworking\CWB.ProductionPlanWO\Controllers\WOController.cs:line 1706
   at Microsoft.AspNetCore.Mvc.Infrastructure.ActionMethodExecutor.TaskOfIActionResultExecutor.Execute(IActionResultTypeMapper mapper, ObjectMethodExecutor executor, Object controller, Object[] arguments)
   at Microsoft.AspNetCore.Mvc.Infrastructure.ControllerActionInvoker.<InvokeActionMethodAsync>g__Awaited|12_0(ControllerActionInvoker invoker, ValueTask`1 actionResultValueTask)
   at Microsoft.AspNetCore.Mvc.Infrastructure.ControllerActionInvoker.<InvokeNextActionFilterAsync>g__Awaited|10_0(ControllerActionInvoker invoker, Task lastTask, State next, Scope scope, Object state, Boolean isCompleted)
   at Microsoft.AspNetCore.Mvc.Infrastructure.ControllerActionInvoker.Rethrow(ActionExecutedContextSealed context)
   at Microsoft.AspNetCore.Mvc.Infrastructure.ControllerActionInvoker.Next(State& next, Scope& scope, Object& state, Boolean& isCompleted)
   at Microsoft.AspNetCore.Mvc.Infrastructure.ControllerActionInvoker.InvokeInnerFilterAsync()
--- End of stack trace from previous location where exception was thrown ---
   at Microsoft.AspNetCore.Mvc.Infrastructure.ResourceInvoker.<InvokeFilterPipelineAsync>g__Awaited|19_0(ResourceInvoker invoker, Task lastTask, State next, Scope scope, Object state, Boolean isCompleted)
   at Microsoft.AspNetCore.Mvc.Infrastructure.ResourceInvoker.<InvokeAsync>g__Awaited|17_0(ResourceInvoker invoker, Task task, IDisposable scope)
   at Microsoft.AspNetCore.Routing.EndpointMiddleware.<Invoke>g__AwaitRequestTask|6_0(Endpoint endpoint, Task requestTask, ILogger logger)
   at Microsoft.AspNetCore.Authorization.AuthorizationMiddleware.Invoke(HttpContext context)
   at Microsoft.AspNetCore.Authentication.AuthenticationMiddleware.Invoke(HttpContext context)
   at CWB.ExceptionHandling.ExceptionMiddleware.InvokeAsync(HttpContext httpContext) in F:\CWBworking\CWB.ExceptionHandling\ExceptionMiddleware.cs:line 26
2026-02-18 06:06:34.3212 ERROR Error: System.InvalidOperationException: An exception has been raised that is likely due to a transient failure. Consider enabling transient error resiliency by adding 'EnableRetryOnFailure()' to the 'UseMySql' call.
 ---> MySqlConnector.MySqlException (0x80004005): Connect Timeout expired.
 ---> MySqlConnector.MySqlException (0x80004005): Got timeout reading communication packets
   at MySqlConnector.Core.ServerSession.ConnectAsync(ConnectionSettings cs, Int32 startTickCount, ILoadBalancer loadBalancer, IOBehavior ioBehavior, CancellationToken cancellationToken) in /_/src/MySqlConnector/Core/ServerSession.cs:line 498
   at MySqlConnector.Core.ConnectionPool.ConnectSessionAsync(String logMessage, Int32 startTickCount, IOBehavior ioBehavior, CancellationToken cancellationToken) in /_/src/MySqlConnector/Core/ConnectionPool.cs:line 376
   at MySqlConnector.Core.ConnectionPool.GetSessionAsync(MySqlConnection connection, Int32 startTickCount, IOBehavior ioBehavior, CancellationToken cancellationToken) in /_/src/MySqlConnector/Core/ConnectionPool.cs:line 139
   at MySqlConnector.Core.ConnectionPool.GetSessionAsync(MySqlConnection connection, Int32 startTickCount, IOBehavior ioBehavior, CancellationToken cancellationToken) in /_/src/MySqlConnector/Core/ConnectionPool.cs:line 139
   at MySqlConnector.MySqlConnection.CreateSessionAsync(ConnectionPool pool, Int32 startTickCount, Nullable`1 ioBehavior, CancellationToken cancellationToken) in /_/src/MySqlConnector/MySqlConnection.cs:line 902
   at MySqlConnector.MySqlConnection.CreateSessionAsync(ConnectionPool pool, Int32 startTickCount, Nullable`1 ioBehavior, CancellationToken cancellationToken) in /_/src/MySqlConnector/MySqlConnection.cs:line 902
   at MySqlConnector.MySqlConnection.OpenAsync(Nullable`1 ioBehavior, CancellationToken cancellationToken) in /_/src/MySqlConnector/MySqlConnection.cs:line 435
   at Microsoft.EntityFrameworkCore.Storage.RelationalConnection.OpenInternalAsync(Boolean errorsExpected, CancellationToken cancellationToken)
   at Microsoft.EntityFrameworkCore.Storage.RelationalConnection.OpenInternalAsync(Boolean errorsExpected, CancellationToken cancellationToken)
   at Microsoft.EntityFrameworkCore.Storage.RelationalConnection.OpenAsync(CancellationToken cancellationToken, Boolean errorsExpected)
   at Pomelo.EntityFrameworkCore.MySql.Storage.Internal.MySqlRelationalConnection.OpenAsync(CancellationToken cancellationToken, Boolean errorsExpected)
   at Microsoft.EntityFrameworkCore.Storage.RelationalCommand.ExecuteReaderAsync(RelationalCommandParameterObject parameterObject, CancellationToken cancellationToken)
   at Microsoft.EntityFrameworkCore.Query.Internal.SingleQueryingEnumerable`1.AsyncEnumerator.InitializeReaderAsync(DbContext _, Boolean result, CancellationToken cancellationToken)
   at Pomelo.EntityFrameworkCore.MySql.Storage.Internal.MySqlExecutionStrategy.ExecuteAsync[TState,TResult](TState state, Func`4 operation, Func`4 verifySucceeded, CancellationToken cancellationToken)
   --- End of inner exception stack trace ---
   at Pomelo.EntityFrameworkCore.MySql.Storage.Internal.MySqlExecutionStrategy.ExecuteAsync[TState,TResult](TState state, Func`4 operation, Func`4 verifySucceeded, CancellationToken cancellationToken)
   at Microsoft.EntityFrameworkCore.Query.Internal.SingleQueryingEnumerable`1.AsyncEnumerator.MoveNextAsync()
   at Microsoft.EntityFrameworkCore.Query.ShapedQueryCompilingExpressionVisitor.SingleOrDefaultAsync[TSource](IAsyncEnumerable`1 asyncEnumerable, CancellationToken cancellationToken)
   at Microsoft.EntityFrameworkCore.Query.ShapedQueryCompilingExpressionVisitor.SingleOrDefaultAsync[TSource](IAsyncEnumerable`1 asyncEnumerable, CancellationToken cancellationToken)
   at CWB.ProductionPlanWO.Services.WOService.GetWOStatus(Int64 Id) in F:\CWBworking\CWB.ProductionPlanWO\Services\WOService.cs:line 903
   at CWB.ProductionPlanWO.Controllers.WOController.GetWoStatus(Int64 Id) in F:\CWBworking\CWB.ProductionPlanWO\Controllers\WOController.cs:line 249
   at Microsoft.AspNetCore.Mvc.Infrastructure.ActionMethodExecutor.TaskOfIActionResultExecutor.Execute(IActionResultTypeMapper mapper, ObjectMethodExecutor executor, Object controller, Object[] arguments)
   at Microsoft.AspNetCore.Mvc.Infrastructure.ControllerActionInvoker.<InvokeActionMethodAsync>g__Awaited|12_0(ControllerActionInvoker invoker, ValueTask`1 actionResultValueTask)
   at Microsoft.AspNetCore.Mvc.Infrastructure.ControllerActionInvoker.<InvokeNextActionFilterAsync>g__Awaited|10_0(ControllerActionInvoker invoker, Task lastTask, State next, Scope scope, Object state, Boolean isCompleted)
   at Microsoft.AspNetCore.Mvc.Infrastructure.ControllerActionInvoker.Rethrow(ActionExecutedContextSealed context)
   at Microsoft.AspNetCore.Mvc.Infrastructure.ControllerActionInvoker.Next(State& next, Scope& scope, Object& state, Boolean& isCompleted)
   at Microsoft.AspNetCore.Mvc.Infrastructure.ControllerActionInvoker.<InvokeInnerFilterAsync>g__Awaited|13_0(ControllerActionInvoker invoker, Task lastTask, State next, Scope scope, Object state, Boolean isCompleted)
   at Microsoft.AspNetCore.Mvc.Infrastructure.ResourceInvoker.<InvokeFilterPipelineAsync>g__Awaited|19_0(ResourceInvoker invoker, Task lastTask, State next, Scope scope, Object state, Boolean isCompleted)
   at Microsoft.AspNetCore.Mvc.Infrastructure.ResourceInvoker.<InvokeAsync>g__Awaited|17_0(ResourceInvoker invoker, Task task, IDisposable scope)
   at Microsoft.AspNetCore.Routing.EndpointMiddleware.<Invoke>g__AwaitRequestTask|6_0(Endpoint endpoint, Task requestTask, ILogger logger)
   at Microsoft.AspNetCore.Authorization.AuthorizationMiddleware.Invoke(HttpContext context)
   at Microsoft.AspNetCore.Authentication.AuthenticationMiddleware.Invoke(HttpContext context)
   at CWB.ExceptionHandling.ExceptionMiddleware.InvokeAsync(HttpContext httpContext) in F:\CWBworking\CWB.ExceptionHandling\ExceptionMiddleware.cs:line 26
2026-02-18 06:11:50.4351 ERROR Error: AutoMapper.AutoMapperMappingException: Error mapping types.

Mapping types:
EntityQueryable`1 -> IEnumerable`1
Microsoft.EntityFrameworkCore.Query.Internal.EntityQueryable`1[[CWB.ProductionPlanWO.Domain.ProcPlan, CWB.ProductionPlanWO, Version=1.0.0.0, Culture=neutral, PublicKeyToken=null]] -> System.Collections.Generic.IEnumerable`1[[CWB.ProductionPlanWO.ViewModels.ProcPlanVM, CWB.ProductionPlanWO, Version=1.0.0.0, Culture=neutral, PublicKeyToken=null]]
 ---> System.InvalidOperationException: A second operation was started on this context before a previous operation completed. This is usually caused by different threads concurrently using the same instance of DbContext. For more information on how to avoid threading issues with DbContext, see https://go.microsoft.com/fwlink/?linkid=2097913.
   at Microsoft.EntityFrameworkCore.Internal.ConcurrencyDetector.EnterCriticalSection()
   at Microsoft.EntityFrameworkCore.Query.Internal.SingleQueryingEnumerable`1.Enumerator.MoveNext()
   at lambda_method(Closure , Object , IEnumerable`1 , ResolutionContext )
   --- End of inner exception stack trace ---
   at lambda_method(Closure , Object , IEnumerable`1 , ResolutionContext )
   at CWB.ProductionPlanWO.Services.WOService.AllProcPlan(Int64 tenantId) in F:\CWBworking\CWB.ProductionPlanWO\Services\WOService.cs:line 773
   at CWB.ProductionPlanWO.Services.WOService.AllProductionWoReadForProd(Int64 tenantId) in F:\CWBworking\CWB.ProductionPlanWO\Services\WOService.cs:line 4346
   at CWB.ProductionPlanWO.Controllers.WOController.AllProductionWoReadForProd(Int64 tenantId) in F:\CWBworking\CWB.ProductionPlanWO\Controllers\WOController.cs:line 1697
   at Microsoft.AspNetCore.Mvc.Infrastructure.ActionMethodExecutor.TaskOfIActionResultExecutor.Execute(IActionResultTypeMapper mapper, ObjectMethodExecutor executor, Object controller, Object[] arguments)
   at Microsoft.AspNetCore.Mvc.Infrastructure.ControllerActionInvoker.<InvokeActionMethodAsync>g__Awaited|12_0(ControllerActionInvoker invoker, ValueTask`1 actionResultValueTask)
   at Microsoft.AspNetCore.Mvc.Infrastructure.ControllerActionInvoker.<InvokeNextActionFilterAsync>g__Awaited|10_0(ControllerActionInvoker invoker, Task lastTask, State next, Scope scope, Object state, Boolean isCompleted)
   at Microsoft.AspNetCore.Mvc.Infrastructure.ControllerActionInvoker.Rethrow(ActionExecutedContextSealed context)
   at Microsoft.AspNetCore.Mvc.Infrastructure.ControllerActionInvoker.Next(State& next, Scope& scope, Object& state, Boolean& isCompleted)
   at Microsoft.AspNetCore.Mvc.Infrastructure.ControllerActionInvoker.InvokeInnerFilterAsync()
--- End of stack trace from previous location where exception was thrown ---
   at Microsoft.AspNetCore.Mvc.Infrastructure.ResourceInvoker.<InvokeFilterPipelineAsync>g__Awaited|19_0(ResourceInvoker invoker, Task lastTask, State next, Scope scope, Object state, Boolean isCompleted)
   at Microsoft.AspNetCore.Mvc.Infrastructure.ResourceInvoker.<InvokeAsync>g__Awaited|17_0(ResourceInvoker invoker, Task task, IDisposable scope)
   at Microsoft.AspNetCore.Routing.EndpointMiddleware.<Invoke>g__AwaitRequestTask|6_0(Endpoint endpoint, Task requestTask, ILogger logger)
   at Microsoft.AspNetCore.Authorization.AuthorizationMiddleware.Invoke(HttpContext context)
   at Microsoft.AspNetCore.Authentication.AuthenticationMiddleware.Invoke(HttpContext context)
   at CWB.ExceptionHandling.ExceptionMiddleware.InvokeAsync(HttpContext httpContext) in F:\CWBworking\CWB.ExceptionHandling\ExceptionMiddleware.cs:line 26
2026-02-18 06:11:55.2984 ERROR Error: AutoMapper.AutoMapperMappingException: Error mapping types.

Mapping types:
EntityQueryable`1 -> IEnumerable`1
Microsoft.EntityFrameworkCore.Query.Internal.EntityQueryable`1[[CWB.ProductionPlanWO.Domain.ProcPlan, CWB.ProductionPlanWO, Version=1.0.0.0, Culture=neutral, PublicKeyToken=null]] -> System.Collections.Generic.IEnumerable`1[[CWB.ProductionPlanWO.ViewModels.ProcPlanVM, CWB.ProductionPlanWO, Version=1.0.0.0, Culture=neutral, PublicKeyToken=null]]
 ---> System.InvalidOperationException: A second operation was started on this context before a previous operation completed. This is usually caused by different threads concurrently using the same instance of DbContext. For more information on how to avoid threading issues with DbContext, see https://go.microsoft.com/fwlink/?linkid=2097913.
   at Microsoft.EntityFrameworkCore.Internal.ConcurrencyDetector.EnterCriticalSection()
   at Microsoft.EntityFrameworkCore.Query.Internal.SingleQueryingEnumerable`1.Enumerator.MoveNext()
   at lambda_method(Closure , Object , IEnumerable`1 , ResolutionContext )
   --- End of inner exception stack trace ---
   at lambda_method(Closure , Object , IEnumerable`1 , ResolutionContext )
   at CWB.ProductionPlanWO.Services.WOService.AllProcPlan(Int64 tenantId) in F:\CWBworking\CWB.ProductionPlanWO\Services\WOService.cs:line 773
   at CWB.ProductionPlanWO.Services.WOService.GetAllReadyforProductionWo(Int64 tenantId) in F:\CWBworking\CWB.ProductionPlanWO\Services\WOService.cs:line 4438
   at CWB.ProductionPlanWO.Controllers.WOController.GetAllReadyforProductionWo(Int64 tenantId) in F:\CWBworking\CWB.ProductionPlanWO\Controllers\WOController.cs:line 1706
   at Microsoft.AspNetCore.Mvc.Infrastructure.ActionMethodExecutor.TaskOfIActionResultExecutor.Execute(IActionResultTypeMapper mapper, ObjectMethodExecutor executor, Object controller, Object[] arguments)
   at Microsoft.AspNetCore.Mvc.Infrastructure.ControllerActionInvoker.<InvokeActionMethodAsync>g__Awaited|12_0(ControllerActionInvoker invoker, ValueTask`1 actionResultValueTask)
   at Microsoft.AspNetCore.Mvc.Infrastructure.ControllerActionInvoker.<InvokeNextActionFilterAsync>g__Awaited|10_0(ControllerActionInvoker invoker, Task lastTask, State next, Scope scope, Object state, Boolean isCompleted)
   at Microsoft.AspNetCore.Mvc.Infrastructure.ControllerActionInvoker.Rethrow(ActionExecutedContextSealed context)
   at Microsoft.AspNetCore.Mvc.Infrastructure.ControllerActionInvoker.Next(State& next, Scope& scope, Object& state, Boolean& isCompleted)
   at Microsoft.AspNetCore.Mvc.Infrastructure.ControllerActionInvoker.InvokeInnerFilterAsync()
--- End of stack trace from previous location where exception was thrown ---
   at Microsoft.AspNetCore.Mvc.Infrastructure.ResourceInvoker.<InvokeFilterPipelineAsync>g__Awaited|19_0(ResourceInvoker invoker, Task lastTask, State next, Scope scope, Object state, Boolean isCompleted)
   at Microsoft.AspNetCore.Mvc.Infrastructure.ResourceInvoker.<InvokeAsync>g__Awaited|17_0(ResourceInvoker invoker, Task task, IDisposable scope)
   at Microsoft.AspNetCore.Routing.EndpointMiddleware.<Invoke>g__AwaitRequestTask|6_0(Endpoint endpoint, Task requestTask, ILogger logger)
   at Microsoft.AspNetCore.Authorization.AuthorizationMiddleware.Invoke(HttpContext context)
   at Microsoft.AspNetCore.Authentication.AuthenticationMiddleware.Invoke(HttpContext context)
   at CWB.ExceptionHandling.ExceptionMiddleware.InvokeAsync(HttpContext httpContext) in F:\CWBworking\CWB.ExceptionHandling\ExceptionMiddleware.cs:line 26
2026-02-18 06:12:56.4072 ERROR Error: AutoMapper.AutoMapperMappingException: Error mapping types.

Mapping types:
EntityQueryable`1 -> IEnumerable`1
Microsoft.EntityFrameworkCore.Query.Internal.EntityQueryable`1[[CWB.ProductionPlanWO.Domain.ProcPlan, CWB.ProductionPlanWO, Version=1.0.0.0, Culture=neutral, PublicKeyToken=null]] -> System.Collections.Generic.IEnumerable`1[[CWB.ProductionPlanWO.ViewModels.ProcPlanVM, CWB.ProductionPlanWO, Version=1.0.0.0, Culture=neutral, PublicKeyToken=null]]
 ---> System.InvalidOperationException: A second operation was started on this context before a previous operation completed. This is usually caused by different threads concurrently using the same instance of DbContext. For more information on how to avoid threading issues with DbContext, see https://go.microsoft.com/fwlink/?linkid=2097913.
   at Microsoft.EntityFrameworkCore.Internal.ConcurrencyDetector.EnterCriticalSection()
   at Microsoft.EntityFrameworkCore.Query.Internal.SingleQueryingEnumerable`1.Enumerator.MoveNext()
   at lambda_method(Closure , Object , IEnumerable`1 , ResolutionContext )
   --- End of inner exception stack trace ---
   at lambda_method(Closure , Object , IEnumerable`1 , ResolutionContext )
   at CWB.ProductionPlanWO.Services.WOService.AllProcPlan(Int64 tenantId) in F:\CWBworking\CWB.ProductionPlanWO\Services\WOService.cs:line 773
   at CWB.ProductionPlanWO.Services.WOService.AllProductionWoReadForProd(Int64 tenantId) in F:\CWBworking\CWB.ProductionPlanWO\Services\WOService.cs:line 4346
   at CWB.ProductionPlanWO.Controllers.WOController.AllProductionWoReadForProd(Int64 tenantId) in F:\CWBworking\CWB.ProductionPlanWO\Controllers\WOController.cs:line 1697
   at Microsoft.AspNetCore.Mvc.Infrastructure.ActionMethodExecutor.TaskOfIActionResultExecutor.Execute(IActionResultTypeMapper mapper, ObjectMethodExecutor executor, Object controller, Object[] arguments)
   at Microsoft.AspNetCore.Mvc.Infrastructure.ControllerActionInvoker.<InvokeActionMethodAsync>g__Awaited|12_0(ControllerActionInvoker invoker, ValueTask`1 actionResultValueTask)
   at Microsoft.AspNetCore.Mvc.Infrastructure.ControllerActionInvoker.<InvokeNextActionFilterAsync>g__Awaited|10_0(ControllerActionInvoker invoker, Task lastTask, State next, Scope scope, Object state, Boolean isCompleted)
   at Microsoft.AspNetCore.Mvc.Infrastructure.ControllerActionInvoker.Rethrow(ActionExecutedContextSealed context)
   at Microsoft.AspNetCore.Mvc.Infrastructure.ControllerActionInvoker.Next(State& next, Scope& scope, Object& state, Boolean& isCompleted)
   at Microsoft.AspNetCore.Mvc.Infrastructure.ControllerActionInvoker.<InvokeInnerFilterAsync>g__Awaited|13_0(ControllerActionInvoker invoker, Task lastTask, State next, Scope scope, Object state, Boolean isCompleted)
   at Microsoft.AspNetCore.Mvc.Infrastructure.ResourceInvoker.<InvokeFilterPipelineAsync>g__Awaited|19_0(ResourceInvoker invoker, Task lastTask, State next, Scope scope, Object state, Boolean isCompleted)
   at Microsoft.AspNetCore.Mvc.Infrastructure.ResourceInvoker.<InvokeAsync>g__Awaited|17_0(ResourceInvoker invoker, Task task, IDisposable scope)
   at Microsoft.AspNetCore.Routing.EndpointMiddleware.<Invoke>g__AwaitRequestTask|6_0(Endpoint endpoint, Task requestTask, ILogger logger)
   at Microsoft.AspNetCore.Authorization.AuthorizationMiddleware.Invoke(HttpContext context)
   at Microsoft.AspNetCore.Authentication.AuthenticationMiddleware.Invoke(HttpContext context)
   at CWB.ExceptionHandling.ExceptionMiddleware.InvokeAsync(HttpContext httpContext) in F:\CWBworking\CWB.ExceptionHandling\ExceptionMiddleware.cs:line 26
2026-02-18 06:16:22.0732 ERROR Error: AutoMapper.AutoMapperMappingException: Error mapping types.

Mapping types:
EntityQueryable`1 -> IEnumerable`1
Microsoft.EntityFrameworkCore.Query.Internal.EntityQueryable`1[[CWB.ProductionPlanWO.Domain.ProcPlan, CWB.ProductionPlanWO, Version=1.0.0.0, Culture=neutral, PublicKeyToken=null]] -> System.Collections.Generic.IEnumerable`1[[CWB.ProductionPlanWO.ViewModels.ProcPlanVM, CWB.ProductionPlanWO, Version=1.0.0.0, Culture=neutral, PublicKeyToken=null]]
 ---> System.InvalidOperationException: A second operation was started on this context before a previous operation completed. This is usually caused by different threads concurrently using the same instance of DbContext. For more information on how to avoid threading issues with DbContext, see https://go.microsoft.com/fwlink/?linkid=2097913.
   at Microsoft.EntityFrameworkCore.Internal.ConcurrencyDetector.EnterCriticalSection()
   at Microsoft.EntityFrameworkCore.Query.Internal.SingleQueryingEnumerable`1.Enumerator.MoveNext()
   at lambda_method(Closure , Object , IEnumerable`1 , ResolutionContext )
   --- End of inner exception stack trace ---
   at lambda_method(Closure , Object , IEnumerable`1 , ResolutionContext )
   at CWB.ProductionPlanWO.Services.WOService.AllProcPlan(Int64 tenantId) in F:\CWBworking\CWB.ProductionPlanWO\Services\WOService.cs:line 773
   at CWB.ProductionPlanWO.Services.WOService.AllProductionWoReadForProd(Int64 tenantId) in F:\CWBworking\CWB.ProductionPlanWO\Services\WOService.cs:line 4346
   at CWB.ProductionPlanWO.Controllers.WOController.AllProductionWoReadForProd(Int64 tenantId) in F:\CWBworking\CWB.ProductionPlanWO\Controllers\WOController.cs:line 1697
   at Microsoft.AspNetCore.Mvc.Infrastructure.ActionMethodExecutor.TaskOfIActionResultExecutor.Execute(IActionResultTypeMapper mapper, ObjectMethodExecutor executor, Object controller, Object[] arguments)
   at Microsoft.AspNetCore.Mvc.Infrastructure.ControllerActionInvoker.<InvokeActionMethodAsync>g__Awaited|12_0(ControllerActionInvoker invoker, ValueTask`1 actionResultValueTask)
   at Microsoft.AspNetCore.Mvc.Infrastructure.ControllerActionInvoker.<InvokeNextActionFilterAsync>g__Awaited|10_0(ControllerActionInvoker invoker, Task lastTask, State next, Scope scope, Object state, Boolean isCompleted)
   at Microsoft.AspNetCore.Mvc.Infrastructure.ControllerActionInvoker.Rethrow(ActionExecutedContextSealed context)
   at Microsoft.AspNetCore.Mvc.Infrastructure.ControllerActionInvoker.Next(State& next, Scope& scope, Object& state, Boolean& isCompleted)
   at Microsoft.AspNetCore.Mvc.Infrastructure.ControllerActionInvoker.<InvokeInnerFilterAsync>g__Awaited|13_0(ControllerActionInvoker invoker, Task lastTask, State next, Scope scope, Object state, Boolean isCompleted)
   at Microsoft.AspNetCore.Mvc.Infrastructure.ResourceInvoker.<InvokeFilterPipelineAsync>g__Awaited|19_0(ResourceInvoker invoker, Task lastTask, State next, Scope scope, Object state, Boolean isCompleted)
   at Microsoft.AspNetCore.Mvc.Infrastructure.ResourceInvoker.<InvokeAsync>g__Awaited|17_0(ResourceInvoker invoker, Task task, IDisposable scope)
   at Microsoft.AspNetCore.Routing.EndpointMiddleware.<Invoke>g__AwaitRequestTask|6_0(Endpoint endpoint, Task requestTask, ILogger logger)
   at Microsoft.AspNetCore.Authorization.AuthorizationMiddleware.Invoke(HttpContext context)
   at Microsoft.AspNetCore.Authentication.AuthenticationMiddleware.Invoke(HttpContext context)
   at Microsoft.AspNetCore.Routing.EndpointRoutingMiddleware.<Invoke>g__AwaitMatcher|8_0(EndpointRoutingMiddleware middleware, HttpContext httpContext, Task`1 matcherTask)
   at CWB.ExceptionHandling.ExceptionMiddleware.InvokeAsync(HttpContext httpContext) in F:\CWBworking\CWB.ExceptionHandling\ExceptionMiddleware.cs:line 26
2026-02-18 06:16:22.0732 ERROR Error: AutoMapper.AutoMapperMappingException: Error mapping types.

Mapping types:
EntityQueryable`1 -> IEnumerable`1
Microsoft.EntityFrameworkCore.Query.Internal.EntityQueryable`1[[CWB.ProductionPlanWO.Domain.ProcPlan, CWB.ProductionPlanWO, Version=1.0.0.0, Culture=neutral, PublicKeyToken=null]] -> System.Collections.Generic.IEnumerable`1[[CWB.ProductionPlanWO.ViewModels.ProcPlanVM, CWB.ProductionPlanWO, Version=1.0.0.0, Culture=neutral, PublicKeyToken=null]]
 ---> System.InvalidOperationException: A second operation was started on this context before a previous operation completed. This is usually caused by different threads concurrently using the same instance of DbContext. For more information on how to avoid threading issues with DbContext, see https://go.microsoft.com/fwlink/?linkid=2097913.
   at Microsoft.EntityFrameworkCore.Internal.ConcurrencyDetector.EnterCriticalSection()
   at Microsoft.EntityFrameworkCore.Query.Internal.SingleQueryingEnumerable`1.Enumerator.MoveNext()
   at lambda_method(Closure , Object , IEnumerable`1 , ResolutionContext )
   --- End of inner exception stack trace ---
   at lambda_method(Closure , Object , IEnumerable`1 , ResolutionContext )
   at CWB.ProductionPlanWO.Services.WOService.AllProcPlan(Int64 tenantId) in F:\CWBworking\CWB.ProductionPlanWO\Services\WOService.cs:line 773
   at CWB.ProductionPlanWO.Services.WOService.GetAllReadyforProductionWo(Int64 tenantId) in F:\CWBworking\CWB.ProductionPlanWO\Services\WOService.cs:line 4438
   at CWB.ProductionPlanWO.Controllers.WOController.GetAllReadyforProductionWo(Int64 tenantId) in F:\CWBworking\CWB.ProductionPlanWO\Controllers\WOController.cs:line 1706
   at Microsoft.AspNetCore.Mvc.Infrastructure.ActionMethodExecutor.TaskOfIActionResultExecutor.Execute(IActionResultTypeMapper mapper, ObjectMethodExecutor executor, Object controller, Object[] arguments)
   at Microsoft.AspNetCore.Mvc.Infrastructure.ControllerActionInvoker.<InvokeActionMethodAsync>g__Awaited|12_0(ControllerActionInvoker invoker, ValueTask`1 actionResultValueTask)
   at Microsoft.AspNetCore.Mvc.Infrastructure.ControllerActionInvoker.<InvokeNextActionFilterAsync>g__Awaited|10_0(ControllerActionInvoker invoker, Task lastTask, State next, Scope scope, Object state, Boolean isCompleted)
   at Microsoft.AspNetCore.Mvc.Infrastructure.ControllerActionInvoker.Rethrow(ActionExecutedContextSealed context)
   at Microsoft.AspNetCore.Mvc.Infrastructure.ControllerActionInvoker.Next(State& next, Scope& scope, Object& state, Boolean& isCompleted)
   at Microsoft.AspNetCore.Mvc.Infrastructure.ControllerActionInvoker.<InvokeInnerFilterAsync>g__Awaited|13_0(ControllerActionInvoker invoker, Task lastTask, State next, Scope scope, Object state, Boolean isCompleted)
   at Microsoft.AspNetCore.Mvc.Infrastructure.ResourceInvoker.<InvokeFilterPipelineAsync>g__Awaited|19_0(ResourceInvoker invoker, Task lastTask, State next, Scope scope, Object state, Boolean isCompleted)
   at Microsoft.AspNetCore.Mvc.Infrastructure.ResourceInvoker.<InvokeAsync>g__Awaited|17_0(ResourceInvoker invoker, Task task, IDisposable scope)
   at Microsoft.AspNetCore.Routing.EndpointMiddleware.<Invoke>g__AwaitRequestTask|6_0(Endpoint endpoint, Task requestTask, ILogger logger)
   at Microsoft.AspNetCore.Authorization.AuthorizationMiddleware.Invoke(HttpContext context)
   at Microsoft.AspNetCore.Authentication.AuthenticationMiddleware.Invoke(HttpContext context)
   at CWB.ExceptionHandling.ExceptionMiddleware.InvokeAsync(HttpContext httpContext) in F:\CWBworking\CWB.ExceptionHandling\ExceptionMiddleware.cs:line 26
2026-02-18 06:16:22.0732 ERROR Error: AutoMapper.AutoMapperMappingException: Error mapping types.

Mapping types:
EntityQueryable`1 -> IEnumerable`1
Microsoft.EntityFrameworkCore.Query.Internal.EntityQueryable`1[[CWB.ProductionPlanWO.Domain.ProcPlan, CWB.ProductionPlanWO, Version=1.0.0.0, Culture=neutral, PublicKeyToken=null]] -> System.Collections.Generic.IEnumerable`1[[CWB.ProductionPlanWO.ViewModels.ProcPlanVM, CWB.ProductionPlanWO, Version=1.0.0.0, Culture=neutral, PublicKeyToken=null]]
 ---> System.InvalidOperationException: A second operation was started on this context before a previous operation completed. This is usually caused by different threads concurrently using the same instance of DbContext. For more information on how to avoid threading issues with DbContext, see https://go.microsoft.com/fwlink/?linkid=2097913.
   at Microsoft.EntityFrameworkCore.Internal.ConcurrencyDetector.EnterCriticalSection()
   at Microsoft.EntityFrameworkCore.Query.Internal.SingleQueryingEnumerable`1.Enumerator.MoveNext()
   at lambda_method(Closure , Object , IEnumerable`1 , ResolutionContext )
   --- End of inner exception stack trace ---
   at lambda_method(Closure , Object , IEnumerable`1 , ResolutionContext )
   at CWB.ProductionPlanWO.Services.WOService.AllProcPlan(Int64 tenantId) in F:\CWBworking\CWB.ProductionPlanWO\Services\WOService.cs:line 773
   at CWB.ProductionPlanWO.Services.WOService.GetAllReadyforProductionWo(Int64 tenantId) in F:\CWBworking\CWB.ProductionPlanWO\Services\WOService.cs:line 4438
   at CWB.ProductionPlanWO.Controllers.WOController.GetAllReadyforProductionWo(Int64 tenantId) in F:\CWBworking\CWB.ProductionPlanWO\Controllers\WOController.cs:line 1706
   at Microsoft.AspNetCore.Mvc.Infrastructure.ActionMethodExecutor.TaskOfIActionResultExecutor.Execute(IActionResultTypeMapper mapper, ObjectMethodExecutor executor, Object controller, Object[] arguments)
   at Microsoft.AspNetCore.Mvc.Infrastructure.ControllerActionInvoker.<InvokeActionMethodAsync>g__Awaited|12_0(ControllerActionInvoker invoker, ValueTask`1 actionResultValueTask)
   at Microsoft.AspNetCore.Mvc.Infrastructure.ControllerActionInvoker.<InvokeNextActionFilterAsync>g__Awaited|10_0(ControllerActionInvoker invoker, Task lastTask, State next, Scope scope, Object state, Boolean isCompleted)
   at Microsoft.AspNetCore.Mvc.Infrastructure.ControllerActionInvoker.Rethrow(ActionExecutedContextSealed context)
   at Microsoft.AspNetCore.Mvc.Infrastructure.ControllerActionInvoker.Next(State& next, Scope& scope, Object& state, Boolean& isCompleted)
   at Microsoft.AspNetCore.Mvc.Infrastructure.ControllerActionInvoker.<InvokeInnerFilterAsync>g__Awaited|13_0(ControllerActionInvoker invoker, Task lastTask, State next, Scope scope, Object state, Boolean isCompleted)
   at Microsoft.AspNetCore.Mvc.Infrastructure.ResourceInvoker.<InvokeFilterPipelineAsync>g__Awaited|19_0(ResourceInvoker invoker, Task lastTask, State next, Scope scope, Object state, Boolean isCompleted)
   at Microsoft.AspNetCore.Mvc.Infrastructure.ResourceInvoker.<InvokeAsync>g__Awaited|17_0(ResourceInvoker invoker, Task task, IDisposable scope)
   at Microsoft.AspNetCore.Routing.EndpointMiddleware.<Invoke>g__AwaitRequestTask|6_0(Endpoint endpoint, Task requestTask, ILogger logger)
   at Microsoft.AspNetCore.Authorization.AuthorizationMiddleware.Invoke(HttpContext context)
   at Microsoft.AspNetCore.Authentication.AuthenticationMiddleware.Invoke(HttpContext context)
   at CWB.ExceptionHandling.ExceptionMiddleware.InvokeAsync(HttpContext httpContext) in F:\CWBworking\CWB.ExceptionHandling\ExceptionMiddleware.cs:line 26
2026-02-18 06:16:53.6808 ERROR Error: AutoMapper.AutoMapperMappingException: Error mapping types.

Mapping types:
EntityQueryable`1 -> IEnumerable`1
Microsoft.EntityFrameworkCore.Query.Internal.EntityQueryable`1[[CWB.ProductionPlanWO.Domain.ProcPlan, CWB.ProductionPlanWO, Version=1.0.0.0, Culture=neutral, PublicKeyToken=null]] -> System.Collections.Generic.IEnumerable`1[[CWB.ProductionPlanWO.ViewModels.ProcPlanVM, CWB.ProductionPlanWO, Version=1.0.0.0, Culture=neutral, PublicKeyToken=null]]
 ---> System.InvalidOperationException: A second operation was started on this context before a previous operation completed. This is usually caused by different threads concurrently using the same instance of DbContext. For more information on how to avoid threading issues with DbContext, see https://go.microsoft.com/fwlink/?linkid=2097913.
   at Microsoft.EntityFrameworkCore.Internal.ConcurrencyDetector.EnterCriticalSection()
   at Microsoft.EntityFrameworkCore.Query.Internal.SingleQueryingEnumerable`1.Enumerator.MoveNext()
   at lambda_method(Closure , Object , IEnumerable`1 , ResolutionContext )
   --- End of inner exception stack trace ---
   at lambda_method(Closure , Object , IEnumerable`1 , ResolutionContext )
   at CWB.ProductionPlanWO.Services.WOService.AllProcPlan(Int64 tenantId) in F:\CWBworking\CWB.ProductionPlanWO\Services\WOService.cs:line 773
   at CWB.ProductionPlanWO.Services.WOService.AllProductionWoReadForProd(Int64 tenantId) in F:\CWBworking\CWB.ProductionPlanWO\Services\WOService.cs:line 4346
   at CWB.ProductionPlanWO.Controllers.WOController.AllProductionWoReadForProd(Int64 tenantId) in F:\CWBworking\CWB.ProductionPlanWO\Controllers\WOController.cs:line 1697
   at Microsoft.AspNetCore.Mvc.Infrastructure.ActionMethodExecutor.TaskOfIActionResultExecutor.Execute(IActionResultTypeMapper mapper, ObjectMethodExecutor executor, Object controller, Object[] arguments)
   at Microsoft.AspNetCore.Mvc.Infrastructure.ControllerActionInvoker.<InvokeActionMethodAsync>g__Awaited|12_0(ControllerActionInvoker invoker, ValueTask`1 actionResultValueTask)
   at Microsoft.AspNetCore.Mvc.Infrastructure.ControllerActionInvoker.<InvokeNextActionFilterAsync>g__Awaited|10_0(ControllerActionInvoker invoker, Task lastTask, State next, Scope scope, Object state, Boolean isCompleted)
   at Microsoft.AspNetCore.Mvc.Infrastructure.ControllerActionInvoker.Rethrow(ActionExecutedContextSealed context)
   at Microsoft.AspNetCore.Mvc.Infrastructure.ControllerActionInvoker.Next(State& next, Scope& scope, Object& state, Boolean& isCompleted)
   at Microsoft.AspNetCore.Mvc.Infrastructure.ControllerActionInvoker.<InvokeInnerFilterAsync>g__Awaited|13_0(ControllerActionInvoker invoker, Task lastTask, State next, Scope scope, Object state, Boolean isCompleted)
   at Microsoft.AspNetCore.Mvc.Infrastructure.ResourceInvoker.<InvokeFilterPipelineAsync>g__Awaited|19_0(ResourceInvoker invoker, Task lastTask, State next, Scope scope, Object state, Boolean isCompleted)
   at Microsoft.AspNetCore.Mvc.Infrastructure.ResourceInvoker.<InvokeAsync>g__Awaited|17_0(ResourceInvoker invoker, Task task, IDisposable scope)
   at Microsoft.AspNetCore.Routing.EndpointMiddleware.<Invoke>g__AwaitRequestTask|6_0(Endpoint endpoint, Task requestTask, ILogger logger)
   at Microsoft.AspNetCore.Authorization.AuthorizationMiddleware.Invoke(HttpContext context)
   at Microsoft.AspNetCore.Authentication.AuthenticationMiddleware.Invoke(HttpContext context)
   at CWB.ExceptionHandling.ExceptionMiddleware.InvokeAsync(HttpContext httpContext) in F:\CWBworking\CWB.ExceptionHandling\ExceptionMiddleware.cs:line 26
2026-02-18 06:17:16.1082 ERROR Error: AutoMapper.AutoMapperMappingException: Error mapping types.

Mapping types:
EntityQueryable`1 -> IEnumerable`1
Microsoft.EntityFrameworkCore.Query.Internal.EntityQueryable`1[[CWB.ProductionPlanWO.Domain.ProcPlan, CWB.ProductionPlanWO, Version=1.0.0.0, Culture=neutral, PublicKeyToken=null]] -> System.Collections.Generic.IEnumerable`1[[CWB.ProductionPlanWO.ViewModels.ProcPlanVM, CWB.ProductionPlanWO, Version=1.0.0.0, Culture=neutral, PublicKeyToken=null]]
 ---> System.InvalidOperationException: A second operation was started on this context before a previous operation completed. This is usually caused by different threads concurrently using the same instance of DbContext. For more information on how to avoid threading issues with DbContext, see https://go.microsoft.com/fwlink/?linkid=2097913.
   at Microsoft.EntityFrameworkCore.Internal.ConcurrencyDetector.EnterCriticalSection()
   at Microsoft.EntityFrameworkCore.Query.Internal.SingleQueryingEnumerable`1.Enumerator.MoveNext()
   at lambda_method(Closure , Object , IEnumerable`1 , ResolutionContext )
   --- End of inner exception stack trace ---
   at lambda_method(Closure , Object , IEnumerable`1 , ResolutionContext )
   at CWB.ProductionPlanWO.Services.WOService.AllProcPlan(Int64 tenantId) in F:\CWBworking\CWB.ProductionPlanWO\Services\WOService.cs:line 773
   at CWB.ProductionPlanWO.Services.WOService.GetAllReadyforProductionWo(Int64 tenantId) in F:\CWBworking\CWB.ProductionPlanWO\Services\WOService.cs:line 4438
   at CWB.ProductionPlanWO.Controllers.WOController.GetAllReadyforProductionWo(Int64 tenantId) in F:\CWBworking\CWB.ProductionPlanWO\Controllers\WOController.cs:line 1706
   at Microsoft.AspNetCore.Mvc.Infrastructure.ActionMethodExecutor.TaskOfIActionResultExecutor.Execute(IActionResultTypeMapper mapper, ObjectMethodExecutor executor, Object controller, Object[] arguments)
   at Microsoft.AspNetCore.Mvc.Infrastructure.ControllerActionInvoker.<InvokeActionMethodAsync>g__Awaited|12_0(ControllerActionInvoker invoker, ValueTask`1 actionResultValueTask)
   at Microsoft.AspNetCore.Mvc.Infrastructure.ControllerActionInvoker.<InvokeNextActionFilterAsync>g__Awaited|10_0(ControllerActionInvoker invoker, Task lastTask, State next, Scope scope, Object state, Boolean isCompleted)
   at Microsoft.AspNetCore.Mvc.Infrastructure.ControllerActionInvoker.Rethrow(ActionExecutedContextSealed context)
   at Microsoft.AspNetCore.Mvc.Infrastructure.ControllerActionInvoker.Next(State& next, Scope& scope, Object& state, Boolean& isCompleted)
   at Microsoft.AspNetCore.Mvc.Infrastructure.ControllerActionInvoker.InvokeInnerFilterAsync()
--- End of stack trace from previous location where exception was thrown ---
   at Microsoft.AspNetCore.Mvc.Infrastructure.ResourceInvoker.<InvokeFilterPipelineAsync>g__Awaited|19_0(ResourceInvoker invoker, Task lastTask, State next, Scope scope, Object state, Boolean isCompleted)
   at Microsoft.AspNetCore.Mvc.Infrastructure.ResourceInvoker.<InvokeAsync>g__Awaited|17_0(ResourceInvoker invoker, Task task, IDisposable scope)
   at Microsoft.AspNetCore.Routing.EndpointMiddleware.<Invoke>g__AwaitRequestTask|6_0(Endpoint endpoint, Task requestTask, ILogger logger)
   at Microsoft.AspNetCore.Authorization.AuthorizationMiddleware.Invoke(HttpContext context)
   at Microsoft.AspNetCore.Authentication.AuthenticationMiddleware.Invoke(HttpContext context)
   at CWB.ExceptionHandling.ExceptionMiddleware.InvokeAsync(HttpContext httpContext) in F:\CWBworking\CWB.ExceptionHandling\ExceptionMiddleware.cs:line 26
2026-02-18 06:17:19.4562 ERROR Error: AutoMapper.AutoMapperMappingException: Error mapping types.

Mapping types:
EntityQueryable`1 -> IEnumerable`1
Microsoft.EntityFrameworkCore.Query.Internal.EntityQueryable`1[[CWB.ProductionPlanWO.Domain.ProcPlan, CWB.ProductionPlanWO, Version=1.0.0.0, Culture=neutral, PublicKeyToken=null]] -> System.Collections.Generic.IEnumerable`1[[CWB.ProductionPlanWO.ViewModels.ProcPlanVM, CWB.ProductionPlanWO, Version=1.0.0.0, Culture=neutral, PublicKeyToken=null]]
 ---> System.InvalidOperationException: A second operation was started on this context before a previous operation completed. This is usually caused by different threads concurrently using the same instance of DbContext. For more information on how to avoid threading issues with DbContext, see https://go.microsoft.com/fwlink/?linkid=2097913.
   at Microsoft.EntityFrameworkCore.Internal.ConcurrencyDetector.EnterCriticalSection()
   at Microsoft.EntityFrameworkCore.Query.Internal.SingleQueryingEnumerable`1.Enumerator.MoveNext()
   at lambda_method(Closure , Object , IEnumerable`1 , ResolutionContext )
   --- End of inner exception stack trace ---
   at lambda_method(Closure , Object , IEnumerable`1 , ResolutionContext )
   at CWB.ProductionPlanWO.Services.WOService.AllProcPlan(Int64 tenantId) in F:\CWBworking\CWB.ProductionPlanWO\Services\WOService.cs:line 773
   at CWB.ProductionPlanWO.Services.WOService.GetAllReadyforProductionWo(Int64 tenantId) in F:\CWBworking\CWB.ProductionPlanWO\Services\WOService.cs:line 4438
   at CWB.ProductionPlanWO.Controllers.WOController.GetAllReadyforProductionWo(Int64 tenantId) in F:\CWBworking\CWB.ProductionPlanWO\Controllers\WOController.cs:line 1706
   at Microsoft.AspNetCore.Mvc.Infrastructure.ActionMethodExecutor.TaskOfIActionResultExecutor.Execute(IActionResultTypeMapper mapper, ObjectMethodExecutor executor, Object controller, Object[] arguments)
   at Microsoft.AspNetCore.Mvc.Infrastructure.ControllerActionInvoker.<InvokeActionMethodAsync>g__Awaited|12_0(ControllerActionInvoker invoker, ValueTask`1 actionResultValueTask)
   at Microsoft.AspNetCore.Mvc.Infrastructure.ControllerActionInvoker.<InvokeNextActionFilterAsync>g__Awaited|10_0(ControllerActionInvoker invoker, Task lastTask, State next, Scope scope, Object state, Boolean isCompleted)
   at Microsoft.AspNetCore.Mvc.Infrastructure.ControllerActionInvoker.Rethrow(ActionExecutedContextSealed context)
   at Microsoft.AspNetCore.Mvc.Infrastructure.ControllerActionInvoker.Next(State& next, Scope& scope, Object& state, Boolean& isCompleted)
   at Microsoft.AspNetCore.Mvc.Infrastructure.ControllerActionInvoker.InvokeInnerFilterAsync()
--- End of stack trace from previous location where exception was thrown ---
   at Microsoft.AspNetCore.Mvc.Infrastructure.ResourceInvoker.<InvokeFilterPipelineAsync>g__Awaited|19_0(ResourceInvoker invoker, Task lastTask, State next, Scope scope, Object state, Boolean isCompleted)
   at Microsoft.AspNetCore.Mvc.Infrastructure.ResourceInvoker.<InvokeAsync>g__Awaited|17_0(ResourceInvoker invoker, Task task, IDisposable scope)
   at Microsoft.AspNetCore.Routing.EndpointMiddleware.<Invoke>g__AwaitRequestTask|6_0(Endpoint endpoint, Task requestTask, ILogger logger)
   at Microsoft.AspNetCore.Authorization.AuthorizationMiddleware.Invoke(HttpContext context)
   at Microsoft.AspNetCore.Authentication.AuthenticationMiddleware.Invoke(HttpContext context)
   at CWB.ExceptionHandling.ExceptionMiddleware.InvokeAsync(HttpContext httpContext) in F:\CWBworking\CWB.ExceptionHandling\ExceptionMiddleware.cs:line 26
2026-02-18 06:17:21.5408 ERROR Error: System.InvalidOperationException: A second operation was started on this context before a previous operation completed. This is usually caused by different threads concurrently using the same instance of DbContext. For more information on how to avoid threading issues with DbContext, see https://go.microsoft.com/fwlink/?linkid=2097913.
   at Microsoft.EntityFrameworkCore.Internal.ConcurrencyDetector.EnterCriticalSection()
   at Microsoft.EntityFrameworkCore.Query.Internal.SingleQueryingEnumerable`1.AsyncEnumerator.MoveNextAsync()
   at Microsoft.EntityFrameworkCore.EntityFrameworkQueryableExtensions.ToListAsync[TSource](IQueryable`1 source, CancellationToken cancellationToken)
   at Microsoft.EntityFrameworkCore.EntityFrameworkQueryableExtensions.ToListAsync[TSource](IQueryable`1 source, CancellationToken cancellationToken)
   at CWB.CommonUtils.Common.Repositories.Repository`1.AwaitGetRangeAsync(Expression`1 predicate) in F:\CWBworking\CWB.CommonUtils\Common\Repositories\Repository.cs:line 36
   at CWB.ProductionPlanWO.Services.WOService.GetAllInsp_Outcome_Details(Int64 tenantId) in F:\CWBworking\CWB.ProductionPlanWO\Services\WOService.cs:line 1108
   at CWB.ProductionPlanWO.Services.WOService.AllProductionWoReadForProd(Int64 tenantId) in F:\CWBworking\CWB.ProductionPlanWO\Services\WOService.cs:line 4346
   at CWB.ProductionPlanWO.Controllers.WOController.AllProductionWoReadForProd(Int64 tenantId) in F:\CWBworking\CWB.ProductionPlanWO\Controllers\WOController.cs:line 1697
   at Microsoft.AspNetCore.Mvc.Infrastructure.ActionMethodExecutor.TaskOfIActionResultExecutor.Execute(IActionResultTypeMapper mapper, ObjectMethodExecutor executor, Object controller, Object[] arguments)
   at Microsoft.AspNetCore.Mvc.Infrastructure.ControllerActionInvoker.<InvokeActionMethodAsync>g__Awaited|12_0(ControllerActionInvoker invoker, ValueTask`1 actionResultValueTask)
   at Microsoft.AspNetCore.Mvc.Infrastructure.ControllerActionInvoker.<InvokeNextActionFilterAsync>g__Awaited|10_0(ControllerActionInvoker invoker, Task lastTask, State next, Scope scope, Object state, Boolean isCompleted)
   at Microsoft.AspNetCore.Mvc.Infrastructure.ControllerActionInvoker.Rethrow(ActionExecutedContextSealed context)
   at Microsoft.AspNetCore.Mvc.Infrastructure.ControllerActionInvoker.Next(State& next, Scope& scope, Object& state, Boolean& isCompleted)
   at Microsoft.AspNetCore.Mvc.Infrastructure.ControllerActionInvoker.<InvokeInnerFilterAsync>g__Awaited|13_0(ControllerActionInvoker invoker, Task lastTask, State next, Scope scope, Object state, Boolean isCompleted)
   at Microsoft.AspNetCore.Mvc.Infrastructure.ResourceInvoker.<InvokeFilterPipelineAsync>g__Awaited|19_0(ResourceInvoker invoker, Task lastTask, State next, Scope scope, Object state, Boolean isCompleted)
   at Microsoft.AspNetCore.Mvc.Infrastructure.ResourceInvoker.<InvokeAsync>g__Awaited|17_0(ResourceInvoker invoker, Task task, IDisposable scope)
   at Microsoft.AspNetCore.Routing.EndpointMiddleware.<Invoke>g__AwaitRequestTask|6_0(Endpoint endpoint, Task requestTask, ILogger logger)
   at Microsoft.AspNetCore.Authorization.AuthorizationMiddleware.Invoke(HttpContext context)
   at Microsoft.AspNetCore.Authentication.AuthenticationMiddleware.Invoke(HttpContext context)
   at CWB.ExceptionHandling.ExceptionMiddleware.InvokeAsync(HttpContext httpContext) in F:\CWBworking\CWB.ExceptionHandling\ExceptionMiddleware.cs:line 26
2026-02-18 06:18:17.9479 ERROR Error: System.InvalidOperationException: A second operation was started on this context before a previous operation completed. This is usually caused by different threads concurrently using the same instance of DbContext. For more information on how to avoid threading issues with DbContext, see https://go.microsoft.com/fwlink/?linkid=2097913.
   at Microsoft.EntityFrameworkCore.Internal.ConcurrencyDetector.EnterCriticalSection()
   at Microsoft.EntityFrameworkCore.Query.Internal.SingleQueryingEnumerable`1.AsyncEnumerator.MoveNextAsync()
   at Microsoft.EntityFrameworkCore.EntityFrameworkQueryableExtensions.ToListAsync[TSource](IQueryable`1 source, CancellationToken cancellationToken)
   at Microsoft.EntityFrameworkCore.EntityFrameworkQueryableExtensions.ToListAsync[TSource](IQueryable`1 source, CancellationToken cancellationToken)
   at CWB.CommonUtils.Common.Repositories.Repository`1.AwaitGetRangeAsync(Expression`1 predicate) in F:\CWBworking\CWB.CommonUtils\Common\Repositories\Repository.cs:line 36
   at CWB.ProductionPlanWO.Services.WOService.GetAllInsp_Outcome_Details(Int64 tenantId) in F:\CWBworking\CWB.ProductionPlanWO\Services\WOService.cs:line 1108
   at CWB.ProductionPlanWO.Services.WOService.AllProductionWoReadForProd(Int64 tenantId) in F:\CWBworking\CWB.ProductionPlanWO\Services\WOService.cs:line 4346
   at CWB.ProductionPlanWO.Controllers.WOController.AllProductionWoReadForProd(Int64 tenantId) in F:\CWBworking\CWB.ProductionPlanWO\Controllers\WOController.cs:line 1697
   at Microsoft.AspNetCore.Mvc.Infrastructure.ActionMethodExecutor.TaskOfIActionResultExecutor.Execute(IActionResultTypeMapper mapper, ObjectMethodExecutor executor, Object controller, Object[] arguments)
   at Microsoft.AspNetCore.Mvc.Infrastructure.ControllerActionInvoker.<InvokeActionMethodAsync>g__Awaited|12_0(ControllerActionInvoker invoker, ValueTask`1 actionResultValueTask)
   at Microsoft.AspNetCore.Mvc.Infrastructure.ControllerActionInvoker.<InvokeNextActionFilterAsync>g__Awaited|10_0(ControllerActionInvoker invoker, Task lastTask, State next, Scope scope, Object state, Boolean isCompleted)
   at Microsoft.AspNetCore.Mvc.Infrastructure.ControllerActionInvoker.Rethrow(ActionExecutedContextSealed context)
   at Microsoft.AspNetCore.Mvc.Infrastructure.ControllerActionInvoker.Next(State& next, Scope& scope, Object& state, Boolean& isCompleted)
   at Microsoft.AspNetCore.Mvc.Infrastructure.ControllerActionInvoker.InvokeInnerFilterAsync()
--- End of stack trace from previous location where exception was thrown ---
   at Microsoft.AspNetCore.Mvc.Infrastructure.ResourceInvoker.<InvokeFilterPipelineAsync>g__Awaited|19_0(ResourceInvoker invoker, Task lastTask, State next, Scope scope, Object state, Boolean isCompleted)
   at Microsoft.AspNetCore.Mvc.Infrastructure.ResourceInvoker.<InvokeAsync>g__Awaited|17_0(ResourceInvoker invoker, Task task, IDisposable scope)
   at Microsoft.AspNetCore.Routing.EndpointMiddleware.<Invoke>g__AwaitRequestTask|6_0(Endpoint endpoint, Task requestTask, ILogger logger)
   at Microsoft.AspNetCore.Authorization.AuthorizationMiddleware.Invoke(HttpContext context)
   at Microsoft.AspNetCore.Authentication.AuthenticationMiddleware.Invoke(HttpContext context)
   at CWB.ExceptionHandling.ExceptionMiddleware.InvokeAsync(HttpContext httpContext) in F:\CWBworking\CWB.ExceptionHandling\ExceptionMiddleware.cs:line 26
2026-02-18 06:18:19.2242 ERROR Error: AutoMapper.AutoMapperMappingException: Error mapping types.

Mapping types:
EntityQueryable`1 -> IEnumerable`1
Microsoft.EntityFrameworkCore.Query.Internal.EntityQueryable`1[[CWB.ProductionPlanWO.Domain.ProcPlan, CWB.ProductionPlanWO, Version=1.0.0.0, Culture=neutral, PublicKeyToken=null]] -> System.Collections.Generic.IEnumerable`1[[CWB.ProductionPlanWO.ViewModels.ProcPlanVM, CWB.ProductionPlanWO, Version=1.0.0.0, Culture=neutral, PublicKeyToken=null]]
 ---> System.InvalidOperationException: A second operation was started on this context before a previous operation completed. This is usually caused by different threads concurrently using the same instance of DbContext. For more information on how to avoid threading issues with DbContext, see https://go.microsoft.com/fwlink/?linkid=2097913.
   at Microsoft.EntityFrameworkCore.Internal.ConcurrencyDetector.EnterCriticalSection()
   at Microsoft.EntityFrameworkCore.Query.Internal.SingleQueryingEnumerable`1.Enumerator.MoveNext()
   at lambda_method(Closure , Object , IEnumerable`1 , ResolutionContext )
   --- End of inner exception stack trace ---
   at lambda_method(Closure , Object , IEnumerable`1 , ResolutionContext )
   at CWB.ProductionPlanWO.Services.WOService.AllProcPlan(Int64 tenantId) in F:\CWBworking\CWB.ProductionPlanWO\Services\WOService.cs:line 773
   at CWB.ProductionPlanWO.Services.WOService.GetAllReadyforProductionWo(Int64 tenantId) in F:\CWBworking\CWB.ProductionPlanWO\Services\WOService.cs:line 4438
   at CWB.ProductionPlanWO.Controllers.WOController.GetAllReadyforProductionWo(Int64 tenantId) in F:\CWBworking\CWB.ProductionPlanWO\Controllers\WOController.cs:line 1706
   at Microsoft.AspNetCore.Mvc.Infrastructure.ActionMethodExecutor.TaskOfIActionResultExecutor.Execute(IActionResultTypeMapper mapper, ObjectMethodExecutor executor, Object controller, Object[] arguments)
   at Microsoft.AspNetCore.Mvc.Infrastructure.ControllerActionInvoker.<InvokeActionMethodAsync>g__Awaited|12_0(ControllerActionInvoker invoker, ValueTask`1 actionResultValueTask)
   at Microsoft.AspNetCore.Mvc.Infrastructure.ControllerActionInvoker.<InvokeNextActionFilterAsync>g__Awaited|10_0(ControllerActionInvoker invoker, Task lastTask, State next, Scope scope, Object state, Boolean isCompleted)
   at Microsoft.AspNetCore.Mvc.Infrastructure.ControllerActionInvoker.Rethrow(ActionExecutedContextSealed context)
   at Microsoft.AspNetCore.Mvc.Infrastructure.ControllerActionInvoker.Next(State& next, Scope& scope, Object& state, Boolean& isCompleted)
   at Microsoft.AspNetCore.Mvc.Infrastructure.ControllerActionInvoker.InvokeInnerFilterAsync()
--- End of stack trace from previous location where exception was thrown ---
   at Microsoft.AspNetCore.Mvc.Infrastructure.ResourceInvoker.<InvokeFilterPipelineAsync>g__Awaited|19_0(ResourceInvoker invoker, Task lastTask, State next, Scope scope, Object state, Boolean isCompleted)
   at Microsoft.AspNetCore.Mvc.Infrastructure.ResourceInvoker.<InvokeAsync>g__Awaited|17_0(ResourceInvoker invoker, Task task, IDisposable scope)
   at Microsoft.AspNetCore.Routing.EndpointMiddleware.<Invoke>g__AwaitRequestTask|6_0(Endpoint endpoint, Task requestTask, ILogger logger)
   at Microsoft.AspNetCore.Authorization.AuthorizationMiddleware.Invoke(HttpContext context)
   at Microsoft.AspNetCore.Authentication.AuthenticationMiddleware.Invoke(HttpContext context)
   at CWB.ExceptionHandling.ExceptionMiddleware.InvokeAsync(HttpContext httpContext) in F:\CWBworking\CWB.ExceptionHandling\ExceptionMiddleware.cs:line 26
2026-02-18 06:18:24.5630 ERROR Error: AutoMapper.AutoMapperMappingException: Error mapping types.

Mapping types:
EntityQueryable`1 -> IEnumerable`1
Microsoft.EntityFrameworkCore.Query.Internal.EntityQueryable`1[[CWB.ProductionPlanWO.Domain.ProcPlan, CWB.ProductionPlanWO, Version=1.0.0.0, Culture=neutral, PublicKeyToken=null]] -> System.Collections.Generic.IEnumerable`1[[CWB.ProductionPlanWO.ViewModels.ProcPlanVM, CWB.ProductionPlanWO, Version=1.0.0.0, Culture=neutral, PublicKeyToken=null]]
 ---> System.InvalidOperationException: A second operation was started on this context before a previous operation completed. This is usually caused by different threads concurrently using the same instance of DbContext. For more information on how to avoid threading issues with DbContext, see https://go.microsoft.com/fwlink/?linkid=2097913.
   at Microsoft.EntityFrameworkCore.Internal.ConcurrencyDetector.EnterCriticalSection()
   at Microsoft.EntityFrameworkCore.Query.Internal.SingleQueryingEnumerable`1.Enumerator.MoveNext()
   at lambda_method(Closure , Object , IEnumerable`1 , ResolutionContext )
   --- End of inner exception stack trace ---
   at lambda_method(Closure , Object , IEnumerable`1 , ResolutionContext )
   at CWB.ProductionPlanWO.Services.WOService.AllProcPlan(Int64 tenantId) in F:\CWBworking\CWB.ProductionPlanWO\Services\WOService.cs:line 773
   at CWB.ProductionPlanWO.Services.WOService.AllProductionWoReadForProd(Int64 tenantId) in F:\CWBworking\CWB.ProductionPlanWO\Services\WOService.cs:line 4346
   at CWB.ProductionPlanWO.Controllers.WOController.AllProductionWoReadForProd(Int64 tenantId) in F:\CWBworking\CWB.ProductionPlanWO\Controllers\WOController.cs:line 1697
   at Microsoft.AspNetCore.Mvc.Infrastructure.ActionMethodExecutor.TaskOfIActionResultExecutor.Execute(IActionResultTypeMapper mapper, ObjectMethodExecutor executor, Object controller, Object[] arguments)
   at Microsoft.AspNetCore.Mvc.Infrastructure.ControllerActionInvoker.<InvokeActionMethodAsync>g__Awaited|12_0(ControllerActionInvoker invoker, ValueTask`1 actionResultValueTask)
   at Microsoft.AspNetCore.Mvc.Infrastructure.ControllerActionInvoker.<InvokeNextActionFilterAsync>g__Awaited|10_0(ControllerActionInvoker invoker, Task lastTask, State next, Scope scope, Object state, Boolean isCompleted)
   at Microsoft.AspNetCore.Mvc.Infrastructure.ControllerActionInvoker.Rethrow(ActionExecutedContextSealed context)
   at Microsoft.AspNetCore.Mvc.Infrastructure.ControllerActionInvoker.Next(State& next, Scope& scope, Object& state, Boolean& isCompleted)
   at Microsoft.AspNetCore.Mvc.Infrastructure.ControllerActionInvoker.InvokeInnerFilterAsync()
--- End of stack trace from previous location where exception was thrown ---
   at Microsoft.AspNetCore.Mvc.Infrastructure.ResourceInvoker.<InvokeFilterPipelineAsync>g__Awaited|19_0(ResourceInvoker invoker, Task lastTask, State next, Scope scope, Object state, Boolean isCompleted)
   at Microsoft.AspNetCore.Mvc.Infrastructure.ResourceInvoker.<InvokeAsync>g__Awaited|17_0(ResourceInvoker invoker, Task task, IDisposable scope)
   at Microsoft.AspNetCore.Routing.EndpointMiddleware.<Invoke>g__AwaitRequestTask|6_0(Endpoint endpoint, Task requestTask, ILogger logger)
   at Microsoft.AspNetCore.Authorization.AuthorizationMiddleware.Invoke(HttpContext context)
   at Microsoft.AspNetCore.Authentication.AuthenticationMiddleware.Invoke(HttpContext context)
   at CWB.ExceptionHandling.ExceptionMiddleware.InvokeAsync(HttpContext httpContext) in F:\CWBworking\CWB.ExceptionHandling\ExceptionMiddleware.cs:line 26
2026-02-18 06:24:23.6467 ERROR Error: AutoMapper.AutoMapperMappingException: Error mapping types.

Mapping types:
EntityQueryable`1 -> IEnumerable`1
Microsoft.EntityFrameworkCore.Query.Internal.EntityQueryable`1[[CWB.ProductionPlanWO.Domain.ProcPlan, CWB.ProductionPlanWO, Version=1.0.0.0, Culture=neutral, PublicKeyToken=null]] -> System.Collections.Generic.IEnumerable`1[[CWB.ProductionPlanWO.ViewModels.ProcPlanVM, CWB.ProductionPlanWO, Version=1.0.0.0, Culture=neutral, PublicKeyToken=null]]
 ---> System.InvalidOperationException: A second operation was started on this context before a previous operation completed. This is usually caused by different threads concurrently using the same instance of DbContext. For more information on how to avoid threading issues with DbContext, see https://go.microsoft.com/fwlink/?linkid=2097913.
   at Microsoft.EntityFrameworkCore.Internal.ConcurrencyDetector.EnterCriticalSection()
   at Microsoft.EntityFrameworkCore.Query.Internal.SingleQueryingEnumerable`1.Enumerator.MoveNext()
   at lambda_method(Closure , Object , IEnumerable`1 , ResolutionContext )
   --- End of inner exception stack trace ---
   at lambda_method(Closure , Object , IEnumerable`1 , ResolutionContext )
   at CWB.ProductionPlanWO.Services.WOService.AllProcPlan(Int64 tenantId) in F:\CWBworking\CWB.ProductionPlanWO\Services\WOService.cs:line 773
   at CWB.ProductionPlanWO.Services.WOService.GetAllReadyforProductionWo(Int64 tenantId) in F:\CWBworking\CWB.ProductionPlanWO\Services\WOService.cs:line 4438
   at CWB.ProductionPlanWO.Controllers.WOController.GetAllReadyforProductionWo(Int64 tenantId) in F:\CWBworking\CWB.ProductionPlanWO\Controllers\WOController.cs:line 1706
   at Microsoft.AspNetCore.Mvc.Infrastructure.ActionMethodExecutor.TaskOfIActionResultExecutor.Execute(IActionResultTypeMapper mapper, ObjectMethodExecutor executor, Object controller, Object[] arguments)
   at Microsoft.AspNetCore.Mvc.Infrastructure.ControllerActionInvoker.<InvokeActionMethodAsync>g__Awaited|12_0(ControllerActionInvoker invoker, ValueTask`1 actionResultValueTask)
   at Microsoft.AspNetCore.Mvc.Infrastructure.ControllerActionInvoker.<InvokeNextActionFilterAsync>g__Awaited|10_0(ControllerActionInvoker invoker, Task lastTask, State next, Scope scope, Object state, Boolean isCompleted)
   at Microsoft.AspNetCore.Mvc.Infrastructure.ControllerActionInvoker.Rethrow(ActionExecutedContextSealed context)
   at Microsoft.AspNetCore.Mvc.Infrastructure.ControllerActionInvoker.Next(State& next, Scope& scope, Object& state, Boolean& isCompleted)
   at Microsoft.AspNetCore.Mvc.Infrastructure.ControllerActionInvoker.InvokeInnerFilterAsync()
--- End of stack trace from previous location where exception was thrown ---
   at Microsoft.AspNetCore.Mvc.Infrastructure.ResourceInvoker.<InvokeFilterPipelineAsync>g__Awaited|19_0(ResourceInvoker invoker, Task lastTask, State next, Scope scope, Object state, Boolean isCompleted)
   at Microsoft.AspNetCore.Mvc.Infrastructure.ResourceInvoker.<InvokeAsync>g__Awaited|17_0(ResourceInvoker invoker, Task task, IDisposable scope)
   at Microsoft.AspNetCore.Routing.EndpointMiddleware.<Invoke>g__AwaitRequestTask|6_0(Endpoint endpoint, Task requestTask, ILogger logger)
   at Microsoft.AspNetCore.Authorization.AuthorizationMiddleware.Invoke(HttpContext context)
   at Microsoft.AspNetCore.Authentication.AuthenticationMiddleware.Invoke(HttpContext context)
   at CWB.ExceptionHandling.ExceptionMiddleware.InvokeAsync(HttpContext httpContext) in F:\CWBworking\CWB.ExceptionHandling\ExceptionMiddleware.cs:line 26
2026-02-18 06:26:44.6518 ERROR Error: AutoMapper.AutoMapperMappingException: Error mapping types.

Mapping types:
EntityQueryable`1 -> IEnumerable`1
Microsoft.EntityFrameworkCore.Query.Internal.EntityQueryable`1[[CWB.ProductionPlanWO.Domain.ProcPlan, CWB.ProductionPlanWO, Version=1.0.0.0, Culture=neutral, PublicKeyToken=null]] -> System.Collections.Generic.IEnumerable`1[[CWB.ProductionPlanWO.ViewModels.ProcPlanVM, CWB.ProductionPlanWO, Version=1.0.0.0, Culture=neutral, PublicKeyToken=null]]
 ---> System.InvalidOperationException: A second operation was started on this context before a previous operation completed. This is usually caused by different threads concurrently using the same instance of DbContext. For more information on how to avoid threading issues with DbContext, see https://go.microsoft.com/fwlink/?linkid=2097913.
   at Microsoft.EntityFrameworkCore.Internal.ConcurrencyDetector.EnterCriticalSection()
   at Microsoft.EntityFrameworkCore.Query.Internal.SingleQueryingEnumerable`1.Enumerator.MoveNext()
   at lambda_method(Closure , Object , IEnumerable`1 , ResolutionContext )
   --- End of inner exception stack trace ---
   at lambda_method(Closure , Object , IEnumerable`1 , ResolutionContext )
   at CWB.ProductionPlanWO.Services.WOService.AllProcPlan(Int64 tenantId) in F:\CWBworking\CWB.ProductionPlanWO\Services\WOService.cs:line 773
   at CWB.ProductionPlanWO.Services.WOService.AllProductionWoReadForProd(Int64 tenantId) in F:\CWBworking\CWB.ProductionPlanWO\Services\WOService.cs:line 4346
   at CWB.ProductionPlanWO.Controllers.WOController.AllProductionWoReadForProd(Int64 tenantId) in F:\CWBworking\CWB.ProductionPlanWO\Controllers\WOController.cs:line 1697
   at Microsoft.AspNetCore.Mvc.Infrastructure.ActionMethodExecutor.TaskOfIActionResultExecutor.Execute(IActionResultTypeMapper mapper, ObjectMethodExecutor executor, Object controller, Object[] arguments)
   at Microsoft.AspNetCore.Mvc.Infrastructure.ControllerActionInvoker.<InvokeActionMethodAsync>g__Awaited|12_0(ControllerActionInvoker invoker, ValueTask`1 actionResultValueTask)
   at Microsoft.AspNetCore.Mvc.Infrastructure.ControllerActionInvoker.<InvokeNextActionFilterAsync>g__Awaited|10_0(ControllerActionInvoker invoker, Task lastTask, State next, Scope scope, Object state, Boolean isCompleted)
   at Microsoft.AspNetCore.Mvc.Infrastructure.ControllerActionInvoker.Rethrow(ActionExecutedContextSealed context)
   at Microsoft.AspNetCore.Mvc.Infrastructure.ControllerActionInvoker.Next(State& next, Scope& scope, Object& state, Boolean& isCompleted)
   at Microsoft.AspNetCore.Mvc.Infrastructure.ControllerActionInvoker.InvokeInnerFilterAsync()
--- End of stack trace from previous location where exception was thrown ---
   at Microsoft.AspNetCore.Mvc.Infrastructure.ResourceInvoker.<InvokeFilterPipelineAsync>g__Awaited|19_0(ResourceInvoker invoker, Task lastTask, State next, Scope scope, Object state, Boolean isCompleted)
   at Microsoft.AspNetCore.Mvc.Infrastructure.ResourceInvoker.<InvokeAsync>g__Awaited|17_0(ResourceInvoker invoker, Task task, IDisposable scope)
   at Microsoft.AspNetCore.Routing.EndpointMiddleware.<Invoke>g__AwaitRequestTask|6_0(Endpoint endpoint, Task requestTask, ILogger logger)
   at Microsoft.AspNetCore.Authorization.AuthorizationMiddleware.Invoke(HttpContext context)
   at Microsoft.AspNetCore.Authentication.AuthenticationMiddleware.Invoke(HttpContext context)
   at CWB.ExceptionHandling.ExceptionMiddleware.InvokeAsync(HttpContext httpContext) in F:\CWBworking\CWB.ExceptionHandling\ExceptionMiddleware.cs:line 26
2026-02-18 06:26:45.6281 ERROR Error: AutoMapper.AutoMapperMappingException: Error mapping types.

Mapping types:
EntityQueryable`1 -> IEnumerable`1
Microsoft.EntityFrameworkCore.Query.Internal.EntityQueryable`1[[CWB.ProductionPlanWO.Domain.ProcPlan, CWB.ProductionPlanWO, Version=1.0.0.0, Culture=neutral, PublicKeyToken=null]] -> System.Collections.Generic.IEnumerable`1[[CWB.ProductionPlanWO.ViewModels.ProcPlanVM, CWB.ProductionPlanWO, Version=1.0.0.0, Culture=neutral, PublicKeyToken=null]]
 ---> System.InvalidOperationException: A second operation was started on this context before a previous operation completed. This is usually caused by different threads concurrently using the same instance of DbContext. For more information on how to avoid threading issues with DbContext, see https://go.microsoft.com/fwlink/?linkid=2097913.
   at Microsoft.EntityFrameworkCore.Internal.ConcurrencyDetector.EnterCriticalSection()
   at Microsoft.EntityFrameworkCore.Query.Internal.SingleQueryingEnumerable`1.Enumerator.MoveNext()
   at lambda_method(Closure , Object , IEnumerable`1 , ResolutionContext )
   --- End of inner exception stack trace ---
   at lambda_method(Closure , Object , IEnumerable`1 , ResolutionContext )
   at CWB.ProductionPlanWO.Services.WOService.AllProcPlan(Int64 tenantId) in F:\CWBworking\CWB.ProductionPlanWO\Services\WOService.cs:line 773
   at CWB.ProductionPlanWO.Services.WOService.GetAllReadyforProductionWo(Int64 tenantId) in F:\CWBworking\CWB.ProductionPlanWO\Services\WOService.cs:line 4438
   at CWB.ProductionPlanWO.Controllers.WOController.GetAllReadyforProductionWo(Int64 tenantId) in F:\CWBworking\CWB.ProductionPlanWO\Controllers\WOController.cs:line 1706
   at Microsoft.AspNetCore.Mvc.Infrastructure.ActionMethodExecutor.TaskOfIActionResultExecutor.Execute(IActionResultTypeMapper mapper, ObjectMethodExecutor executor, Object controller, Object[] arguments)
   at Microsoft.AspNetCore.Mvc.Infrastructure.ControllerActionInvoker.<InvokeActionMethodAsync>g__Awaited|12_0(ControllerActionInvoker invoker, ValueTask`1 actionResultValueTask)
   at Microsoft.AspNetCore.Mvc.Infrastructure.ControllerActionInvoker.<InvokeNextActionFilterAsync>g__Awaited|10_0(ControllerActionInvoker invoker, Task lastTask, State next, Scope scope, Object state, Boolean isCompleted)
   at Microsoft.AspNetCore.Mvc.Infrastructure.ControllerActionInvoker.Rethrow(ActionExecutedContextSealed context)
   at Microsoft.AspNetCore.Mvc.Infrastructure.ControllerActionInvoker.Next(State& next, Scope& scope, Object& state, Boolean& isCompleted)
   at Microsoft.AspNetCore.Mvc.Infrastructure.ControllerActionInvoker.InvokeInnerFilterAsync()
--- End of stack trace from previous location where exception was thrown ---
   at Microsoft.AspNetCore.Mvc.Infrastructure.ResourceInvoker.<InvokeFilterPipelineAsync>g__Awaited|19_0(ResourceInvoker invoker, Task lastTask, State next, Scope scope, Object state, Boolean isCompleted)
   at Microsoft.AspNetCore.Mvc.Infrastructure.ResourceInvoker.<InvokeAsync>g__Awaited|17_0(ResourceInvoker invoker, Task task, IDisposable scope)
   at Microsoft.AspNetCore.Routing.EndpointMiddleware.<Invoke>g__AwaitRequestTask|6_0(Endpoint endpoint, Task requestTask, ILogger logger)
   at Microsoft.AspNetCore.Authorization.AuthorizationMiddleware.Invoke(HttpContext context)
   at Microsoft.AspNetCore.Authentication.AuthenticationMiddleware.Invoke(HttpContext context)
   at CWB.ExceptionHandling.ExceptionMiddleware.InvokeAsync(HttpContext httpContext) in F:\CWBworking\CWB.ExceptionHandling\ExceptionMiddleware.cs:line 26
2026-02-18 06:55:22.9366 ERROR Error: AutoMapper.AutoMapperMappingException: Error mapping types.

Mapping types:
EntityQueryable`1 -> IEnumerable`1
Microsoft.EntityFrameworkCore.Query.Internal.EntityQueryable`1[[CWB.ProductionPlanWO.Domain.ProcPlan, CWB.ProductionPlanWO, Version=1.0.0.0, Culture=neutral, PublicKeyToken=null]] -> System.Collections.Generic.IEnumerable`1[[CWB.ProductionPlanWO.ViewModels.ProcPlanVM, CWB.ProductionPlanWO, Version=1.0.0.0, Culture=neutral, PublicKeyToken=null]]
 ---> System.InvalidOperationException: A second operation was started on this context before a previous operation completed. This is usually caused by different threads concurrently using the same instance of DbContext. For more information on how to avoid threading issues with DbContext, see https://go.microsoft.com/fwlink/?linkid=2097913.
   at Microsoft.EntityFrameworkCore.Internal.ConcurrencyDetector.EnterCriticalSection()
   at Microsoft.EntityFrameworkCore.Query.Internal.SingleQueryingEnumerable`1.Enumerator.MoveNext()
   at lambda_method(Closure , Object , IEnumerable`1 , ResolutionContext )
   --- End of inner exception stack trace ---
   at lambda_method(Closure , Object , IEnumerable`1 , ResolutionContext )
   at CWB.ProductionPlanWO.Services.WOService.AllProcPlan(Int64 tenantId) in F:\CWBworking\CWB.ProductionPlanWO\Services\WOService.cs:line 773
   at CWB.ProductionPlanWO.Services.WOService.GetAllReadyforProductionWo(Int64 tenantId) in F:\CWBworking\CWB.ProductionPlanWO\Services\WOService.cs:line 4438
   at CWB.ProductionPlanWO.Controllers.WOController.GetAllReadyforProductionWo(Int64 tenantId) in F:\CWBworking\CWB.ProductionPlanWO\Controllers\WOController.cs:line 1706
   at Microsoft.AspNetCore.Mvc.Infrastructure.ActionMethodExecutor.TaskOfIActionResultExecutor.Execute(IActionResultTypeMapper mapper, ObjectMethodExecutor executor, Object controller, Object[] arguments)
   at Microsoft.AspNetCore.Mvc.Infrastructure.ControllerActionInvoker.<InvokeActionMethodAsync>g__Awaited|12_0(ControllerActionInvoker invoker, ValueTask`1 actionResultValueTask)
   at Microsoft.AspNetCore.Mvc.Infrastructure.ControllerActionInvoker.<InvokeNextActionFilterAsync>g__Awaited|10_0(ControllerActionInvoker invoker, Task lastTask, State next, Scope scope, Object state, Boolean isCompleted)
   at Microsoft.AspNetCore.Mvc.Infrastructure.ControllerActionInvoker.Rethrow(ActionExecutedContextSealed context)
   at Microsoft.AspNetCore.Mvc.Infrastructure.ControllerActionInvoker.Next(State& next, Scope& scope, Object& state, Boolean& isCompleted)
   at Microsoft.AspNetCore.Mvc.Infrastructure.ControllerActionInvoker.InvokeInnerFilterAsync()
--- End of stack trace from previous location where exception was thrown ---
   at Microsoft.AspNetCore.Mvc.Infrastructure.ResourceInvoker.<InvokeFilterPipelineAsync>g__Awaited|19_0(ResourceInvoker invoker, Task lastTask, State next, Scope scope, Object state, Boolean isCompleted)
   at Microsoft.AspNetCore.Mvc.Infrastructure.ResourceInvoker.<InvokeAsync>g__Awaited|17_0(ResourceInvoker invoker, Task task, IDisposable scope)
   at Microsoft.AspNetCore.Routing.EndpointMiddleware.<Invoke>g__AwaitRequestTask|6_0(Endpoint endpoint, Task requestTask, ILogger logger)
   at Microsoft.AspNetCore.Authorization.AuthorizationMiddleware.Invoke(HttpContext context)
   at Microsoft.AspNetCore.Authentication.AuthenticationMiddleware.Invoke(HttpContext context)
   at CWB.ExceptionHandling.ExceptionMiddleware.InvokeAsync(HttpContext httpContext) in F:\CWBworking\CWB.ExceptionHandling\ExceptionMiddleware.cs:line 26
2026-02-18 06:55:30.3465 ERROR Error: System.InvalidOperationException: A second operation was started on this context before a previous operation completed. This is usually caused by different threads concurrently using the same instance of DbContext. For more information on how to avoid threading issues with DbContext, see https://go.microsoft.com/fwlink/?linkid=2097913.
   at Microsoft.EntityFrameworkCore.Internal.ConcurrencyDetector.EnterCriticalSection()
   at Microsoft.EntityFrameworkCore.Query.Internal.SingleQueryingEnumerable`1.AsyncEnumerator.MoveNextAsync()
   at Microsoft.EntityFrameworkCore.EntityFrameworkQueryableExtensions.ToListAsync[TSource](IQueryable`1 source, CancellationToken cancellationToken)
   at Microsoft.EntityFrameworkCore.EntityFrameworkQueryableExtensions.ToListAsync[TSource](IQueryable`1 source, CancellationToken cancellationToken)
   at CWB.CommonUtils.Common.Repositories.Repository`1.AwaitGetRangeAsync(Expression`1 predicate) in F:\CWBworking\CWB.CommonUtils\Common\Repositories\Repository.cs:line 36
   at CWB.ProductionPlanWO.Services.WOService.GetAllInsp_Outcome_Details(Int64 tenantId) in F:\CWBworking\CWB.ProductionPlanWO\Services\WOService.cs:line 1108
   at CWB.ProductionPlanWO.Services.WOService.AllProductionWoReadForProd(Int64 tenantId) in F:\CWBworking\CWB.ProductionPlanWO\Services\WOService.cs:line 4346
   at CWB.ProductionPlanWO.Controllers.WOController.AllProductionWoReadForProd(Int64 tenantId) in F:\CWBworking\CWB.ProductionPlanWO\Controllers\WOController.cs:line 1697
   at Microsoft.AspNetCore.Mvc.Infrastructure.ActionMethodExecutor.TaskOfIActionResultExecutor.Execute(IActionResultTypeMapper mapper, ObjectMethodExecutor executor, Object controller, Object[] arguments)
   at Microsoft.AspNetCore.Mvc.Infrastructure.ControllerActionInvoker.<InvokeActionMethodAsync>g__Awaited|12_0(ControllerActionInvoker invoker, ValueTask`1 actionResultValueTask)
   at Microsoft.AspNetCore.Mvc.Infrastructure.ControllerActionInvoker.<InvokeNextActionFilterAsync>g__Awaited|10_0(ControllerActionInvoker invoker, Task lastTask, State next, Scope scope, Object state, Boolean isCompleted)
   at Microsoft.AspNetCore.Mvc.Infrastructure.ControllerActionInvoker.Rethrow(ActionExecutedContextSealed context)
   at Microsoft.AspNetCore.Mvc.Infrastructure.ControllerActionInvoker.Next(State& next, Scope& scope, Object& state, Boolean& isCompleted)
   at Microsoft.AspNetCore.Mvc.Infrastructure.ControllerActionInvoker.InvokeInnerFilterAsync()
--- End of stack trace from previous location where exception was thrown ---
   at Microsoft.AspNetCore.Mvc.Infrastructure.ResourceInvoker.<InvokeFilterPipelineAsync>g__Awaited|19_0(ResourceInvoker invoker, Task lastTask, State next, Scope scope, Object state, Boolean isCompleted)
   at Microsoft.AspNetCore.Mvc.Infrastructure.ResourceInvoker.<InvokeAsync>g__Awaited|17_0(ResourceInvoker invoker, Task task, IDisposable scope)
   at Microsoft.AspNetCore.Routing.EndpointMiddleware.<Invoke>g__AwaitRequestTask|6_0(Endpoint endpoint, Task requestTask, ILogger logger)
   at Microsoft.AspNetCore.Authorization.AuthorizationMiddleware.Invoke(HttpContext context)
   at Microsoft.AspNetCore.Authentication.AuthenticationMiddleware.Invoke(HttpContext context)
   at CWB.ExceptionHandling.ExceptionMiddleware.InvokeAsync(HttpContext httpContext) in F:\CWBworking\CWB.ExceptionHandling\ExceptionMiddleware.cs:line 26
2026-02-18 06:55:50.7387 ERROR Error: AutoMapper.AutoMapperMappingException: Error mapping types.

Mapping types:
EntityQueryable`1 -> IEnumerable`1
Microsoft.EntityFrameworkCore.Query.Internal.EntityQueryable`1[[CWB.ProductionPlanWO.Domain.ProcPlan, CWB.ProductionPlanWO, Version=1.0.0.0, Culture=neutral, PublicKeyToken=null]] -> System.Collections.Generic.IEnumerable`1[[CWB.ProductionPlanWO.ViewModels.ProcPlanVM, CWB.ProductionPlanWO, Version=1.0.0.0, Culture=neutral, PublicKeyToken=null]]
 ---> System.InvalidOperationException: A second operation was started on this context before a previous operation completed. This is usually caused by different threads concurrently using the same instance of DbContext. For more information on how to avoid threading issues with DbContext, see https://go.microsoft.com/fwlink/?linkid=2097913.
   at Microsoft.EntityFrameworkCore.Internal.ConcurrencyDetector.EnterCriticalSection()
   at Microsoft.EntityFrameworkCore.Query.Internal.SingleQueryingEnumerable`1.Enumerator.MoveNext()
   at lambda_method(Closure , Object , IEnumerable`1 , ResolutionContext )
   --- End of inner exception stack trace ---
   at lambda_method(Closure , Object , IEnumerable`1 , ResolutionContext )
   at CWB.ProductionPlanWO.Services.WOService.AllProcPlan(Int64 tenantId) in F:\CWBworking\CWB.ProductionPlanWO\Services\WOService.cs:line 773
   at CWB.ProductionPlanWO.Services.WOService.GetAllReadyforProductionWo(Int64 tenantId) in F:\CWBworking\CWB.ProductionPlanWO\Services\WOService.cs:line 4438
   at CWB.ProductionPlanWO.Controllers.WOController.GetAllReadyforProductionWo(Int64 tenantId) in F:\CWBworking\CWB.ProductionPlanWO\Controllers\WOController.cs:line 1706
   at Microsoft.AspNetCore.Mvc.Infrastructure.ActionMethodExecutor.TaskOfIActionResultExecutor.Execute(IActionResultTypeMapper mapper, ObjectMethodExecutor executor, Object controller, Object[] arguments)
   at Microsoft.AspNetCore.Mvc.Infrastructure.ControllerActionInvoker.<InvokeActionMethodAsync>g__Awaited|12_0(ControllerActionInvoker invoker, ValueTask`1 actionResultValueTask)
   at Microsoft.AspNetCore.Mvc.Infrastructure.ControllerActionInvoker.<InvokeNextActionFilterAsync>g__Awaited|10_0(ControllerActionInvoker invoker, Task lastTask, State next, Scope scope, Object state, Boolean isCompleted)
   at Microsoft.AspNetCore.Mvc.Infrastructure.ControllerActionInvoker.Rethrow(ActionExecutedContextSealed context)
   at Microsoft.AspNetCore.Mvc.Infrastructure.ControllerActionInvoker.Next(State& next, Scope& scope, Object& state, Boolean& isCompleted)
   at Microsoft.AspNetCore.Mvc.Infrastructure.ControllerActionInvoker.InvokeInnerFilterAsync()
--- End of stack trace from previous location where exception was thrown ---
   at Microsoft.AspNetCore.Mvc.Infrastructure.ResourceInvoker.<InvokeFilterPipelineAsync>g__Awaited|19_0(ResourceInvoker invoker, Task lastTask, State next, Scope scope, Object state, Boolean isCompleted)
   at Microsoft.AspNetCore.Mvc.Infrastructure.ResourceInvoker.<InvokeAsync>g__Awaited|17_0(ResourceInvoker invoker, Task task, IDisposable scope)
   at Microsoft.AspNetCore.Routing.EndpointMiddleware.<Invoke>g__AwaitRequestTask|6_0(Endpoint endpoint, Task requestTask, ILogger logger)
   at Microsoft.AspNetCore.Authorization.AuthorizationMiddleware.Invoke(HttpContext context)
   at Microsoft.AspNetCore.Authentication.AuthenticationMiddleware.Invoke(HttpContext context)
   at CWB.ExceptionHandling.ExceptionMiddleware.InvokeAsync(HttpContext httpContext) in F:\CWBworking\CWB.ExceptionHandling\ExceptionMiddleware.cs:line 26
2026-02-18 06:56:20.2083 ERROR Error: AutoMapper.AutoMapperMappingException: Error mapping types.

Mapping types:
EntityQueryable`1 -> IEnumerable`1
Microsoft.EntityFrameworkCore.Query.Internal.EntityQueryable`1[[CWB.ProductionPlanWO.Domain.ProcPlan, CWB.ProductionPlanWO, Version=1.0.0.0, Culture=neutral, PublicKeyToken=null]] -> System.Collections.Generic.IEnumerable`1[[CWB.ProductionPlanWO.ViewModels.ProcPlanVM, CWB.ProductionPlanWO, Version=1.0.0.0, Culture=neutral, PublicKeyToken=null]]
 ---> System.InvalidOperationException: A second operation was started on this context before a previous operation completed. This is usually caused by different threads concurrently using the same instance of DbContext. For more information on how to avoid threading issues with DbContext, see https://go.microsoft.com/fwlink/?linkid=2097913.
   at Microsoft.EntityFrameworkCore.Internal.ConcurrencyDetector.EnterCriticalSection()
   at Microsoft.EntityFrameworkCore.Query.Internal.SingleQueryingEnumerable`1.Enumerator.MoveNext()
   at lambda_method(Closure , Object , IEnumerable`1 , ResolutionContext )
   --- End of inner exception stack trace ---
   at lambda_method(Closure , Object , IEnumerable`1 , ResolutionContext )
   at CWB.ProductionPlanWO.Services.WOService.AllProcPlan(Int64 tenantId) in F:\CWBworking\CWB.ProductionPlanWO\Services\WOService.cs:line 773
   at CWB.ProductionPlanWO.Services.WOService.AllProductionWoReadForProd(Int64 tenantId) in F:\CWBworking\CWB.ProductionPlanWO\Services\WOService.cs:line 4346
   at CWB.ProductionPlanWO.Controllers.WOController.AllProductionWoReadForProd(Int64 tenantId) in F:\CWBworking\CWB.ProductionPlanWO\Controllers\WOController.cs:line 1697
   at Microsoft.AspNetCore.Mvc.Infrastructure.ActionMethodExecutor.TaskOfIActionResultExecutor.Execute(IActionResultTypeMapper mapper, ObjectMethodExecutor executor, Object controller, Object[] arguments)
   at Microsoft.AspNetCore.Mvc.Infrastructure.ControllerActionInvoker.<InvokeActionMethodAsync>g__Awaited|12_0(ControllerActionInvoker invoker, ValueTask`1 actionResultValueTask)
   at Microsoft.AspNetCore.Mvc.Infrastructure.ControllerActionInvoker.<InvokeNextActionFilterAsync>g__Awaited|10_0(ControllerActionInvoker invoker, Task lastTask, State next, Scope scope, Object state, Boolean isCompleted)
   at Microsoft.AspNetCore.Mvc.Infrastructure.ControllerActionInvoker.Rethrow(ActionExecutedContextSealed context)
   at Microsoft.AspNetCore.Mvc.Infrastructure.ControllerActionInvoker.Next(State& next, Scope& scope, Object& state, Boolean& isCompleted)
   at Microsoft.AspNetCore.Mvc.Infrastructure.ControllerActionInvoker.<InvokeInnerFilterAsync>g__Awaited|13_0(ControllerActionInvoker invoker, Task lastTask, State next, Scope scope, Object state, Boolean isCompleted)
   at Microsoft.AspNetCore.Mvc.Infrastructure.ResourceInvoker.<InvokeFilterPipelineAsync>g__Awaited|19_0(ResourceInvoker invoker, Task lastTask, State next, Scope scope, Object state, Boolean isCompleted)
   at Microsoft.AspNetCore.Mvc.Infrastructure.ResourceInvoker.<InvokeAsync>g__Awaited|17_0(ResourceInvoker invoker, Task task, IDisposable scope)
   at Microsoft.AspNetCore.Routing.EndpointMiddleware.<Invoke>g__AwaitRequestTask|6_0(Endpoint endpoint, Task requestTask, ILogger logger)
   at Microsoft.AspNetCore.Authorization.AuthorizationMiddleware.Invoke(HttpContext context)
   at Microsoft.AspNetCore.Authentication.AuthenticationMiddleware.Invoke(HttpContext context)
   at CWB.ExceptionHandling.ExceptionMiddleware.InvokeAsync(HttpContext httpContext) in F:\CWBworking\CWB.ExceptionHandling\ExceptionMiddleware.cs:line 26
2026-02-18 07:00:22.8888 ERROR Error: AutoMapper.AutoMapperMappingException: Error mapping types.

Mapping types:
EntityQueryable`1 -> IEnumerable`1
Microsoft.EntityFrameworkCore.Query.Internal.EntityQueryable`1[[CWB.ProductionPlanWO.Domain.ProcPlan, CWB.ProductionPlanWO, Version=1.0.0.0, Culture=neutral, PublicKeyToken=null]] -> System.Collections.Generic.IEnumerable`1[[CWB.ProductionPlanWO.ViewModels.ProcPlanVM, CWB.ProductionPlanWO, Version=1.0.0.0, Culture=neutral, PublicKeyToken=null]]
 ---> System.InvalidOperationException: A second operation was started on this context before a previous operation completed. This is usually caused by different threads concurrently using the same instance of DbContext. For more information on how to avoid threading issues with DbContext, see https://go.microsoft.com/fwlink/?linkid=2097913.
   at Microsoft.EntityFrameworkCore.Internal.ConcurrencyDetector.EnterCriticalSection()
   at Microsoft.EntityFrameworkCore.Query.Internal.SingleQueryingEnumerable`1.Enumerator.MoveNext()
   at lambda_method(Closure , Object , IEnumerable`1 , ResolutionContext )
   --- End of inner exception stack trace ---
   at lambda_method(Closure , Object , IEnumerable`1 , ResolutionContext )
   at CWB.ProductionPlanWO.Services.WOService.AllProcPlan(Int64 tenantId) in F:\CWBworking\CWB.ProductionPlanWO\Services\WOService.cs:line 773
   at CWB.ProductionPlanWO.Services.WOService.GetAllReadyforProductionWo(Int64 tenantId) in F:\CWBworking\CWB.ProductionPlanWO\Services\WOService.cs:line 4438
   at CWB.ProductionPlanWO.Controllers.WOController.GetAllReadyforProductionWo(Int64 tenantId) in F:\CWBworking\CWB.ProductionPlanWO\Controllers\WOController.cs:line 1706
   at Microsoft.AspNetCore.Mvc.Infrastructure.ActionMethodExecutor.TaskOfIActionResultExecutor.Execute(IActionResultTypeMapper mapper, ObjectMethodExecutor executor, Object controller, Object[] arguments)
   at Microsoft.AspNetCore.Mvc.Infrastructure.ControllerActionInvoker.<InvokeActionMethodAsync>g__Awaited|12_0(ControllerActionInvoker invoker, ValueTask`1 actionResultValueTask)
   at Microsoft.AspNetCore.Mvc.Infrastructure.ControllerActionInvoker.<InvokeNextActionFilterAsync>g__Awaited|10_0(ControllerActionInvoker invoker, Task lastTask, State next, Scope scope, Object state, Boolean isCompleted)
   at Microsoft.AspNetCore.Mvc.Infrastructure.ControllerActionInvoker.Rethrow(ActionExecutedContextSealed context)
   at Microsoft.AspNetCore.Mvc.Infrastructure.ControllerActionInvoker.Next(State& next, Scope& scope, Object& state, Boolean& isCompleted)
   at Microsoft.AspNetCore.Mvc.Infrastructure.ControllerActionInvoker.<InvokeInnerFilterAsync>g__Awaited|13_0(ControllerActionInvoker invoker, Task lastTask, State next, Scope scope, Object state, Boolean isCompleted)
   at Microsoft.AspNetCore.Mvc.Infrastructure.ResourceInvoker.<InvokeFilterPipelineAsync>g__Awaited|19_0(ResourceInvoker invoker, Task lastTask, State next, Scope scope, Object state, Boolean isCompleted)
   at Microsoft.AspNetCore.Mvc.Infrastructure.ResourceInvoker.<InvokeAsync>g__Awaited|17_0(ResourceInvoker invoker, Task task, IDisposable scope)
   at Microsoft.AspNetCore.Routing.EndpointMiddleware.<Invoke>g__AwaitRequestTask|6_0(Endpoint endpoint, Task requestTask, ILogger logger)
   at Microsoft.AspNetCore.Authorization.AuthorizationMiddleware.Invoke(HttpContext context)
   at Microsoft.AspNetCore.Authentication.AuthenticationMiddleware.Invoke(HttpContext context)
   at CWB.ExceptionHandling.ExceptionMiddleware.InvokeAsync(HttpContext httpContext) in F:\CWBworking\CWB.ExceptionHandling\ExceptionMiddleware.cs:line 26
2026-02-18 07:02:03.9894 ERROR Error: AutoMapper.AutoMapperMappingException: Error mapping types.

Mapping types:
EntityQueryable`1 -> IEnumerable`1
Microsoft.EntityFrameworkCore.Query.Internal.EntityQueryable`1[[CWB.ProductionPlanWO.Domain.ProcPlan, CWB.ProductionPlanWO, Version=1.0.0.0, Culture=neutral, PublicKeyToken=null]] -> System.Collections.Generic.IEnumerable`1[[CWB.ProductionPlanWO.ViewModels.ProcPlanVM, CWB.ProductionPlanWO, Version=1.0.0.0, Culture=neutral, PublicKeyToken=null]]
 ---> System.InvalidOperationException: A second operation was started on this context before a previous operation completed. This is usually caused by different threads concurrently using the same instance of DbContext. For more information on how to avoid threading issues with DbContext, see https://go.microsoft.com/fwlink/?linkid=2097913.
   at Microsoft.EntityFrameworkCore.Internal.ConcurrencyDetector.EnterCriticalSection()
   at Microsoft.EntityFrameworkCore.Query.Internal.SingleQueryingEnumerable`1.Enumerator.MoveNext()
   at lambda_method(Closure , Object , IEnumerable`1 , ResolutionContext )
   --- End of inner exception stack trace ---
   at lambda_method(Closure , Object , IEnumerable`1 , ResolutionContext )
   at CWB.ProductionPlanWO.Services.WOService.AllProcPlan(Int64 tenantId) in F:\CWBworking\CWB.ProductionPlanWO\Services\WOService.cs:line 773
   at CWB.ProductionPlanWO.Services.WOService.AllProductionWoReadForProd(Int64 tenantId) in F:\CWBworking\CWB.ProductionPlanWO\Services\WOService.cs:line 4346
   at CWB.ProductionPlanWO.Controllers.WOController.AllProductionWoReadForProd(Int64 tenantId) in F:\CWBworking\CWB.ProductionPlanWO\Controllers\WOController.cs:line 1697
   at Microsoft.AspNetCore.Mvc.Infrastructure.ActionMethodExecutor.TaskOfIActionResultExecutor.Execute(IActionResultTypeMapper mapper, ObjectMethodExecutor executor, Object controller, Object[] arguments)
   at Microsoft.AspNetCore.Mvc.Infrastructure.ControllerActionInvoker.<InvokeActionMethodAsync>g__Awaited|12_0(ControllerActionInvoker invoker, ValueTask`1 actionResultValueTask)
   at Microsoft.AspNetCore.Mvc.Infrastructure.ControllerActionInvoker.<InvokeNextActionFilterAsync>g__Awaited|10_0(ControllerActionInvoker invoker, Task lastTask, State next, Scope scope, Object state, Boolean isCompleted)
   at Microsoft.AspNetCore.Mvc.Infrastructure.ControllerActionInvoker.Rethrow(ActionExecutedContextSealed context)
   at Microsoft.AspNetCore.Mvc.Infrastructure.ControllerActionInvoker.Next(State& next, Scope& scope, Object& state, Boolean& isCompleted)
   at Microsoft.AspNetCore.Mvc.Infrastructure.ControllerActionInvoker.<InvokeInnerFilterAsync>g__Awaited|13_0(ControllerActionInvoker invoker, Task lastTask, State next, Scope scope, Object state, Boolean isCompleted)
   at Microsoft.AspNetCore.Mvc.Infrastructure.ResourceInvoker.<InvokeFilterPipelineAsync>g__Awaited|19_0(ResourceInvoker invoker, Task lastTask, State next, Scope scope, Object state, Boolean isCompleted)
   at Microsoft.AspNetCore.Mvc.Infrastructure.ResourceInvoker.<InvokeAsync>g__Awaited|17_0(ResourceInvoker invoker, Task task, IDisposable scope)
   at Microsoft.AspNetCore.Routing.EndpointMiddleware.<Invoke>g__AwaitRequestTask|6_0(Endpoint endpoint, Task requestTask, ILogger logger)
   at Microsoft.AspNetCore.Authorization.AuthorizationMiddleware.Invoke(HttpContext context)
   at Microsoft.AspNetCore.Authentication.AuthenticationMiddleware.Invoke(HttpContext context)
   at CWB.ExceptionHandling.ExceptionMiddleware.InvokeAsync(HttpContext httpContext) in F:\CWBworking\CWB.ExceptionHandling\ExceptionMiddleware.cs:line 26
2026-02-18 07:05:55.1935 ERROR Error: AutoMapper.AutoMapperMappingException: Error mapping types.

Mapping types:
EntityQueryable`1 -> IEnumerable`1
Microsoft.EntityFrameworkCore.Query.Internal.EntityQueryable`1[[CWB.ProductionPlanWO.Domain.ProcPlan, CWB.ProductionPlanWO, Version=1.0.0.0, Culture=neutral, PublicKeyToken=null]] -> System.Collections.Generic.IEnumerable`1[[CWB.ProductionPlanWO.ViewModels.ProcPlanVM, CWB.ProductionPlanWO, Version=1.0.0.0, Culture=neutral, PublicKeyToken=null]]
 ---> System.InvalidOperationException: A second operation was started on this context before a previous operation completed. This is usually caused by different threads concurrently using the same instance of DbContext. For more information on how to avoid threading issues with DbContext, see https://go.microsoft.com/fwlink/?linkid=2097913.
   at Microsoft.EntityFrameworkCore.Internal.ConcurrencyDetector.EnterCriticalSection()
   at Microsoft.EntityFrameworkCore.Query.Internal.SingleQueryingEnumerable`1.Enumerator.MoveNext()
   at lambda_method(Closure , Object , IEnumerable`1 , ResolutionContext )
   --- End of inner exception stack trace ---
   at lambda_method(Closure , Object , IEnumerable`1 , ResolutionContext )
   at CWB.ProductionPlanWO.Services.WOService.AllProcPlan(Int64 tenantId) in F:\CWBworking\CWB.ProductionPlanWO\Services\WOService.cs:line 773
   at CWB.ProductionPlanWO.Services.WOService.AllProductionWoReadForProd(Int64 tenantId) in F:\CWBworking\CWB.ProductionPlanWO\Services\WOService.cs:line 4346
   at CWB.ProductionPlanWO.Controllers.WOController.AllProductionWoReadForProd(Int64 tenantId) in F:\CWBworking\CWB.ProductionPlanWO\Controllers\WOController.cs:line 1697
   at Microsoft.AspNetCore.Mvc.Infrastructure.ActionMethodExecutor.TaskOfIActionResultExecutor.Execute(IActionResultTypeMapper mapper, ObjectMethodExecutor executor, Object controller, Object[] arguments)
   at Microsoft.AspNetCore.Mvc.Infrastructure.ControllerActionInvoker.<InvokeActionMethodAsync>g__Awaited|12_0(ControllerActionInvoker invoker, ValueTask`1 actionResultValueTask)
   at Microsoft.AspNetCore.Mvc.Infrastructure.ControllerActionInvoker.<InvokeNextActionFilterAsync>g__Awaited|10_0(ControllerActionInvoker invoker, Task lastTask, State next, Scope scope, Object state, Boolean isCompleted)
   at Microsoft.AspNetCore.Mvc.Infrastructure.ControllerActionInvoker.Rethrow(ActionExecutedContextSealed context)
   at Microsoft.AspNetCore.Mvc.Infrastructure.ControllerActionInvoker.Next(State& next, Scope& scope, Object& state, Boolean& isCompleted)
   at Microsoft.AspNetCore.Mvc.Infrastructure.ControllerActionInvoker.<InvokeInnerFilterAsync>g__Awaited|13_0(ControllerActionInvoker invoker, Task lastTask, State next, Scope scope, Object state, Boolean isCompleted)
   at Microsoft.AspNetCore.Mvc.Infrastructure.ResourceInvoker.<InvokeFilterPipelineAsync>g__Awaited|19_0(ResourceInvoker invoker, Task lastTask, State next, Scope scope, Object state, Boolean isCompleted)
   at Microsoft.AspNetCore.Mvc.Infrastructure.ResourceInvoker.<InvokeAsync>g__Awaited|17_0(ResourceInvoker invoker, Task task, IDisposable scope)
   at Microsoft.AspNetCore.Routing.EndpointMiddleware.<Invoke>g__AwaitRequestTask|6_0(Endpoint endpoint, Task requestTask, ILogger logger)
   at Microsoft.AspNetCore.Authorization.AuthorizationMiddleware.Invoke(HttpContext context)
   at Microsoft.AspNetCore.Authentication.AuthenticationMiddleware.Invoke(HttpContext context)
   at Microsoft.AspNetCore.Routing.EndpointRoutingMiddleware.<Invoke>g__AwaitMatcher|8_0(EndpointRoutingMiddleware middleware, HttpContext httpContext, Task`1 matcherTask)
   at CWB.ExceptionHandling.ExceptionMiddleware.InvokeAsync(HttpContext httpContext) in F:\CWBworking\CWB.ExceptionHandling\ExceptionMiddleware.cs:line 26
2026-02-18 07:05:56.3485 ERROR Error: AutoMapper.AutoMapperMappingException: Error mapping types.

Mapping types:
EntityQueryable`1 -> IEnumerable`1
Microsoft.EntityFrameworkCore.Query.Internal.EntityQueryable`1[[CWB.ProductionPlanWO.Domain.ProcPlan, CWB.ProductionPlanWO, Version=1.0.0.0, Culture=neutral, PublicKeyToken=null]] -> System.Collections.Generic.IEnumerable`1[[CWB.ProductionPlanWO.ViewModels.ProcPlanVM, CWB.ProductionPlanWO, Version=1.0.0.0, Culture=neutral, PublicKeyToken=null]]
 ---> System.InvalidOperationException: A second operation was started on this context before a previous operation completed. This is usually caused by different threads concurrently using the same instance of DbContext. For more information on how to avoid threading issues with DbContext, see https://go.microsoft.com/fwlink/?linkid=2097913.
   at Microsoft.EntityFrameworkCore.Internal.ConcurrencyDetector.EnterCriticalSection()
   at Microsoft.EntityFrameworkCore.Query.Internal.SingleQueryingEnumerable`1.Enumerator.MoveNext()
   at lambda_method(Closure , Object , IEnumerable`1 , ResolutionContext )
   --- End of inner exception stack trace ---
   at lambda_method(Closure , Object , IEnumerable`1 , ResolutionContext )
   at CWB.ProductionPlanWO.Services.WOService.AllProcPlan(Int64 tenantId) in F:\CWBworking\CWB.ProductionPlanWO\Services\WOService.cs:line 773
   at CWB.ProductionPlanWO.Services.WOService.GetAllReadyforProductionWo(Int64 tenantId) in F:\CWBworking\CWB.ProductionPlanWO\Services\WOService.cs:line 4438
   at CWB.ProductionPlanWO.Controllers.WOController.GetAllReadyforProductionWo(Int64 tenantId) in F:\CWBworking\CWB.ProductionPlanWO\Controllers\WOController.cs:line 1706
   at Microsoft.AspNetCore.Mvc.Infrastructure.ActionMethodExecutor.TaskOfIActionResultExecutor.Execute(IActionResultTypeMapper mapper, ObjectMethodExecutor executor, Object controller, Object[] arguments)
   at Microsoft.AspNetCore.Mvc.Infrastructure.ControllerActionInvoker.<InvokeActionMethodAsync>g__Awaited|12_0(ControllerActionInvoker invoker, ValueTask`1 actionResultValueTask)
   at Microsoft.AspNetCore.Mvc.Infrastructure.ControllerActionInvoker.<InvokeNextActionFilterAsync>g__Awaited|10_0(ControllerActionInvoker invoker, Task lastTask, State next, Scope scope, Object state, Boolean isCompleted)
   at Microsoft.AspNetCore.Mvc.Infrastructure.ControllerActionInvoker.Rethrow(ActionExecutedContextSealed context)
   at Microsoft.AspNetCore.Mvc.Infrastructure.ControllerActionInvoker.Next(State& next, Scope& scope, Object& state, Boolean& isCompleted)
   at Microsoft.AspNetCore.Mvc.Infrastructure.ControllerActionInvoker.InvokeInnerFilterAsync()
--- End of stack trace from previous location where exception was thrown ---
   at Microsoft.AspNetCore.Mvc.Infrastructure.ResourceInvoker.<InvokeFilterPipelineAsync>g__Awaited|19_0(ResourceInvoker invoker, Task lastTask, State next, Scope scope, Object state, Boolean isCompleted)
   at Microsoft.AspNetCore.Mvc.Infrastructure.ResourceInvoker.<InvokeAsync>g__Awaited|17_0(ResourceInvoker invoker, Task task, IDisposable scope)
   at Microsoft.AspNetCore.Routing.EndpointMiddleware.<Invoke>g__AwaitRequestTask|6_0(Endpoint endpoint, Task requestTask, ILogger logger)
   at Microsoft.AspNetCore.Authorization.AuthorizationMiddleware.Invoke(HttpContext context)
   at Microsoft.AspNetCore.Authentication.AuthenticationMiddleware.Invoke(HttpContext context)
   at Microsoft.AspNetCore.Routing.EndpointRoutingMiddleware.<Invoke>g__AwaitMatcher|8_0(EndpointRoutingMiddleware middleware, HttpContext httpContext, Task`1 matcherTask)
   at CWB.ExceptionHandling.ExceptionMiddleware.InvokeAsync(HttpContext httpContext) in F:\CWBworking\CWB.ExceptionHandling\ExceptionMiddleware.cs:line 26
2026-02-18 07:06:04.1180 ERROR Error: AutoMapper.AutoMapperMappingException: Error mapping types.

Mapping types:
EntityQueryable`1 -> IEnumerable`1
Microsoft.EntityFrameworkCore.Query.Internal.EntityQueryable`1[[CWB.ProductionPlanWO.Domain.ProcPlan, CWB.ProductionPlanWO, Version=1.0.0.0, Culture=neutral, PublicKeyToken=null]] -> System.Collections.Generic.IEnumerable`1[[CWB.ProductionPlanWO.ViewModels.ProcPlanVM, CWB.ProductionPlanWO, Version=1.0.0.0, Culture=neutral, PublicKeyToken=null]]
 ---> System.InvalidOperationException: A second operation was started on this context before a previous operation completed. This is usually caused by different threads concurrently using the same instance of DbContext. For more information on how to avoid threading issues with DbContext, see https://go.microsoft.com/fwlink/?linkid=2097913.
   at Microsoft.EntityFrameworkCore.Internal.ConcurrencyDetector.EnterCriticalSection()
   at Microsoft.EntityFrameworkCore.Query.Internal.SingleQueryingEnumerable`1.Enumerator.MoveNext()
   at lambda_method(Closure , Object , IEnumerable`1 , ResolutionContext )
   --- End of inner exception stack trace ---
   at lambda_method(Closure , Object , IEnumerable`1 , ResolutionContext )
   at CWB.ProductionPlanWO.Services.WOService.AllProcPlan(Int64 tenantId) in F:\CWBworking\CWB.ProductionPlanWO\Services\WOService.cs:line 773
   at CWB.ProductionPlanWO.Services.WOService.GetAllReadyforProductionWo(Int64 tenantId) in F:\CWBworking\CWB.ProductionPlanWO\Services\WOService.cs:line 4438
   at CWB.ProductionPlanWO.Controllers.WOController.GetAllReadyforProductionWo(Int64 tenantId) in F:\CWBworking\CWB.ProductionPlanWO\Controllers\WOController.cs:line 1706
   at Microsoft.AspNetCore.Mvc.Infrastructure.ActionMethodExecutor.TaskOfIActionResultExecutor.Execute(IActionResultTypeMapper mapper, ObjectMethodExecutor executor, Object controller, Object[] arguments)
   at Microsoft.AspNetCore.Mvc.Infrastructure.ControllerActionInvoker.<InvokeActionMethodAsync>g__Awaited|12_0(ControllerActionInvoker invoker, ValueTask`1 actionResultValueTask)
   at Microsoft.AspNetCore.Mvc.Infrastructure.ControllerActionInvoker.<InvokeNextActionFilterAsync>g__Awaited|10_0(ControllerActionInvoker invoker, Task lastTask, State next, Scope scope, Object state, Boolean isCompleted)
   at Microsoft.AspNetCore.Mvc.Infrastructure.ControllerActionInvoker.Rethrow(ActionExecutedContextSealed context)
   at Microsoft.AspNetCore.Mvc.Infrastructure.ControllerActionInvoker.Next(State& next, Scope& scope, Object& state, Boolean& isCompleted)
   at Microsoft.AspNetCore.Mvc.Infrastructure.ControllerActionInvoker.InvokeInnerFilterAsync()
--- End of stack trace from previous location where exception was thrown ---
   at Microsoft.AspNetCore.Mvc.Infrastructure.ResourceInvoker.<InvokeFilterPipelineAsync>g__Awaited|19_0(ResourceInvoker invoker, Task lastTask, State next, Scope scope, Object state, Boolean isCompleted)
   at Microsoft.AspNetCore.Mvc.Infrastructure.ResourceInvoker.<InvokeAsync>g__Awaited|17_0(ResourceInvoker invoker, Task task, IDisposable scope)
   at Microsoft.AspNetCore.Routing.EndpointMiddleware.<Invoke>g__AwaitRequestTask|6_0(Endpoint endpoint, Task requestTask, ILogger logger)
   at Microsoft.AspNetCore.Authorization.AuthorizationMiddleware.Invoke(HttpContext context)
   at Microsoft.AspNetCore.Authentication.AuthenticationMiddleware.Invoke(HttpContext context)
   at CWB.ExceptionHandling.ExceptionMiddleware.InvokeAsync(HttpContext httpContext) in F:\CWBworking\CWB.ExceptionHandling\ExceptionMiddleware.cs:line 26
2026-02-18 07:06:07.6357 ERROR Error: System.InvalidOperationException: A second operation was started on this context before a previous operation completed. This is usually caused by different threads concurrently using the same instance of DbContext. For more information on how to avoid threading issues with DbContext, see https://go.microsoft.com/fwlink/?linkid=2097913.
   at Microsoft.EntityFrameworkCore.Internal.ConcurrencyDetector.EnterCriticalSection()
   at Microsoft.EntityFrameworkCore.Query.Internal.SingleQueryingEnumerable`1.AsyncEnumerator.MoveNextAsync()
   at Microsoft.EntityFrameworkCore.EntityFrameworkQueryableExtensions.ToListAsync[TSource](IQueryable`1 source, CancellationToken cancellationToken)
   at Microsoft.EntityFrameworkCore.EntityFrameworkQueryableExtensions.ToListAsync[TSource](IQueryable`1 source, CancellationToken cancellationToken)
   at CWB.CommonUtils.Common.Repositories.Repository`1.AwaitGetRangeAsync(Expression`1 predicate) in F:\CWBworking\CWB.CommonUtils\Common\Repositories\Repository.cs:line 36
   at CWB.ProductionPlanWO.Services.WOService.GetAllInsp_Outcome_Details(Int64 tenantId) in F:\CWBworking\CWB.ProductionPlanWO\Services\WOService.cs:line 1108
   at CWB.ProductionPlanWO.Services.WOService.AllProductionWoReadForProd(Int64 tenantId) in F:\CWBworking\CWB.ProductionPlanWO\Services\WOService.cs:line 4346
   at CWB.ProductionPlanWO.Controllers.WOController.AllProductionWoReadForProd(Int64 tenantId) in F:\CWBworking\CWB.ProductionPlanWO\Controllers\WOController.cs:line 1697
   at Microsoft.AspNetCore.Mvc.Infrastructure.ActionMethodExecutor.TaskOfIActionResultExecutor.Execute(IActionResultTypeMapper mapper, ObjectMethodExecutor executor, Object controller, Object[] arguments)
   at Microsoft.AspNetCore.Mvc.Infrastructure.ControllerActionInvoker.<InvokeActionMethodAsync>g__Awaited|12_0(ControllerActionInvoker invoker, ValueTask`1 actionResultValueTask)
   at Microsoft.AspNetCore.Mvc.Infrastructure.ControllerActionInvoker.<InvokeNextActionFilterAsync>g__Awaited|10_0(ControllerActionInvoker invoker, Task lastTask, State next, Scope scope, Object state, Boolean isCompleted)
   at Microsoft.AspNetCore.Mvc.Infrastructure.ControllerActionInvoker.Rethrow(ActionExecutedContextSealed context)
   at Microsoft.AspNetCore.Mvc.Infrastructure.ControllerActionInvoker.Next(State& next, Scope& scope, Object& state, Boolean& isCompleted)
   at Microsoft.AspNetCore.Mvc.Infrastructure.ControllerActionInvoker.<InvokeInnerFilterAsync>g__Awaited|13_0(ControllerActionInvoker invoker, Task lastTask, State next, Scope scope, Object state, Boolean isCompleted)
   at Microsoft.AspNetCore.Mvc.Infrastructure.ResourceInvoker.<InvokeFilterPipelineAsync>g__Awaited|19_0(ResourceInvoker invoker, Task lastTask, State next, Scope scope, Object state, Boolean isCompleted)
   at Microsoft.AspNetCore.Mvc.Infrastructure.ResourceInvoker.<InvokeAsync>g__Awaited|17_0(ResourceInvoker invoker, Task task, IDisposable scope)
   at Microsoft.AspNetCore.Routing.EndpointMiddleware.<Invoke>g__AwaitRequestTask|6_0(Endpoint endpoint, Task requestTask, ILogger logger)
   at Microsoft.AspNetCore.Authorization.AuthorizationMiddleware.Invoke(HttpContext context)
   at Microsoft.AspNetCore.Authentication.AuthenticationMiddleware.Invoke(HttpContext context)
   at CWB.ExceptionHandling.ExceptionMiddleware.InvokeAsync(HttpContext httpContext) in F:\CWBworking\CWB.ExceptionHandling\ExceptionMiddleware.cs:line 26
2026-02-18 07:19:29.4915 ERROR Error: AutoMapper.AutoMapperMappingException: Error mapping types.

Mapping types:
EntityQueryable`1 -> IEnumerable`1
Microsoft.EntityFrameworkCore.Query.Internal.EntityQueryable`1[[CWB.ProductionPlanWO.Domain.ProcPlan, CWB.ProductionPlanWO, Version=1.0.0.0, Culture=neutral, PublicKeyToken=null]] -> System.Collections.Generic.IEnumerable`1[[CWB.ProductionPlanWO.ViewModels.ProcPlanVM, CWB.ProductionPlanWO, Version=1.0.0.0, Culture=neutral, PublicKeyToken=null]]
 ---> System.InvalidOperationException: A second operation was started on this context before a previous operation completed. This is usually caused by different threads concurrently using the same instance of DbContext. For more information on how to avoid threading issues with DbContext, see https://go.microsoft.com/fwlink/?linkid=2097913.
   at Microsoft.EntityFrameworkCore.Internal.ConcurrencyDetector.EnterCriticalSection()
   at Microsoft.EntityFrameworkCore.Query.Internal.SingleQueryingEnumerable`1.Enumerator.MoveNext()
   at lambda_method(Closure , Object , IEnumerable`1 , ResolutionContext )
   --- End of inner exception stack trace ---
   at lambda_method(Closure , Object , IEnumerable`1 , ResolutionContext )
   at CWB.ProductionPlanWO.Services.WOService.AllProcPlan(Int64 tenantId) in F:\CWBworking\CWB.ProductionPlanWO\Services\WOService.cs:line 773
   at CWB.ProductionPlanWO.Services.WOService.GetAllReadyforProductionWo(Int64 tenantId) in F:\CWBworking\CWB.ProductionPlanWO\Services\WOService.cs:line 4438
   at CWB.ProductionPlanWO.Controllers.WOController.GetAllReadyforProductionWo(Int64 tenantId) in F:\CWBworking\CWB.ProductionPlanWO\Controllers\WOController.cs:line 1706
   at Microsoft.AspNetCore.Mvc.Infrastructure.ActionMethodExecutor.TaskOfIActionResultExecutor.Execute(IActionResultTypeMapper mapper, ObjectMethodExecutor executor, Object controller, Object[] arguments)
   at Microsoft.AspNetCore.Mvc.Infrastructure.ControllerActionInvoker.<InvokeActionMethodAsync>g__Awaited|12_0(ControllerActionInvoker invoker, ValueTask`1 actionResultValueTask)
   at Microsoft.AspNetCore.Mvc.Infrastructure.ControllerActionInvoker.<InvokeNextActionFilterAsync>g__Awaited|10_0(ControllerActionInvoker invoker, Task lastTask, State next, Scope scope, Object state, Boolean isCompleted)
   at Microsoft.AspNetCore.Mvc.Infrastructure.ControllerActionInvoker.Rethrow(ActionExecutedContextSealed context)
   at Microsoft.AspNetCore.Mvc.Infrastructure.ControllerActionInvoker.Next(State& next, Scope& scope, Object& state, Boolean& isCompleted)
   at Microsoft.AspNetCore.Mvc.Infrastructure.ControllerActionInvoker.InvokeInnerFilterAsync()
--- End of stack trace from previous location where exception was thrown ---
   at Microsoft.AspNetCore.Mvc.Infrastructure.ResourceInvoker.<InvokeFilterPipelineAsync>g__Awaited|19_0(ResourceInvoker invoker, Task lastTask, State next, Scope scope, Object state, Boolean isCompleted)
   at Microsoft.AspNetCore.Mvc.Infrastructure.ResourceInvoker.<InvokeAsync>g__Awaited|17_0(ResourceInvoker invoker, Task task, IDisposable scope)
   at Microsoft.AspNetCore.Routing.EndpointMiddleware.<Invoke>g__AwaitRequestTask|6_0(Endpoint endpoint, Task requestTask, ILogger logger)
   at Microsoft.AspNetCore.Authorization.AuthorizationMiddleware.Invoke(HttpContext context)
   at Microsoft.AspNetCore.Authentication.AuthenticationMiddleware.Invoke(HttpContext context)
   at CWB.ExceptionHandling.ExceptionMiddleware.InvokeAsync(HttpContext httpContext) in F:\CWBworking\CWB.ExceptionHandling\ExceptionMiddleware.cs:line 26
2026-02-18 07:19:36.4313 ERROR Error: AutoMapper.AutoMapperMappingException: Error mapping types.

Mapping types:
EntityQueryable`1 -> IEnumerable`1
Microsoft.EntityFrameworkCore.Query.Internal.EntityQueryable`1[[CWB.ProductionPlanWO.Domain.ProcPlan, CWB.ProductionPlanWO, Version=1.0.0.0, Culture=neutral, PublicKeyToken=null]] -> System.Collections.Generic.IEnumerable`1[[CWB.ProductionPlanWO.ViewModels.ProcPlanVM, CWB.ProductionPlanWO, Version=1.0.0.0, Culture=neutral, PublicKeyToken=null]]
 ---> System.InvalidOperationException: A second operation was started on this context before a previous operation completed. This is usually caused by different threads concurrently using the same instance of DbContext. For more information on how to avoid threading issues with DbContext, see https://go.microsoft.com/fwlink/?linkid=2097913.
   at Microsoft.EntityFrameworkCore.Internal.ConcurrencyDetector.EnterCriticalSection()
   at Microsoft.EntityFrameworkCore.Query.Internal.SingleQueryingEnumerable`1.Enumerator.MoveNext()
   at lambda_method(Closure , Object , IEnumerable`1 , ResolutionContext )
   --- End of inner exception stack trace ---
   at lambda_method(Closure , Object , IEnumerable`1 , ResolutionContext )
   at CWB.ProductionPlanWO.Services.WOService.AllProcPlan(Int64 tenantId) in F:\CWBworking\CWB.ProductionPlanWO\Services\WOService.cs:line 773
   at CWB.ProductionPlanWO.Services.WOService.AllProductionWoReadForProd(Int64 tenantId) in F:\CWBworking\CWB.ProductionPlanWO\Services\WOService.cs:line 4346
   at CWB.ProductionPlanWO.Controllers.WOController.AllProductionWoReadForProd(Int64 tenantId) in F:\CWBworking\CWB.ProductionPlanWO\Controllers\WOController.cs:line 1697
   at Microsoft.AspNetCore.Mvc.Infrastructure.ActionMethodExecutor.TaskOfIActionResultExecutor.Execute(IActionResultTypeMapper mapper, ObjectMethodExecutor executor, Object controller, Object[] arguments)
   at Microsoft.AspNetCore.Mvc.Infrastructure.ControllerActionInvoker.<InvokeActionMethodAsync>g__Awaited|12_0(ControllerActionInvoker invoker, ValueTask`1 actionResultValueTask)
   at Microsoft.AspNetCore.Mvc.Infrastructure.ControllerActionInvoker.<InvokeNextActionFilterAsync>g__Awaited|10_0(ControllerActionInvoker invoker, Task lastTask, State next, Scope scope, Object state, Boolean isCompleted)
   at Microsoft.AspNetCore.Mvc.Infrastructure.ControllerActionInvoker.Rethrow(ActionExecutedContextSealed context)
   at Microsoft.AspNetCore.Mvc.Infrastructure.ControllerActionInvoker.Next(State& next, Scope& scope, Object& state, Boolean& isCompleted)
   at Microsoft.AspNetCore.Mvc.Infrastructure.ControllerActionInvoker.InvokeInnerFilterAsync()
--- End of stack trace from previous location where exception was thrown ---
   at Microsoft.AspNetCore.Mvc.Infrastructure.ResourceInvoker.<InvokeFilterPipelineAsync>g__Awaited|19_0(ResourceInvoker invoker, Task lastTask, State next, Scope scope, Object state, Boolean isCompleted)
   at Microsoft.AspNetCore.Mvc.Infrastructure.ResourceInvoker.<InvokeAsync>g__Awaited|17_0(ResourceInvoker invoker, Task task, IDisposable scope)
   at Microsoft.AspNetCore.Routing.EndpointMiddleware.<Invoke>g__AwaitRequestTask|6_0(Endpoint endpoint, Task requestTask, ILogger logger)
   at Microsoft.AspNetCore.Authorization.AuthorizationMiddleware.Invoke(HttpContext context)
   at Microsoft.AspNetCore.Authentication.AuthenticationMiddleware.Invoke(HttpContext context)
   at CWB.ExceptionHandling.ExceptionMiddleware.InvokeAsync(HttpContext httpContext) in F:\CWBworking\CWB.ExceptionHandling\ExceptionMiddleware.cs:line 26
2026-02-18 07:24:08.6018 ERROR Error: AutoMapper.AutoMapperMappingException: Error mapping types.

Mapping types:
EntityQueryable`1 -> IEnumerable`1
Microsoft.EntityFrameworkCore.Query.Internal.EntityQueryable`1[[CWB.ProductionPlanWO.Domain.ProcPlan, CWB.ProductionPlanWO, Version=1.0.0.0, Culture=neutral, PublicKeyToken=null]] -> System.Collections.Generic.IEnumerable`1[[CWB.ProductionPlanWO.ViewModels.ProcPlanVM, CWB.ProductionPlanWO, Version=1.0.0.0, Culture=neutral, PublicKeyToken=null]]
 ---> System.InvalidOperationException: A second operation was started on this context before a previous operation completed. This is usually caused by different threads concurrently using the same instance of DbContext. For more information on how to avoid threading issues with DbContext, see https://go.microsoft.com/fwlink/?linkid=2097913.
   at Microsoft.EntityFrameworkCore.Internal.ConcurrencyDetector.EnterCriticalSection()
   at Microsoft.EntityFrameworkCore.Query.Internal.SingleQueryingEnumerable`1.Enumerator.MoveNext()
   at lambda_method(Closure , Object , IEnumerable`1 , ResolutionContext )
   --- End of inner exception stack trace ---
   at lambda_method(Closure , Object , IEnumerable`1 , ResolutionContext )
   at CWB.ProductionPlanWO.Services.WOService.AllProcPlan(Int64 tenantId) in F:\CWBworking\CWB.ProductionPlanWO\Services\WOService.cs:line 773
   at CWB.ProductionPlanWO.Services.WOService.AllProductionWoReadForProd(Int64 tenantId) in F:\CWBworking\CWB.ProductionPlanWO\Services\WOService.cs:line 4346
   at CWB.ProductionPlanWO.Controllers.WOController.AllProductionWoReadForProd(Int64 tenantId) in F:\CWBworking\CWB.ProductionPlanWO\Controllers\WOController.cs:line 1697
   at Microsoft.AspNetCore.Mvc.Infrastructure.ActionMethodExecutor.TaskOfIActionResultExecutor.Execute(IActionResultTypeMapper mapper, ObjectMethodExecutor executor, Object controller, Object[] arguments)
   at Microsoft.AspNetCore.Mvc.Infrastructure.ControllerActionInvoker.<InvokeActionMethodAsync>g__Awaited|12_0(ControllerActionInvoker invoker, ValueTask`1 actionResultValueTask)
   at Microsoft.AspNetCore.Mvc.Infrastructure.ControllerActionInvoker.<InvokeNextActionFilterAsync>g__Awaited|10_0(ControllerActionInvoker invoker, Task lastTask, State next, Scope scope, Object state, Boolean isCompleted)
   at Microsoft.AspNetCore.Mvc.Infrastructure.ControllerActionInvoker.Rethrow(ActionExecutedContextSealed context)
   at Microsoft.AspNetCore.Mvc.Infrastructure.ControllerActionInvoker.Next(State& next, Scope& scope, Object& state, Boolean& isCompleted)
   at Microsoft.AspNetCore.Mvc.Infrastructure.ControllerActionInvoker.InvokeInnerFilterAsync()
--- End of stack trace from previous location where exception was thrown ---
   at Microsoft.AspNetCore.Mvc.Infrastructure.ResourceInvoker.<InvokeFilterPipelineAsync>g__Awaited|19_0(ResourceInvoker invoker, Task lastTask, State next, Scope scope, Object state, Boolean isCompleted)
   at Microsoft.AspNetCore.Mvc.Infrastructure.ResourceInvoker.<InvokeAsync>g__Awaited|17_0(ResourceInvoker invoker, Task task, IDisposable scope)
   at Microsoft.AspNetCore.Routing.EndpointMiddleware.<Invoke>g__AwaitRequestTask|6_0(Endpoint endpoint, Task requestTask, ILogger logger)
   at Microsoft.AspNetCore.Authorization.AuthorizationMiddleware.Invoke(HttpContext context)
   at Microsoft.AspNetCore.Authentication.AuthenticationMiddleware.Invoke(HttpContext context)
   at CWB.ExceptionHandling.ExceptionMiddleware.InvokeAsync(HttpContext httpContext) in F:\CWBworking\CWB.ExceptionHandling\ExceptionMiddleware.cs:line 26
2026-02-18 07:24:13.4610 ERROR Error: AutoMapper.AutoMapperMappingException: Error mapping types.

Mapping types:
EntityQueryable`1 -> IEnumerable`1
Microsoft.EntityFrameworkCore.Query.Internal.EntityQueryable`1[[CWB.ProductionPlanWO.Domain.ProcPlan, CWB.ProductionPlanWO, Version=1.0.0.0, Culture=neutral, PublicKeyToken=null]] -> System.Collections.Generic.IEnumerable`1[[CWB.ProductionPlanWO.ViewModels.ProcPlanVM, CWB.ProductionPlanWO, Version=1.0.0.0, Culture=neutral, PublicKeyToken=null]]
 ---> System.InvalidOperationException: A second operation was started on this context before a previous operation completed. This is usually caused by different threads concurrently using the same instance of DbContext. For more information on how to avoid threading issues with DbContext, see https://go.microsoft.com/fwlink/?linkid=2097913.
   at Microsoft.EntityFrameworkCore.Internal.ConcurrencyDetector.EnterCriticalSection()
   at Microsoft.EntityFrameworkCore.Query.Internal.SingleQueryingEnumerable`1.Enumerator.MoveNext()
   at lambda_method(Closure , Object , IEnumerable`1 , ResolutionContext )
   --- End of inner exception stack trace ---
   at lambda_method(Closure , Object , IEnumerable`1 , ResolutionContext )
   at CWB.ProductionPlanWO.Services.WOService.AllProcPlan(Int64 tenantId) in F:\CWBworking\CWB.ProductionPlanWO\Services\WOService.cs:line 773
   at CWB.ProductionPlanWO.Services.WOService.AllProductionWoReadForProd(Int64 tenantId) in F:\CWBworking\CWB.ProductionPlanWO\Services\WOService.cs:line 4346
   at CWB.ProductionPlanWO.Controllers.WOController.AllProductionWoReadForProd(Int64 tenantId) in F:\CWBworking\CWB.ProductionPlanWO\Controllers\WOController.cs:line 1697
   at Microsoft.AspNetCore.Mvc.Infrastructure.ActionMethodExecutor.TaskOfIActionResultExecutor.Execute(IActionResultTypeMapper mapper, ObjectMethodExecutor executor, Object controller, Object[] arguments)
   at Microsoft.AspNetCore.Mvc.Infrastructure.ControllerActionInvoker.<InvokeActionMethodAsync>g__Awaited|12_0(ControllerActionInvoker invoker, ValueTask`1 actionResultValueTask)
   at Microsoft.AspNetCore.Mvc.Infrastructure.ControllerActionInvoker.<InvokeNextActionFilterAsync>g__Awaited|10_0(ControllerActionInvoker invoker, Task lastTask, State next, Scope scope, Object state, Boolean isCompleted)
   at Microsoft.AspNetCore.Mvc.Infrastructure.ControllerActionInvoker.Rethrow(ActionExecutedContextSealed context)
   at Microsoft.AspNetCore.Mvc.Infrastructure.ControllerActionInvoker.Next(State& next, Scope& scope, Object& state, Boolean& isCompleted)
   at Microsoft.AspNetCore.Mvc.Infrastructure.ControllerActionInvoker.<InvokeInnerFilterAsync>g__Awaited|13_0(ControllerActionInvoker invoker, Task lastTask, State next, Scope scope, Object state, Boolean isCompleted)
   at Microsoft.AspNetCore.Mvc.Infrastructure.ResourceInvoker.<InvokeFilterPipelineAsync>g__Awaited|19_0(ResourceInvoker invoker, Task lastTask, State next, Scope scope, Object state, Boolean isCompleted)
   at Microsoft.AspNetCore.Mvc.Infrastructure.ResourceInvoker.<InvokeAsync>g__Awaited|17_0(ResourceInvoker invoker, Task task, IDisposable scope)
   at Microsoft.AspNetCore.Routing.EndpointMiddleware.<Invoke>g__AwaitRequestTask|6_0(Endpoint endpoint, Task requestTask, ILogger logger)
   at Microsoft.AspNetCore.Authorization.AuthorizationMiddleware.Invoke(HttpContext context)
   at Microsoft.AspNetCore.Authentication.AuthenticationMiddleware.Invoke(HttpContext context)
   at CWB.ExceptionHandling.ExceptionMiddleware.InvokeAsync(HttpContext httpContext) in F:\CWBworking\CWB.ExceptionHandling\ExceptionMiddleware.cs:line 26
2026-02-18 07:25:38.7076 ERROR Error: AutoMapper.AutoMapperMappingException: Error mapping types.

Mapping types:
EntityQueryable`1 -> IEnumerable`1
Microsoft.EntityFrameworkCore.Query.Internal.EntityQueryable`1[[CWB.ProductionPlanWO.Domain.ProcPlan, CWB.ProductionPlanWO, Version=1.0.0.0, Culture=neutral, PublicKeyToken=null]] -> System.Collections.Generic.IEnumerable`1[[CWB.ProductionPlanWO.ViewModels.ProcPlanVM, CWB.ProductionPlanWO, Version=1.0.0.0, Culture=neutral, PublicKeyToken=null]]
 ---> System.InvalidOperationException: A second operation was started on this context before a previous operation completed. This is usually caused by different threads concurrently using the same instance of DbContext. For more information on how to avoid threading issues with DbContext, see https://go.microsoft.com/fwlink/?linkid=2097913.
   at Microsoft.EntityFrameworkCore.Internal.ConcurrencyDetector.EnterCriticalSection()
   at Microsoft.EntityFrameworkCore.Query.Internal.SingleQueryingEnumerable`1.Enumerator.MoveNext()
   at lambda_method(Closure , Object , IEnumerable`1 , ResolutionContext )
   --- End of inner exception stack trace ---
   at lambda_method(Closure , Object , IEnumerable`1 , ResolutionContext )
   at CWB.ProductionPlanWO.Services.WOService.AllProcPlan(Int64 tenantId) in F:\CWBworking\CWB.ProductionPlanWO\Services\WOService.cs:line 773
   at CWB.ProductionPlanWO.Services.WOService.AllProductionWoReadForProd(Int64 tenantId) in F:\CWBworking\CWB.ProductionPlanWO\Services\WOService.cs:line 4346
   at CWB.ProductionPlanWO.Controllers.WOController.AllProductionWoReadForProd(Int64 tenantId) in F:\CWBworking\CWB.ProductionPlanWO\Controllers\WOController.cs:line 1697
   at Microsoft.AspNetCore.Mvc.Infrastructure.ActionMethodExecutor.TaskOfIActionResultExecutor.Execute(IActionResultTypeMapper mapper, ObjectMethodExecutor executor, Object controller, Object[] arguments)
   at Microsoft.AspNetCore.Mvc.Infrastructure.ControllerActionInvoker.<InvokeActionMethodAsync>g__Awaited|12_0(ControllerActionInvoker invoker, ValueTask`1 actionResultValueTask)
   at Microsoft.AspNetCore.Mvc.Infrastructure.ControllerActionInvoker.<InvokeNextActionFilterAsync>g__Awaited|10_0(ControllerActionInvoker invoker, Task lastTask, State next, Scope scope, Object state, Boolean isCompleted)
   at Microsoft.AspNetCore.Mvc.Infrastructure.ControllerActionInvoker.Rethrow(ActionExecutedContextSealed context)
   at Microsoft.AspNetCore.Mvc.Infrastructure.ControllerActionInvoker.Next(State& next, Scope& scope, Object& state, Boolean& isCompleted)
   at Microsoft.AspNetCore.Mvc.Infrastructure.ControllerActionInvoker.InvokeInnerFilterAsync()
--- End of stack trace from previous location where exception was thrown ---
   at Microsoft.AspNetCore.Mvc.Infrastructure.ResourceInvoker.<InvokeFilterPipelineAsync>g__Awaited|19_0(ResourceInvoker invoker, Task lastTask, State next, Scope scope, Object state, Boolean isCompleted)
   at Microsoft.AspNetCore.Mvc.Infrastructure.ResourceInvoker.<InvokeAsync>g__Awaited|17_0(ResourceInvoker invoker, Task task, IDisposable scope)
   at Microsoft.AspNetCore.Routing.EndpointMiddleware.<Invoke>g__AwaitRequestTask|6_0(Endpoint endpoint, Task requestTask, ILogger logger)
   at Microsoft.AspNetCore.Authorization.AuthorizationMiddleware.Invoke(HttpContext context)
   at Microsoft.AspNetCore.Authentication.AuthenticationMiddleware.Invoke(HttpContext context)
   at CWB.ExceptionHandling.ExceptionMiddleware.InvokeAsync(HttpContext httpContext) in F:\CWBworking\CWB.ExceptionHandling\ExceptionMiddleware.cs:line 26
2026-02-18 07:28:56.7060 ERROR Error: AutoMapper.AutoMapperMappingException: Error mapping types.

Mapping types:
EntityQueryable`1 -> IEnumerable`1
Microsoft.EntityFrameworkCore.Query.Internal.EntityQueryable`1[[CWB.ProductionPlanWO.Domain.ProcPlan, CWB.ProductionPlanWO, Version=1.0.0.0, Culture=neutral, PublicKeyToken=null]] -> System.Collections.Generic.IEnumerable`1[[CWB.ProductionPlanWO.ViewModels.ProcPlanVM, CWB.ProductionPlanWO, Version=1.0.0.0, Culture=neutral, PublicKeyToken=null]]
 ---> System.InvalidOperationException: A second operation was started on this context before a previous operation completed. This is usually caused by different threads concurrently using the same instance of DbContext. For more information on how to avoid threading issues with DbContext, see https://go.microsoft.com/fwlink/?linkid=2097913.
   at Microsoft.EntityFrameworkCore.Internal.ConcurrencyDetector.EnterCriticalSection()
   at Microsoft.EntityFrameworkCore.Query.Internal.SingleQueryingEnumerable`1.Enumerator.MoveNext()
   at lambda_method(Closure , Object , IEnumerable`1 , ResolutionContext )
   --- End of inner exception stack trace ---
   at lambda_method(Closure , Object , IEnumerable`1 , ResolutionContext )
   at CWB.ProductionPlanWO.Services.WOService.AllProcPlan(Int64 tenantId) in F:\CWBworking\CWB.ProductionPlanWO\Services\WOService.cs:line 773
   at CWB.ProductionPlanWO.Services.WOService.AllProductionWoReadForProd(Int64 tenantId) in F:\CWBworking\CWB.ProductionPlanWO\Services\WOService.cs:line 4346
   at CWB.ProductionPlanWO.Controllers.WOController.AllProductionWoReadForProd(Int64 tenantId) in F:\CWBworking\CWB.ProductionPlanWO\Controllers\WOController.cs:line 1697
   at Microsoft.AspNetCore.Mvc.Infrastructure.ActionMethodExecutor.TaskOfIActionResultExecutor.Execute(IActionResultTypeMapper mapper, ObjectMethodExecutor executor, Object controller, Object[] arguments)
   at Microsoft.AspNetCore.Mvc.Infrastructure.ControllerActionInvoker.<InvokeActionMethodAsync>g__Awaited|12_0(ControllerActionInvoker invoker, ValueTask`1 actionResultValueTask)
   at Microsoft.AspNetCore.Mvc.Infrastructure.ControllerActionInvoker.<InvokeNextActionFilterAsync>g__Awaited|10_0(ControllerActionInvoker invoker, Task lastTask, State next, Scope scope, Object state, Boolean isCompleted)
   at Microsoft.AspNetCore.Mvc.Infrastructure.ControllerActionInvoker.Rethrow(ActionExecutedContextSealed context)
   at Microsoft.AspNetCore.Mvc.Infrastructure.ControllerActionInvoker.Next(State& next, Scope& scope, Object& state, Boolean& isCompleted)
   at Microsoft.AspNetCore.Mvc.Infrastructure.ControllerActionInvoker.<InvokeInnerFilterAsync>g__Awaited|13_0(ControllerActionInvoker invoker, Task lastTask, State next, Scope scope, Object state, Boolean isCompleted)
   at Microsoft.AspNetCore.Mvc.Infrastructure.ResourceInvoker.<InvokeFilterPipelineAsync>g__Awaited|19_0(ResourceInvoker invoker, Task lastTask, State next, Scope scope, Object state, Boolean isCompleted)
   at Microsoft.AspNetCore.Mvc.Infrastructure.ResourceInvoker.<InvokeAsync>g__Awaited|17_0(ResourceInvoker invoker, Task task, IDisposable scope)
   at Microsoft.AspNetCore.Routing.EndpointMiddleware.<Invoke>g__AwaitRequestTask|6_0(Endpoint endpoint, Task requestTask, ILogger logger)
   at Microsoft.AspNetCore.Authorization.AuthorizationMiddleware.Invoke(HttpContext context)
   at Microsoft.AspNetCore.Authentication.AuthenticationMiddleware.Invoke(HttpContext context)
   at CWB.ExceptionHandling.ExceptionMiddleware.InvokeAsync(HttpContext httpContext) in F:\CWBworking\CWB.ExceptionHandling\ExceptionMiddleware.cs:line 26
2026-02-18 07:33:56.7388 ERROR Error: AutoMapper.AutoMapperMappingException: Error mapping types.

Mapping types:
EntityQueryable`1 -> IEnumerable`1
Microsoft.EntityFrameworkCore.Query.Internal.EntityQueryable`1[[CWB.ProductionPlanWO.Domain.ProcPlan, CWB.ProductionPlanWO, Version=1.0.0.0, Culture=neutral, PublicKeyToken=null]] -> System.Collections.Generic.IEnumerable`1[[CWB.ProductionPlanWO.ViewModels.ProcPlanVM, CWB.ProductionPlanWO, Version=1.0.0.0, Culture=neutral, PublicKeyToken=null]]
 ---> System.InvalidOperationException: A second operation was started on this context before a previous operation completed. This is usually caused by different threads concurrently using the same instance of DbContext. For more information on how to avoid threading issues with DbContext, see https://go.microsoft.com/fwlink/?linkid=2097913.
   at Microsoft.EntityFrameworkCore.Internal.ConcurrencyDetector.EnterCriticalSection()
   at Microsoft.EntityFrameworkCore.Query.Internal.SingleQueryingEnumerable`1.Enumerator.MoveNext()
   at lambda_method(Closure , Object , IEnumerable`1 , ResolutionContext )
   --- End of inner exception stack trace ---
   at lambda_method(Closure , Object , IEnumerable`1 , ResolutionContext )
   at CWB.ProductionPlanWO.Services.WOService.AllProcPlan(Int64 tenantId) in F:\CWBworking\CWB.ProductionPlanWO\Services\WOService.cs:line 773
   at CWB.ProductionPlanWO.Services.WOService.AllProductionWoReadForProd(Int64 tenantId) in F:\CWBworking\CWB.ProductionPlanWO\Services\WOService.cs:line 4346
   at CWB.ProductionPlanWO.Controllers.WOController.AllProductionWoReadForProd(Int64 tenantId) in F:\CWBworking\CWB.ProductionPlanWO\Controllers\WOController.cs:line 1697
   at Microsoft.AspNetCore.Mvc.Infrastructure.ActionMethodExecutor.TaskOfIActionResultExecutor.Execute(IActionResultTypeMapper mapper, ObjectMethodExecutor executor, Object controller, Object[] arguments)
   at Microsoft.AspNetCore.Mvc.Infrastructure.ControllerActionInvoker.<InvokeActionMethodAsync>g__Awaited|12_0(ControllerActionInvoker invoker, ValueTask`1 actionResultValueTask)
   at Microsoft.AspNetCore.Mvc.Infrastructure.ControllerActionInvoker.<InvokeNextActionFilterAsync>g__Awaited|10_0(ControllerActionInvoker invoker, Task lastTask, State next, Scope scope, Object state, Boolean isCompleted)
   at Microsoft.AspNetCore.Mvc.Infrastructure.ControllerActionInvoker.Rethrow(ActionExecutedContextSealed context)
   at Microsoft.AspNetCore.Mvc.Infrastructure.ControllerActionInvoker.Next(State& next, Scope& scope, Object& state, Boolean& isCompleted)
   at Microsoft.AspNetCore.Mvc.Infrastructure.ControllerActionInvoker.<InvokeInnerFilterAsync>g__Awaited|13_0(ControllerActionInvoker invoker, Task lastTask, State next, Scope scope, Object state, Boolean isCompleted)
   at Microsoft.AspNetCore.Mvc.Infrastructure.ResourceInvoker.<InvokeFilterPipelineAsync>g__Awaited|19_0(ResourceInvoker invoker, Task lastTask, State next, Scope scope, Object state, Boolean isCompleted)
   at Microsoft.AspNetCore.Mvc.Infrastructure.ResourceInvoker.<InvokeAsync>g__Awaited|17_0(ResourceInvoker invoker, Task task, IDisposable scope)
   at Microsoft.AspNetCore.Routing.EndpointMiddleware.<Invoke>g__AwaitRequestTask|6_0(Endpoint endpoint, Task requestTask, ILogger logger)
   at Microsoft.AspNetCore.Authorization.AuthorizationMiddleware.Invoke(HttpContext context)
   at Microsoft.AspNetCore.Authentication.AuthenticationMiddleware.Invoke(HttpContext context)
   at CWB.ExceptionHandling.ExceptionMiddleware.InvokeAsync(HttpContext httpContext) in F:\CWBworking\CWB.ExceptionHandling\ExceptionMiddleware.cs:line 26
2026-02-18 07:34:00.9382 ERROR Error: System.InvalidOperationException: A second operation was started on this context before a previous operation completed. This is usually caused by different threads concurrently using the same instance of DbContext. For more information on how to avoid threading issues with DbContext, see https://go.microsoft.com/fwlink/?linkid=2097913.
   at Microsoft.EntityFrameworkCore.Internal.ConcurrencyDetector.EnterCriticalSection()
   at Microsoft.EntityFrameworkCore.Query.Internal.SingleQueryingEnumerable`1.AsyncEnumerator.MoveNextAsync()
   at Microsoft.EntityFrameworkCore.EntityFrameworkQueryableExtensions.ToListAsync[TSource](IQueryable`1 source, CancellationToken cancellationToken)
   at Microsoft.EntityFrameworkCore.EntityFrameworkQueryableExtensions.ToListAsync[TSource](IQueryable`1 source, CancellationToken cancellationToken)
   at CWB.CommonUtils.Common.Repositories.Repository`1.AwaitGetRangeAsync(Expression`1 predicate) in F:\CWBworking\CWB.CommonUtils\Common\Repositories\Repository.cs:line 36
   at CWB.ProductionPlanWO.Services.WOService.GetAllInsp_Outcome_Details(Int64 tenantId) in F:\CWBworking\CWB.ProductionPlanWO\Services\WOService.cs:line 1108
   at CWB.ProductionPlanWO.Services.WOService.AllProductionWoReadForProd(Int64 tenantId) in F:\CWBworking\CWB.ProductionPlanWO\Services\WOService.cs:line 4346
   at CWB.ProductionPlanWO.Controllers.WOController.AllProductionWoReadForProd(Int64 tenantId) in F:\CWBworking\CWB.ProductionPlanWO\Controllers\WOController.cs:line 1697
   at Microsoft.AspNetCore.Mvc.Infrastructure.ActionMethodExecutor.TaskOfIActionResultExecutor.Execute(IActionResultTypeMapper mapper, ObjectMethodExecutor executor, Object controller, Object[] arguments)
   at Microsoft.AspNetCore.Mvc.Infrastructure.ControllerActionInvoker.<InvokeActionMethodAsync>g__Awaited|12_0(ControllerActionInvoker invoker, ValueTask`1 actionResultValueTask)
   at Microsoft.AspNetCore.Mvc.Infrastructure.ControllerActionInvoker.<InvokeNextActionFilterAsync>g__Awaited|10_0(ControllerActionInvoker invoker, Task lastTask, State next, Scope scope, Object state, Boolean isCompleted)
   at Microsoft.AspNetCore.Mvc.Infrastructure.ControllerActionInvoker.Rethrow(ActionExecutedContextSealed context)
   at Microsoft.AspNetCore.Mvc.Infrastructure.ControllerActionInvoker.Next(State& next, Scope& scope, Object& state, Boolean& isCompleted)
   at Microsoft.AspNetCore.Mvc.Infrastructure.ControllerActionInvoker.InvokeInnerFilterAsync()
--- End of stack trace from previous location where exception was thrown ---
   at Microsoft.AspNetCore.Mvc.Infrastructure.ResourceInvoker.<InvokeFilterPipelineAsync>g__Awaited|19_0(ResourceInvoker invoker, Task lastTask, State next, Scope scope, Object state, Boolean isCompleted)
   at Microsoft.AspNetCore.Mvc.Infrastructure.ResourceInvoker.<InvokeAsync>g__Awaited|17_0(ResourceInvoker invoker, Task task, IDisposable scope)
   at Microsoft.AspNetCore.Routing.EndpointMiddleware.<Invoke>g__AwaitRequestTask|6_0(Endpoint endpoint, Task requestTask, ILogger logger)
   at Microsoft.AspNetCore.Authorization.AuthorizationMiddleware.Invoke(HttpContext context)
   at Microsoft.AspNetCore.Authentication.AuthenticationMiddleware.Invoke(HttpContext context)
   at CWB.ExceptionHandling.ExceptionMiddleware.InvokeAsync(HttpContext httpContext) in F:\CWBworking\CWB.ExceptionHandling\ExceptionMiddleware.cs:line 26
2026-02-18 07:46:01.8514 ERROR Error: AutoMapper.AutoMapperMappingException: Error mapping types.

Mapping types:
EntityQueryable`1 -> IEnumerable`1
Microsoft.EntityFrameworkCore.Query.Internal.EntityQueryable`1[[CWB.ProductionPlanWO.Domain.ProcPlan, CWB.ProductionPlanWO, Version=1.0.0.0, Culture=neutral, PublicKeyToken=null]] -> System.Collections.Generic.IEnumerable`1[[CWB.ProductionPlanWO.ViewModels.ProcPlanVM, CWB.ProductionPlanWO, Version=1.0.0.0, Culture=neutral, PublicKeyToken=null]]
 ---> System.InvalidOperationException: A second operation was started on this context before a previous operation completed. This is usually caused by different threads concurrently using the same instance of DbContext. For more information on how to avoid threading issues with DbContext, see https://go.microsoft.com/fwlink/?linkid=2097913.
   at Microsoft.EntityFrameworkCore.Internal.ConcurrencyDetector.EnterCriticalSection()
   at Microsoft.EntityFrameworkCore.Query.Internal.SingleQueryingEnumerable`1.Enumerator.MoveNext()
   at lambda_method(Closure , Object , IEnumerable`1 , ResolutionContext )
   --- End of inner exception stack trace ---
   at lambda_method(Closure , Object , IEnumerable`1 , ResolutionContext )
   at CWB.ProductionPlanWO.Services.WOService.AllProcPlan(Int64 tenantId) in F:\CWBworking\CWB.ProductionPlanWO\Services\WOService.cs:line 773
   at CWB.ProductionPlanWO.Services.WOService.AllProductionWoReadForProd(Int64 tenantId) in F:\CWBworking\CWB.ProductionPlanWO\Services\WOService.cs:line 4346
   at CWB.ProductionPlanWO.Controllers.WOController.AllProductionWoReadForProd(Int64 tenantId) in F:\CWBworking\CWB.ProductionPlanWO\Controllers\WOController.cs:line 1697
   at Microsoft.AspNetCore.Mvc.Infrastructure.ActionMethodExecutor.TaskOfIActionResultExecutor.Execute(IActionResultTypeMapper mapper, ObjectMethodExecutor executor, Object controller, Object[] arguments)
   at Microsoft.AspNetCore.Mvc.Infrastructure.ControllerActionInvoker.<InvokeActionMethodAsync>g__Awaited|12_0(ControllerActionInvoker invoker, ValueTask`1 actionResultValueTask)
   at Microsoft.AspNetCore.Mvc.Infrastructure.ControllerActionInvoker.<InvokeNextActionFilterAsync>g__Awaited|10_0(ControllerActionInvoker invoker, Task lastTask, State next, Scope scope, Object state, Boolean isCompleted)
   at Microsoft.AspNetCore.Mvc.Infrastructure.ControllerActionInvoker.Rethrow(ActionExecutedContextSealed context)
   at Microsoft.AspNetCore.Mvc.Infrastructure.ControllerActionInvoker.Next(State& next, Scope& scope, Object& state, Boolean& isCompleted)
   at Microsoft.AspNetCore.Mvc.Infrastructure.ControllerActionInvoker.<InvokeInnerFilterAsync>g__Awaited|13_0(ControllerActionInvoker invoker, Task lastTask, State next, Scope scope, Object state, Boolean isCompleted)
   at Microsoft.AspNetCore.Mvc.Infrastructure.ResourceInvoker.<InvokeFilterPipelineAsync>g__Awaited|19_0(ResourceInvoker invoker, Task lastTask, State next, Scope scope, Object state, Boolean isCompleted)
   at Microsoft.AspNetCore.Mvc.Infrastructure.ResourceInvoker.<InvokeAsync>g__Awaited|17_0(ResourceInvoker invoker, Task task, IDisposable scope)
   at Microsoft.AspNetCore.Routing.EndpointMiddleware.<Invoke>g__AwaitRequestTask|6_0(Endpoint endpoint, Task requestTask, ILogger logger)
   at Microsoft.AspNetCore.Authorization.AuthorizationMiddleware.Invoke(HttpContext context)
   at Microsoft.AspNetCore.Authentication.AuthenticationMiddleware.Invoke(HttpContext context)
   at CWB.ExceptionHandling.ExceptionMiddleware.InvokeAsync(HttpContext httpContext) in F:\CWBworking\CWB.ExceptionHandling\ExceptionMiddleware.cs:line 26
2026-02-18 07:46:04.9689 ERROR Error: AutoMapper.AutoMapperMappingException: Error mapping types.

Mapping types:
EntityQueryable`1 -> IEnumerable`1
Microsoft.EntityFrameworkCore.Query.Internal.EntityQueryable`1[[CWB.ProductionPlanWO.Domain.ProcPlan, CWB.ProductionPlanWO, Version=1.0.0.0, Culture=neutral, PublicKeyToken=null]] -> System.Collections.Generic.IEnumerable`1[[CWB.ProductionPlanWO.ViewModels.ProcPlanVM, CWB.ProductionPlanWO, Version=1.0.0.0, Culture=neutral, PublicKeyToken=null]]
 ---> System.InvalidOperationException: A second operation was started on this context before a previous operation completed. This is usually caused by different threads concurrently using the same instance of DbContext. For more information on how to avoid threading issues with DbContext, see https://go.microsoft.com/fwlink/?linkid=2097913.
   at Microsoft.EntityFrameworkCore.Internal.ConcurrencyDetector.EnterCriticalSection()
   at Microsoft.EntityFrameworkCore.Query.Internal.SingleQueryingEnumerable`1.Enumerator.MoveNext()
   at lambda_method(Closure , Object , IEnumerable`1 , ResolutionContext )
   --- End of inner exception stack trace ---
   at lambda_method(Closure , Object , IEnumerable`1 , ResolutionContext )
   at CWB.ProductionPlanWO.Services.WOService.AllProcPlan(Int64 tenantId) in F:\CWBworking\CWB.ProductionPlanWO\Services\WOService.cs:line 773
   at CWB.ProductionPlanWO.Services.WOService.AllProductionWoReadForProd(Int64 tenantId) in F:\CWBworking\CWB.ProductionPlanWO\Services\WOService.cs:line 4346
   at CWB.ProductionPlanWO.Controllers.WOController.AllProductionWoReadForProd(Int64 tenantId) in F:\CWBworking\CWB.ProductionPlanWO\Controllers\WOController.cs:line 1697
   at Microsoft.AspNetCore.Mvc.Infrastructure.ActionMethodExecutor.TaskOfIActionResultExecutor.Execute(IActionResultTypeMapper mapper, ObjectMethodExecutor executor, Object controller, Object[] arguments)
   at Microsoft.AspNetCore.Mvc.Infrastructure.ControllerActionInvoker.<InvokeActionMethodAsync>g__Awaited|12_0(ControllerActionInvoker invoker, ValueTask`1 actionResultValueTask)
   at Microsoft.AspNetCore.Mvc.Infrastructure.ControllerActionInvoker.<InvokeNextActionFilterAsync>g__Awaited|10_0(ControllerActionInvoker invoker, Task lastTask, State next, Scope scope, Object state, Boolean isCompleted)
   at Microsoft.AspNetCore.Mvc.Infrastructure.ControllerActionInvoker.Rethrow(ActionExecutedContextSealed context)
   at Microsoft.AspNetCore.Mvc.Infrastructure.ControllerActionInvoker.Next(State& next, Scope& scope, Object& state, Boolean& isCompleted)
   at Microsoft.AspNetCore.Mvc.Infrastructure.ControllerActionInvoker.InvokeInnerFilterAsync()
--- End of stack trace from previous location where exception was thrown ---
   at Microsoft.AspNetCore.Mvc.Infrastructure.ResourceInvoker.<InvokeFilterPipelineAsync>g__Awaited|19_0(ResourceInvoker invoker, Task lastTask, State next, Scope scope, Object state, Boolean isCompleted)
   at Microsoft.AspNetCore.Mvc.Infrastructure.ResourceInvoker.<InvokeAsync>g__Awaited|17_0(ResourceInvoker invoker, Task task, IDisposable scope)
   at Microsoft.AspNetCore.Routing.EndpointMiddleware.<Invoke>g__AwaitRequestTask|6_0(Endpoint endpoint, Task requestTask, ILogger logger)
   at Microsoft.AspNetCore.Authorization.AuthorizationMiddleware.Invoke(HttpContext context)
   at Microsoft.AspNetCore.Authentication.AuthenticationMiddleware.Invoke(HttpContext context)
   at CWB.ExceptionHandling.ExceptionMiddleware.InvokeAsync(HttpContext httpContext) in F:\CWBworking\CWB.ExceptionHandling\ExceptionMiddleware.cs:line 26
2026-02-18 07:58:03.5236 ERROR Error: System.InvalidOperationException: A second operation was started on this context before a previous operation completed. This is usually caused by different threads concurrently using the same instance of DbContext. For more information on how to avoid threading issues with DbContext, see https://go.microsoft.com/fwlink/?linkid=2097913.
   at Microsoft.EntityFrameworkCore.Internal.ConcurrencyDetector.EnterCriticalSection()
   at Microsoft.EntityFrameworkCore.Query.Internal.SingleQueryingEnumerable`1.AsyncEnumerator.MoveNextAsync()
   at Microsoft.EntityFrameworkCore.EntityFrameworkQueryableExtensions.ToListAsync[TSource](IQueryable`1 source, CancellationToken cancellationToken)
   at Microsoft.EntityFrameworkCore.EntityFrameworkQueryableExtensions.ToListAsync[TSource](IQueryable`1 source, CancellationToken cancellationToken)
   at CWB.CommonUtils.Common.Repositories.Repository`1.AwaitGetRangeAsync(Expression`1 predicate) in F:\CWBworking\CWB.CommonUtils\Common\Repositories\Repository.cs:line 36
   at CWB.ProductionPlanWO.Services.WOService.GetAllInsp_Outcome_Details(Int64 tenantId) in F:\CWBworking\CWB.ProductionPlanWO\Services\WOService.cs:line 1108
   at CWB.ProductionPlanWO.Services.WOService.AllProductionWoReadForProd(Int64 tenantId) in F:\CWBworking\CWB.ProductionPlanWO\Services\WOService.cs:line 4346
   at CWB.ProductionPlanWO.Controllers.WOController.AllProductionWoReadForProd(Int64 tenantId) in F:\CWBworking\CWB.ProductionPlanWO\Controllers\WOController.cs:line 1697
   at Microsoft.AspNetCore.Mvc.Infrastructure.ActionMethodExecutor.TaskOfIActionResultExecutor.Execute(IActionResultTypeMapper mapper, ObjectMethodExecutor executor, Object controller, Object[] arguments)
   at Microsoft.AspNetCore.Mvc.Infrastructure.ControllerActionInvoker.<InvokeActionMethodAsync>g__Awaited|12_0(ControllerActionInvoker invoker, ValueTask`1 actionResultValueTask)
   at Microsoft.AspNetCore.Mvc.Infrastructure.ControllerActionInvoker.<InvokeNextActionFilterAsync>g__Awaited|10_0(ControllerActionInvoker invoker, Task lastTask, State next, Scope scope, Object state, Boolean isCompleted)
   at Microsoft.AspNetCore.Mvc.Infrastructure.ControllerActionInvoker.Rethrow(ActionExecutedContextSealed context)
   at Microsoft.AspNetCore.Mvc.Infrastructure.ControllerActionInvoker.Next(State& next, Scope& scope, Object& state, Boolean& isCompleted)
   at Microsoft.AspNetCore.Mvc.Infrastructure.ControllerActionInvoker.<InvokeInnerFilterAsync>g__Awaited|13_0(ControllerActionInvoker invoker, Task lastTask, State next, Scope scope, Object state, Boolean isCompleted)
   at Microsoft.AspNetCore.Mvc.Infrastructure.ResourceInvoker.<InvokeFilterPipelineAsync>g__Awaited|19_0(ResourceInvoker invoker, Task lastTask, State next, Scope scope, Object state, Boolean isCompleted)
   at Microsoft.AspNetCore.Mvc.Infrastructure.ResourceInvoker.<InvokeAsync>g__Awaited|17_0(ResourceInvoker invoker, Task task, IDisposable scope)
   at Microsoft.AspNetCore.Routing.EndpointMiddleware.<Invoke>g__AwaitRequestTask|6_0(Endpoint endpoint, Task requestTask, ILogger logger)
   at Microsoft.AspNetCore.Authorization.AuthorizationMiddleware.Invoke(HttpContext context)
   at Microsoft.AspNetCore.Authentication.AuthenticationMiddleware.Invoke(HttpContext context)
   at Microsoft.AspNetCore.Routing.EndpointRoutingMiddleware.<Invoke>g__AwaitMatcher|8_0(EndpointRoutingMiddleware middleware, HttpContext httpContext, Task`1 matcherTask)
   at CWB.ExceptionHandling.ExceptionMiddleware.InvokeAsync(HttpContext httpContext) in F:\CWBworking\CWB.ExceptionHandling\ExceptionMiddleware.cs:line 26
2026-02-18 07:58:06.3966 ERROR Error: AutoMapper.AutoMapperMappingException: Error mapping types.

Mapping types:
EntityQueryable`1 -> IEnumerable`1
Microsoft.EntityFrameworkCore.Query.Internal.EntityQueryable`1[[CWB.ProductionPlanWO.Domain.ProcPlan, CWB.ProductionPlanWO, Version=1.0.0.0, Culture=neutral, PublicKeyToken=null]] -> System.Collections.Generic.IEnumerable`1[[CWB.ProductionPlanWO.ViewModels.ProcPlanVM, CWB.ProductionPlanWO, Version=1.0.0.0, Culture=neutral, PublicKeyToken=null]]
 ---> System.InvalidOperationException: A second operation was started on this context before a previous operation completed. This is usually caused by different threads concurrently using the same instance of DbContext. For more information on how to avoid threading issues with DbContext, see https://go.microsoft.com/fwlink/?linkid=2097913.
   at Microsoft.EntityFrameworkCore.Internal.ConcurrencyDetector.EnterCriticalSection()
   at Microsoft.EntityFrameworkCore.Query.Internal.SingleQueryingEnumerable`1.Enumerator.MoveNext()
   at lambda_method(Closure , Object , IEnumerable`1 , ResolutionContext )
   --- End of inner exception stack trace ---
   at lambda_method(Closure , Object , IEnumerable`1 , ResolutionContext )
   at CWB.ProductionPlanWO.Services.WOService.AllProcPlan(Int64 tenantId) in F:\CWBworking\CWB.ProductionPlanWO\Services\WOService.cs:line 773
   at CWB.ProductionPlanWO.Services.WOService.GetAllReadyforProductionWo(Int64 tenantId) in F:\CWBworking\CWB.ProductionPlanWO\Services\WOService.cs:line 4438
   at CWB.ProductionPlanWO.Controllers.WOController.GetAllReadyforProductionWo(Int64 tenantId) in F:\CWBworking\CWB.ProductionPlanWO\Controllers\WOController.cs:line 1706
   at Microsoft.AspNetCore.Mvc.Infrastructure.ActionMethodExecutor.TaskOfIActionResultExecutor.Execute(IActionResultTypeMapper mapper, ObjectMethodExecutor executor, Object controller, Object[] arguments)
   at Microsoft.AspNetCore.Mvc.Infrastructure.ControllerActionInvoker.<InvokeActionMethodAsync>g__Awaited|12_0(ControllerActionInvoker invoker, ValueTask`1 actionResultValueTask)
   at Microsoft.AspNetCore.Mvc.Infrastructure.ControllerActionInvoker.<InvokeNextActionFilterAsync>g__Awaited|10_0(ControllerActionInvoker invoker, Task lastTask, State next, Scope scope, Object state, Boolean isCompleted)
   at Microsoft.AspNetCore.Mvc.Infrastructure.ControllerActionInvoker.Rethrow(ActionExecutedContextSealed context)
   at Microsoft.AspNetCore.Mvc.Infrastructure.ControllerActionInvoker.Next(State& next, Scope& scope, Object& state, Boolean& isCompleted)
   at Microsoft.AspNetCore.Mvc.Infrastructure.ControllerActionInvoker.InvokeInnerFilterAsync()
--- End of stack trace from previous location where exception was thrown ---
   at Microsoft.AspNetCore.Mvc.Infrastructure.ResourceInvoker.<InvokeFilterPipelineAsync>g__Awaited|19_0(ResourceInvoker invoker, Task lastTask, State next, Scope scope, Object state, Boolean isCompleted)
   at Microsoft.AspNetCore.Mvc.Infrastructure.ResourceInvoker.<InvokeAsync>g__Awaited|17_0(ResourceInvoker invoker, Task task, IDisposable scope)
   at Microsoft.AspNetCore.Routing.EndpointMiddleware.<Invoke>g__AwaitRequestTask|6_0(Endpoint endpoint, Task requestTask, ILogger logger)
   at Microsoft.AspNetCore.Authorization.AuthorizationMiddleware.Invoke(HttpContext context)
   at Microsoft.AspNetCore.Authentication.AuthenticationMiddleware.Invoke(HttpContext context)
   at CWB.ExceptionHandling.ExceptionMiddleware.InvokeAsync(HttpContext httpContext) in F:\CWBworking\CWB.ExceptionHandling\ExceptionMiddleware.cs:line 26
2026-02-18 07:58:07.9514 ERROR Error: AutoMapper.AutoMapperMappingException: Error mapping types.

Mapping types:
EntityQueryable`1 -> IEnumerable`1
Microsoft.EntityFrameworkCore.Query.Internal.EntityQueryable`1[[CWB.ProductionPlanWO.Domain.ProcPlan, CWB.ProductionPlanWO, Version=1.0.0.0, Culture=neutral, PublicKeyToken=null]] -> System.Collections.Generic.IEnumerable`1[[CWB.ProductionPlanWO.ViewModels.ProcPlanVM, CWB.ProductionPlanWO, Version=1.0.0.0, Culture=neutral, PublicKeyToken=null]]
 ---> System.InvalidOperationException: A second operation was started on this context before a previous operation completed. This is usually caused by different threads concurrently using the same instance of DbContext. For more information on how to avoid threading issues with DbContext, see https://go.microsoft.com/fwlink/?linkid=2097913.
   at Microsoft.EntityFrameworkCore.Internal.ConcurrencyDetector.EnterCriticalSection()
   at Microsoft.EntityFrameworkCore.Query.Internal.SingleQueryingEnumerable`1.Enumerator.MoveNext()
   at lambda_method(Closure , Object , IEnumerable`1 , ResolutionContext )
   --- End of inner exception stack trace ---
   at lambda_method(Closure , Object , IEnumerable`1 , ResolutionContext )
   at CWB.ProductionPlanWO.Services.WOService.AllProcPlan(Int64 tenantId) in F:\CWBworking\CWB.ProductionPlanWO\Services\WOService.cs:line 773
   at CWB.ProductionPlanWO.Services.WOService.AllProductionWoReadForProd(Int64 tenantId) in F:\CWBworking\CWB.ProductionPlanWO\Services\WOService.cs:line 4346
   at CWB.ProductionPlanWO.Controllers.WOController.AllProductionWoReadForProd(Int64 tenantId) in F:\CWBworking\CWB.ProductionPlanWO\Controllers\WOController.cs:line 1697
   at Microsoft.AspNetCore.Mvc.Infrastructure.ActionMethodExecutor.TaskOfIActionResultExecutor.Execute(IActionResultTypeMapper mapper, ObjectMethodExecutor executor, Object controller, Object[] arguments)
   at Microsoft.AspNetCore.Mvc.Infrastructure.ControllerActionInvoker.<InvokeActionMethodAsync>g__Awaited|12_0(ControllerActionInvoker invoker, ValueTask`1 actionResultValueTask)
   at Microsoft.AspNetCore.Mvc.Infrastructure.ControllerActionInvoker.<InvokeNextActionFilterAsync>g__Awaited|10_0(ControllerActionInvoker invoker, Task lastTask, State next, Scope scope, Object state, Boolean isCompleted)
   at Microsoft.AspNetCore.Mvc.Infrastructure.ControllerActionInvoker.Rethrow(ActionExecutedContextSealed context)
   at Microsoft.AspNetCore.Mvc.Infrastructure.ControllerActionInvoker.Next(State& next, Scope& scope, Object& state, Boolean& isCompleted)
   at Microsoft.AspNetCore.Mvc.Infrastructure.ControllerActionInvoker.InvokeInnerFilterAsync()
--- End of stack trace from previous location where exception was thrown ---
   at Microsoft.AspNetCore.Mvc.Infrastructure.ResourceInvoker.<InvokeFilterPipelineAsync>g__Awaited|19_0(ResourceInvoker invoker, Task lastTask, State next, Scope scope, Object state, Boolean isCompleted)
   at Microsoft.AspNetCore.Mvc.Infrastructure.ResourceInvoker.<InvokeAsync>g__Awaited|17_0(ResourceInvoker invoker, Task task, IDisposable scope)
   at Microsoft.AspNetCore.Routing.EndpointMiddleware.<Invoke>g__AwaitRequestTask|6_0(Endpoint endpoint, Task requestTask, ILogger logger)
   at Microsoft.AspNetCore.Authorization.AuthorizationMiddleware.Invoke(HttpContext context)
   at Microsoft.AspNetCore.Authentication.AuthenticationMiddleware.Invoke(HttpContext context)
   at CWB.ExceptionHandling.ExceptionMiddleware.InvokeAsync(HttpContext httpContext) in F:\CWBworking\CWB.ExceptionHandling\ExceptionMiddleware.cs:line 26
2026-02-18 07:58:38.8616 ERROR Error: AutoMapper.AutoMapperMappingException: Error mapping types.

Mapping types:
EntityQueryable`1 -> IEnumerable`1
Microsoft.EntityFrameworkCore.Query.Internal.EntityQueryable`1[[CWB.ProductionPlanWO.Domain.ProcPlan, CWB.ProductionPlanWO, Version=1.0.0.0, Culture=neutral, PublicKeyToken=null]] -> System.Collections.Generic.IEnumerable`1[[CWB.ProductionPlanWO.ViewModels.ProcPlanVM, CWB.ProductionPlanWO, Version=1.0.0.0, Culture=neutral, PublicKeyToken=null]]
 ---> System.InvalidOperationException: A second operation was started on this context before a previous operation completed. This is usually caused by different threads concurrently using the same instance of DbContext. For more information on how to avoid threading issues with DbContext, see https://go.microsoft.com/fwlink/?linkid=2097913.
   at Microsoft.EntityFrameworkCore.Internal.ConcurrencyDetector.EnterCriticalSection()
   at Microsoft.EntityFrameworkCore.Query.Internal.SingleQueryingEnumerable`1.Enumerator.MoveNext()
   at lambda_method(Closure , Object , IEnumerable`1 , ResolutionContext )
   --- End of inner exception stack trace ---
   at lambda_method(Closure , Object , IEnumerable`1 , ResolutionContext )
   at CWB.ProductionPlanWO.Services.WOService.AllProcPlan(Int64 tenantId) in F:\CWBworking\CWB.ProductionPlanWO\Services\WOService.cs:line 773
   at CWB.ProductionPlanWO.Services.WOService.AllProductionWoReadForProd(Int64 tenantId) in F:\CWBworking\CWB.ProductionPlanWO\Services\WOService.cs:line 4346
   at CWB.ProductionPlanWO.Controllers.WOController.AllProductionWoReadForProd(Int64 tenantId) in F:\CWBworking\CWB.ProductionPlanWO\Controllers\WOController.cs:line 1697
   at Microsoft.AspNetCore.Mvc.Infrastructure.ActionMethodExecutor.TaskOfIActionResultExecutor.Execute(IActionResultTypeMapper mapper, ObjectMethodExecutor executor, Object controller, Object[] arguments)
   at Microsoft.AspNetCore.Mvc.Infrastructure.ControllerActionInvoker.<InvokeActionMethodAsync>g__Awaited|12_0(ControllerActionInvoker invoker, ValueTask`1 actionResultValueTask)
   at Microsoft.AspNetCore.Mvc.Infrastructure.ControllerActionInvoker.<InvokeNextActionFilterAsync>g__Awaited|10_0(ControllerActionInvoker invoker, Task lastTask, State next, Scope scope, Object state, Boolean isCompleted)
   at Microsoft.AspNetCore.Mvc.Infrastructure.ControllerActionInvoker.Rethrow(ActionExecutedContextSealed context)
   at Microsoft.AspNetCore.Mvc.Infrastructure.ControllerActionInvoker.Next(State& next, Scope& scope, Object& state, Boolean& isCompleted)
   at Microsoft.AspNetCore.Mvc.Infrastructure.ControllerActionInvoker.<InvokeInnerFilterAsync>g__Awaited|13_0(ControllerActionInvoker invoker, Task lastTask, State next, Scope scope, Object state, Boolean isCompleted)
   at Microsoft.AspNetCore.Mvc.Infrastructure.ResourceInvoker.<InvokeFilterPipelineAsync>g__Awaited|19_0(ResourceInvoker invoker, Task lastTask, State next, Scope scope, Object state, Boolean isCompleted)
   at Microsoft.AspNetCore.Mvc.Infrastructure.ResourceInvoker.<InvokeAsync>g__Awaited|17_0(ResourceInvoker invoker, Task task, IDisposable scope)
   at Microsoft.AspNetCore.Routing.EndpointMiddleware.<Invoke>g__AwaitRequestTask|6_0(Endpoint endpoint, Task requestTask, ILogger logger)
   at Microsoft.AspNetCore.Authorization.AuthorizationMiddleware.Invoke(HttpContext context)
   at Microsoft.AspNetCore.Authentication.AuthenticationMiddleware.Invoke(HttpContext context)
   at CWB.ExceptionHandling.ExceptionMiddleware.InvokeAsync(HttpContext httpContext) in F:\CWBworking\CWB.ExceptionHandling\ExceptionMiddleware.cs:line 26
2026-02-18 07:58:41.7409 ERROR Error: AutoMapper.AutoMapperMappingException: Error mapping types.

Mapping types:
EntityQueryable`1 -> IEnumerable`1
Microsoft.EntityFrameworkCore.Query.Internal.EntityQueryable`1[[CWB.ProductionPlanWO.Domain.ProcPlan, CWB.ProductionPlanWO, Version=1.0.0.0, Culture=neutral, PublicKeyToken=null]] -> System.Collections.Generic.IEnumerable`1[[CWB.ProductionPlanWO.ViewModels.ProcPlanVM, CWB.ProductionPlanWO, Version=1.0.0.0, Culture=neutral, PublicKeyToken=null]]
 ---> System.InvalidOperationException: A second operation was started on this context before a previous operation completed. This is usually caused by different threads concurrently using the same instance of DbContext. For more information on how to avoid threading issues with DbContext, see https://go.microsoft.com/fwlink/?linkid=2097913.
   at Microsoft.EntityFrameworkCore.Internal.ConcurrencyDetector.EnterCriticalSection()
   at Microsoft.EntityFrameworkCore.Query.Internal.SingleQueryingEnumerable`1.Enumerator.MoveNext()
   at lambda_method(Closure , Object , IEnumerable`1 , ResolutionContext )
   --- End of inner exception stack trace ---
   at lambda_method(Closure , Object , IEnumerable`1 , ResolutionContext )
   at CWB.ProductionPlanWO.Services.WOService.AllProcPlan(Int64 tenantId) in F:\CWBworking\CWB.ProductionPlanWO\Services\WOService.cs:line 773
   at CWB.ProductionPlanWO.Services.WOService.AllProductionWoReadForProd(Int64 tenantId) in F:\CWBworking\CWB.ProductionPlanWO\Services\WOService.cs:line 4346
   at CWB.ProductionPlanWO.Controllers.WOController.AllProductionWoReadForProd(Int64 tenantId) in F:\CWBworking\CWB.ProductionPlanWO\Controllers\WOController.cs:line 1697
   at Microsoft.AspNetCore.Mvc.Infrastructure.ActionMethodExecutor.TaskOfIActionResultExecutor.Execute(IActionResultTypeMapper mapper, ObjectMethodExecutor executor, Object controller, Object[] arguments)
   at Microsoft.AspNetCore.Mvc.Infrastructure.ControllerActionInvoker.<InvokeActionMethodAsync>g__Awaited|12_0(ControllerActionInvoker invoker, ValueTask`1 actionResultValueTask)
   at Microsoft.AspNetCore.Mvc.Infrastructure.ControllerActionInvoker.<InvokeNextActionFilterAsync>g__Awaited|10_0(ControllerActionInvoker invoker, Task lastTask, State next, Scope scope, Object state, Boolean isCompleted)
   at Microsoft.AspNetCore.Mvc.Infrastructure.ControllerActionInvoker.Rethrow(ActionExecutedContextSealed context)
   at Microsoft.AspNetCore.Mvc.Infrastructure.ControllerActionInvoker.Next(State& next, Scope& scope, Object& state, Boolean& isCompleted)
   at Microsoft.AspNetCore.Mvc.Infrastructure.ControllerActionInvoker.<InvokeInnerFilterAsync>g__Awaited|13_0(ControllerActionInvoker invoker, Task lastTask, State next, Scope scope, Object state, Boolean isCompleted)
   at Microsoft.AspNetCore.Mvc.Infrastructure.ResourceInvoker.<InvokeFilterPipelineAsync>g__Awaited|19_0(ResourceInvoker invoker, Task lastTask, State next, Scope scope, Object state, Boolean isCompleted)
   at Microsoft.AspNetCore.Mvc.Infrastructure.ResourceInvoker.<InvokeAsync>g__Awaited|17_0(ResourceInvoker invoker, Task task, IDisposable scope)
   at Microsoft.AspNetCore.Routing.EndpointMiddleware.<Invoke>g__AwaitRequestTask|6_0(Endpoint endpoint, Task requestTask, ILogger logger)
   at Microsoft.AspNetCore.Authorization.AuthorizationMiddleware.Invoke(HttpContext context)
   at Microsoft.AspNetCore.Authentication.AuthenticationMiddleware.Invoke(HttpContext context)
   at CWB.ExceptionHandling.ExceptionMiddleware.InvokeAsync(HttpContext httpContext) in F:\CWBworking\CWB.ExceptionHandling\ExceptionMiddleware.cs:line 26
2026-02-18 08:02:07.3161 ERROR Error: System.InvalidOperationException: A second operation was started on this context before a previous operation completed. This is usually caused by different threads concurrently using the same instance of DbContext. For more information on how to avoid threading issues with DbContext, see https://go.microsoft.com/fwlink/?linkid=2097913.
   at Microsoft.EntityFrameworkCore.Internal.ConcurrencyDetector.EnterCriticalSection()
   at Microsoft.EntityFrameworkCore.Query.Internal.SingleQueryingEnumerable`1.AsyncEnumerator.MoveNextAsync()
   at Microsoft.EntityFrameworkCore.EntityFrameworkQueryableExtensions.ToListAsync[TSource](IQueryable`1 source, CancellationToken cancellationToken)
   at Microsoft.EntityFrameworkCore.EntityFrameworkQueryableExtensions.ToListAsync[TSource](IQueryable`1 source, CancellationToken cancellationToken)
   at CWB.CommonUtils.Common.Repositories.Repository`1.AwaitGetRangeAsync(Expression`1 predicate) in F:\CWBworking\CWB.CommonUtils\Common\Repositories\Repository.cs:line 36
   at CWB.ProductionPlanWO.Services.WOService.GetAllInsp_Outcome_Details(Int64 tenantId) in F:\CWBworking\CWB.ProductionPlanWO\Services\WOService.cs:line 1108
   at CWB.ProductionPlanWO.Services.WOService.AllProductionWoReadForProd(Int64 tenantId) in F:\CWBworking\CWB.ProductionPlanWO\Services\WOService.cs:line 4346
   at CWB.ProductionPlanWO.Controllers.WOController.AllProductionWoReadForProd(Int64 tenantId) in F:\CWBworking\CWB.ProductionPlanWO\Controllers\WOController.cs:line 1697
   at Microsoft.AspNetCore.Mvc.Infrastructure.ActionMethodExecutor.TaskOfIActionResultExecutor.Execute(IActionResultTypeMapper mapper, ObjectMethodExecutor executor, Object controller, Object[] arguments)
   at Microsoft.AspNetCore.Mvc.Infrastructure.ControllerActionInvoker.<InvokeActionMethodAsync>g__Awaited|12_0(ControllerActionInvoker invoker, ValueTask`1 actionResultValueTask)
   at Microsoft.AspNetCore.Mvc.Infrastructure.ControllerActionInvoker.<InvokeNextActionFilterAsync>g__Awaited|10_0(ControllerActionInvoker invoker, Task lastTask, State next, Scope scope, Object state, Boolean isCompleted)
   at Microsoft.AspNetCore.Mvc.Infrastructure.ControllerActionInvoker.Rethrow(ActionExecutedContextSealed context)
   at Microsoft.AspNetCore.Mvc.Infrastructure.ControllerActionInvoker.Next(State& next, Scope& scope, Object& state, Boolean& isCompleted)
   at Microsoft.AspNetCore.Mvc.Infrastructure.ControllerActionInvoker.InvokeInnerFilterAsync()
--- End of stack trace from previous location where exception was thrown ---
   at Microsoft.AspNetCore.Mvc.Infrastructure.ResourceInvoker.<InvokeFilterPipelineAsync>g__Awaited|19_0(ResourceInvoker invoker, Task lastTask, State next, Scope scope, Object state, Boolean isCompleted)
   at Microsoft.AspNetCore.Mvc.Infrastructure.ResourceInvoker.<InvokeAsync>g__Awaited|17_0(ResourceInvoker invoker, Task task, IDisposable scope)
   at Microsoft.AspNetCore.Routing.EndpointMiddleware.<Invoke>g__AwaitRequestTask|6_0(Endpoint endpoint, Task requestTask, ILogger logger)
   at Microsoft.AspNetCore.Authorization.AuthorizationMiddleware.Invoke(HttpContext context)
   at Microsoft.AspNetCore.Authentication.AuthenticationMiddleware.Invoke(HttpContext context)
   at CWB.ExceptionHandling.ExceptionMiddleware.InvokeAsync(HttpContext httpContext) in F:\CWBworking\CWB.ExceptionHandling\ExceptionMiddleware.cs:line 26
2026-02-18 08:02:10.6076 ERROR Error: AutoMapper.AutoMapperMappingException: Error mapping types.

Mapping types:
EntityQueryable`1 -> IEnumerable`1
Microsoft.EntityFrameworkCore.Query.Internal.EntityQueryable`1[[CWB.ProductionPlanWO.Domain.ProcPlan, CWB.ProductionPlanWO, Version=1.0.0.0, Culture=neutral, PublicKeyToken=null]] -> System.Collections.Generic.IEnumerable`1[[CWB.ProductionPlanWO.ViewModels.ProcPlanVM, CWB.ProductionPlanWO, Version=1.0.0.0, Culture=neutral, PublicKeyToken=null]]
 ---> System.InvalidOperationException: A second operation was started on this context before a previous operation completed. This is usually caused by different threads concurrently using the same instance of DbContext. For more information on how to avoid threading issues with DbContext, see https://go.microsoft.com/fwlink/?linkid=2097913.
   at Microsoft.EntityFrameworkCore.Internal.ConcurrencyDetector.EnterCriticalSection()
   at Microsoft.EntityFrameworkCore.Query.Internal.SingleQueryingEnumerable`1.Enumerator.MoveNext()
   at lambda_method(Closure , Object , IEnumerable`1 , ResolutionContext )
   --- End of inner exception stack trace ---
   at lambda_method(Closure , Object , IEnumerable`1 , ResolutionContext )
   at CWB.ProductionPlanWO.Services.WOService.AllProcPlan(Int64 tenantId) in F:\CWBworking\CWB.ProductionPlanWO\Services\WOService.cs:line 773
   at CWB.ProductionPlanWO.Services.WOService.AllProductionWoReadForProd(Int64 tenantId) in F:\CWBworking\CWB.ProductionPlanWO\Services\WOService.cs:line 4346
   at CWB.ProductionPlanWO.Controllers.WOController.AllProductionWoReadForProd(Int64 tenantId) in F:\CWBworking\CWB.ProductionPlanWO\Controllers\WOController.cs:line 1697
   at Microsoft.AspNetCore.Mvc.Infrastructure.ActionMethodExecutor.TaskOfIActionResultExecutor.Execute(IActionResultTypeMapper mapper, ObjectMethodExecutor executor, Object controller, Object[] arguments)
   at Microsoft.AspNetCore.Mvc.Infrastructure.ControllerActionInvoker.<InvokeActionMethodAsync>g__Awaited|12_0(ControllerActionInvoker invoker, ValueTask`1 actionResultValueTask)
   at Microsoft.AspNetCore.Mvc.Infrastructure.ControllerActionInvoker.<InvokeNextActionFilterAsync>g__Awaited|10_0(ControllerActionInvoker invoker, Task lastTask, State next, Scope scope, Object state, Boolean isCompleted)
   at Microsoft.AspNetCore.Mvc.Infrastructure.ControllerActionInvoker.Rethrow(ActionExecutedContextSealed context)
   at Microsoft.AspNetCore.Mvc.Infrastructure.ControllerActionInvoker.Next(State& next, Scope& scope, Object& state, Boolean& isCompleted)
   at Microsoft.AspNetCore.Mvc.Infrastructure.ControllerActionInvoker.InvokeInnerFilterAsync()
--- End of stack trace from previous location where exception was thrown ---
   at Microsoft.AspNetCore.Mvc.Infrastructure.ResourceInvoker.<InvokeFilterPipelineAsync>g__Awaited|19_0(ResourceInvoker invoker, Task lastTask, State next, Scope scope, Object state, Boolean isCompleted)
   at Microsoft.AspNetCore.Mvc.Infrastructure.ResourceInvoker.<InvokeAsync>g__Awaited|17_0(ResourceInvoker invoker, Task task, IDisposable scope)
   at Microsoft.AspNetCore.Routing.EndpointMiddleware.<Invoke>g__AwaitRequestTask|6_0(Endpoint endpoint, Task requestTask, ILogger logger)
   at Microsoft.AspNetCore.Authorization.AuthorizationMiddleware.Invoke(HttpContext context)
   at Microsoft.AspNetCore.Authentication.AuthenticationMiddleware.Invoke(HttpContext context)
   at CWB.ExceptionHandling.ExceptionMiddleware.InvokeAsync(HttpContext httpContext) in F:\CWBworking\CWB.ExceptionHandling\ExceptionMiddleware.cs:line 26
2026-02-18 08:03:39.4282 ERROR Error: AutoMapper.AutoMapperMappingException: Error mapping types.

Mapping types:
EntityQueryable`1 -> IEnumerable`1
Microsoft.EntityFrameworkCore.Query.Internal.EntityQueryable`1[[CWB.ProductionPlanWO.Domain.ProcPlan, CWB.ProductionPlanWO, Version=1.0.0.0, Culture=neutral, PublicKeyToken=null]] -> System.Collections.Generic.IEnumerable`1[[CWB.ProductionPlanWO.ViewModels.ProcPlanVM, CWB.ProductionPlanWO, Version=1.0.0.0, Culture=neutral, PublicKeyToken=null]]
 ---> System.InvalidOperationException: A second operation was started on this context before a previous operation completed. This is usually caused by different threads concurrently using the same instance of DbContext. For more information on how to avoid threading issues with DbContext, see https://go.microsoft.com/fwlink/?linkid=2097913.
   at Microsoft.EntityFrameworkCore.Internal.ConcurrencyDetector.EnterCriticalSection()
   at Microsoft.EntityFrameworkCore.Query.Internal.SingleQueryingEnumerable`1.Enumerator.MoveNext()
   at lambda_method(Closure , Object , IEnumerable`1 , ResolutionContext )
   --- End of inner exception stack trace ---
   at lambda_method(Closure , Object , IEnumerable`1 , ResolutionContext )
   at CWB.ProductionPlanWO.Services.WOService.AllProcPlan(Int64 tenantId) in F:\CWBworking\CWB.ProductionPlanWO\Services\WOService.cs:line 773
   at CWB.ProductionPlanWO.Services.WOService.AllProductionWoReadForProd(Int64 tenantId) in F:\CWBworking\CWB.ProductionPlanWO\Services\WOService.cs:line 4346
   at CWB.ProductionPlanWO.Controllers.WOController.AllProductionWoReadForProd(Int64 tenantId) in F:\CWBworking\CWB.ProductionPlanWO\Controllers\WOController.cs:line 1697
   at Microsoft.AspNetCore.Mvc.Infrastructure.ActionMethodExecutor.TaskOfIActionResultExecutor.Execute(IActionResultTypeMapper mapper, ObjectMethodExecutor executor, Object controller, Object[] arguments)
   at Microsoft.AspNetCore.Mvc.Infrastructure.ControllerActionInvoker.<InvokeActionMethodAsync>g__Awaited|12_0(ControllerActionInvoker invoker, ValueTask`1 actionResultValueTask)
   at Microsoft.AspNetCore.Mvc.Infrastructure.ControllerActionInvoker.<InvokeNextActionFilterAsync>g__Awaited|10_0(ControllerActionInvoker invoker, Task lastTask, State next, Scope scope, Object state, Boolean isCompleted)
   at Microsoft.AspNetCore.Mvc.Infrastructure.ControllerActionInvoker.Rethrow(ActionExecutedContextSealed context)
   at Microsoft.AspNetCore.Mvc.Infrastructure.ControllerActionInvoker.Next(State& next, Scope& scope, Object& state, Boolean& isCompleted)
   at Microsoft.AspNetCore.Mvc.Infrastructure.ControllerActionInvoker.<InvokeInnerFilterAsync>g__Awaited|13_0(ControllerActionInvoker invoker, Task lastTask, State next, Scope scope, Object state, Boolean isCompleted)
   at Microsoft.AspNetCore.Mvc.Infrastructure.ResourceInvoker.<InvokeFilterPipelineAsync>g__Awaited|19_0(ResourceInvoker invoker, Task lastTask, State next, Scope scope, Object state, Boolean isCompleted)
   at Microsoft.AspNetCore.Mvc.Infrastructure.ResourceInvoker.<InvokeAsync>g__Awaited|17_0(ResourceInvoker invoker, Task task, IDisposable scope)
   at Microsoft.AspNetCore.Routing.EndpointMiddleware.<Invoke>g__AwaitRequestTask|6_0(Endpoint endpoint, Task requestTask, ILogger logger)
   at Microsoft.AspNetCore.Authorization.AuthorizationMiddleware.Invoke(HttpContext context)
   at Microsoft.AspNetCore.Authentication.AuthenticationMiddleware.Invoke(HttpContext context)
   at CWB.ExceptionHandling.ExceptionMiddleware.InvokeAsync(HttpContext httpContext) in F:\CWBworking\CWB.ExceptionHandling\ExceptionMiddleware.cs:line 26
2026-02-18 08:03:43.2893 ERROR Error: AutoMapper.AutoMapperMappingException: Error mapping types.

Mapping types:
EntityQueryable`1 -> IEnumerable`1
Microsoft.EntityFrameworkCore.Query.Internal.EntityQueryable`1[[CWB.ProductionPlanWO.Domain.ProcPlan, CWB.ProductionPlanWO, Version=1.0.0.0, Culture=neutral, PublicKeyToken=null]] -> System.Collections.Generic.IEnumerable`1[[CWB.ProductionPlanWO.ViewModels.ProcPlanVM, CWB.ProductionPlanWO, Version=1.0.0.0, Culture=neutral, PublicKeyToken=null]]
 ---> System.InvalidOperationException: A second operation was started on this context before a previous operation completed. This is usually caused by different threads concurrently using the same instance of DbContext. For more information on how to avoid threading issues with DbContext, see https://go.microsoft.com/fwlink/?linkid=2097913.
   at Microsoft.EntityFrameworkCore.Internal.ConcurrencyDetector.EnterCriticalSection()
   at Microsoft.EntityFrameworkCore.Query.Internal.SingleQueryingEnumerable`1.Enumerator.MoveNext()
   at lambda_method(Closure , Object , IEnumerable`1 , ResolutionContext )
   --- End of inner exception stack trace ---
   at lambda_method(Closure , Object , IEnumerable`1 , ResolutionContext )
   at CWB.ProductionPlanWO.Services.WOService.AllProcPlan(Int64 tenantId) in F:\CWBworking\CWB.ProductionPlanWO\Services\WOService.cs:line 773
   at CWB.ProductionPlanWO.Services.WOService.AllProductionWoReadForProd(Int64 tenantId) in F:\CWBworking\CWB.ProductionPlanWO\Services\WOService.cs:line 4346
   at CWB.ProductionPlanWO.Controllers.WOController.AllProductionWoReadForProd(Int64 tenantId) in F:\CWBworking\CWB.ProductionPlanWO\Controllers\WOController.cs:line 1697
   at Microsoft.AspNetCore.Mvc.Infrastructure.ActionMethodExecutor.TaskOfIActionResultExecutor.Execute(IActionResultTypeMapper mapper, ObjectMethodExecutor executor, Object controller, Object[] arguments)
   at Microsoft.AspNetCore.Mvc.Infrastructure.ControllerActionInvoker.<InvokeActionMethodAsync>g__Awaited|12_0(ControllerActionInvoker invoker, ValueTask`1 actionResultValueTask)
   at Microsoft.AspNetCore.Mvc.Infrastructure.ControllerActionInvoker.<InvokeNextActionFilterAsync>g__Awaited|10_0(ControllerActionInvoker invoker, Task lastTask, State next, Scope scope, Object state, Boolean isCompleted)
   at Microsoft.AspNetCore.Mvc.Infrastructure.ControllerActionInvoker.Rethrow(ActionExecutedContextSealed context)
   at Microsoft.AspNetCore.Mvc.Infrastructure.ControllerActionInvoker.Next(State& next, Scope& scope, Object& state, Boolean& isCompleted)
   at Microsoft.AspNetCore.Mvc.Infrastructure.ControllerActionInvoker.InvokeInnerFilterAsync()
--- End of stack trace from previous location where exception was thrown ---
   at Microsoft.AspNetCore.Mvc.Infrastructure.ResourceInvoker.<InvokeFilterPipelineAsync>g__Awaited|19_0(ResourceInvoker invoker, Task lastTask, State next, Scope scope, Object state, Boolean isCompleted)
   at Microsoft.AspNetCore.Mvc.Infrastructure.ResourceInvoker.<InvokeAsync>g__Awaited|17_0(ResourceInvoker invoker, Task task, IDisposable scope)
   at Microsoft.AspNetCore.Routing.EndpointMiddleware.<Invoke>g__AwaitRequestTask|6_0(Endpoint endpoint, Task requestTask, ILogger logger)
   at Microsoft.AspNetCore.Authorization.AuthorizationMiddleware.Invoke(HttpContext context)
   at Microsoft.AspNetCore.Authentication.AuthenticationMiddleware.Invoke(HttpContext context)
   at CWB.ExceptionHandling.ExceptionMiddleware.InvokeAsync(HttpContext httpContext) in F:\CWBworking\CWB.ExceptionHandling\ExceptionMiddleware.cs:line 26
2026-02-18 08:07:39.3341 ERROR Error: AutoMapper.AutoMapperMappingException: Error mapping types.

Mapping types:
EntityQueryable`1 -> IEnumerable`1
Microsoft.EntityFrameworkCore.Query.Internal.EntityQueryable`1[[CWB.ProductionPlanWO.Domain.ProcPlan, CWB.ProductionPlanWO, Version=1.0.0.0, Culture=neutral, PublicKeyToken=null]] -> System.Collections.Generic.IEnumerable`1[[CWB.ProductionPlanWO.ViewModels.ProcPlanVM, CWB.ProductionPlanWO, Version=1.0.0.0, Culture=neutral, PublicKeyToken=null]]
 ---> System.InvalidOperationException: A second operation was started on this context before a previous operation completed. This is usually caused by different threads concurrently using the same instance of DbContext. For more information on how to avoid threading issues with DbContext, see https://go.microsoft.com/fwlink/?linkid=2097913.
   at Microsoft.EntityFrameworkCore.Internal.ConcurrencyDetector.EnterCriticalSection()
   at Microsoft.EntityFrameworkCore.Query.Internal.SingleQueryingEnumerable`1.Enumerator.MoveNext()
   at lambda_method(Closure , Object , IEnumerable`1 , ResolutionContext )
   --- End of inner exception stack trace ---
   at lambda_method(Closure , Object , IEnumerable`1 , ResolutionContext )
   at CWB.ProductionPlanWO.Services.WOService.AllProcPlan(Int64 tenantId) in F:\CWBworking\CWB.ProductionPlanWO\Services\WOService.cs:line 773
   at CWB.ProductionPlanWO.Services.WOService.AllProductionWoReadForProd(Int64 tenantId) in F:\CWBworking\CWB.ProductionPlanWO\Services\WOService.cs:line 4346
   at CWB.ProductionPlanWO.Controllers.WOController.AllProductionWoReadForProd(Int64 tenantId) in F:\CWBworking\CWB.ProductionPlanWO\Controllers\WOController.cs:line 1697
   at Microsoft.AspNetCore.Mvc.Infrastructure.ActionMethodExecutor.TaskOfIActionResultExecutor.Execute(IActionResultTypeMapper mapper, ObjectMethodExecutor executor, Object controller, Object[] arguments)
   at Microsoft.AspNetCore.Mvc.Infrastructure.ControllerActionInvoker.<InvokeActionMethodAsync>g__Awaited|12_0(ControllerActionInvoker invoker, ValueTask`1 actionResultValueTask)
   at Microsoft.AspNetCore.Mvc.Infrastructure.ControllerActionInvoker.<InvokeNextActionFilterAsync>g__Awaited|10_0(ControllerActionInvoker invoker, Task lastTask, State next, Scope scope, Object state, Boolean isCompleted)
   at Microsoft.AspNetCore.Mvc.Infrastructure.ControllerActionInvoker.Rethrow(ActionExecutedContextSealed context)
   at Microsoft.AspNetCore.Mvc.Infrastructure.ControllerActionInvoker.Next(State& next, Scope& scope, Object& state, Boolean& isCompleted)
   at Microsoft.AspNetCore.Mvc.Infrastructure.ControllerActionInvoker.<InvokeInnerFilterAsync>g__Awaited|13_0(ControllerActionInvoker invoker, Task lastTask, State next, Scope scope, Object state, Boolean isCompleted)
   at Microsoft.AspNetCore.Mvc.Infrastructure.ResourceInvoker.<InvokeFilterPipelineAsync>g__Awaited|19_0(ResourceInvoker invoker, Task lastTask, State next, Scope scope, Object state, Boolean isCompleted)
   at Microsoft.AspNetCore.Mvc.Infrastructure.ResourceInvoker.<InvokeAsync>g__Awaited|17_0(ResourceInvoker invoker, Task task, IDisposable scope)
   at Microsoft.AspNetCore.Routing.EndpointMiddleware.<Invoke>g__AwaitRequestTask|6_0(Endpoint endpoint, Task requestTask, ILogger logger)
   at Microsoft.AspNetCore.Authorization.AuthorizationMiddleware.Invoke(HttpContext context)
   at Microsoft.AspNetCore.Authentication.AuthenticationMiddleware.Invoke(HttpContext context)
   at CWB.ExceptionHandling.ExceptionMiddleware.InvokeAsync(HttpContext httpContext) in F:\CWBworking\CWB.ExceptionHandling\ExceptionMiddleware.cs:line 26
2026-02-18 08:07:55.0792 ERROR Error: System.InvalidOperationException: A second operation was started on this context before a previous operation completed. This is usually caused by different threads concurrently using the same instance of DbContext. For more information on how to avoid threading issues with DbContext, see https://go.microsoft.com/fwlink/?linkid=2097913.
   at Microsoft.EntityFrameworkCore.Internal.ConcurrencyDetector.EnterCriticalSection()
   at Microsoft.EntityFrameworkCore.Query.Internal.SingleQueryingEnumerable`1.AsyncEnumerator.MoveNextAsync()
   at Microsoft.EntityFrameworkCore.EntityFrameworkQueryableExtensions.ToListAsync[TSource](IQueryable`1 source, CancellationToken cancellationToken)
   at Microsoft.EntityFrameworkCore.EntityFrameworkQueryableExtensions.ToListAsync[TSource](IQueryable`1 source, CancellationToken cancellationToken)
   at CWB.CommonUtils.Common.Repositories.Repository`1.AwaitGetRangeAsync(Expression`1 predicate) in F:\CWBworking\CWB.CommonUtils\Common\Repositories\Repository.cs:line 36
   at CWB.ProductionPlanWO.Services.WOService.GetAllInsp_Outcome_Details(Int64 tenantId) in F:\CWBworking\CWB.ProductionPlanWO\Services\WOService.cs:line 1108
   at CWB.ProductionPlanWO.Services.WOService.AllProductionWoReadForProd(Int64 tenantId) in F:\CWBworking\CWB.ProductionPlanWO\Services\WOService.cs:line 4346
   at CWB.ProductionPlanWO.Controllers.WOController.AllProductionWoReadForProd(Int64 tenantId) in F:\CWBworking\CWB.ProductionPlanWO\Controllers\WOController.cs:line 1697
   at Microsoft.AspNetCore.Mvc.Infrastructure.ActionMethodExecutor.TaskOfIActionResultExecutor.Execute(IActionResultTypeMapper mapper, ObjectMethodExecutor executor, Object controller, Object[] arguments)
   at Microsoft.AspNetCore.Mvc.Infrastructure.ControllerActionInvoker.<InvokeActionMethodAsync>g__Awaited|12_0(ControllerActionInvoker invoker, ValueTask`1 actionResultValueTask)
   at Microsoft.AspNetCore.Mvc.Infrastructure.ControllerActionInvoker.<InvokeNextActionFilterAsync>g__Awaited|10_0(ControllerActionInvoker invoker, Task lastTask, State next, Scope scope, Object state, Boolean isCompleted)
   at Microsoft.AspNetCore.Mvc.Infrastructure.ControllerActionInvoker.Rethrow(ActionExecutedContextSealed context)
   at Microsoft.AspNetCore.Mvc.Infrastructure.ControllerActionInvoker.Next(State& next, Scope& scope, Object& state, Boolean& isCompleted)
   at Microsoft.AspNetCore.Mvc.Infrastructure.ControllerActionInvoker.<InvokeInnerFilterAsync>g__Awaited|13_0(ControllerActionInvoker invoker, Task lastTask, State next, Scope scope, Object state, Boolean isCompleted)
   at Microsoft.AspNetCore.Mvc.Infrastructure.ResourceInvoker.<InvokeFilterPipelineAsync>g__Awaited|19_0(ResourceInvoker invoker, Task lastTask, State next, Scope scope, Object state, Boolean isCompleted)
   at Microsoft.AspNetCore.Mvc.Infrastructure.ResourceInvoker.<InvokeAsync>g__Awaited|17_0(ResourceInvoker invoker, Task task, IDisposable scope)
   at Microsoft.AspNetCore.Routing.EndpointMiddleware.<Invoke>g__AwaitRequestTask|6_0(Endpoint endpoint, Task requestTask, ILogger logger)
   at Microsoft.AspNetCore.Authorization.AuthorizationMiddleware.Invoke(HttpContext context)
   at Microsoft.AspNetCore.Authentication.AuthenticationMiddleware.Invoke(HttpContext context)
   at CWB.ExceptionHandling.ExceptionMiddleware.InvokeAsync(HttpContext httpContext) in F:\CWBworking\CWB.ExceptionHandling\ExceptionMiddleware.cs:line 26
2026-02-18 08:08:30.9632 ERROR Error: AutoMapper.AutoMapperMappingException: Error mapping types.

Mapping types:
EntityQueryable`1 -> IEnumerable`1
Microsoft.EntityFrameworkCore.Query.Internal.EntityQueryable`1[[CWB.ProductionPlanWO.Domain.ProcPlan, CWB.ProductionPlanWO, Version=1.0.0.0, Culture=neutral, PublicKeyToken=null]] -> System.Collections.Generic.IEnumerable`1[[CWB.ProductionPlanWO.ViewModels.ProcPlanVM, CWB.ProductionPlanWO, Version=1.0.0.0, Culture=neutral, PublicKeyToken=null]]
 ---> System.InvalidOperationException: A second operation was started on this context before a previous operation completed. This is usually caused by different threads concurrently using the same instance of DbContext. For more information on how to avoid threading issues with DbContext, see https://go.microsoft.com/fwlink/?linkid=2097913.
   at Microsoft.EntityFrameworkCore.Internal.ConcurrencyDetector.EnterCriticalSection()
   at Microsoft.EntityFrameworkCore.Query.Internal.SingleQueryingEnumerable`1.Enumerator.MoveNext()
   at lambda_method(Closure , Object , IEnumerable`1 , ResolutionContext )
   --- End of inner exception stack trace ---
   at lambda_method(Closure , Object , IEnumerable`1 , ResolutionContext )
   at CWB.ProductionPlanWO.Services.WOService.AllProcPlan(Int64 tenantId) in F:\CWBworking\CWB.ProductionPlanWO\Services\WOService.cs:line 773
   at CWB.ProductionPlanWO.Services.WOService.AllProductionWoReadForProd(Int64 tenantId) in F:\CWBworking\CWB.ProductionPlanWO\Services\WOService.cs:line 4346
   at CWB.ProductionPlanWO.Controllers.WOController.AllProductionWoReadForProd(Int64 tenantId) in F:\CWBworking\CWB.ProductionPlanWO\Controllers\WOController.cs:line 1697
   at Microsoft.AspNetCore.Mvc.Infrastructure.ActionMethodExecutor.TaskOfIActionResultExecutor.Execute(IActionResultTypeMapper mapper, ObjectMethodExecutor executor, Object controller, Object[] arguments)
   at Microsoft.AspNetCore.Mvc.Infrastructure.ControllerActionInvoker.<InvokeActionMethodAsync>g__Awaited|12_0(ControllerActionInvoker invoker, ValueTask`1 actionResultValueTask)
   at Microsoft.AspNetCore.Mvc.Infrastructure.ControllerActionInvoker.<InvokeNextActionFilterAsync>g__Awaited|10_0(ControllerActionInvoker invoker, Task lastTask, State next, Scope scope, Object state, Boolean isCompleted)
   at Microsoft.AspNetCore.Mvc.Infrastructure.ControllerActionInvoker.Rethrow(ActionExecutedContextSealed context)
   at Microsoft.AspNetCore.Mvc.Infrastructure.ControllerActionInvoker.Next(State& next, Scope& scope, Object& state, Boolean& isCompleted)
   at Microsoft.AspNetCore.Mvc.Infrastructure.ControllerActionInvoker.<InvokeInnerFilterAsync>g__Awaited|13_0(ControllerActionInvoker invoker, Task lastTask, State next, Scope scope, Object state, Boolean isCompleted)
   at Microsoft.AspNetCore.Mvc.Infrastructure.ResourceInvoker.<InvokeFilterPipelineAsync>g__Awaited|19_0(ResourceInvoker invoker, Task lastTask, State next, Scope scope, Object state, Boolean isCompleted)
   at Microsoft.AspNetCore.Mvc.Infrastructure.ResourceInvoker.<InvokeAsync>g__Awaited|17_0(ResourceInvoker invoker, Task task, IDisposable scope)
   at Microsoft.AspNetCore.Routing.EndpointMiddleware.<Invoke>g__AwaitRequestTask|6_0(Endpoint endpoint, Task requestTask, ILogger logger)
   at Microsoft.AspNetCore.Authorization.AuthorizationMiddleware.Invoke(HttpContext context)
   at Microsoft.AspNetCore.Authentication.AuthenticationMiddleware.Invoke(HttpContext context)
   at CWB.ExceptionHandling.ExceptionMiddleware.InvokeAsync(HttpContext httpContext) in F:\CWBworking\CWB.ExceptionHandling\ExceptionMiddleware.cs:line 26
2026-02-18 08:08:57.1085 ERROR Error: AutoMapper.AutoMapperMappingException: Error mapping types.

Mapping types:
EntityQueryable`1 -> IEnumerable`1
Microsoft.EntityFrameworkCore.Query.Internal.EntityQueryable`1[[CWB.ProductionPlanWO.Domain.ProcPlan, CWB.ProductionPlanWO, Version=1.0.0.0, Culture=neutral, PublicKeyToken=null]] -> System.Collections.Generic.IEnumerable`1[[CWB.ProductionPlanWO.ViewModels.ProcPlanVM, CWB.ProductionPlanWO, Version=1.0.0.0, Culture=neutral, PublicKeyToken=null]]
 ---> System.InvalidOperationException: A second operation was started on this context before a previous operation completed. This is usually caused by different threads concurrently using the same instance of DbContext. For more information on how to avoid threading issues with DbContext, see https://go.microsoft.com/fwlink/?linkid=2097913.
   at Microsoft.EntityFrameworkCore.Internal.ConcurrencyDetector.EnterCriticalSection()
   at Microsoft.EntityFrameworkCore.Query.Internal.SingleQueryingEnumerable`1.Enumerator.MoveNext()
   at lambda_method(Closure , Object , IEnumerable`1 , ResolutionContext )
   --- End of inner exception stack trace ---
   at lambda_method(Closure , Object , IEnumerable`1 , ResolutionContext )
   at CWB.ProductionPlanWO.Services.WOService.AllProcPlan(Int64 tenantId) in F:\CWBworking\CWB.ProductionPlanWO\Services\WOService.cs:line 773
   at CWB.ProductionPlanWO.Services.WOService.AllProductionWoReadForProd(Int64 tenantId) in F:\CWBworking\CWB.ProductionPlanWO\Services\WOService.cs:line 4346
   at CWB.ProductionPlanWO.Controllers.WOController.AllProductionWoReadForProd(Int64 tenantId) in F:\CWBworking\CWB.ProductionPlanWO\Controllers\WOController.cs:line 1697
   at Microsoft.AspNetCore.Mvc.Infrastructure.ActionMethodExecutor.TaskOfIActionResultExecutor.Execute(IActionResultTypeMapper mapper, ObjectMethodExecutor executor, Object controller, Object[] arguments)
   at Microsoft.AspNetCore.Mvc.Infrastructure.ControllerActionInvoker.<InvokeActionMethodAsync>g__Awaited|12_0(ControllerActionInvoker invoker, ValueTask`1 actionResultValueTask)
   at Microsoft.AspNetCore.Mvc.Infrastructure.ControllerActionInvoker.<InvokeNextActionFilterAsync>g__Awaited|10_0(ControllerActionInvoker invoker, Task lastTask, State next, Scope scope, Object state, Boolean isCompleted)
   at Microsoft.AspNetCore.Mvc.Infrastructure.ControllerActionInvoker.Rethrow(ActionExecutedContextSealed context)
   at Microsoft.AspNetCore.Mvc.Infrastructure.ControllerActionInvoker.Next(State& next, Scope& scope, Object& state, Boolean& isCompleted)
   at Microsoft.AspNetCore.Mvc.Infrastructure.ControllerActionInvoker.<InvokeInnerFilterAsync>g__Awaited|13_0(ControllerActionInvoker invoker, Task lastTask, State next, Scope scope, Object state, Boolean isCompleted)
   at Microsoft.AspNetCore.Mvc.Infrastructure.ResourceInvoker.<InvokeFilterPipelineAsync>g__Awaited|19_0(ResourceInvoker invoker, Task lastTask, State next, Scope scope, Object state, Boolean isCompleted)
   at Microsoft.AspNetCore.Mvc.Infrastructure.ResourceInvoker.<InvokeAsync>g__Awaited|17_0(ResourceInvoker invoker, Task task, IDisposable scope)
   at Microsoft.AspNetCore.Routing.EndpointMiddleware.<Invoke>g__AwaitRequestTask|6_0(Endpoint endpoint, Task requestTask, ILogger logger)
   at Microsoft.AspNetCore.Authorization.AuthorizationMiddleware.Invoke(HttpContext context)
   at Microsoft.AspNetCore.Authentication.AuthenticationMiddleware.Invoke(HttpContext context)
   at CWB.ExceptionHandling.ExceptionMiddleware.InvokeAsync(HttpContext httpContext) in F:\CWBworking\CWB.ExceptionHandling\ExceptionMiddleware.cs:line 26
2026-02-18 09:00:47.7949 ERROR Error: AutoMapper.AutoMapperMappingException: Error mapping types.

Mapping types:
EntityQueryable`1 -> IEnumerable`1
Microsoft.EntityFrameworkCore.Query.Internal.EntityQueryable`1[[CWB.ProductionPlanWO.Domain.ProcPlan, CWB.ProductionPlanWO, Version=1.0.0.0, Culture=neutral, PublicKeyToken=null]] -> System.Collections.Generic.IEnumerable`1[[CWB.ProductionPlanWO.ViewModels.ProcPlanVM, CWB.ProductionPlanWO, Version=1.0.0.0, Culture=neutral, PublicKeyToken=null]]
 ---> System.InvalidOperationException: A second operation was started on this context before a previous operation completed. This is usually caused by different threads concurrently using the same instance of DbContext. For more information on how to avoid threading issues with DbContext, see https://go.microsoft.com/fwlink/?linkid=2097913.
   at Microsoft.EntityFrameworkCore.Internal.ConcurrencyDetector.EnterCriticalSection()
   at Microsoft.EntityFrameworkCore.Query.Internal.SingleQueryingEnumerable`1.Enumerator.MoveNext()
   at lambda_method(Closure , Object , IEnumerable`1 , ResolutionContext )
   --- End of inner exception stack trace ---
   at lambda_method(Closure , Object , IEnumerable`1 , ResolutionContext )
   at CWB.ProductionPlanWO.Services.WOService.AllProcPlan(Int64 tenantId) in F:\CWBworking\CWB.ProductionPlanWO\Services\WOService.cs:line 773
   at CWB.ProductionPlanWO.Services.WOService.GetAllReadyforProductionWo(Int64 tenantId) in F:\CWBworking\CWB.ProductionPlanWO\Services\WOService.cs:line 4438
   at CWB.ProductionPlanWO.Controllers.WOController.GetAllReadyforProductionWo(Int64 tenantId) in F:\CWBworking\CWB.ProductionPlanWO\Controllers\WOController.cs:line 1706
   at Microsoft.AspNetCore.Mvc.Infrastructure.ActionMethodExecutor.TaskOfIActionResultExecutor.Execute(IActionResultTypeMapper mapper, ObjectMethodExecutor executor, Object controller, Object[] arguments)
   at Microsoft.AspNetCore.Mvc.Infrastructure.ControllerActionInvoker.<InvokeActionMethodAsync>g__Awaited|12_0(ControllerActionInvoker invoker, ValueTask`1 actionResultValueTask)
   at Microsoft.AspNetCore.Mvc.Infrastructure.ControllerActionInvoker.<InvokeNextActionFilterAsync>g__Awaited|10_0(ControllerActionInvoker invoker, Task lastTask, State next, Scope scope, Object state, Boolean isCompleted)
   at Microsoft.AspNetCore.Mvc.Infrastructure.ControllerActionInvoker.Rethrow(ActionExecutedContextSealed context)
   at Microsoft.AspNetCore.Mvc.Infrastructure.ControllerActionInvoker.Next(State& next, Scope& scope, Object& state, Boolean& isCompleted)
   at Microsoft.AspNetCore.Mvc.Infrastructure.ControllerActionInvoker.InvokeInnerFilterAsync()
--- End of stack trace from previous location where exception was thrown ---
   at Microsoft.AspNetCore.Mvc.Infrastructure.ResourceInvoker.<InvokeFilterPipelineAsync>g__Awaited|19_0(ResourceInvoker invoker, Task lastTask, State next, Scope scope, Object state, Boolean isCompleted)
   at Microsoft.AspNetCore.Mvc.Infrastructure.ResourceInvoker.<InvokeAsync>g__Awaited|17_0(ResourceInvoker invoker, Task task, IDisposable scope)
   at Microsoft.AspNetCore.Routing.EndpointMiddleware.<Invoke>g__AwaitRequestTask|6_0(Endpoint endpoint, Task requestTask, ILogger logger)
   at Microsoft.AspNetCore.Authorization.AuthorizationMiddleware.Invoke(HttpContext context)
   at Microsoft.AspNetCore.Authentication.AuthenticationMiddleware.Invoke(HttpContext context)
   at Microsoft.AspNetCore.Routing.EndpointRoutingMiddleware.<Invoke>g__AwaitMatcher|8_0(EndpointRoutingMiddleware middleware, HttpContext httpContext, Task`1 matcherTask)
   at CWB.ExceptionHandling.ExceptionMiddleware.InvokeAsync(HttpContext httpContext) in F:\CWBworking\CWB.ExceptionHandling\ExceptionMiddleware.cs:line 26
2026-02-18 09:00:47.7949 ERROR Error: AutoMapper.AutoMapperMappingException: Error mapping types.

Mapping types:
EntityQueryable`1 -> IEnumerable`1
Microsoft.EntityFrameworkCore.Query.Internal.EntityQueryable`1[[CWB.ProductionPlanWO.Domain.ProcPlan, CWB.ProductionPlanWO, Version=1.0.0.0, Culture=neutral, PublicKeyToken=null]] -> System.Collections.Generic.IEnumerable`1[[CWB.ProductionPlanWO.ViewModels.ProcPlanVM, CWB.ProductionPlanWO, Version=1.0.0.0, Culture=neutral, PublicKeyToken=null]]
 ---> System.InvalidOperationException: A second operation was started on this context before a previous operation completed. This is usually caused by different threads concurrently using the same instance of DbContext. For more information on how to avoid threading issues with DbContext, see https://go.microsoft.com/fwlink/?linkid=2097913.
   at Microsoft.EntityFrameworkCore.Internal.ConcurrencyDetector.EnterCriticalSection()
   at Microsoft.EntityFrameworkCore.Query.Internal.SingleQueryingEnumerable`1.Enumerator.MoveNext()
   at lambda_method(Closure , Object , IEnumerable`1 , ResolutionContext )
   --- End of inner exception stack trace ---
   at lambda_method(Closure , Object , IEnumerable`1 , ResolutionContext )
   at CWB.ProductionPlanWO.Services.WOService.AllProcPlan(Int64 tenantId) in F:\CWBworking\CWB.ProductionPlanWO\Services\WOService.cs:line 773
   at CWB.ProductionPlanWO.Services.WOService.AllProductionWoReadForProd(Int64 tenantId) in F:\CWBworking\CWB.ProductionPlanWO\Services\WOService.cs:line 4346
   at CWB.ProductionPlanWO.Controllers.WOController.AllProductionWoReadForProd(Int64 tenantId) in F:\CWBworking\CWB.ProductionPlanWO\Controllers\WOController.cs:line 1697
   at Microsoft.AspNetCore.Mvc.Infrastructure.ActionMethodExecutor.TaskOfIActionResultExecutor.Execute(IActionResultTypeMapper mapper, ObjectMethodExecutor executor, Object controller, Object[] arguments)
   at Microsoft.AspNetCore.Mvc.Infrastructure.ControllerActionInvoker.<InvokeActionMethodAsync>g__Awaited|12_0(ControllerActionInvoker invoker, ValueTask`1 actionResultValueTask)
   at Microsoft.AspNetCore.Mvc.Infrastructure.ControllerActionInvoker.<InvokeNextActionFilterAsync>g__Awaited|10_0(ControllerActionInvoker invoker, Task lastTask, State next, Scope scope, Object state, Boolean isCompleted)
   at Microsoft.AspNetCore.Mvc.Infrastructure.ControllerActionInvoker.Rethrow(ActionExecutedContextSealed context)
   at Microsoft.AspNetCore.Mvc.Infrastructure.ControllerActionInvoker.Next(State& next, Scope& scope, Object& state, Boolean& isCompleted)
   at Microsoft.AspNetCore.Mvc.Infrastructure.ControllerActionInvoker.<InvokeInnerFilterAsync>g__Awaited|13_0(ControllerActionInvoker invoker, Task lastTask, State next, Scope scope, Object state, Boolean isCompleted)
   at Microsoft.AspNetCore.Mvc.Infrastructure.ResourceInvoker.<InvokeFilterPipelineAsync>g__Awaited|19_0(ResourceInvoker invoker, Task lastTask, State next, Scope scope, Object state, Boolean isCompleted)
   at Microsoft.AspNetCore.Mvc.Infrastructure.ResourceInvoker.<InvokeAsync>g__Awaited|17_0(ResourceInvoker invoker, Task task, IDisposable scope)
   at Microsoft.AspNetCore.Routing.EndpointMiddleware.<Invoke>g__AwaitRequestTask|6_0(Endpoint endpoint, Task requestTask, ILogger logger)
   at Microsoft.AspNetCore.Authorization.AuthorizationMiddleware.Invoke(HttpContext context)
   at Microsoft.AspNetCore.Authentication.AuthenticationMiddleware.Invoke(HttpContext context)
   at CWB.ExceptionHandling.ExceptionMiddleware.InvokeAsync(HttpContext httpContext) in F:\CWBworking\CWB.ExceptionHandling\ExceptionMiddleware.cs:line 26
2026-02-18 09:00:57.2112 ERROR Error: AutoMapper.AutoMapperMappingException: Error mapping types.

Mapping types:
EntityQueryable`1 -> IEnumerable`1
Microsoft.EntityFrameworkCore.Query.Internal.EntityQueryable`1[[CWB.ProductionPlanWO.Domain.ProcPlan, CWB.ProductionPlanWO, Version=1.0.0.0, Culture=neutral, PublicKeyToken=null]] -> System.Collections.Generic.IEnumerable`1[[CWB.ProductionPlanWO.ViewModels.ProcPlanVM, CWB.ProductionPlanWO, Version=1.0.0.0, Culture=neutral, PublicKeyToken=null]]
 ---> System.InvalidOperationException: A second operation was started on this context before a previous operation completed. This is usually caused by different threads concurrently using the same instance of DbContext. For more information on how to avoid threading issues with DbContext, see https://go.microsoft.com/fwlink/?linkid=2097913.
   at Microsoft.EntityFrameworkCore.Internal.ConcurrencyDetector.EnterCriticalSection()
   at Microsoft.EntityFrameworkCore.Query.Internal.SingleQueryingEnumerable`1.Enumerator.MoveNext()
   at lambda_method(Closure , Object , IEnumerable`1 , ResolutionContext )
   --- End of inner exception stack trace ---
   at lambda_method(Closure , Object , IEnumerable`1 , ResolutionContext )
   at CWB.ProductionPlanWO.Services.WOService.AllProcPlan(Int64 tenantId) in F:\CWBworking\CWB.ProductionPlanWO\Services\WOService.cs:line 773
   at CWB.ProductionPlanWO.Services.WOService.AllProductionWoReadForProd(Int64 tenantId) in F:\CWBworking\CWB.ProductionPlanWO\Services\WOService.cs:line 4346
   at CWB.ProductionPlanWO.Controllers.WOController.AllProductionWoReadForProd(Int64 tenantId) in F:\CWBworking\CWB.ProductionPlanWO\Controllers\WOController.cs:line 1697
   at Microsoft.AspNetCore.Mvc.Infrastructure.ActionMethodExecutor.TaskOfIActionResultExecutor.Execute(IActionResultTypeMapper mapper, ObjectMethodExecutor executor, Object controller, Object[] arguments)
   at Microsoft.AspNetCore.Mvc.Infrastructure.ControllerActionInvoker.<InvokeActionMethodAsync>g__Awaited|12_0(ControllerActionInvoker invoker, ValueTask`1 actionResultValueTask)
   at Microsoft.AspNetCore.Mvc.Infrastructure.ControllerActionInvoker.<InvokeNextActionFilterAsync>g__Awaited|10_0(ControllerActionInvoker invoker, Task lastTask, State next, Scope scope, Object state, Boolean isCompleted)
   at Microsoft.AspNetCore.Mvc.Infrastructure.ControllerActionInvoker.Rethrow(ActionExecutedContextSealed context)
   at Microsoft.AspNetCore.Mvc.Infrastructure.ControllerActionInvoker.Next(State& next, Scope& scope, Object& state, Boolean& isCompleted)
   at Microsoft.AspNetCore.Mvc.Infrastructure.ControllerActionInvoker.<InvokeInnerFilterAsync>g__Awaited|13_0(ControllerActionInvoker invoker, Task lastTask, State next, Scope scope, Object state, Boolean isCompleted)
   at Microsoft.AspNetCore.Mvc.Infrastructure.ResourceInvoker.<InvokeFilterPipelineAsync>g__Awaited|19_0(ResourceInvoker invoker, Task lastTask, State next, Scope scope, Object state, Boolean isCompleted)
   at Microsoft.AspNetCore.Mvc.Infrastructure.ResourceInvoker.<InvokeAsync>g__Awaited|17_0(ResourceInvoker invoker, Task task, IDisposable scope)
   at Microsoft.AspNetCore.Routing.EndpointMiddleware.<Invoke>g__AwaitRequestTask|6_0(Endpoint endpoint, Task requestTask, ILogger logger)
   at Microsoft.AspNetCore.Authorization.AuthorizationMiddleware.Invoke(HttpContext context)
   at Microsoft.AspNetCore.Authentication.AuthenticationMiddleware.Invoke(HttpContext context)
   at CWB.ExceptionHandling.ExceptionMiddleware.InvokeAsync(HttpContext httpContext) in F:\CWBworking\CWB.ExceptionHandling\ExceptionMiddleware.cs:line 26
2026-02-18 09:01:07.5688 ERROR Error: System.InvalidOperationException: A second operation was started on this context before a previous operation completed. This is usually caused by different threads concurrently using the same instance of DbContext. For more information on how to avoid threading issues with DbContext, see https://go.microsoft.com/fwlink/?linkid=2097913.
   at Microsoft.EntityFrameworkCore.Internal.ConcurrencyDetector.EnterCriticalSection()
   at Microsoft.EntityFrameworkCore.Query.Internal.SingleQueryingEnumerable`1.AsyncEnumerator.MoveNextAsync()
   at Microsoft.EntityFrameworkCore.EntityFrameworkQueryableExtensions.ToListAsync[TSource](IQueryable`1 source, CancellationToken cancellationToken)
   at Microsoft.EntityFrameworkCore.EntityFrameworkQueryableExtensions.ToListAsync[TSource](IQueryable`1 source, CancellationToken cancellationToken)
   at CWB.CommonUtils.Common.Repositories.Repository`1.AwaitGetRangeAsync(Expression`1 predicate) in F:\CWBworking\CWB.CommonUtils\Common\Repositories\Repository.cs:line 36
   at CWB.ProductionPlanWO.Services.WOService.AllProductionWo(Int64 tenantId) in F:\CWBworking\CWB.ProductionPlanWO\Services\WOService.cs:line 897
   at CWB.ProductionPlanWO.Services.WOService.AllProductionWoReadForProd(Int64 tenantId) in F:\CWBworking\CWB.ProductionPlanWO\Services\WOService.cs:line 4346
   at CWB.ProductionPlanWO.Controllers.WOController.AllProductionWoReadForProd(Int64 tenantId) in F:\CWBworking\CWB.ProductionPlanWO\Controllers\WOController.cs:line 1697
   at Microsoft.AspNetCore.Mvc.Infrastructure.ActionMethodExecutor.TaskOfIActionResultExecutor.Execute(IActionResultTypeMapper mapper, ObjectMethodExecutor executor, Object controller, Object[] arguments)
   at Microsoft.AspNetCore.Mvc.Infrastructure.ControllerActionInvoker.<InvokeActionMethodAsync>g__Awaited|12_0(ControllerActionInvoker invoker, ValueTask`1 actionResultValueTask)
   at Microsoft.AspNetCore.Mvc.Infrastructure.ControllerActionInvoker.<InvokeNextActionFilterAsync>g__Awaited|10_0(ControllerActionInvoker invoker, Task lastTask, State next, Scope scope, Object state, Boolean isCompleted)
   at Microsoft.AspNetCore.Mvc.Infrastructure.ControllerActionInvoker.Rethrow(ActionExecutedContextSealed context)
   at Microsoft.AspNetCore.Mvc.Infrastructure.ControllerActionInvoker.Next(State& next, Scope& scope, Object& state, Boolean& isCompleted)
   at Microsoft.AspNetCore.Mvc.Infrastructure.ControllerActionInvoker.<InvokeInnerFilterAsync>g__Awaited|13_0(ControllerActionInvoker invoker, Task lastTask, State next, Scope scope, Object state, Boolean isCompleted)
   at Microsoft.AspNetCore.Mvc.Infrastructure.ResourceInvoker.<InvokeFilterPipelineAsync>g__Awaited|19_0(ResourceInvoker invoker, Task lastTask, State next, Scope scope, Object state, Boolean isCompleted)
   at Microsoft.AspNetCore.Mvc.Infrastructure.ResourceInvoker.<InvokeAsync>g__Awaited|17_0(ResourceInvoker invoker, Task task, IDisposable scope)
   at Microsoft.AspNetCore.Routing.EndpointMiddleware.<Invoke>g__AwaitRequestTask|6_0(Endpoint endpoint, Task requestTask, ILogger logger)
   at Microsoft.AspNetCore.Authorization.AuthorizationMiddleware.Invoke(HttpContext context)
   at Microsoft.AspNetCore.Authentication.AuthenticationMiddleware.Invoke(HttpContext context)
   at CWB.ExceptionHandling.ExceptionMiddleware.InvokeAsync(HttpContext httpContext) in F:\CWBworking\CWB.ExceptionHandling\ExceptionMiddleware.cs:line 26
2026-02-18 09:01:12.1653 ERROR Error: AutoMapper.AutoMapperMappingException: Error mapping types.

Mapping types:
EntityQueryable`1 -> IEnumerable`1
Microsoft.EntityFrameworkCore.Query.Internal.EntityQueryable`1[[CWB.ProductionPlanWO.Domain.ProcPlan, CWB.ProductionPlanWO, Version=1.0.0.0, Culture=neutral, PublicKeyToken=null]] -> System.Collections.Generic.IEnumerable`1[[CWB.ProductionPlanWO.ViewModels.ProcPlanVM, CWB.ProductionPlanWO, Version=1.0.0.0, Culture=neutral, PublicKeyToken=null]]
 ---> System.InvalidOperationException: A second operation was started on this context before a previous operation completed. This is usually caused by different threads concurrently using the same instance of DbContext. For more information on how to avoid threading issues with DbContext, see https://go.microsoft.com/fwlink/?linkid=2097913.
   at Microsoft.EntityFrameworkCore.Internal.ConcurrencyDetector.EnterCriticalSection()
   at Microsoft.EntityFrameworkCore.Query.Internal.SingleQueryingEnumerable`1.Enumerator.MoveNext()
   at lambda_method(Closure , Object , IEnumerable`1 , ResolutionContext )
   --- End of inner exception stack trace ---
   at lambda_method(Closure , Object , IEnumerable`1 , ResolutionContext )
   at CWB.ProductionPlanWO.Services.WOService.AllProcPlan(Int64 tenantId) in F:\CWBworking\CWB.ProductionPlanWO\Services\WOService.cs:line 773
   at CWB.ProductionPlanWO.Services.WOService.AllProductionWoReadForProd(Int64 tenantId) in F:\CWBworking\CWB.ProductionPlanWO\Services\WOService.cs:line 4346
   at CWB.ProductionPlanWO.Controllers.WOController.AllProductionWoReadForProd(Int64 tenantId) in F:\CWBworking\CWB.ProductionPlanWO\Controllers\WOController.cs:line 1697
   at Microsoft.AspNetCore.Mvc.Infrastructure.ActionMethodExecutor.TaskOfIActionResultExecutor.Execute(IActionResultTypeMapper mapper, ObjectMethodExecutor executor, Object controller, Object[] arguments)
   at Microsoft.AspNetCore.Mvc.Infrastructure.ControllerActionInvoker.<InvokeActionMethodAsync>g__Awaited|12_0(ControllerActionInvoker invoker, ValueTask`1 actionResultValueTask)
   at Microsoft.AspNetCore.Mvc.Infrastructure.ControllerActionInvoker.<InvokeNextActionFilterAsync>g__Awaited|10_0(ControllerActionInvoker invoker, Task lastTask, State next, Scope scope, Object state, Boolean isCompleted)
   at Microsoft.AspNetCore.Mvc.Infrastructure.ControllerActionInvoker.Rethrow(ActionExecutedContextSealed context)
   at Microsoft.AspNetCore.Mvc.Infrastructure.ControllerActionInvoker.Next(State& next, Scope& scope, Object& state, Boolean& isCompleted)
   at Microsoft.AspNetCore.Mvc.Infrastructure.ControllerActionInvoker.<InvokeInnerFilterAsync>g__Awaited|13_0(ControllerActionInvoker invoker, Task lastTask, State next, Scope scope, Object state, Boolean isCompleted)
   at Microsoft.AspNetCore.Mvc.Infrastructure.ResourceInvoker.<InvokeFilterPipelineAsync>g__Awaited|19_0(ResourceInvoker invoker, Task lastTask, State next, Scope scope, Object state, Boolean isCompleted)
   at Microsoft.AspNetCore.Mvc.Infrastructure.ResourceInvoker.<InvokeAsync>g__Awaited|17_0(ResourceInvoker invoker, Task task, IDisposable scope)
   at Microsoft.AspNetCore.Routing.EndpointMiddleware.<Invoke>g__AwaitRequestTask|6_0(Endpoint endpoint, Task requestTask, ILogger logger)
   at Microsoft.AspNetCore.Authorization.AuthorizationMiddleware.Invoke(HttpContext context)
   at Microsoft.AspNetCore.Authentication.AuthenticationMiddleware.Invoke(HttpContext context)
   at CWB.ExceptionHandling.ExceptionMiddleware.InvokeAsync(HttpContext httpContext) in F:\CWBworking\CWB.ExceptionHandling\ExceptionMiddleware.cs:line 26
2026-02-18 09:02:48.3592 ERROR Error: AutoMapper.AutoMapperMappingException: Error mapping types.

Mapping types:
EntityQueryable`1 -> IEnumerable`1
Microsoft.EntityFrameworkCore.Query.Internal.EntityQueryable`1[[CWB.ProductionPlanWO.Domain.ProcPlan, CWB.ProductionPlanWO, Version=1.0.0.0, Culture=neutral, PublicKeyToken=null]] -> System.Collections.Generic.IEnumerable`1[[CWB.ProductionPlanWO.ViewModels.ProcPlanVM, CWB.ProductionPlanWO, Version=1.0.0.0, Culture=neutral, PublicKeyToken=null]]
 ---> System.InvalidOperationException: A second operation was started on this context before a previous operation completed. This is usually caused by different threads concurrently using the same instance of DbContext. For more information on how to avoid threading issues with DbContext, see https://go.microsoft.com/fwlink/?linkid=2097913.
   at Microsoft.EntityFrameworkCore.Internal.ConcurrencyDetector.EnterCriticalSection()
   at Microsoft.EntityFrameworkCore.Query.Internal.SingleQueryingEnumerable`1.Enumerator.MoveNext()
   at lambda_method(Closure , Object , IEnumerable`1 , ResolutionContext )
   --- End of inner exception stack trace ---
   at lambda_method(Closure , Object , IEnumerable`1 , ResolutionContext )
   at CWB.ProductionPlanWO.Services.WOService.AllProcPlan(Int64 tenantId) in F:\CWBworking\CWB.ProductionPlanWO\Services\WOService.cs:line 773
   at CWB.ProductionPlanWO.Services.WOService.AllProductionWoReadForProd(Int64 tenantId) in F:\CWBworking\CWB.ProductionPlanWO\Services\WOService.cs:line 4346
   at CWB.ProductionPlanWO.Controllers.WOController.AllProductionWoReadForProd(Int64 tenantId) in F:\CWBworking\CWB.ProductionPlanWO\Controllers\WOController.cs:line 1697
   at Microsoft.AspNetCore.Mvc.Infrastructure.ActionMethodExecutor.TaskOfIActionResultExecutor.Execute(IActionResultTypeMapper mapper, ObjectMethodExecutor executor, Object controller, Object[] arguments)
   at Microsoft.AspNetCore.Mvc.Infrastructure.ControllerActionInvoker.<InvokeActionMethodAsync>g__Awaited|12_0(ControllerActionInvoker invoker, ValueTask`1 actionResultValueTask)
   at Microsoft.AspNetCore.Mvc.Infrastructure.ControllerActionInvoker.<InvokeNextActionFilterAsync>g__Awaited|10_0(ControllerActionInvoker invoker, Task lastTask, State next, Scope scope, Object state, Boolean isCompleted)
   at Microsoft.AspNetCore.Mvc.Infrastructure.ControllerActionInvoker.Rethrow(ActionExecutedContextSealed context)
   at Microsoft.AspNetCore.Mvc.Infrastructure.ControllerActionInvoker.Next(State& next, Scope& scope, Object& state, Boolean& isCompleted)
   at Microsoft.AspNetCore.Mvc.Infrastructure.ControllerActionInvoker.InvokeInnerFilterAsync()
--- End of stack trace from previous location where exception was thrown ---
   at Microsoft.AspNetCore.Mvc.Infrastructure.ResourceInvoker.<InvokeFilterPipelineAsync>g__Awaited|19_0(ResourceInvoker invoker, Task lastTask, State next, Scope scope, Object state, Boolean isCompleted)
   at Microsoft.AspNetCore.Mvc.Infrastructure.ResourceInvoker.<InvokeAsync>g__Awaited|17_0(ResourceInvoker invoker, Task task, IDisposable scope)
   at Microsoft.AspNetCore.Routing.EndpointMiddleware.<Invoke>g__AwaitRequestTask|6_0(Endpoint endpoint, Task requestTask, ILogger logger)
   at Microsoft.AspNetCore.Authorization.AuthorizationMiddleware.Invoke(HttpContext context)
   at Microsoft.AspNetCore.Authentication.AuthenticationMiddleware.Invoke(HttpContext context)
   at CWB.ExceptionHandling.ExceptionMiddleware.InvokeAsync(HttpContext httpContext) in F:\CWBworking\CWB.ExceptionHandling\ExceptionMiddleware.cs:line 26
2026-02-18 09:03:35.2445 ERROR Error: AutoMapper.AutoMapperMappingException: Error mapping types.

Mapping types:
EntityQueryable`1 -> IEnumerable`1
Microsoft.EntityFrameworkCore.Query.Internal.EntityQueryable`1[[CWB.ProductionPlanWO.Domain.ProcPlan, CWB.ProductionPlanWO, Version=1.0.0.0, Culture=neutral, PublicKeyToken=null]] -> System.Collections.Generic.IEnumerable`1[[CWB.ProductionPlanWO.ViewModels.ProcPlanVM, CWB.ProductionPlanWO, Version=1.0.0.0, Culture=neutral, PublicKeyToken=null]]
 ---> System.InvalidOperationException: A second operation was started on this context before a previous operation completed. This is usually caused by different threads concurrently using the same instance of DbContext. For more information on how to avoid threading issues with DbContext, see https://go.microsoft.com/fwlink/?linkid=2097913.
   at Microsoft.EntityFrameworkCore.Internal.ConcurrencyDetector.EnterCriticalSection()
   at Microsoft.EntityFrameworkCore.Query.Internal.SingleQueryingEnumerable`1.Enumerator.MoveNext()
   at lambda_method(Closure , Object , IEnumerable`1 , ResolutionContext )
   --- End of inner exception stack trace ---
   at lambda_method(Closure , Object , IEnumerable`1 , ResolutionContext )
   at CWB.ProductionPlanWO.Services.WOService.AllProcPlan(Int64 tenantId) in F:\CWBworking\CWB.ProductionPlanWO\Services\WOService.cs:line 773
   at CWB.ProductionPlanWO.Services.WOService.AllProductionWoReadForProd(Int64 tenantId) in F:\CWBworking\CWB.ProductionPlanWO\Services\WOService.cs:line 4346
   at CWB.ProductionPlanWO.Controllers.WOController.AllProductionWoReadForProd(Int64 tenantId) in F:\CWBworking\CWB.ProductionPlanWO\Controllers\WOController.cs:line 1697
   at Microsoft.AspNetCore.Mvc.Infrastructure.ActionMethodExecutor.TaskOfIActionResultExecutor.Execute(IActionResultTypeMapper mapper, ObjectMethodExecutor executor, Object controller, Object[] arguments)
   at Microsoft.AspNetCore.Mvc.Infrastructure.ControllerActionInvoker.<InvokeActionMethodAsync>g__Awaited|12_0(ControllerActionInvoker invoker, ValueTask`1 actionResultValueTask)
   at Microsoft.AspNetCore.Mvc.Infrastructure.ControllerActionInvoker.<InvokeNextActionFilterAsync>g__Awaited|10_0(ControllerActionInvoker invoker, Task lastTask, State next, Scope scope, Object state, Boolean isCompleted)
   at Microsoft.AspNetCore.Mvc.Infrastructure.ControllerActionInvoker.Rethrow(ActionExecutedContextSealed context)
   at Microsoft.AspNetCore.Mvc.Infrastructure.ControllerActionInvoker.Next(State& next, Scope& scope, Object& state, Boolean& isCompleted)
   at Microsoft.AspNetCore.Mvc.Infrastructure.ControllerActionInvoker.<InvokeInnerFilterAsync>g__Awaited|13_0(ControllerActionInvoker invoker, Task lastTask, State next, Scope scope, Object state, Boolean isCompleted)
   at Microsoft.AspNetCore.Mvc.Infrastructure.ResourceInvoker.<InvokeFilterPipelineAsync>g__Awaited|19_0(ResourceInvoker invoker, Task lastTask, State next, Scope scope, Object state, Boolean isCompleted)
   at Microsoft.AspNetCore.Mvc.Infrastructure.ResourceInvoker.<InvokeAsync>g__Awaited|17_0(ResourceInvoker invoker, Task task, IDisposable scope)
   at Microsoft.AspNetCore.Routing.EndpointMiddleware.<Invoke>g__AwaitRequestTask|6_0(Endpoint endpoint, Task requestTask, ILogger logger)
   at Microsoft.AspNetCore.Authorization.AuthorizationMiddleware.Invoke(HttpContext context)
   at Microsoft.AspNetCore.Authentication.AuthenticationMiddleware.Invoke(HttpContext context)
   at CWB.ExceptionHandling.ExceptionMiddleware.InvokeAsync(HttpContext httpContext) in F:\CWBworking\CWB.ExceptionHandling\ExceptionMiddleware.cs:line 26
2026-02-18 09:04:18.9670 ERROR Error: AutoMapper.AutoMapperMappingException: Error mapping types.

Mapping types:
EntityQueryable`1 -> IEnumerable`1
Microsoft.EntityFrameworkCore.Query.Internal.EntityQueryable`1[[CWB.ProductionPlanWO.Domain.ProcPlan, CWB.ProductionPlanWO, Version=1.0.0.0, Culture=neutral, PublicKeyToken=null]] -> System.Collections.Generic.IEnumerable`1[[CWB.ProductionPlanWO.ViewModels.ProcPlanVM, CWB.ProductionPlanWO, Version=1.0.0.0, Culture=neutral, PublicKeyToken=null]]
 ---> System.InvalidOperationException: A second operation was started on this context before a previous operation completed. This is usually caused by different threads concurrently using the same instance of DbContext. For more information on how to avoid threading issues with DbContext, see https://go.microsoft.com/fwlink/?linkid=2097913.
   at Microsoft.EntityFrameworkCore.Internal.ConcurrencyDetector.EnterCriticalSection()
   at Microsoft.EntityFrameworkCore.Query.Internal.SingleQueryingEnumerable`1.Enumerator.MoveNext()
   at lambda_method(Closure , Object , IEnumerable`1 , ResolutionContext )
   --- End of inner exception stack trace ---
   at lambda_method(Closure , Object , IEnumerable`1 , ResolutionContext )
   at CWB.ProductionPlanWO.Services.WOService.AllProcPlan(Int64 tenantId) in F:\CWBworking\CWB.ProductionPlanWO\Services\WOService.cs:line 773
   at CWB.ProductionPlanWO.Services.WOService.AllProductionWoReadForProd(Int64 tenantId) in F:\CWBworking\CWB.ProductionPlanWO\Services\WOService.cs:line 4346
   at CWB.ProductionPlanWO.Controllers.WOController.AllProductionWoReadForProd(Int64 tenantId) in F:\CWBworking\CWB.ProductionPlanWO\Controllers\WOController.cs:line 1697
   at Microsoft.AspNetCore.Mvc.Infrastructure.ActionMethodExecutor.TaskOfIActionResultExecutor.Execute(IActionResultTypeMapper mapper, ObjectMethodExecutor executor, Object controller, Object[] arguments)
   at Microsoft.AspNetCore.Mvc.Infrastructure.ControllerActionInvoker.<InvokeActionMethodAsync>g__Awaited|12_0(ControllerActionInvoker invoker, ValueTask`1 actionResultValueTask)
   at Microsoft.AspNetCore.Mvc.Infrastructure.ControllerActionInvoker.<InvokeNextActionFilterAsync>g__Awaited|10_0(ControllerActionInvoker invoker, Task lastTask, State next, Scope scope, Object state, Boolean isCompleted)
   at Microsoft.AspNetCore.Mvc.Infrastructure.ControllerActionInvoker.Rethrow(ActionExecutedContextSealed context)
   at Microsoft.AspNetCore.Mvc.Infrastructure.ControllerActionInvoker.Next(State& next, Scope& scope, Object& state, Boolean& isCompleted)
   at Microsoft.AspNetCore.Mvc.Infrastructure.ControllerActionInvoker.InvokeInnerFilterAsync()
--- End of stack trace from previous location where exception was thrown ---
   at Microsoft.AspNetCore.Mvc.Infrastructure.ResourceInvoker.<InvokeFilterPipelineAsync>g__Awaited|19_0(ResourceInvoker invoker, Task lastTask, State next, Scope scope, Object state, Boolean isCompleted)
   at Microsoft.AspNetCore.Mvc.Infrastructure.ResourceInvoker.<InvokeAsync>g__Awaited|17_0(ResourceInvoker invoker, Task task, IDisposable scope)
   at Microsoft.AspNetCore.Routing.EndpointMiddleware.<Invoke>g__AwaitRequestTask|6_0(Endpoint endpoint, Task requestTask, ILogger logger)
   at Microsoft.AspNetCore.Authorization.AuthorizationMiddleware.Invoke(HttpContext context)
   at Microsoft.AspNetCore.Authentication.AuthenticationMiddleware.Invoke(HttpContext context)
   at CWB.ExceptionHandling.ExceptionMiddleware.InvokeAsync(HttpContext httpContext) in F:\CWBworking\CWB.ExceptionHandling\ExceptionMiddleware.cs:line 26
2026-02-18 09:05:09.7430 ERROR Error: AutoMapper.AutoMapperMappingException: Error mapping types.

Mapping types:
EntityQueryable`1 -> IEnumerable`1
Microsoft.EntityFrameworkCore.Query.Internal.EntityQueryable`1[[CWB.ProductionPlanWO.Domain.ProcPlan, CWB.ProductionPlanWO, Version=1.0.0.0, Culture=neutral, PublicKeyToken=null]] -> System.Collections.Generic.IEnumerable`1[[CWB.ProductionPlanWO.ViewModels.ProcPlanVM, CWB.ProductionPlanWO, Version=1.0.0.0, Culture=neutral, PublicKeyToken=null]]
 ---> System.InvalidOperationException: A second operation was started on this context before a previous operation completed. This is usually caused by different threads concurrently using the same instance of DbContext. For more information on how to avoid threading issues with DbContext, see https://go.microsoft.com/fwlink/?linkid=2097913.
   at Microsoft.EntityFrameworkCore.Internal.ConcurrencyDetector.EnterCriticalSection()
   at Microsoft.EntityFrameworkCore.Query.Internal.SingleQueryingEnumerable`1.Enumerator.MoveNext()
   at lambda_method(Closure , Object , IEnumerable`1 , ResolutionContext )
   --- End of inner exception stack trace ---
   at lambda_method(Closure , Object , IEnumerable`1 , ResolutionContext )
   at CWB.ProductionPlanWO.Services.WOService.AllProcPlan(Int64 tenantId) in F:\CWBworking\CWB.ProductionPlanWO\Services\WOService.cs:line 773
   at CWB.ProductionPlanWO.Services.WOService.AllProductionWoReadForProd(Int64 tenantId) in F:\CWBworking\CWB.ProductionPlanWO\Services\WOService.cs:line 4346
   at CWB.ProductionPlanWO.Controllers.WOController.AllProductionWoReadForProd(Int64 tenantId) in F:\CWBworking\CWB.ProductionPlanWO\Controllers\WOController.cs:line 1697
   at Microsoft.AspNetCore.Mvc.Infrastructure.ActionMethodExecutor.TaskOfIActionResultExecutor.Execute(IActionResultTypeMapper mapper, ObjectMethodExecutor executor, Object controller, Object[] arguments)
   at Microsoft.AspNetCore.Mvc.Infrastructure.ControllerActionInvoker.<InvokeActionMethodAsync>g__Awaited|12_0(ControllerActionInvoker invoker, ValueTask`1 actionResultValueTask)
   at Microsoft.AspNetCore.Mvc.Infrastructure.ControllerActionInvoker.<InvokeNextActionFilterAsync>g__Awaited|10_0(ControllerActionInvoker invoker, Task lastTask, State next, Scope scope, Object state, Boolean isCompleted)
   at Microsoft.AspNetCore.Mvc.Infrastructure.ControllerActionInvoker.Rethrow(ActionExecutedContextSealed context)
   at Microsoft.AspNetCore.Mvc.Infrastructure.ControllerActionInvoker.Next(State& next, Scope& scope, Object& state, Boolean& isCompleted)
   at Microsoft.AspNetCore.Mvc.Infrastructure.ControllerActionInvoker.<InvokeInnerFilterAsync>g__Awaited|13_0(ControllerActionInvoker invoker, Task lastTask, State next, Scope scope, Object state, Boolean isCompleted)
   at Microsoft.AspNetCore.Mvc.Infrastructure.ResourceInvoker.<InvokeFilterPipelineAsync>g__Awaited|19_0(ResourceInvoker invoker, Task lastTask, State next, Scope scope, Object state, Boolean isCompleted)
   at Microsoft.AspNetCore.Mvc.Infrastructure.ResourceInvoker.<InvokeAsync>g__Awaited|17_0(ResourceInvoker invoker, Task task, IDisposable scope)
   at Microsoft.AspNetCore.Routing.EndpointMiddleware.<Invoke>g__AwaitRequestTask|6_0(Endpoint endpoint, Task requestTask, ILogger logger)
   at Microsoft.AspNetCore.Authorization.AuthorizationMiddleware.Invoke(HttpContext context)
   at Microsoft.AspNetCore.Authentication.AuthenticationMiddleware.Invoke(HttpContext context)
   at CWB.ExceptionHandling.ExceptionMiddleware.InvokeAsync(HttpContext httpContext) in F:\CWBworking\CWB.ExceptionHandling\ExceptionMiddleware.cs:line 26
2026-02-18 09:05:20.6811 ERROR Error: AutoMapper.AutoMapperMappingException: Error mapping types.

Mapping types:
EntityQueryable`1 -> IEnumerable`1
Microsoft.EntityFrameworkCore.Query.Internal.EntityQueryable`1[[CWB.ProductionPlanWO.Domain.ProcPlan, CWB.ProductionPlanWO, Version=1.0.0.0, Culture=neutral, PublicKeyToken=null]] -> System.Collections.Generic.IEnumerable`1[[CWB.ProductionPlanWO.ViewModels.ProcPlanVM, CWB.ProductionPlanWO, Version=1.0.0.0, Culture=neutral, PublicKeyToken=null]]
 ---> System.InvalidOperationException: A second operation was started on this context before a previous operation completed. This is usually caused by different threads concurrently using the same instance of DbContext. For more information on how to avoid threading issues with DbContext, see https://go.microsoft.com/fwlink/?linkid=2097913.
   at Microsoft.EntityFrameworkCore.Internal.ConcurrencyDetector.EnterCriticalSection()
   at Microsoft.EntityFrameworkCore.Query.Internal.SingleQueryingEnumerable`1.Enumerator.MoveNext()
   at lambda_method(Closure , Object , IEnumerable`1 , ResolutionContext )
   --- End of inner exception stack trace ---
   at lambda_method(Closure , Object , IEnumerable`1 , ResolutionContext )
   at CWB.ProductionPlanWO.Services.WOService.AllProcPlan(Int64 tenantId) in F:\CWBworking\CWB.ProductionPlanWO\Services\WOService.cs:line 773
   at CWB.ProductionPlanWO.Services.WOService.AllProductionWoReadForProd(Int64 tenantId) in F:\CWBworking\CWB.ProductionPlanWO\Services\WOService.cs:line 4346
   at CWB.ProductionPlanWO.Controllers.WOController.AllProductionWoReadForProd(Int64 tenantId) in F:\CWBworking\CWB.ProductionPlanWO\Controllers\WOController.cs:line 1697
   at Microsoft.AspNetCore.Mvc.Infrastructure.ActionMethodExecutor.TaskOfIActionResultExecutor.Execute(IActionResultTypeMapper mapper, ObjectMethodExecutor executor, Object controller, Object[] arguments)
   at Microsoft.AspNetCore.Mvc.Infrastructure.ControllerActionInvoker.<InvokeActionMethodAsync>g__Awaited|12_0(ControllerActionInvoker invoker, ValueTask`1 actionResultValueTask)
   at Microsoft.AspNetCore.Mvc.Infrastructure.ControllerActionInvoker.<InvokeNextActionFilterAsync>g__Awaited|10_0(ControllerActionInvoker invoker, Task lastTask, State next, Scope scope, Object state, Boolean isCompleted)
   at Microsoft.AspNetCore.Mvc.Infrastructure.ControllerActionInvoker.Rethrow(ActionExecutedContextSealed context)
   at Microsoft.AspNetCore.Mvc.Infrastructure.ControllerActionInvoker.Next(State& next, Scope& scope, Object& state, Boolean& isCompleted)
   at Microsoft.AspNetCore.Mvc.Infrastructure.ControllerActionInvoker.<InvokeInnerFilterAsync>g__Awaited|13_0(ControllerActionInvoker invoker, Task lastTask, State next, Scope scope, Object state, Boolean isCompleted)
   at Microsoft.AspNetCore.Mvc.Infrastructure.ResourceInvoker.<InvokeFilterPipelineAsync>g__Awaited|19_0(ResourceInvoker invoker, Task lastTask, State next, Scope scope, Object state, Boolean isCompleted)
   at Microsoft.AspNetCore.Mvc.Infrastructure.ResourceInvoker.<InvokeAsync>g__Awaited|17_0(ResourceInvoker invoker, Task task, IDisposable scope)
   at Microsoft.AspNetCore.Routing.EndpointMiddleware.<Invoke>g__AwaitRequestTask|6_0(Endpoint endpoint, Task requestTask, ILogger logger)
   at Microsoft.AspNetCore.Authorization.AuthorizationMiddleware.Invoke(HttpContext context)
   at Microsoft.AspNetCore.Authentication.AuthenticationMiddleware.Invoke(HttpContext context)
   at CWB.ExceptionHandling.ExceptionMiddleware.InvokeAsync(HttpContext httpContext) in F:\CWBworking\CWB.ExceptionHandling\ExceptionMiddleware.cs:line 26
2026-02-18 09:06:54.7976 ERROR Error: AutoMapper.AutoMapperMappingException: Error mapping types.

Mapping types:
EntityQueryable`1 -> IEnumerable`1
Microsoft.EntityFrameworkCore.Query.Internal.EntityQueryable`1[[CWB.ProductionPlanWO.Domain.ProcPlan, CWB.ProductionPlanWO, Version=1.0.0.0, Culture=neutral, PublicKeyToken=null]] -> System.Collections.Generic.IEnumerable`1[[CWB.ProductionPlanWO.ViewModels.ProcPlanVM, CWB.ProductionPlanWO, Version=1.0.0.0, Culture=neutral, PublicKeyToken=null]]
 ---> System.InvalidOperationException: A second operation was started on this context before a previous operation completed. This is usually caused by different threads concurrently using the same instance of DbContext. For more information on how to avoid threading issues with DbContext, see https://go.microsoft.com/fwlink/?linkid=2097913.
   at Microsoft.EntityFrameworkCore.Internal.ConcurrencyDetector.EnterCriticalSection()
   at Microsoft.EntityFrameworkCore.Query.Internal.SingleQueryingEnumerable`1.Enumerator.MoveNext()
   at lambda_method(Closure , Object , IEnumerable`1 , ResolutionContext )
   --- End of inner exception stack trace ---
   at lambda_method(Closure , Object , IEnumerable`1 , ResolutionContext )
   at CWB.ProductionPlanWO.Services.WOService.AllProcPlan(Int64 tenantId) in F:\CWBworking\CWB.ProductionPlanWO\Services\WOService.cs:line 773
   at CWB.ProductionPlanWO.Services.WOService.AllProductionWoReadForProd(Int64 tenantId) in F:\CWBworking\CWB.ProductionPlanWO\Services\WOService.cs:line 4346
   at CWB.ProductionPlanWO.Controllers.WOController.AllProductionWoReadForProd(Int64 tenantId) in F:\CWBworking\CWB.ProductionPlanWO\Controllers\WOController.cs:line 1697
   at Microsoft.AspNetCore.Mvc.Infrastructure.ActionMethodExecutor.TaskOfIActionResultExecutor.Execute(IActionResultTypeMapper mapper, ObjectMethodExecutor executor, Object controller, Object[] arguments)
   at Microsoft.AspNetCore.Mvc.Infrastructure.ControllerActionInvoker.<InvokeActionMethodAsync>g__Awaited|12_0(ControllerActionInvoker invoker, ValueTask`1 actionResultValueTask)
   at Microsoft.AspNetCore.Mvc.Infrastructure.ControllerActionInvoker.<InvokeNextActionFilterAsync>g__Awaited|10_0(ControllerActionInvoker invoker, Task lastTask, State next, Scope scope, Object state, Boolean isCompleted)
   at Microsoft.AspNetCore.Mvc.Infrastructure.ControllerActionInvoker.Rethrow(ActionExecutedContextSealed context)
   at Microsoft.AspNetCore.Mvc.Infrastructure.ControllerActionInvoker.Next(State& next, Scope& scope, Object& state, Boolean& isCompleted)
   at Microsoft.AspNetCore.Mvc.Infrastructure.ControllerActionInvoker.<InvokeInnerFilterAsync>g__Awaited|13_0(ControllerActionInvoker invoker, Task lastTask, State next, Scope scope, Object state, Boolean isCompleted)
   at Microsoft.AspNetCore.Mvc.Infrastructure.ResourceInvoker.<InvokeFilterPipelineAsync>g__Awaited|19_0(ResourceInvoker invoker, Task lastTask, State next, Scope scope, Object state, Boolean isCompleted)
   at Microsoft.AspNetCore.Mvc.Infrastructure.ResourceInvoker.<InvokeAsync>g__Awaited|17_0(ResourceInvoker invoker, Task task, IDisposable scope)
   at Microsoft.AspNetCore.Routing.EndpointMiddleware.<Invoke>g__AwaitRequestTask|6_0(Endpoint endpoint, Task requestTask, ILogger logger)
   at Microsoft.AspNetCore.Authorization.AuthorizationMiddleware.Invoke(HttpContext context)
   at Microsoft.AspNetCore.Authentication.AuthenticationMiddleware.Invoke(HttpContext context)
   at CWB.ExceptionHandling.ExceptionMiddleware.InvokeAsync(HttpContext httpContext) in F:\CWBworking\CWB.ExceptionHandling\ExceptionMiddleware.cs:line 26
2026-02-18 09:07:07.0928 ERROR Error: AutoMapper.AutoMapperMappingException: Error mapping types.

Mapping types:
EntityQueryable`1 -> IEnumerable`1
Microsoft.EntityFrameworkCore.Query.Internal.EntityQueryable`1[[CWB.ProductionPlanWO.Domain.ProcPlan, CWB.ProductionPlanWO, Version=1.0.0.0, Culture=neutral, PublicKeyToken=null]] -> System.Collections.Generic.IEnumerable`1[[CWB.ProductionPlanWO.ViewModels.ProcPlanVM, CWB.ProductionPlanWO, Version=1.0.0.0, Culture=neutral, PublicKeyToken=null]]
 ---> System.InvalidOperationException: A second operation was started on this context before a previous operation completed. This is usually caused by different threads concurrently using the same instance of DbContext. For more information on how to avoid threading issues with DbContext, see https://go.microsoft.com/fwlink/?linkid=2097913.
   at Microsoft.EntityFrameworkCore.Internal.ConcurrencyDetector.EnterCriticalSection()
   at Microsoft.EntityFrameworkCore.Query.Internal.SingleQueryingEnumerable`1.Enumerator.MoveNext()
   at lambda_method(Closure , Object , IEnumerable`1 , ResolutionContext )
   --- End of inner exception stack trace ---
   at lambda_method(Closure , Object , IEnumerable`1 , ResolutionContext )
   at CWB.ProductionPlanWO.Services.WOService.AllProcPlan(Int64 tenantId) in F:\CWBworking\CWB.ProductionPlanWO\Services\WOService.cs:line 773
   at CWB.ProductionPlanWO.Services.WOService.AllProductionWoReadForProd(Int64 tenantId) in F:\CWBworking\CWB.ProductionPlanWO\Services\WOService.cs:line 4346
   at CWB.ProductionPlanWO.Controllers.WOController.AllProductionWoReadForProd(Int64 tenantId) in F:\CWBworking\CWB.ProductionPlanWO\Controllers\WOController.cs:line 1697
   at Microsoft.AspNetCore.Mvc.Infrastructure.ActionMethodExecutor.TaskOfIActionResultExecutor.Execute(IActionResultTypeMapper mapper, ObjectMethodExecutor executor, Object controller, Object[] arguments)
   at Microsoft.AspNetCore.Mvc.Infrastructure.ControllerActionInvoker.<InvokeActionMethodAsync>g__Awaited|12_0(ControllerActionInvoker invoker, ValueTask`1 actionResultValueTask)
   at Microsoft.AspNetCore.Mvc.Infrastructure.ControllerActionInvoker.<InvokeNextActionFilterAsync>g__Awaited|10_0(ControllerActionInvoker invoker, Task lastTask, State next, Scope scope, Object state, Boolean isCompleted)
   at Microsoft.AspNetCore.Mvc.Infrastructure.ControllerActionInvoker.Rethrow(ActionExecutedContextSealed context)
   at Microsoft.AspNetCore.Mvc.Infrastructure.ControllerActionInvoker.Next(State& next, Scope& scope, Object& state, Boolean& isCompleted)
   at Microsoft.AspNetCore.Mvc.Infrastructure.ControllerActionInvoker.<InvokeInnerFilterAsync>g__Awaited|13_0(ControllerActionInvoker invoker, Task lastTask, State next, Scope scope, Object state, Boolean isCompleted)
   at Microsoft.AspNetCore.Mvc.Infrastructure.ResourceInvoker.<InvokeFilterPipelineAsync>g__Awaited|19_0(ResourceInvoker invoker, Task lastTask, State next, Scope scope, Object state, Boolean isCompleted)
   at Microsoft.AspNetCore.Mvc.Infrastructure.ResourceInvoker.<InvokeAsync>g__Awaited|17_0(ResourceInvoker invoker, Task task, IDisposable scope)
   at Microsoft.AspNetCore.Routing.EndpointMiddleware.<Invoke>g__AwaitRequestTask|6_0(Endpoint endpoint, Task requestTask, ILogger logger)
   at Microsoft.AspNetCore.Authorization.AuthorizationMiddleware.Invoke(HttpContext context)
   at Microsoft.AspNetCore.Authentication.AuthenticationMiddleware.Invoke(HttpContext context)
   at CWB.ExceptionHandling.ExceptionMiddleware.InvokeAsync(HttpContext httpContext) in F:\CWBworking\CWB.ExceptionHandling\ExceptionMiddleware.cs:line 26
2026-02-18 09:11:14.9840 ERROR Error: AutoMapper.AutoMapperMappingException: Error mapping types.

Mapping types:
EntityQueryable`1 -> IEnumerable`1
Microsoft.EntityFrameworkCore.Query.Internal.EntityQueryable`1[[CWB.ProductionPlanWO.Domain.ProcPlan, CWB.ProductionPlanWO, Version=1.0.0.0, Culture=neutral, PublicKeyToken=null]] -> System.Collections.Generic.IEnumerable`1[[CWB.ProductionPlanWO.ViewModels.ProcPlanVM, CWB.ProductionPlanWO, Version=1.0.0.0, Culture=neutral, PublicKeyToken=null]]
 ---> System.InvalidOperationException: A second operation was started on this context before a previous operation completed. This is usually caused by different threads concurrently using the same instance of DbContext. For more information on how to avoid threading issues with DbContext, see https://go.microsoft.com/fwlink/?linkid=2097913.
   at Microsoft.EntityFrameworkCore.Internal.ConcurrencyDetector.EnterCriticalSection()
   at Microsoft.EntityFrameworkCore.Query.Internal.SingleQueryingEnumerable`1.Enumerator.MoveNext()
   at lambda_method(Closure , Object , IEnumerable`1 , ResolutionContext )
   --- End of inner exception stack trace ---
   at lambda_method(Closure , Object , IEnumerable`1 , ResolutionContext )
   at CWB.ProductionPlanWO.Services.WOService.AllProcPlan(Int64 tenantId) in F:\CWBworking\CWB.ProductionPlanWO\Services\WOService.cs:line 773
   at CWB.ProductionPlanWO.Services.WOService.AllProductionWoReadForProd(Int64 tenantId) in F:\CWBworking\CWB.ProductionPlanWO\Services\WOService.cs:line 4346
   at CWB.ProductionPlanWO.Controllers.WOController.AllProductionWoReadForProd(Int64 tenantId) in F:\CWBworking\CWB.ProductionPlanWO\Controllers\WOController.cs:line 1697
   at Microsoft.AspNetCore.Mvc.Infrastructure.ActionMethodExecutor.TaskOfIActionResultExecutor.Execute(IActionResultTypeMapper mapper, ObjectMethodExecutor executor, Object controller, Object[] arguments)
   at Microsoft.AspNetCore.Mvc.Infrastructure.ControllerActionInvoker.<InvokeActionMethodAsync>g__Awaited|12_0(ControllerActionInvoker invoker, ValueTask`1 actionResultValueTask)
   at Microsoft.AspNetCore.Mvc.Infrastructure.ControllerActionInvoker.<InvokeNextActionFilterAsync>g__Awaited|10_0(ControllerActionInvoker invoker, Task lastTask, State next, Scope scope, Object state, Boolean isCompleted)
   at Microsoft.AspNetCore.Mvc.Infrastructure.ControllerActionInvoker.Rethrow(ActionExecutedContextSealed context)
   at Microsoft.AspNetCore.Mvc.Infrastructure.ControllerActionInvoker.Next(State& next, Scope& scope, Object& state, Boolean& isCompleted)
   at Microsoft.AspNetCore.Mvc.Infrastructure.ControllerActionInvoker.InvokeInnerFilterAsync()
--- End of stack trace from previous location where exception was thrown ---
   at Microsoft.AspNetCore.Mvc.Infrastructure.ResourceInvoker.<InvokeFilterPipelineAsync>g__Awaited|19_0(ResourceInvoker invoker, Task lastTask, State next, Scope scope, Object state, Boolean isCompleted)
   at Microsoft.AspNetCore.Mvc.Infrastructure.ResourceInvoker.<InvokeAsync>g__Awaited|17_0(ResourceInvoker invoker, Task task, IDisposable scope)
   at Microsoft.AspNetCore.Routing.EndpointMiddleware.<Invoke>g__AwaitRequestTask|6_0(Endpoint endpoint, Task requestTask, ILogger logger)
   at Microsoft.AspNetCore.Authorization.AuthorizationMiddleware.Invoke(HttpContext context)
   at Microsoft.AspNetCore.Authentication.AuthenticationMiddleware.Invoke(HttpContext context)
   at CWB.ExceptionHandling.ExceptionMiddleware.InvokeAsync(HttpContext httpContext) in F:\CWBworking\CWB.ExceptionHandling\ExceptionMiddleware.cs:line 26
2026-02-18 10:05:21.4000 ERROR Error: MySqlConnector.MySqlException (0x80004005): Got timeout reading communication packets
   at MySqlConnector.Core.ServerSession.ConnectAsync(ConnectionSettings cs, Int32 startTickCount, ILoadBalancer loadBalancer, IOBehavior ioBehavior, CancellationToken cancellationToken) in /_/src/MySqlConnector/Core/ServerSession.cs:line 498
   at MySqlConnector.Core.ConnectionPool.ConnectSessionAsync(String logMessage, Int32 startTickCount, IOBehavior ioBehavior, CancellationToken cancellationToken) in /_/src/MySqlConnector/Core/ConnectionPool.cs:line 376
   at MySqlConnector.Core.ConnectionPool.GetSessionAsync(MySqlConnection connection, Int32 startTickCount, IOBehavior ioBehavior, CancellationToken cancellationToken) in /_/src/MySqlConnector/Core/ConnectionPool.cs:line 139
   at MySqlConnector.Core.ConnectionPool.GetSessionAsync(MySqlConnection connection, Int32 startTickCount, IOBehavior ioBehavior, CancellationToken cancellationToken) in /_/src/MySqlConnector/Core/ConnectionPool.cs:line 139
   at MySqlConnector.MySqlConnection.CreateSessionAsync(ConnectionPool pool, Int32 startTickCount, Nullable`1 ioBehavior, CancellationToken cancellationToken) in /_/src/MySqlConnector/MySqlConnection.cs:line 902
   at MySqlConnector.MySqlConnection.OpenAsync(Nullable`1 ioBehavior, CancellationToken cancellationToken) in /_/src/MySqlConnector/MySqlConnection.cs:line 435
   at MySqlConnector.MySqlConnection.Open() in /_/src/MySqlConnector/MySqlConnection.cs:line 380
   at Microsoft.EntityFrameworkCore.ServerVersion.AutoDetect(String connectionString)
   at CWB.ProductionPlanWO.Extensions.DataExtensions.<>c__DisplayClass0_0.<ConfigureAppDataEF>b__0(DbContextOptionsBuilder options) in F:\CWBworking\CWB.ProductionPlanWO\Extensions\DataExtensions.cs:line 16
   at Microsoft.Extensions.DependencyInjection.EntityFrameworkServiceCollectionExtensions.CreateDbContextOptions[TContext](IServiceProvider applicationServiceProvider, Action`2 optionsAction)
   at ResolveService(ILEmitResolverBuilderRuntimeContext , ServiceProviderEngineScope )
   at ResolveService(ILEmitResolverBuilderRuntimeContext , ServiceProviderEngineScope )
   at ResolveService(ILEmitResolverBuilderRuntimeContext , ServiceProviderEngineScope )
   at ResolveService(ILEmitResolverBuilderRuntimeContext , ServiceProviderEngineScope )
   at Microsoft.Extensions.DependencyInjection.ActivatorUtilities.GetService(IServiceProvider sp, Type type, Type requiredBy, Boolean isDefaultParameterRequired)
   at lambda_method(Closure , IServiceProvider , Object[] )
   at Microsoft.AspNetCore.Mvc.Controllers.ControllerFactoryProvider.<>c__DisplayClass5_0.<CreateControllerFactory>g__CreateController|0(ControllerContext controllerContext)
   at Microsoft.AspNetCore.Mvc.Infrastructure.ControllerActionInvoker.Next(State& next, Scope& scope, Object& state, Boolean& isCompleted)
   at Microsoft.AspNetCore.Mvc.Infrastructure.ControllerActionInvoker.InvokeInnerFilterAsync()
--- End of stack trace from previous location where exception was thrown ---
   at Microsoft.AspNetCore.Mvc.Infrastructure.ResourceInvoker.<InvokeFilterPipelineAsync>g__Awaited|19_0(ResourceInvoker invoker, Task lastTask, State next, Scope scope, Object state, Boolean isCompleted)
   at Microsoft.AspNetCore.Mvc.Infrastructure.ResourceInvoker.<InvokeAsync>g__Awaited|17_0(ResourceInvoker invoker, Task task, IDisposable scope)
   at Microsoft.AspNetCore.Routing.EndpointMiddleware.<Invoke>g__AwaitRequestTask|6_0(Endpoint endpoint, Task requestTask, ILogger logger)
   at Microsoft.AspNetCore.Authorization.AuthorizationMiddleware.Invoke(HttpContext context)
   at Microsoft.AspNetCore.Authentication.AuthenticationMiddleware.Invoke(HttpContext context)
   at CWB.ExceptionHandling.ExceptionMiddleware.InvokeAsync(HttpContext httpContext) in F:\CWBworking\CWB.ExceptionHandling\ExceptionMiddleware.cs:line 26
2026-02-18 10:05:21.4000 ERROR Error: MySqlConnector.MySqlException (0x80004005): Connect Timeout expired.
 ---> MySqlConnector.MySqlException (0x80004005): Got timeout reading communication packets
   at MySqlConnector.Core.ServerSession.ConnectAsync(ConnectionSettings cs, Int32 startTickCount, ILoadBalancer loadBalancer, IOBehavior ioBehavior, CancellationToken cancellationToken) in /_/src/MySqlConnector/Core/ServerSession.cs:line 498
   at MySqlConnector.Core.ConnectionPool.ConnectSessionAsync(String logMessage, Int32 startTickCount, IOBehavior ioBehavior, CancellationToken cancellationToken) in /_/src/MySqlConnector/Core/ConnectionPool.cs:line 376
   at MySqlConnector.Core.ConnectionPool.GetSessionAsync(MySqlConnection connection, Int32 startTickCount, IOBehavior ioBehavior, CancellationToken cancellationToken) in /_/src/MySqlConnector/Core/ConnectionPool.cs:line 139
   at MySqlConnector.Core.ConnectionPool.GetSessionAsync(MySqlConnection connection, Int32 startTickCount, IOBehavior ioBehavior, CancellationToken cancellationToken) in /_/src/MySqlConnector/Core/ConnectionPool.cs:line 139
   at MySqlConnector.MySqlConnection.CreateSessionAsync(ConnectionPool pool, Int32 startTickCount, Nullable`1 ioBehavior, CancellationToken cancellationToken) in /_/src/MySqlConnector/MySqlConnection.cs:line 902
   at MySqlConnector.MySqlConnection.CreateSessionAsync(ConnectionPool pool, Int32 startTickCount, Nullable`1 ioBehavior, CancellationToken cancellationToken) in /_/src/MySqlConnector/MySqlConnection.cs:line 902
   at MySqlConnector.MySqlConnection.OpenAsync(Nullable`1 ioBehavior, CancellationToken cancellationToken) in /_/src/MySqlConnector/MySqlConnection.cs:line 435
   at MySqlConnector.MySqlConnection.Open() in /_/src/MySqlConnector/MySqlConnection.cs:line 380
   at Microsoft.EntityFrameworkCore.ServerVersion.AutoDetect(String connectionString)
   at CWB.ProductionPlanWO.Extensions.DataExtensions.<>c__DisplayClass0_0.<ConfigureAppDataEF>b__0(DbContextOptionsBuilder options) in F:\CWBworking\CWB.ProductionPlanWO\Extensions\DataExtensions.cs:line 16
   at Microsoft.Extensions.DependencyInjection.EntityFrameworkServiceCollectionExtensions.CreateDbContextOptions[TContext](IServiceProvider applicationServiceProvider, Action`2 optionsAction)
   at ResolveService(ILEmitResolverBuilderRuntimeContext , ServiceProviderEngineScope )
   at ResolveService(ILEmitResolverBuilderRuntimeContext , ServiceProviderEngineScope )
   at ResolveService(ILEmitResolverBuilderRuntimeContext , ServiceProviderEngineScope )
   at ResolveService(ILEmitResolverBuilderRuntimeContext , ServiceProviderEngineScope )
   at Microsoft.Extensions.DependencyInjection.ActivatorUtilities.GetService(IServiceProvider sp, Type type, Type requiredBy, Boolean isDefaultParameterRequired)
   at lambda_method(Closure , IServiceProvider , Object[] )
   at Microsoft.AspNetCore.Mvc.Controllers.ControllerFactoryProvider.<>c__DisplayClass5_0.<CreateControllerFactory>g__CreateController|0(ControllerContext controllerContext)
   at Microsoft.AspNetCore.Mvc.Infrastructure.ControllerActionInvoker.Next(State& next, Scope& scope, Object& state, Boolean& isCompleted)
   at Microsoft.AspNetCore.Mvc.Infrastructure.ControllerActionInvoker.InvokeInnerFilterAsync()
--- End of stack trace from previous location where exception was thrown ---
   at Microsoft.AspNetCore.Mvc.Infrastructure.ResourceInvoker.<InvokeFilterPipelineAsync>g__Awaited|19_0(ResourceInvoker invoker, Task lastTask, State next, Scope scope, Object state, Boolean isCompleted)
   at Microsoft.AspNetCore.Mvc.Infrastructure.ResourceInvoker.<InvokeAsync>g__Awaited|17_0(ResourceInvoker invoker, Task task, IDisposable scope)
   at Microsoft.AspNetCore.Routing.EndpointMiddleware.<Invoke>g__AwaitRequestTask|6_0(Endpoint endpoint, Task requestTask, ILogger logger)
   at Microsoft.AspNetCore.Authorization.AuthorizationMiddleware.Invoke(HttpContext context)
   at Microsoft.AspNetCore.Authentication.AuthenticationMiddleware.Invoke(HttpContext context)
   at CWB.ExceptionHandling.ExceptionMiddleware.InvokeAsync(HttpContext httpContext) in F:\CWBworking\CWB.ExceptionHandling\ExceptionMiddleware.cs:line 26
