2026-02-17 04:59:39.8331 ERROR Error: AutoMapper.AutoMapperMappingException: Error mapping types.

Mapping types:
EntityQueryable`1 -> IEnumerable`1
Microsoft.EntityFrameworkCore.Query.Internal.EntityQueryable`1[[CWB.ProductionPlanWO.Domain.Insp_Outcome_Details, CWB.ProductionPlanWO, Version=1.0.0.0, Culture=neutral, PublicKeyToken=null]] -> System.Collections.Generic.IEnumerable`1[[CWB.ProductionPlanWO.ViewModels.Insp_Outcome_DetailsVM, CWB.ProductionPlanWO, Version=1.0.0.0, Culture=neutral, PublicKeyToken=null]]
 ---> System.InvalidOperationException: A second operation was started on this context before a previous operation completed. This is usually caused by different threads concurrently using the same instance of DbContext. For more information on how to avoid threading issues with DbContext, see https://go.microsoft.com/fwlink/?linkid=2097913.
   at Microsoft.EntityFrameworkCore.Internal.ConcurrencyDetector.EnterCriticalSection()
   at Microsoft.EntityFrameworkCore.Query.Internal.SingleQueryingEnumerable`1.Enumerator.MoveNext()
   at lambda_method(Closure , Object , IEnumerable`1 , ResolutionContext )
   --- End of inner exception stack trace ---
   at lambda_method(Closure , Object , IEnumerable`1 , ResolutionContext )
   at CWB.ProductionPlanWO.Services.WOService.GetAllInsp_Outcome_Details(Int64 tenantId) in F:\CWBworking\CWB.ProductionPlanWO\Services\WOService.cs:line 1109
   at CWB.ProductionPlanWO.Services.WOService.AllProductionWoReadForProd(Int64 tenantId) in F:\CWBworking\CWB.ProductionPlanWO\Services\WOService.cs:line 4346
   at CWB.ProductionPlanWO.Controllers.WOController.AllProductionWoReadForProd(Int64 tenantId) in F:\CWBworking\CWB.ProductionPlanWO\Controllers\WOController.cs:line 1697
   at Microsoft.AspNetCore.Mvc.Infrastructure.ActionMethodExecutor.TaskOfIActionResultExecutor.Execute(IActionResultTypeMapper mapper, ObjectMethodExecutor executor, Object controller, Object[] arguments)
   at Microsoft.AspNetCore.Mvc.Infrastructure.ControllerActionInvoker.<InvokeActionMethodAsync>g__Awaited|12_0(ControllerActionInvoker invoker, ValueTask`1 actionResultValueTask)
   at Microsoft.AspNetCore.Mvc.Infrastructure.ControllerActionInvoker.<InvokeNextActionFilterAsync>g__Awaited|10_0(ControllerActionInvoker invoker, Task lastTask, State next, Scope scope, Object state, Boolean isCompleted)
   at Microsoft.AspNetCore.Mvc.Infrastructure.ControllerActionInvoker.Rethrow(ActionExecutedContextSealed context)
   at Microsoft.AspNetCore.Mvc.Infrastructure.ControllerActionInvoker.Next(State& next, Scope& scope, Object& state, Boolean& isCompleted)
   at Microsoft.AspNetCore.Mvc.Infrastructure.ControllerActionInvoker.InvokeInnerFilterAsync()
--- End of stack trace from previous location where exception was thrown ---
   at Microsoft.AspNetCore.Mvc.Infrastructure.ResourceInvoker.<InvokeFilterPipelineAsync>g__Awaited|19_0(ResourceInvoker invoker, Task lastTask, State next, Scope scope, Object state, Boolean isCompleted)
   at Microsoft.AspNetCore.Mvc.Infrastructure.ResourceInvoker.<InvokeAsync>g__Awaited|17_0(ResourceInvoker invoker, Task task, IDisposable scope)
   at Microsoft.AspNetCore.Routing.EndpointMiddleware.<Invoke>g__AwaitRequestTask|6_0(Endpoint endpoint, Task requestTask, ILogger logger)
   at Microsoft.AspNetCore.Authorization.AuthorizationMiddleware.Invoke(HttpContext context)
   at Microsoft.AspNetCore.Authentication.AuthenticationMiddleware.Invoke(HttpContext context)
   at CWB.ExceptionHandling.ExceptionMiddleware.InvokeAsync(HttpContext httpContext) in F:\CWBworking\CWB.ExceptionHandling\ExceptionMiddleware.cs:line 26
2026-02-17 05:00:20.4315 ERROR Error: AutoMapper.AutoMapperMappingException: Error mapping types.

Mapping types:
EntityQueryable`1 -> IEnumerable`1
Microsoft.EntityFrameworkCore.Query.Internal.EntityQueryable`1[[CWB.ProductionPlanWO.Domain.Insp_Outcome_Details, CWB.ProductionPlanWO, Version=1.0.0.0, Culture=neutral, PublicKeyToken=null]] -> System.Collections.Generic.IEnumerable`1[[CWB.ProductionPlanWO.ViewModels.Insp_Outcome_DetailsVM, CWB.ProductionPlanWO, Version=1.0.0.0, Culture=neutral, PublicKeyToken=null]]
 ---> System.InvalidOperationException: A second operation was started on this context before a previous operation completed. This is usually caused by different threads concurrently using the same instance of DbContext. For more information on how to avoid threading issues with DbContext, see https://go.microsoft.com/fwlink/?linkid=2097913.
   at Microsoft.EntityFrameworkCore.Internal.ConcurrencyDetector.EnterCriticalSection()
   at Microsoft.EntityFrameworkCore.Query.Internal.SingleQueryingEnumerable`1.Enumerator.MoveNext()
   at lambda_method(Closure , Object , IEnumerable`1 , ResolutionContext )
   --- End of inner exception stack trace ---
   at lambda_method(Closure , Object , IEnumerable`1 , ResolutionContext )
   at CWB.ProductionPlanWO.Services.WOService.GetAllInsp_Outcome_Details(Int64 tenantId) in F:\CWBworking\CWB.ProductionPlanWO\Services\WOService.cs:line 1109
   at CWB.ProductionPlanWO.Services.WOService.AllProductionWoReadForProd(Int64 tenantId) in F:\CWBworking\CWB.ProductionPlanWO\Services\WOService.cs:line 4346
   at CWB.ProductionPlanWO.Controllers.WOController.AllProductionWoReadForProd(Int64 tenantId) in F:\CWBworking\CWB.ProductionPlanWO\Controllers\WOController.cs:line 1697
   at Microsoft.AspNetCore.Mvc.Infrastructure.ActionMethodExecutor.TaskOfIActionResultExecutor.Execute(IActionResultTypeMapper mapper, ObjectMethodExecutor executor, Object controller, Object[] arguments)
   at Microsoft.AspNetCore.Mvc.Infrastructure.ControllerActionInvoker.<InvokeActionMethodAsync>g__Awaited|12_0(ControllerActionInvoker invoker, ValueTask`1 actionResultValueTask)
   at Microsoft.AspNetCore.Mvc.Infrastructure.ControllerActionInvoker.<InvokeNextActionFilterAsync>g__Awaited|10_0(ControllerActionInvoker invoker, Task lastTask, State next, Scope scope, Object state, Boolean isCompleted)
   at Microsoft.AspNetCore.Mvc.Infrastructure.ControllerActionInvoker.Rethrow(ActionExecutedContextSealed context)
   at Microsoft.AspNetCore.Mvc.Infrastructure.ControllerActionInvoker.Next(State& next, Scope& scope, Object& state, Boolean& isCompleted)
   at Microsoft.AspNetCore.Mvc.Infrastructure.ControllerActionInvoker.<InvokeInnerFilterAsync>g__Awaited|13_0(ControllerActionInvoker invoker, Task lastTask, State next, Scope scope, Object state, Boolean isCompleted)
   at Microsoft.AspNetCore.Mvc.Infrastructure.ResourceInvoker.<InvokeFilterPipelineAsync>g__Awaited|19_0(ResourceInvoker invoker, Task lastTask, State next, Scope scope, Object state, Boolean isCompleted)
   at Microsoft.AspNetCore.Mvc.Infrastructure.ResourceInvoker.<InvokeAsync>g__Awaited|17_0(ResourceInvoker invoker, Task task, IDisposable scope)
   at Microsoft.AspNetCore.Routing.EndpointMiddleware.<Invoke>g__AwaitRequestTask|6_0(Endpoint endpoint, Task requestTask, ILogger logger)
   at Microsoft.AspNetCore.Authorization.AuthorizationMiddleware.Invoke(HttpContext context)
   at Microsoft.AspNetCore.Authentication.AuthenticationMiddleware.Invoke(HttpContext context)
   at CWB.ExceptionHandling.ExceptionMiddleware.InvokeAsync(HttpContext httpContext) in F:\CWBworking\CWB.ExceptionHandling\ExceptionMiddleware.cs:line 26
2026-02-17 05:00:39.5649 ERROR Error: AutoMapper.AutoMapperMappingException: Error mapping types.

Mapping types:
EntityQueryable`1 -> IEnumerable`1
Microsoft.EntityFrameworkCore.Query.Internal.EntityQueryable`1[[CWB.ProductionPlanWO.Domain.Insp_Outcome_Details, CWB.ProductionPlanWO, Version=1.0.0.0, Culture=neutral, PublicKeyToken=null]] -> System.Collections.Generic.IEnumerable`1[[CWB.ProductionPlanWO.ViewModels.Insp_Outcome_DetailsVM, CWB.ProductionPlanWO, Version=1.0.0.0, Culture=neutral, PublicKeyToken=null]]
 ---> System.InvalidOperationException: A second operation was started on this context before a previous operation completed. This is usually caused by different threads concurrently using the same instance of DbContext. For more information on how to avoid threading issues with DbContext, see https://go.microsoft.com/fwlink/?linkid=2097913.
   at Microsoft.EntityFrameworkCore.Internal.ConcurrencyDetector.EnterCriticalSection()
   at Microsoft.EntityFrameworkCore.Query.Internal.SingleQueryingEnumerable`1.Enumerator.MoveNext()
   at lambda_method(Closure , Object , IEnumerable`1 , ResolutionContext )
   --- End of inner exception stack trace ---
   at lambda_method(Closure , Object , IEnumerable`1 , ResolutionContext )
   at CWB.ProductionPlanWO.Services.WOService.GetAllInsp_Outcome_Details(Int64 tenantId) in F:\CWBworking\CWB.ProductionPlanWO\Services\WOService.cs:line 1109
   at CWB.ProductionPlanWO.Services.WOService.AllProductionWoReadForProd(Int64 tenantId) in F:\CWBworking\CWB.ProductionPlanWO\Services\WOService.cs:line 4346
   at CWB.ProductionPlanWO.Controllers.WOController.AllProductionWoReadForProd(Int64 tenantId) in F:\CWBworking\CWB.ProductionPlanWO\Controllers\WOController.cs:line 1697
   at Microsoft.AspNetCore.Mvc.Infrastructure.ActionMethodExecutor.TaskOfIActionResultExecutor.Execute(IActionResultTypeMapper mapper, ObjectMethodExecutor executor, Object controller, Object[] arguments)
   at Microsoft.AspNetCore.Mvc.Infrastructure.ControllerActionInvoker.<InvokeActionMethodAsync>g__Awaited|12_0(ControllerActionInvoker invoker, ValueTask`1 actionResultValueTask)
   at Microsoft.AspNetCore.Mvc.Infrastructure.ControllerActionInvoker.<InvokeNextActionFilterAsync>g__Awaited|10_0(ControllerActionInvoker invoker, Task lastTask, State next, Scope scope, Object state, Boolean isCompleted)
   at Microsoft.AspNetCore.Mvc.Infrastructure.ControllerActionInvoker.Rethrow(ActionExecutedContextSealed context)
   at Microsoft.AspNetCore.Mvc.Infrastructure.ControllerActionInvoker.Next(State& next, Scope& scope, Object& state, Boolean& isCompleted)
   at Microsoft.AspNetCore.Mvc.Infrastructure.ControllerActionInvoker.<InvokeInnerFilterAsync>g__Awaited|13_0(ControllerActionInvoker invoker, Task lastTask, State next, Scope scope, Object state, Boolean isCompleted)
   at Microsoft.AspNetCore.Mvc.Infrastructure.ResourceInvoker.<InvokeFilterPipelineAsync>g__Awaited|19_0(ResourceInvoker invoker, Task lastTask, State next, Scope scope, Object state, Boolean isCompleted)
   at Microsoft.AspNetCore.Mvc.Infrastructure.ResourceInvoker.<InvokeAsync>g__Awaited|17_0(ResourceInvoker invoker, Task task, IDisposable scope)
   at Microsoft.AspNetCore.Routing.EndpointMiddleware.<Invoke>g__AwaitRequestTask|6_0(Endpoint endpoint, Task requestTask, ILogger logger)
   at Microsoft.AspNetCore.Authorization.AuthorizationMiddleware.Invoke(HttpContext context)
   at Microsoft.AspNetCore.Authentication.AuthenticationMiddleware.Invoke(HttpContext context)
   at CWB.ExceptionHandling.ExceptionMiddleware.InvokeAsync(HttpContext httpContext) in F:\CWBworking\CWB.ExceptionHandling\ExceptionMiddleware.cs:line 26
2026-02-17 05:05:45.3781 ERROR Error: AutoMapper.AutoMapperMappingException: Error mapping types.

Mapping types:
EntityQueryable`1 -> IEnumerable`1
Microsoft.EntityFrameworkCore.Query.Internal.EntityQueryable`1[[CWB.ProductionPlanWO.Domain.Insp_Outcome_Details, CWB.ProductionPlanWO, Version=1.0.0.0, Culture=neutral, PublicKeyToken=null]] -> System.Collections.Generic.IEnumerable`1[[CWB.ProductionPlanWO.ViewModels.Insp_Outcome_DetailsVM, CWB.ProductionPlanWO, Version=1.0.0.0, Culture=neutral, PublicKeyToken=null]]
 ---> System.InvalidOperationException: A second operation was started on this context before a previous operation completed. This is usually caused by different threads concurrently using the same instance of DbContext. For more information on how to avoid threading issues with DbContext, see https://go.microsoft.com/fwlink/?linkid=2097913.
   at Microsoft.EntityFrameworkCore.Internal.ConcurrencyDetector.EnterCriticalSection()
   at Microsoft.EntityFrameworkCore.Query.Internal.SingleQueryingEnumerable`1.Enumerator.MoveNext()
   at lambda_method(Closure , Object , IEnumerable`1 , ResolutionContext )
   --- End of inner exception stack trace ---
   at lambda_method(Closure , Object , IEnumerable`1 , ResolutionContext )
   at CWB.ProductionPlanWO.Services.WOService.GetAllInsp_Outcome_Details(Int64 tenantId) in F:\CWBworking\CWB.ProductionPlanWO\Services\WOService.cs:line 1109
   at CWB.ProductionPlanWO.Services.WOService.AllProductionWoReadForProd(Int64 tenantId) in F:\CWBworking\CWB.ProductionPlanWO\Services\WOService.cs:line 4346
   at CWB.ProductionPlanWO.Controllers.WOController.AllProductionWoReadForProd(Int64 tenantId) in F:\CWBworking\CWB.ProductionPlanWO\Controllers\WOController.cs:line 1697
   at Microsoft.AspNetCore.Mvc.Infrastructure.ActionMethodExecutor.TaskOfIActionResultExecutor.Execute(IActionResultTypeMapper mapper, ObjectMethodExecutor executor, Object controller, Object[] arguments)
   at Microsoft.AspNetCore.Mvc.Infrastructure.ControllerActionInvoker.<InvokeActionMethodAsync>g__Awaited|12_0(ControllerActionInvoker invoker, ValueTask`1 actionResultValueTask)
   at Microsoft.AspNetCore.Mvc.Infrastructure.ControllerActionInvoker.<InvokeNextActionFilterAsync>g__Awaited|10_0(ControllerActionInvoker invoker, Task lastTask, State next, Scope scope, Object state, Boolean isCompleted)
   at Microsoft.AspNetCore.Mvc.Infrastructure.ControllerActionInvoker.Rethrow(ActionExecutedContextSealed context)
   at Microsoft.AspNetCore.Mvc.Infrastructure.ControllerActionInvoker.Next(State& next, Scope& scope, Object& state, Boolean& isCompleted)
   at Microsoft.AspNetCore.Mvc.Infrastructure.ControllerActionInvoker.<InvokeInnerFilterAsync>g__Awaited|13_0(ControllerActionInvoker invoker, Task lastTask, State next, Scope scope, Object state, Boolean isCompleted)
   at Microsoft.AspNetCore.Mvc.Infrastructure.ResourceInvoker.<InvokeFilterPipelineAsync>g__Awaited|19_0(ResourceInvoker invoker, Task lastTask, State next, Scope scope, Object state, Boolean isCompleted)
   at Microsoft.AspNetCore.Mvc.Infrastructure.ResourceInvoker.<InvokeAsync>g__Awaited|17_0(ResourceInvoker invoker, Task task, IDisposable scope)
   at Microsoft.AspNetCore.Routing.EndpointMiddleware.<Invoke>g__AwaitRequestTask|6_0(Endpoint endpoint, Task requestTask, ILogger logger)
   at Microsoft.AspNetCore.Authorization.AuthorizationMiddleware.Invoke(HttpContext context)
   at Microsoft.AspNetCore.Authentication.AuthenticationMiddleware.Invoke(HttpContext context)
   at CWB.ExceptionHandling.ExceptionMiddleware.InvokeAsync(HttpContext httpContext) in F:\CWBworking\CWB.ExceptionHandling\ExceptionMiddleware.cs:line 26
2026-02-17 05:05:53.2382 ERROR Error: AutoMapper.AutoMapperMappingException: Error mapping types.

Mapping types:
EntityQueryable`1 -> IEnumerable`1
Microsoft.EntityFrameworkCore.Query.Internal.EntityQueryable`1[[CWB.ProductionPlanWO.Domain.Insp_Outcome_Details, CWB.ProductionPlanWO, Version=1.0.0.0, Culture=neutral, PublicKeyToken=null]] -> System.Collections.Generic.IEnumerable`1[[CWB.ProductionPlanWO.ViewModels.Insp_Outcome_DetailsVM, CWB.ProductionPlanWO, Version=1.0.0.0, Culture=neutral, PublicKeyToken=null]]
 ---> System.InvalidOperationException: A second operation was started on this context before a previous operation completed. This is usually caused by different threads concurrently using the same instance of DbContext. For more information on how to avoid threading issues with DbContext, see https://go.microsoft.com/fwlink/?linkid=2097913.
   at Microsoft.EntityFrameworkCore.Internal.ConcurrencyDetector.EnterCriticalSection()
   at Microsoft.EntityFrameworkCore.Query.Internal.SingleQueryingEnumerable`1.Enumerator.MoveNext()
   at lambda_method(Closure , Object , IEnumerable`1 , ResolutionContext )
   --- End of inner exception stack trace ---
   at lambda_method(Closure , Object , IEnumerable`1 , ResolutionContext )
   at CWB.ProductionPlanWO.Services.WOService.GetAllInsp_Outcome_Details(Int64 tenantId) in F:\CWBworking\CWB.ProductionPlanWO\Services\WOService.cs:line 1109
   at CWB.ProductionPlanWO.Services.WOService.AllProductionWoReadForProd(Int64 tenantId) in F:\CWBworking\CWB.ProductionPlanWO\Services\WOService.cs:line 4346
   at CWB.ProductionPlanWO.Controllers.WOController.AllProductionWoReadForProd(Int64 tenantId) in F:\CWBworking\CWB.ProductionPlanWO\Controllers\WOController.cs:line 1697
   at Microsoft.AspNetCore.Mvc.Infrastructure.ActionMethodExecutor.TaskOfIActionResultExecutor.Execute(IActionResultTypeMapper mapper, ObjectMethodExecutor executor, Object controller, Object[] arguments)
   at Microsoft.AspNetCore.Mvc.Infrastructure.ControllerActionInvoker.<InvokeActionMethodAsync>g__Awaited|12_0(ControllerActionInvoker invoker, ValueTask`1 actionResultValueTask)
   at Microsoft.AspNetCore.Mvc.Infrastructure.ControllerActionInvoker.<InvokeNextActionFilterAsync>g__Awaited|10_0(ControllerActionInvoker invoker, Task lastTask, State next, Scope scope, Object state, Boolean isCompleted)
   at Microsoft.AspNetCore.Mvc.Infrastructure.ControllerActionInvoker.Rethrow(ActionExecutedContextSealed context)
   at Microsoft.AspNetCore.Mvc.Infrastructure.ControllerActionInvoker.Next(State& next, Scope& scope, Object& state, Boolean& isCompleted)
   at Microsoft.AspNetCore.Mvc.Infrastructure.ControllerActionInvoker.InvokeInnerFilterAsync()
--- End of stack trace from previous location where exception was thrown ---
   at Microsoft.AspNetCore.Mvc.Infrastructure.ResourceInvoker.<InvokeFilterPipelineAsync>g__Awaited|19_0(ResourceInvoker invoker, Task lastTask, State next, Scope scope, Object state, Boolean isCompleted)
   at Microsoft.AspNetCore.Mvc.Infrastructure.ResourceInvoker.<InvokeAsync>g__Awaited|17_0(ResourceInvoker invoker, Task task, IDisposable scope)
   at Microsoft.AspNetCore.Routing.EndpointMiddleware.<Invoke>g__AwaitRequestTask|6_0(Endpoint endpoint, Task requestTask, ILogger logger)
   at Microsoft.AspNetCore.Authorization.AuthorizationMiddleware.Invoke(HttpContext context)
   at Microsoft.AspNetCore.Authentication.AuthenticationMiddleware.Invoke(HttpContext context)
   at CWB.ExceptionHandling.ExceptionMiddleware.InvokeAsync(HttpContext httpContext) in F:\CWBworking\CWB.ExceptionHandling\ExceptionMiddleware.cs:line 26
2026-02-17 05:53:54.6847 ERROR Error: AutoMapper.AutoMapperMappingException: Error mapping types.

Mapping types:
EntityQueryable`1 -> IEnumerable`1
Microsoft.EntityFrameworkCore.Query.Internal.EntityQueryable`1[[CWB.ProductionPlanWO.Domain.Insp_Outcome_Details, CWB.ProductionPlanWO, Version=1.0.0.0, Culture=neutral, PublicKeyToken=null]] -> System.Collections.Generic.IEnumerable`1[[CWB.ProductionPlanWO.ViewModels.Insp_Outcome_DetailsVM, CWB.ProductionPlanWO, Version=1.0.0.0, Culture=neutral, PublicKeyToken=null]]
 ---> System.InvalidOperationException: A second operation was started on this context before a previous operation completed. This is usually caused by different threads concurrently using the same instance of DbContext. For more information on how to avoid threading issues with DbContext, see https://go.microsoft.com/fwlink/?linkid=2097913.
   at Microsoft.EntityFrameworkCore.Internal.ConcurrencyDetector.EnterCriticalSection()
   at Microsoft.EntityFrameworkCore.Query.Internal.SingleQueryingEnumerable`1.Enumerator.MoveNext()
   at lambda_method(Closure , Object , IEnumerable`1 , ResolutionContext )
   --- End of inner exception stack trace ---
   at lambda_method(Closure , Object , IEnumerable`1 , ResolutionContext )
   at CWB.ProductionPlanWO.Services.WOService.GetAllInsp_Outcome_Details(Int64 tenantId) in F:\CWBworking\CWB.ProductionPlanWO\Services\WOService.cs:line 1109
   at CWB.ProductionPlanWO.Services.WOService.AllProductionWoReadForProd(Int64 tenantId) in F:\CWBworking\CWB.ProductionPlanWO\Services\WOService.cs:line 4346
   at CWB.ProductionPlanWO.Controllers.WOController.AllProductionWoReadForProd(Int64 tenantId) in F:\CWBworking\CWB.ProductionPlanWO\Controllers\WOController.cs:line 1697
   at Microsoft.AspNetCore.Mvc.Infrastructure.ActionMethodExecutor.TaskOfIActionResultExecutor.Execute(IActionResultTypeMapper mapper, ObjectMethodExecutor executor, Object controller, Object[] arguments)
   at Microsoft.AspNetCore.Mvc.Infrastructure.ControllerActionInvoker.<InvokeActionMethodAsync>g__Awaited|12_0(ControllerActionInvoker invoker, ValueTask`1 actionResultValueTask)
   at Microsoft.AspNetCore.Mvc.Infrastructure.ControllerActionInvoker.<InvokeNextActionFilterAsync>g__Awaited|10_0(ControllerActionInvoker invoker, Task lastTask, State next, Scope scope, Object state, Boolean isCompleted)
   at Microsoft.AspNetCore.Mvc.Infrastructure.ControllerActionInvoker.Rethrow(ActionExecutedContextSealed context)
   at Microsoft.AspNetCore.Mvc.Infrastructure.ControllerActionInvoker.Next(State& next, Scope& scope, Object& state, Boolean& isCompleted)
   at Microsoft.AspNetCore.Mvc.Infrastructure.ControllerActionInvoker.InvokeInnerFilterAsync()
--- End of stack trace from previous location where exception was thrown ---
   at Microsoft.AspNetCore.Mvc.Infrastructure.ResourceInvoker.<InvokeFilterPipelineAsync>g__Awaited|19_0(ResourceInvoker invoker, Task lastTask, State next, Scope scope, Object state, Boolean isCompleted)
   at Microsoft.AspNetCore.Mvc.Infrastructure.ResourceInvoker.<InvokeAsync>g__Awaited|17_0(ResourceInvoker invoker, Task task, IDisposable scope)
   at Microsoft.AspNetCore.Routing.EndpointMiddleware.<Invoke>g__AwaitRequestTask|6_0(Endpoint endpoint, Task requestTask, ILogger logger)
   at Microsoft.AspNetCore.Authorization.AuthorizationMiddleware.Invoke(HttpContext context)
   at Microsoft.AspNetCore.Authentication.AuthenticationMiddleware.Invoke(HttpContext context)
   at CWB.ExceptionHandling.ExceptionMiddleware.InvokeAsync(HttpContext httpContext) in F:\CWBworking\CWB.ExceptionHandling\ExceptionMiddleware.cs:line 26
2026-02-17 05:56:59.3441 ERROR Error: AutoMapper.AutoMapperMappingException: Error mapping types.

Mapping types:
EntityQueryable`1 -> IEnumerable`1
Microsoft.EntityFrameworkCore.Query.Internal.EntityQueryable`1[[CWB.ProductionPlanWO.Domain.Insp_Outcome_Details, CWB.ProductionPlanWO, Version=1.0.0.0, Culture=neutral, PublicKeyToken=null]] -> System.Collections.Generic.IEnumerable`1[[CWB.ProductionPlanWO.ViewModels.Insp_Outcome_DetailsVM, CWB.ProductionPlanWO, Version=1.0.0.0, Culture=neutral, PublicKeyToken=null]]
 ---> System.InvalidOperationException: A second operation was started on this context before a previous operation completed. This is usually caused by different threads concurrently using the same instance of DbContext. For more information on how to avoid threading issues with DbContext, see https://go.microsoft.com/fwlink/?linkid=2097913.
   at Microsoft.EntityFrameworkCore.Internal.ConcurrencyDetector.EnterCriticalSection()
   at Microsoft.EntityFrameworkCore.Query.Internal.SingleQueryingEnumerable`1.Enumerator.MoveNext()
   at lambda_method(Closure , Object , IEnumerable`1 , ResolutionContext )
   --- End of inner exception stack trace ---
   at lambda_method(Closure , Object , IEnumerable`1 , ResolutionContext )
   at CWB.ProductionPlanWO.Services.WOService.GetAllInsp_Outcome_Details(Int64 tenantId) in F:\CWBworking\CWB.ProductionPlanWO\Services\WOService.cs:line 1109
   at CWB.ProductionPlanWO.Services.WOService.AllProductionWoReadForProd(Int64 tenantId) in F:\CWBworking\CWB.ProductionPlanWO\Services\WOService.cs:line 4346
   at CWB.ProductionPlanWO.Controllers.WOController.AllProductionWoReadForProd(Int64 tenantId) in F:\CWBworking\CWB.ProductionPlanWO\Controllers\WOController.cs:line 1697
   at Microsoft.AspNetCore.Mvc.Infrastructure.ActionMethodExecutor.TaskOfIActionResultExecutor.Execute(IActionResultTypeMapper mapper, ObjectMethodExecutor executor, Object controller, Object[] arguments)
   at Microsoft.AspNetCore.Mvc.Infrastructure.ControllerActionInvoker.<InvokeActionMethodAsync>g__Awaited|12_0(ControllerActionInvoker invoker, ValueTask`1 actionResultValueTask)
   at Microsoft.AspNetCore.Mvc.Infrastructure.ControllerActionInvoker.<InvokeNextActionFilterAsync>g__Awaited|10_0(ControllerActionInvoker invoker, Task lastTask, State next, Scope scope, Object state, Boolean isCompleted)
   at Microsoft.AspNetCore.Mvc.Infrastructure.ControllerActionInvoker.Rethrow(ActionExecutedContextSealed context)
   at Microsoft.AspNetCore.Mvc.Infrastructure.ControllerActionInvoker.Next(State& next, Scope& scope, Object& state, Boolean& isCompleted)
   at Microsoft.AspNetCore.Mvc.Infrastructure.ControllerActionInvoker.InvokeInnerFilterAsync()
--- End of stack trace from previous location where exception was thrown ---
   at Microsoft.AspNetCore.Mvc.Infrastructure.ResourceInvoker.<InvokeFilterPipelineAsync>g__Awaited|19_0(ResourceInvoker invoker, Task lastTask, State next, Scope scope, Object state, Boolean isCompleted)
   at Microsoft.AspNetCore.Mvc.Infrastructure.ResourceInvoker.<InvokeAsync>g__Awaited|17_0(ResourceInvoker invoker, Task task, IDisposable scope)
   at Microsoft.AspNetCore.Routing.EndpointMiddleware.<Invoke>g__AwaitRequestTask|6_0(Endpoint endpoint, Task requestTask, ILogger logger)
   at Microsoft.AspNetCore.Authorization.AuthorizationMiddleware.Invoke(HttpContext context)
   at Microsoft.AspNetCore.Authentication.AuthenticationMiddleware.Invoke(HttpContext context)
   at CWB.ExceptionHandling.ExceptionMiddleware.InvokeAsync(HttpContext httpContext) in F:\CWBworking\CWB.ExceptionHandling\ExceptionMiddleware.cs:line 26
2026-02-17 05:59:12.6045 ERROR Error: AutoMapper.AutoMapperMappingException: Error mapping types.

Mapping types:
EntityQueryable`1 -> IEnumerable`1
Microsoft.EntityFrameworkCore.Query.Internal.EntityQueryable`1[[CWB.ProductionPlanWO.Domain.Insp_Outcome_Details, CWB.ProductionPlanWO, Version=1.0.0.0, Culture=neutral, PublicKeyToken=null]] -> System.Collections.Generic.IEnumerable`1[[CWB.ProductionPlanWO.ViewModels.Insp_Outcome_DetailsVM, CWB.ProductionPlanWO, Version=1.0.0.0, Culture=neutral, PublicKeyToken=null]]
 ---> System.InvalidOperationException: A second operation was started on this context before a previous operation completed. This is usually caused by different threads concurrently using the same instance of DbContext. For more information on how to avoid threading issues with DbContext, see https://go.microsoft.com/fwlink/?linkid=2097913.
   at Microsoft.EntityFrameworkCore.Internal.ConcurrencyDetector.EnterCriticalSection()
   at Microsoft.EntityFrameworkCore.Query.Internal.SingleQueryingEnumerable`1.Enumerator.MoveNext()
   at lambda_method(Closure , Object , IEnumerable`1 , ResolutionContext )
   --- End of inner exception stack trace ---
   at lambda_method(Closure , Object , IEnumerable`1 , ResolutionContext )
   at CWB.ProductionPlanWO.Services.WOService.GetAllInsp_Outcome_Details(Int64 tenantId) in F:\CWBworking\CWB.ProductionPlanWO\Services\WOService.cs:line 1109
   at CWB.ProductionPlanWO.Services.WOService.AllProductionWoReadForProd(Int64 tenantId) in F:\CWBworking\CWB.ProductionPlanWO\Services\WOService.cs:line 4346
   at CWB.ProductionPlanWO.Controllers.WOController.AllProductionWoReadForProd(Int64 tenantId) in F:\CWBworking\CWB.ProductionPlanWO\Controllers\WOController.cs:line 1697
   at Microsoft.AspNetCore.Mvc.Infrastructure.ActionMethodExecutor.TaskOfIActionResultExecutor.Execute(IActionResultTypeMapper mapper, ObjectMethodExecutor executor, Object controller, Object[] arguments)
   at Microsoft.AspNetCore.Mvc.Infrastructure.ControllerActionInvoker.<InvokeActionMethodAsync>g__Awaited|12_0(ControllerActionInvoker invoker, ValueTask`1 actionResultValueTask)
   at Microsoft.AspNetCore.Mvc.Infrastructure.ControllerActionInvoker.<InvokeNextActionFilterAsync>g__Awaited|10_0(ControllerActionInvoker invoker, Task lastTask, State next, Scope scope, Object state, Boolean isCompleted)
   at Microsoft.AspNetCore.Mvc.Infrastructure.ControllerActionInvoker.Rethrow(ActionExecutedContextSealed context)
   at Microsoft.AspNetCore.Mvc.Infrastructure.ControllerActionInvoker.Next(State& next, Scope& scope, Object& state, Boolean& isCompleted)
   at Microsoft.AspNetCore.Mvc.Infrastructure.ControllerActionInvoker.InvokeInnerFilterAsync()
--- End of stack trace from previous location where exception was thrown ---
   at Microsoft.AspNetCore.Mvc.Infrastructure.ResourceInvoker.<InvokeFilterPipelineAsync>g__Awaited|19_0(ResourceInvoker invoker, Task lastTask, State next, Scope scope, Object state, Boolean isCompleted)
   at Microsoft.AspNetCore.Mvc.Infrastructure.ResourceInvoker.<InvokeAsync>g__Awaited|17_0(ResourceInvoker invoker, Task task, IDisposable scope)
   at Microsoft.AspNetCore.Routing.EndpointMiddleware.<Invoke>g__AwaitRequestTask|6_0(Endpoint endpoint, Task requestTask, ILogger logger)
   at Microsoft.AspNetCore.Authorization.AuthorizationMiddleware.Invoke(HttpContext context)
   at Microsoft.AspNetCore.Authentication.AuthenticationMiddleware.Invoke(HttpContext context)
   at CWB.ExceptionHandling.ExceptionMiddleware.InvokeAsync(HttpContext httpContext) in F:\CWBworking\CWB.ExceptionHandling\ExceptionMiddleware.cs:line 26
2026-02-17 05:59:17.5676 ERROR Error: AutoMapper.AutoMapperMappingException: Error mapping types.

Mapping types:
EntityQueryable`1 -> IEnumerable`1
Microsoft.EntityFrameworkCore.Query.Internal.EntityQueryable`1[[CWB.ProductionPlanWO.Domain.Insp_Outcome_Details, CWB.ProductionPlanWO, Version=1.0.0.0, Culture=neutral, PublicKeyToken=null]] -> System.Collections.Generic.IEnumerable`1[[CWB.ProductionPlanWO.ViewModels.Insp_Outcome_DetailsVM, CWB.ProductionPlanWO, Version=1.0.0.0, Culture=neutral, PublicKeyToken=null]]
 ---> System.InvalidOperationException: A second operation was started on this context before a previous operation completed. This is usually caused by different threads concurrently using the same instance of DbContext. For more information on how to avoid threading issues with DbContext, see https://go.microsoft.com/fwlink/?linkid=2097913.
   at Microsoft.EntityFrameworkCore.Internal.ConcurrencyDetector.EnterCriticalSection()
   at Microsoft.EntityFrameworkCore.Query.Internal.SingleQueryingEnumerable`1.Enumerator.MoveNext()
   at lambda_method(Closure , Object , IEnumerable`1 , ResolutionContext )
   --- End of inner exception stack trace ---
   at lambda_method(Closure , Object , IEnumerable`1 , ResolutionContext )
   at CWB.ProductionPlanWO.Services.WOService.GetAllInsp_Outcome_Details(Int64 tenantId) in F:\CWBworking\CWB.ProductionPlanWO\Services\WOService.cs:line 1109
   at CWB.ProductionPlanWO.Services.WOService.AllProductionWoReadForProd(Int64 tenantId) in F:\CWBworking\CWB.ProductionPlanWO\Services\WOService.cs:line 4346
   at CWB.ProductionPlanWO.Controllers.WOController.AllProductionWoReadForProd(Int64 tenantId) in F:\CWBworking\CWB.ProductionPlanWO\Controllers\WOController.cs:line 1697
   at Microsoft.AspNetCore.Mvc.Infrastructure.ActionMethodExecutor.TaskOfIActionResultExecutor.Execute(IActionResultTypeMapper mapper, ObjectMethodExecutor executor, Object controller, Object[] arguments)
   at Microsoft.AspNetCore.Mvc.Infrastructure.ControllerActionInvoker.<InvokeActionMethodAsync>g__Awaited|12_0(ControllerActionInvoker invoker, ValueTask`1 actionResultValueTask)
   at Microsoft.AspNetCore.Mvc.Infrastructure.ControllerActionInvoker.<InvokeNextActionFilterAsync>g__Awaited|10_0(ControllerActionInvoker invoker, Task lastTask, State next, Scope scope, Object state, Boolean isCompleted)
   at Microsoft.AspNetCore.Mvc.Infrastructure.ControllerActionInvoker.Rethrow(ActionExecutedContextSealed context)
   at Microsoft.AspNetCore.Mvc.Infrastructure.ControllerActionInvoker.Next(State& next, Scope& scope, Object& state, Boolean& isCompleted)
   at Microsoft.AspNetCore.Mvc.Infrastructure.ControllerActionInvoker.InvokeInnerFilterAsync()
--- End of stack trace from previous location where exception was thrown ---
   at Microsoft.AspNetCore.Mvc.Infrastructure.ResourceInvoker.<InvokeFilterPipelineAsync>g__Awaited|19_0(ResourceInvoker invoker, Task lastTask, State next, Scope scope, Object state, Boolean isCompleted)
   at Microsoft.AspNetCore.Mvc.Infrastructure.ResourceInvoker.<InvokeAsync>g__Awaited|17_0(ResourceInvoker invoker, Task task, IDisposable scope)
   at Microsoft.AspNetCore.Routing.EndpointMiddleware.<Invoke>g__AwaitRequestTask|6_0(Endpoint endpoint, Task requestTask, ILogger logger)
   at Microsoft.AspNetCore.Authorization.AuthorizationMiddleware.Invoke(HttpContext context)
   at Microsoft.AspNetCore.Authentication.AuthenticationMiddleware.Invoke(HttpContext context)
   at CWB.ExceptionHandling.ExceptionMiddleware.InvokeAsync(HttpContext httpContext) in F:\CWBworking\CWB.ExceptionHandling\ExceptionMiddleware.cs:line 26
2026-02-17 06:00:32.5774 ERROR Error: AutoMapper.AutoMapperMappingException: Error mapping types.

Mapping types:
EntityQueryable`1 -> IEnumerable`1
Microsoft.EntityFrameworkCore.Query.Internal.EntityQueryable`1[[CWB.ProductionPlanWO.Domain.Insp_Outcome_Details, CWB.ProductionPlanWO, Version=1.0.0.0, Culture=neutral, PublicKeyToken=null]] -> System.Collections.Generic.IEnumerable`1[[CWB.ProductionPlanWO.ViewModels.Insp_Outcome_DetailsVM, CWB.ProductionPlanWO, Version=1.0.0.0, Culture=neutral, PublicKeyToken=null]]
 ---> System.InvalidOperationException: A second operation was started on this context before a previous operation completed. This is usually caused by different threads concurrently using the same instance of DbContext. For more information on how to avoid threading issues with DbContext, see https://go.microsoft.com/fwlink/?linkid=2097913.
   at Microsoft.EntityFrameworkCore.Internal.ConcurrencyDetector.EnterCriticalSection()
   at Microsoft.EntityFrameworkCore.Query.Internal.SingleQueryingEnumerable`1.Enumerator.MoveNext()
   at lambda_method(Closure , Object , IEnumerable`1 , ResolutionContext )
   --- End of inner exception stack trace ---
   at lambda_method(Closure , Object , IEnumerable`1 , ResolutionContext )
   at CWB.ProductionPlanWO.Services.WOService.GetAllInsp_Outcome_Details(Int64 tenantId) in F:\CWBworking\CWB.ProductionPlanWO\Services\WOService.cs:line 1109
   at CWB.ProductionPlanWO.Services.WOService.AllProductionWoReadForProd(Int64 tenantId) in F:\CWBworking\CWB.ProductionPlanWO\Services\WOService.cs:line 4346
   at CWB.ProductionPlanWO.Controllers.WOController.AllProductionWoReadForProd(Int64 tenantId) in F:\CWBworking\CWB.ProductionPlanWO\Controllers\WOController.cs:line 1697
   at Microsoft.AspNetCore.Mvc.Infrastructure.ActionMethodExecutor.TaskOfIActionResultExecutor.Execute(IActionResultTypeMapper mapper, ObjectMethodExecutor executor, Object controller, Object[] arguments)
   at Microsoft.AspNetCore.Mvc.Infrastructure.ControllerActionInvoker.<InvokeActionMethodAsync>g__Awaited|12_0(ControllerActionInvoker invoker, ValueTask`1 actionResultValueTask)
   at Microsoft.AspNetCore.Mvc.Infrastructure.ControllerActionInvoker.<InvokeNextActionFilterAsync>g__Awaited|10_0(ControllerActionInvoker invoker, Task lastTask, State next, Scope scope, Object state, Boolean isCompleted)
   at Microsoft.AspNetCore.Mvc.Infrastructure.ControllerActionInvoker.Rethrow(ActionExecutedContextSealed context)
   at Microsoft.AspNetCore.Mvc.Infrastructure.ControllerActionInvoker.Next(State& next, Scope& scope, Object& state, Boolean& isCompleted)
   at Microsoft.AspNetCore.Mvc.Infrastructure.ControllerActionInvoker.InvokeInnerFilterAsync()
--- End of stack trace from previous location where exception was thrown ---
   at Microsoft.AspNetCore.Mvc.Infrastructure.ResourceInvoker.<InvokeFilterPipelineAsync>g__Awaited|19_0(ResourceInvoker invoker, Task lastTask, State next, Scope scope, Object state, Boolean isCompleted)
   at Microsoft.AspNetCore.Mvc.Infrastructure.ResourceInvoker.<InvokeAsync>g__Awaited|17_0(ResourceInvoker invoker, Task task, IDisposable scope)
   at Microsoft.AspNetCore.Routing.EndpointMiddleware.<Invoke>g__AwaitRequestTask|6_0(Endpoint endpoint, Task requestTask, ILogger logger)
   at Microsoft.AspNetCore.Authorization.AuthorizationMiddleware.Invoke(HttpContext context)
   at Microsoft.AspNetCore.Authentication.AuthenticationMiddleware.Invoke(HttpContext context)
   at CWB.ExceptionHandling.ExceptionMiddleware.InvokeAsync(HttpContext httpContext) in F:\CWBworking\CWB.ExceptionHandling\ExceptionMiddleware.cs:line 26
2026-02-17 06:00:38.7039 ERROR Error: AutoMapper.AutoMapperMappingException: Error mapping types.

Mapping types:
EntityQueryable`1 -> IEnumerable`1
Microsoft.EntityFrameworkCore.Query.Internal.EntityQueryable`1[[CWB.ProductionPlanWO.Domain.Insp_Outcome_Details, CWB.ProductionPlanWO, Version=1.0.0.0, Culture=neutral, PublicKeyToken=null]] -> System.Collections.Generic.IEnumerable`1[[CWB.ProductionPlanWO.ViewModels.Insp_Outcome_DetailsVM, CWB.ProductionPlanWO, Version=1.0.0.0, Culture=neutral, PublicKeyToken=null]]
 ---> System.InvalidOperationException: A second operation was started on this context before a previous operation completed. This is usually caused by different threads concurrently using the same instance of DbContext. For more information on how to avoid threading issues with DbContext, see https://go.microsoft.com/fwlink/?linkid=2097913.
   at Microsoft.EntityFrameworkCore.Internal.ConcurrencyDetector.EnterCriticalSection()
   at Microsoft.EntityFrameworkCore.Query.Internal.SingleQueryingEnumerable`1.Enumerator.MoveNext()
   at lambda_method(Closure , Object , IEnumerable`1 , ResolutionContext )
   --- End of inner exception stack trace ---
   at lambda_method(Closure , Object , IEnumerable`1 , ResolutionContext )
   at CWB.ProductionPlanWO.Services.WOService.GetAllInsp_Outcome_Details(Int64 tenantId) in F:\CWBworking\CWB.ProductionPlanWO\Services\WOService.cs:line 1109
   at CWB.ProductionPlanWO.Services.WOService.AllProductionWoReadForProd(Int64 tenantId) in F:\CWBworking\CWB.ProductionPlanWO\Services\WOService.cs:line 4346
   at CWB.ProductionPlanWO.Controllers.WOController.AllProductionWoReadForProd(Int64 tenantId) in F:\CWBworking\CWB.ProductionPlanWO\Controllers\WOController.cs:line 1697
   at Microsoft.AspNetCore.Mvc.Infrastructure.ActionMethodExecutor.TaskOfIActionResultExecutor.Execute(IActionResultTypeMapper mapper, ObjectMethodExecutor executor, Object controller, Object[] arguments)
   at Microsoft.AspNetCore.Mvc.Infrastructure.ControllerActionInvoker.<InvokeActionMethodAsync>g__Awaited|12_0(ControllerActionInvoker invoker, ValueTask`1 actionResultValueTask)
   at Microsoft.AspNetCore.Mvc.Infrastructure.ControllerActionInvoker.<InvokeNextActionFilterAsync>g__Awaited|10_0(ControllerActionInvoker invoker, Task lastTask, State next, Scope scope, Object state, Boolean isCompleted)
   at Microsoft.AspNetCore.Mvc.Infrastructure.ControllerActionInvoker.Rethrow(ActionExecutedContextSealed context)
   at Microsoft.AspNetCore.Mvc.Infrastructure.ControllerActionInvoker.Next(State& next, Scope& scope, Object& state, Boolean& isCompleted)
   at Microsoft.AspNetCore.Mvc.Infrastructure.ControllerActionInvoker.InvokeInnerFilterAsync()
--- End of stack trace from previous location where exception was thrown ---
   at Microsoft.AspNetCore.Mvc.Infrastructure.ResourceInvoker.<InvokeFilterPipelineAsync>g__Awaited|19_0(ResourceInvoker invoker, Task lastTask, State next, Scope scope, Object state, Boolean isCompleted)
   at Microsoft.AspNetCore.Mvc.Infrastructure.ResourceInvoker.<InvokeAsync>g__Awaited|17_0(ResourceInvoker invoker, Task task, IDisposable scope)
   at Microsoft.AspNetCore.Routing.EndpointMiddleware.<Invoke>g__AwaitRequestTask|6_0(Endpoint endpoint, Task requestTask, ILogger logger)
   at Microsoft.AspNetCore.Authorization.AuthorizationMiddleware.Invoke(HttpContext context)
   at Microsoft.AspNetCore.Authentication.AuthenticationMiddleware.Invoke(HttpContext context)
   at CWB.ExceptionHandling.ExceptionMiddleware.InvokeAsync(HttpContext httpContext) in F:\CWBworking\CWB.ExceptionHandling\ExceptionMiddleware.cs:line 26
2026-02-17 09:48:41.1514 ERROR Error: AutoMapper.AutoMapperMappingException: Error mapping types.

Mapping types:
EntityQueryable`1 -> IEnumerable`1
Microsoft.EntityFrameworkCore.Query.Internal.EntityQueryable`1[[CWB.ProductionPlanWO.Domain.Insp_Outcome_Details, CWB.ProductionPlanWO, Version=1.0.0.0, Culture=neutral, PublicKeyToken=null]] -> System.Collections.Generic.IEnumerable`1[[CWB.ProductionPlanWO.ViewModels.Insp_Outcome_DetailsVM, CWB.ProductionPlanWO, Version=1.0.0.0, Culture=neutral, PublicKeyToken=null]]
 ---> System.InvalidOperationException: A second operation was started on this context before a previous operation completed. This is usually caused by different threads concurrently using the same instance of DbContext. For more information on how to avoid threading issues with DbContext, see https://go.microsoft.com/fwlink/?linkid=2097913.
   at Microsoft.EntityFrameworkCore.Internal.ConcurrencyDetector.EnterCriticalSection()
   at Microsoft.EntityFrameworkCore.Query.Internal.SingleQueryingEnumerable`1.Enumerator.MoveNext()
   at lambda_method(Closure , Object , IEnumerable`1 , ResolutionContext )
   --- End of inner exception stack trace ---
   at lambda_method(Closure , Object , IEnumerable`1 , ResolutionContext )
   at CWB.ProductionPlanWO.Services.WOService.GetAllInsp_Outcome_Details(Int64 tenantId) in F:\CWBworking\CWB.ProductionPlanWO\Services\WOService.cs:line 1109
   at CWB.ProductionPlanWO.Services.WOService.AllProductionWoReadForProd(Int64 tenantId) in F:\CWBworking\CWB.ProductionPlanWO\Services\WOService.cs:line 4346
   at CWB.ProductionPlanWO.Controllers.WOController.AllProductionWoReadForProd(Int64 tenantId) in F:\CWBworking\CWB.ProductionPlanWO\Controllers\WOController.cs:line 1697
   at Microsoft.AspNetCore.Mvc.Infrastructure.ActionMethodExecutor.TaskOfIActionResultExecutor.Execute(IActionResultTypeMapper mapper, ObjectMethodExecutor executor, Object controller, Object[] arguments)
   at Microsoft.AspNetCore.Mvc.Infrastructure.ControllerActionInvoker.<InvokeActionMethodAsync>g__Awaited|12_0(ControllerActionInvoker invoker, ValueTask`1 actionResultValueTask)
   at Microsoft.AspNetCore.Mvc.Infrastructure.ControllerActionInvoker.<InvokeNextActionFilterAsync>g__Awaited|10_0(ControllerActionInvoker invoker, Task lastTask, State next, Scope scope, Object state, Boolean isCompleted)
   at Microsoft.AspNetCore.Mvc.Infrastructure.ControllerActionInvoker.Rethrow(ActionExecutedContextSealed context)
   at Microsoft.AspNetCore.Mvc.Infrastructure.ControllerActionInvoker.Next(State& next, Scope& scope, Object& state, Boolean& isCompleted)
   at Microsoft.AspNetCore.Mvc.Infrastructure.ControllerActionInvoker.InvokeInnerFilterAsync()
--- End of stack trace from previous location where exception was thrown ---
   at Microsoft.AspNetCore.Mvc.Infrastructure.ResourceInvoker.<InvokeFilterPipelineAsync>g__Awaited|19_0(ResourceInvoker invoker, Task lastTask, State next, Scope scope, Object state, Boolean isCompleted)
   at Microsoft.AspNetCore.Mvc.Infrastructure.ResourceInvoker.<InvokeAsync>g__Awaited|17_0(ResourceInvoker invoker, Task task, IDisposable scope)
   at Microsoft.AspNetCore.Routing.EndpointMiddleware.<Invoke>g__AwaitRequestTask|6_0(Endpoint endpoint, Task requestTask, ILogger logger)
   at Microsoft.AspNetCore.Authorization.AuthorizationMiddleware.Invoke(HttpContext context)
   at Microsoft.AspNetCore.Authentication.AuthenticationMiddleware.Invoke(HttpContext context)
   at CWB.ExceptionHandling.ExceptionMiddleware.InvokeAsync(HttpContext httpContext) in F:\CWBworking\CWB.ExceptionHandling\ExceptionMiddleware.cs:line 26
2026-02-17 09:48:55.3605 ERROR Error: AutoMapper.AutoMapperMappingException: Error mapping types.

Mapping types:
EntityQueryable`1 -> IEnumerable`1
Microsoft.EntityFrameworkCore.Query.Internal.EntityQueryable`1[[CWB.ProductionPlanWO.Domain.Insp_Outcome_Details, CWB.ProductionPlanWO, Version=1.0.0.0, Culture=neutral, PublicKeyToken=null]] -> System.Collections.Generic.IEnumerable`1[[CWB.ProductionPlanWO.ViewModels.Insp_Outcome_DetailsVM, CWB.ProductionPlanWO, Version=1.0.0.0, Culture=neutral, PublicKeyToken=null]]
 ---> System.InvalidOperationException: A second operation was started on this context before a previous operation completed. This is usually caused by different threads concurrently using the same instance of DbContext. For more information on how to avoid threading issues with DbContext, see https://go.microsoft.com/fwlink/?linkid=2097913.
   at Microsoft.EntityFrameworkCore.Internal.ConcurrencyDetector.EnterCriticalSection()
   at Microsoft.EntityFrameworkCore.Query.Internal.SingleQueryingEnumerable`1.Enumerator.MoveNext()
   at lambda_method(Closure , Object , IEnumerable`1 , ResolutionContext )
   --- End of inner exception stack trace ---
   at lambda_method(Closure , Object , IEnumerable`1 , ResolutionContext )
   at CWB.ProductionPlanWO.Services.WOService.GetAllInsp_Outcome_Details(Int64 tenantId) in F:\CWBworking\CWB.ProductionPlanWO\Services\WOService.cs:line 1109
   at CWB.ProductionPlanWO.Services.WOService.AllProductionWoReadForProd(Int64 tenantId) in F:\CWBworking\CWB.ProductionPlanWO\Services\WOService.cs:line 4346
   at CWB.ProductionPlanWO.Controllers.WOController.AllProductionWoReadForProd(Int64 tenantId) in F:\CWBworking\CWB.ProductionPlanWO\Controllers\WOController.cs:line 1697
   at Microsoft.AspNetCore.Mvc.Infrastructure.ActionMethodExecutor.TaskOfIActionResultExecutor.Execute(IActionResultTypeMapper mapper, ObjectMethodExecutor executor, Object controller, Object[] arguments)
   at Microsoft.AspNetCore.Mvc.Infrastructure.ControllerActionInvoker.<InvokeActionMethodAsync>g__Awaited|12_0(ControllerActionInvoker invoker, ValueTask`1 actionResultValueTask)
   at Microsoft.AspNetCore.Mvc.Infrastructure.ControllerActionInvoker.<InvokeNextActionFilterAsync>g__Awaited|10_0(ControllerActionInvoker invoker, Task lastTask, State next, Scope scope, Object state, Boolean isCompleted)
   at Microsoft.AspNetCore.Mvc.Infrastructure.ControllerActionInvoker.Rethrow(ActionExecutedContextSealed context)
   at Microsoft.AspNetCore.Mvc.Infrastructure.ControllerActionInvoker.Next(State& next, Scope& scope, Object& state, Boolean& isCompleted)
   at Microsoft.AspNetCore.Mvc.Infrastructure.ControllerActionInvoker.<InvokeInnerFilterAsync>g__Awaited|13_0(ControllerActionInvoker invoker, Task lastTask, State next, Scope scope, Object state, Boolean isCompleted)
   at Microsoft.AspNetCore.Mvc.Infrastructure.ResourceInvoker.<InvokeFilterPipelineAsync>g__Awaited|19_0(ResourceInvoker invoker, Task lastTask, State next, Scope scope, Object state, Boolean isCompleted)
   at Microsoft.AspNetCore.Mvc.Infrastructure.ResourceInvoker.<InvokeAsync>g__Awaited|17_0(ResourceInvoker invoker, Task task, IDisposable scope)
   at Microsoft.AspNetCore.Routing.EndpointMiddleware.<Invoke>g__AwaitRequestTask|6_0(Endpoint endpoint, Task requestTask, ILogger logger)
   at Microsoft.AspNetCore.Authorization.AuthorizationMiddleware.Invoke(HttpContext context)
   at Microsoft.AspNetCore.Authentication.AuthenticationMiddleware.Invoke(HttpContext context)
   at CWB.ExceptionHandling.ExceptionMiddleware.InvokeAsync(HttpContext httpContext) in F:\CWBworking\CWB.ExceptionHandling\ExceptionMiddleware.cs:line 26
2026-02-17 11:26:06.6287 ERROR Error: AutoMapper.AutoMapperMappingException: Error mapping types.

Mapping types:
EntityQueryable`1 -> IEnumerable`1
Microsoft.EntityFrameworkCore.Query.Internal.EntityQueryable`1[[CWB.ProductionPlanWO.Domain.Insp_Outcome_Details, CWB.ProductionPlanWO, Version=1.0.0.0, Culture=neutral, PublicKeyToken=null]] -> System.Collections.Generic.IEnumerable`1[[CWB.ProductionPlanWO.ViewModels.Insp_Outcome_DetailsVM, CWB.ProductionPlanWO, Version=1.0.0.0, Culture=neutral, PublicKeyToken=null]]
 ---> System.InvalidOperationException: A second operation was started on this context before a previous operation completed. This is usually caused by different threads concurrently using the same instance of DbContext. For more information on how to avoid threading issues with DbContext, see https://go.microsoft.com/fwlink/?linkid=2097913.
   at Microsoft.EntityFrameworkCore.Internal.ConcurrencyDetector.EnterCriticalSection()
   at Microsoft.EntityFrameworkCore.Query.Internal.SingleQueryingEnumerable`1.Enumerator.MoveNext()
   at lambda_method(Closure , Object , IEnumerable`1 , ResolutionContext )
   --- End of inner exception stack trace ---
   at lambda_method(Closure , Object , IEnumerable`1 , ResolutionContext )
   at CWB.ProductionPlanWO.Services.WOService.GetAllInsp_Outcome_Details(Int64 tenantId) in F:\CWBworking\CWB.ProductionPlanWO\Services\WOService.cs:line 1109
   at CWB.ProductionPlanWO.Services.WOService.AllProductionWoReadForProd(Int64 tenantId) in F:\CWBworking\CWB.ProductionPlanWO\Services\WOService.cs:line 4346
   at CWB.ProductionPlanWO.Controllers.WOController.AllProductionWoReadForProd(Int64 tenantId) in F:\CWBworking\CWB.ProductionPlanWO\Controllers\WOController.cs:line 1697
   at Microsoft.AspNetCore.Mvc.Infrastructure.ActionMethodExecutor.TaskOfIActionResultExecutor.Execute(IActionResultTypeMapper mapper, ObjectMethodExecutor executor, Object controller, Object[] arguments)
   at Microsoft.AspNetCore.Mvc.Infrastructure.ControllerActionInvoker.<InvokeActionMethodAsync>g__Awaited|12_0(ControllerActionInvoker invoker, ValueTask`1 actionResultValueTask)
   at Microsoft.AspNetCore.Mvc.Infrastructure.ControllerActionInvoker.<InvokeNextActionFilterAsync>g__Awaited|10_0(ControllerActionInvoker invoker, Task lastTask, State next, Scope scope, Object state, Boolean isCompleted)
   at Microsoft.AspNetCore.Mvc.Infrastructure.ControllerActionInvoker.Rethrow(ActionExecutedContextSealed context)
   at Microsoft.AspNetCore.Mvc.Infrastructure.ControllerActionInvoker.Next(State& next, Scope& scope, Object& state, Boolean& isCompleted)
   at Microsoft.AspNetCore.Mvc.Infrastructure.ControllerActionInvoker.<InvokeInnerFilterAsync>g__Awaited|13_0(ControllerActionInvoker invoker, Task lastTask, State next, Scope scope, Object state, Boolean isCompleted)
   at Microsoft.AspNetCore.Mvc.Infrastructure.ResourceInvoker.<InvokeFilterPipelineAsync>g__Awaited|19_0(ResourceInvoker invoker, Task lastTask, State next, Scope scope, Object state, Boolean isCompleted)
   at Microsoft.AspNetCore.Mvc.Infrastructure.ResourceInvoker.<InvokeAsync>g__Awaited|17_0(ResourceInvoker invoker, Task task, IDisposable scope)
   at Microsoft.AspNetCore.Routing.EndpointMiddleware.<Invoke>g__AwaitRequestTask|6_0(Endpoint endpoint, Task requestTask, ILogger logger)
   at Microsoft.AspNetCore.Authorization.AuthorizationMiddleware.Invoke(HttpContext context)
   at Microsoft.AspNetCore.Authentication.AuthenticationMiddleware.Invoke(HttpContext context)
   at CWB.ExceptionHandling.ExceptionMiddleware.InvokeAsync(HttpContext httpContext) in F:\CWBworking\CWB.ExceptionHandling\ExceptionMiddleware.cs:line 26
2026-02-17 11:49:53.7379 ERROR Error: AutoMapper.AutoMapperMappingException: Error mapping types.

Mapping types:
EntityQueryable`1 -> IEnumerable`1
Microsoft.EntityFrameworkCore.Query.Internal.EntityQueryable`1[[CWB.ProductionPlanWO.Domain.Insp_Outcome_Details, CWB.ProductionPlanWO, Version=1.0.0.0, Culture=neutral, PublicKeyToken=null]] -> System.Collections.Generic.IEnumerable`1[[CWB.ProductionPlanWO.ViewModels.Insp_Outcome_DetailsVM, CWB.ProductionPlanWO, Version=1.0.0.0, Culture=neutral, PublicKeyToken=null]]
 ---> System.InvalidOperationException: A second operation was started on this context before a previous operation completed. This is usually caused by different threads concurrently using the same instance of DbContext. For more information on how to avoid threading issues with DbContext, see https://go.microsoft.com/fwlink/?linkid=2097913.
   at Microsoft.EntityFrameworkCore.Internal.ConcurrencyDetector.EnterCriticalSection()
   at Microsoft.EntityFrameworkCore.Query.Internal.SingleQueryingEnumerable`1.Enumerator.MoveNext()
   at lambda_method(Closure , Object , IEnumerable`1 , ResolutionContext )
   --- End of inner exception stack trace ---
   at lambda_method(Closure , Object , IEnumerable`1 , ResolutionContext )
   at CWB.ProductionPlanWO.Services.WOService.GetAllInsp_Outcome_Details(Int64 tenantId) in F:\CWBworking\CWB.ProductionPlanWO\Services\WOService.cs:line 1109
   at CWB.ProductionPlanWO.Services.WOService.AllProductionWoReadForProd(Int64 tenantId) in F:\CWBworking\CWB.ProductionPlanWO\Services\WOService.cs:line 4346
   at CWB.ProductionPlanWO.Controllers.WOController.AllProductionWoReadForProd(Int64 tenantId) in F:\CWBworking\CWB.ProductionPlanWO\Controllers\WOController.cs:line 1697
   at Microsoft.AspNetCore.Mvc.Infrastructure.ActionMethodExecutor.TaskOfIActionResultExecutor.Execute(IActionResultTypeMapper mapper, ObjectMethodExecutor executor, Object controller, Object[] arguments)
   at Microsoft.AspNetCore.Mvc.Infrastructure.ControllerActionInvoker.<InvokeActionMethodAsync>g__Awaited|12_0(ControllerActionInvoker invoker, ValueTask`1 actionResultValueTask)
   at Microsoft.AspNetCore.Mvc.Infrastructure.ControllerActionInvoker.<InvokeNextActionFilterAsync>g__Awaited|10_0(ControllerActionInvoker invoker, Task lastTask, State next, Scope scope, Object state, Boolean isCompleted)
   at Microsoft.AspNetCore.Mvc.Infrastructure.ControllerActionInvoker.Rethrow(ActionExecutedContextSealed context)
   at Microsoft.AspNetCore.Mvc.Infrastructure.ControllerActionInvoker.Next(State& next, Scope& scope, Object& state, Boolean& isCompleted)
   at Microsoft.AspNetCore.Mvc.Infrastructure.ControllerActionInvoker.InvokeInnerFilterAsync()
--- End of stack trace from previous location where exception was thrown ---
   at Microsoft.AspNetCore.Mvc.Infrastructure.ResourceInvoker.<InvokeFilterPipelineAsync>g__Awaited|19_0(ResourceInvoker invoker, Task lastTask, State next, Scope scope, Object state, Boolean isCompleted)
   at Microsoft.AspNetCore.Mvc.Infrastructure.ResourceInvoker.<InvokeAsync>g__Awaited|17_0(ResourceInvoker invoker, Task task, IDisposable scope)
   at Microsoft.AspNetCore.Routing.EndpointMiddleware.<Invoke>g__AwaitRequestTask|6_0(Endpoint endpoint, Task requestTask, ILogger logger)
   at Microsoft.AspNetCore.Authorization.AuthorizationMiddleware.Invoke(HttpContext context)
   at Microsoft.AspNetCore.Authentication.AuthenticationMiddleware.Invoke(HttpContext context)
   at CWB.ExceptionHandling.ExceptionMiddleware.InvokeAsync(HttpContext httpContext) in F:\CWBworking\CWB.ExceptionHandling\ExceptionMiddleware.cs:line 26
2026-02-17 11:49:57.9465 ERROR Error: AutoMapper.AutoMapperMappingException: Error mapping types.

Mapping types:
EntityQueryable`1 -> IEnumerable`1
Microsoft.EntityFrameworkCore.Query.Internal.EntityQueryable`1[[CWB.ProductionPlanWO.Domain.Insp_Outcome_Details, CWB.ProductionPlanWO, Version=1.0.0.0, Culture=neutral, PublicKeyToken=null]] -> System.Collections.Generic.IEnumerable`1[[CWB.ProductionPlanWO.ViewModels.Insp_Outcome_DetailsVM, CWB.ProductionPlanWO, Version=1.0.0.0, Culture=neutral, PublicKeyToken=null]]
 ---> System.InvalidOperationException: A second operation was started on this context before a previous operation completed. This is usually caused by different threads concurrently using the same instance of DbContext. For more information on how to avoid threading issues with DbContext, see https://go.microsoft.com/fwlink/?linkid=2097913.
   at Microsoft.EntityFrameworkCore.Internal.ConcurrencyDetector.EnterCriticalSection()
   at Microsoft.EntityFrameworkCore.Query.Internal.SingleQueryingEnumerable`1.Enumerator.MoveNext()
   at lambda_method(Closure , Object , IEnumerable`1 , ResolutionContext )
   --- End of inner exception stack trace ---
   at lambda_method(Closure , Object , IEnumerable`1 , ResolutionContext )
   at CWB.ProductionPlanWO.Services.WOService.GetAllInsp_Outcome_Details(Int64 tenantId) in F:\CWBworking\CWB.ProductionPlanWO\Services\WOService.cs:line 1109
   at CWB.ProductionPlanWO.Services.WOService.AllProductionWoReadForProd(Int64 tenantId) in F:\CWBworking\CWB.ProductionPlanWO\Services\WOService.cs:line 4346
   at CWB.ProductionPlanWO.Controllers.WOController.AllProductionWoReadForProd(Int64 tenantId) in F:\CWBworking\CWB.ProductionPlanWO\Controllers\WOController.cs:line 1697
   at Microsoft.AspNetCore.Mvc.Infrastructure.ActionMethodExecutor.TaskOfIActionResultExecutor.Execute(IActionResultTypeMapper mapper, ObjectMethodExecutor executor, Object controller, Object[] arguments)
   at Microsoft.AspNetCore.Mvc.Infrastructure.ControllerActionInvoker.<InvokeActionMethodAsync>g__Awaited|12_0(ControllerActionInvoker invoker, ValueTask`1 actionResultValueTask)
   at Microsoft.AspNetCore.Mvc.Infrastructure.ControllerActionInvoker.<InvokeNextActionFilterAsync>g__Awaited|10_0(ControllerActionInvoker invoker, Task lastTask, State next, Scope scope, Object state, Boolean isCompleted)
   at Microsoft.AspNetCore.Mvc.Infrastructure.ControllerActionInvoker.Rethrow(ActionExecutedContextSealed context)
   at Microsoft.AspNetCore.Mvc.Infrastructure.ControllerActionInvoker.Next(State& next, Scope& scope, Object& state, Boolean& isCompleted)
   at Microsoft.AspNetCore.Mvc.Infrastructure.ControllerActionInvoker.<InvokeInnerFilterAsync>g__Awaited|13_0(ControllerActionInvoker invoker, Task lastTask, State next, Scope scope, Object state, Boolean isCompleted)
   at Microsoft.AspNetCore.Mvc.Infrastructure.ResourceInvoker.<InvokeFilterPipelineAsync>g__Awaited|19_0(ResourceInvoker invoker, Task lastTask, State next, Scope scope, Object state, Boolean isCompleted)
   at Microsoft.AspNetCore.Mvc.Infrastructure.ResourceInvoker.<InvokeAsync>g__Awaited|17_0(ResourceInvoker invoker, Task task, IDisposable scope)
   at Microsoft.AspNetCore.Routing.EndpointMiddleware.<Invoke>g__AwaitRequestTask|6_0(Endpoint endpoint, Task requestTask, ILogger logger)
   at Microsoft.AspNetCore.Authorization.AuthorizationMiddleware.Invoke(HttpContext context)
   at Microsoft.AspNetCore.Authentication.AuthenticationMiddleware.Invoke(HttpContext context)
   at CWB.ExceptionHandling.ExceptionMiddleware.InvokeAsync(HttpContext httpContext) in F:\CWBworking\CWB.ExceptionHandling\ExceptionMiddleware.cs:line 26
2026-02-17 11:51:37.0433 ERROR Error: AutoMapper.AutoMapperMappingException: Error mapping types.

Mapping types:
EntityQueryable`1 -> IEnumerable`1
Microsoft.EntityFrameworkCore.Query.Internal.EntityQueryable`1[[CWB.ProductionPlanWO.Domain.Insp_Outcome_Details, CWB.ProductionPlanWO, Version=1.0.0.0, Culture=neutral, PublicKeyToken=null]] -> System.Collections.Generic.IEnumerable`1[[CWB.ProductionPlanWO.ViewModels.Insp_Outcome_DetailsVM, CWB.ProductionPlanWO, Version=1.0.0.0, Culture=neutral, PublicKeyToken=null]]
 ---> System.InvalidOperationException: A second operation was started on this context before a previous operation completed. This is usually caused by different threads concurrently using the same instance of DbContext. For more information on how to avoid threading issues with DbContext, see https://go.microsoft.com/fwlink/?linkid=2097913.
   at Microsoft.EntityFrameworkCore.Internal.ConcurrencyDetector.EnterCriticalSection()
   at Microsoft.EntityFrameworkCore.Query.Internal.SingleQueryingEnumerable`1.Enumerator.MoveNext()
   at lambda_method(Closure , Object , IEnumerable`1 , ResolutionContext )
   --- End of inner exception stack trace ---
   at lambda_method(Closure , Object , IEnumerable`1 , ResolutionContext )
   at CWB.ProductionPlanWO.Services.WOService.GetAllInsp_Outcome_Details(Int64 tenantId) in F:\CWBworking\CWB.ProductionPlanWO\Services\WOService.cs:line 1109
   at CWB.ProductionPlanWO.Services.WOService.AllProductionWoReadForProd(Int64 tenantId) in F:\CWBworking\CWB.ProductionPlanWO\Services\WOService.cs:line 4346
   at CWB.ProductionPlanWO.Controllers.WOController.AllProductionWoReadForProd(Int64 tenantId) in F:\CWBworking\CWB.ProductionPlanWO\Controllers\WOController.cs:line 1697
   at Microsoft.AspNetCore.Mvc.Infrastructure.ActionMethodExecutor.TaskOfIActionResultExecutor.Execute(IActionResultTypeMapper mapper, ObjectMethodExecutor executor, Object controller, Object[] arguments)
   at Microsoft.AspNetCore.Mvc.Infrastructure.ControllerActionInvoker.<InvokeActionMethodAsync>g__Awaited|12_0(ControllerActionInvoker invoker, ValueTask`1 actionResultValueTask)
   at Microsoft.AspNetCore.Mvc.Infrastructure.ControllerActionInvoker.<InvokeNextActionFilterAsync>g__Awaited|10_0(ControllerActionInvoker invoker, Task lastTask, State next, Scope scope, Object state, Boolean isCompleted)
   at Microsoft.AspNetCore.Mvc.Infrastructure.ControllerActionInvoker.Rethrow(ActionExecutedContextSealed context)
   at Microsoft.AspNetCore.Mvc.Infrastructure.ControllerActionInvoker.Next(State& next, Scope& scope, Object& state, Boolean& isCompleted)
   at Microsoft.AspNetCore.Mvc.Infrastructure.ControllerActionInvoker.InvokeInnerFilterAsync()
--- End of stack trace from previous location where exception was thrown ---
   at Microsoft.AspNetCore.Mvc.Infrastructure.ResourceInvoker.<InvokeFilterPipelineAsync>g__Awaited|19_0(ResourceInvoker invoker, Task lastTask, State next, Scope scope, Object state, Boolean isCompleted)
   at Microsoft.AspNetCore.Mvc.Infrastructure.ResourceInvoker.<InvokeAsync>g__Awaited|17_0(ResourceInvoker invoker, Task task, IDisposable scope)
   at Microsoft.AspNetCore.Routing.EndpointMiddleware.<Invoke>g__AwaitRequestTask|6_0(Endpoint endpoint, Task requestTask, ILogger logger)
   at Microsoft.AspNetCore.Authorization.AuthorizationMiddleware.Invoke(HttpContext context)
   at Microsoft.AspNetCore.Authentication.AuthenticationMiddleware.Invoke(HttpContext context)
   at CWB.ExceptionHandling.ExceptionMiddleware.InvokeAsync(HttpContext httpContext) in F:\CWBworking\CWB.ExceptionHandling\ExceptionMiddleware.cs:line 26
2026-02-17 11:51:40.9933 ERROR Error: AutoMapper.AutoMapperMappingException: Error mapping types.

Mapping types:
EntityQueryable`1 -> IEnumerable`1
Microsoft.EntityFrameworkCore.Query.Internal.EntityQueryable`1[[CWB.ProductionPlanWO.Domain.Insp_Outcome_Details, CWB.ProductionPlanWO, Version=1.0.0.0, Culture=neutral, PublicKeyToken=null]] -> System.Collections.Generic.IEnumerable`1[[CWB.ProductionPlanWO.ViewModels.Insp_Outcome_DetailsVM, CWB.ProductionPlanWO, Version=1.0.0.0, Culture=neutral, PublicKeyToken=null]]
 ---> System.InvalidOperationException: A second operation was started on this context before a previous operation completed. This is usually caused by different threads concurrently using the same instance of DbContext. For more information on how to avoid threading issues with DbContext, see https://go.microsoft.com/fwlink/?linkid=2097913.
   at Microsoft.EntityFrameworkCore.Internal.ConcurrencyDetector.EnterCriticalSection()
   at Microsoft.EntityFrameworkCore.Query.Internal.SingleQueryingEnumerable`1.Enumerator.MoveNext()
   at lambda_method(Closure , Object , IEnumerable`1 , ResolutionContext )
   --- End of inner exception stack trace ---
   at lambda_method(Closure , Object , IEnumerable`1 , ResolutionContext )
   at CWB.ProductionPlanWO.Services.WOService.GetAllInsp_Outcome_Details(Int64 tenantId) in F:\CWBworking\CWB.ProductionPlanWO\Services\WOService.cs:line 1109
   at CWB.ProductionPlanWO.Services.WOService.AllProductionWoReadForProd(Int64 tenantId) in F:\CWBworking\CWB.ProductionPlanWO\Services\WOService.cs:line 4346
   at CWB.ProductionPlanWO.Controllers.WOController.AllProductionWoReadForProd(Int64 tenantId) in F:\CWBworking\CWB.ProductionPlanWO\Controllers\WOController.cs:line 1697
   at Microsoft.AspNetCore.Mvc.Infrastructure.ActionMethodExecutor.TaskOfIActionResultExecutor.Execute(IActionResultTypeMapper mapper, ObjectMethodExecutor executor, Object controller, Object[] arguments)
   at Microsoft.AspNetCore.Mvc.Infrastructure.ControllerActionInvoker.<InvokeActionMethodAsync>g__Awaited|12_0(ControllerActionInvoker invoker, ValueTask`1 actionResultValueTask)
   at Microsoft.AspNetCore.Mvc.Infrastructure.ControllerActionInvoker.<InvokeNextActionFilterAsync>g__Awaited|10_0(ControllerActionInvoker invoker, Task lastTask, State next, Scope scope, Object state, Boolean isCompleted)
   at Microsoft.AspNetCore.Mvc.Infrastructure.ControllerActionInvoker.Rethrow(ActionExecutedContextSealed context)
   at Microsoft.AspNetCore.Mvc.Infrastructure.ControllerActionInvoker.Next(State& next, Scope& scope, Object& state, Boolean& isCompleted)
   at Microsoft.AspNetCore.Mvc.Infrastructure.ControllerActionInvoker.InvokeInnerFilterAsync()
--- End of stack trace from previous location where exception was thrown ---
   at Microsoft.AspNetCore.Mvc.Infrastructure.ResourceInvoker.<InvokeFilterPipelineAsync>g__Awaited|19_0(ResourceInvoker invoker, Task lastTask, State next, Scope scope, Object state, Boolean isCompleted)
   at Microsoft.AspNetCore.Mvc.Infrastructure.ResourceInvoker.<InvokeAsync>g__Awaited|17_0(ResourceInvoker invoker, Task task, IDisposable scope)
   at Microsoft.AspNetCore.Routing.EndpointMiddleware.<Invoke>g__AwaitRequestTask|6_0(Endpoint endpoint, Task requestTask, ILogger logger)
   at Microsoft.AspNetCore.Authorization.AuthorizationMiddleware.Invoke(HttpContext context)
   at Microsoft.AspNetCore.Authentication.AuthenticationMiddleware.Invoke(HttpContext context)
   at CWB.ExceptionHandling.ExceptionMiddleware.InvokeAsync(HttpContext httpContext) in F:\CWBworking\CWB.ExceptionHandling\ExceptionMiddleware.cs:line 26
2026-02-17 11:56:37.1836 ERROR Error: AutoMapper.AutoMapperMappingException: Error mapping types.

Mapping types:
EntityQueryable`1 -> IEnumerable`1
Microsoft.EntityFrameworkCore.Query.Internal.EntityQueryable`1[[CWB.ProductionPlanWO.Domain.Insp_Outcome_Details, CWB.ProductionPlanWO, Version=1.0.0.0, Culture=neutral, PublicKeyToken=null]] -> System.Collections.Generic.IEnumerable`1[[CWB.ProductionPlanWO.ViewModels.Insp_Outcome_DetailsVM, CWB.ProductionPlanWO, Version=1.0.0.0, Culture=neutral, PublicKeyToken=null]]
 ---> System.InvalidOperationException: A second operation was started on this context before a previous operation completed. This is usually caused by different threads concurrently using the same instance of DbContext. For more information on how to avoid threading issues with DbContext, see https://go.microsoft.com/fwlink/?linkid=2097913.
   at Microsoft.EntityFrameworkCore.Internal.ConcurrencyDetector.EnterCriticalSection()
   at Microsoft.EntityFrameworkCore.Query.Internal.SingleQueryingEnumerable`1.Enumerator.MoveNext()
   at lambda_method(Closure , Object , IEnumerable`1 , ResolutionContext )
   --- End of inner exception stack trace ---
   at lambda_method(Closure , Object , IEnumerable`1 , ResolutionContext )
   at CWB.ProductionPlanWO.Services.WOService.GetAllInsp_Outcome_Details(Int64 tenantId) in F:\CWBworking\CWB.ProductionPlanWO\Services\WOService.cs:line 1109
   at CWB.ProductionPlanWO.Services.WOService.AllProductionWoReadForProd(Int64 tenantId) in F:\CWBworking\CWB.ProductionPlanWO\Services\WOService.cs:line 4346
   at CWB.ProductionPlanWO.Controllers.WOController.AllProductionWoReadForProd(Int64 tenantId) in F:\CWBworking\CWB.ProductionPlanWO\Controllers\WOController.cs:line 1697
   at Microsoft.AspNetCore.Mvc.Infrastructure.ActionMethodExecutor.TaskOfIActionResultExecutor.Execute(IActionResultTypeMapper mapper, ObjectMethodExecutor executor, Object controller, Object[] arguments)
   at Microsoft.AspNetCore.Mvc.Infrastructure.ControllerActionInvoker.<InvokeActionMethodAsync>g__Awaited|12_0(ControllerActionInvoker invoker, ValueTask`1 actionResultValueTask)
   at Microsoft.AspNetCore.Mvc.Infrastructure.ControllerActionInvoker.<InvokeNextActionFilterAsync>g__Awaited|10_0(ControllerActionInvoker invoker, Task lastTask, State next, Scope scope, Object state, Boolean isCompleted)
   at Microsoft.AspNetCore.Mvc.Infrastructure.ControllerActionInvoker.Rethrow(ActionExecutedContextSealed context)
   at Microsoft.AspNetCore.Mvc.Infrastructure.ControllerActionInvoker.Next(State& next, Scope& scope, Object& state, Boolean& isCompleted)
   at Microsoft.AspNetCore.Mvc.Infrastructure.ControllerActionInvoker.<InvokeInnerFilterAsync>g__Awaited|13_0(ControllerActionInvoker invoker, Task lastTask, State next, Scope scope, Object state, Boolean isCompleted)
   at Microsoft.AspNetCore.Mvc.Infrastructure.ResourceInvoker.<InvokeFilterPipelineAsync>g__Awaited|19_0(ResourceInvoker invoker, Task lastTask, State next, Scope scope, Object state, Boolean isCompleted)
   at Microsoft.AspNetCore.Mvc.Infrastructure.ResourceInvoker.<InvokeAsync>g__Awaited|17_0(ResourceInvoker invoker, Task task, IDisposable scope)
   at Microsoft.AspNetCore.Routing.EndpointMiddleware.<Invoke>g__AwaitRequestTask|6_0(Endpoint endpoint, Task requestTask, ILogger logger)
   at Microsoft.AspNetCore.Authorization.AuthorizationMiddleware.Invoke(HttpContext context)
   at Microsoft.AspNetCore.Authentication.AuthenticationMiddleware.Invoke(HttpContext context)
   at CWB.ExceptionHandling.ExceptionMiddleware.InvokeAsync(HttpContext httpContext) in F:\CWBworking\CWB.ExceptionHandling\ExceptionMiddleware.cs:line 26
2026-02-17 11:56:43.2436 ERROR Error: AutoMapper.AutoMapperMappingException: Error mapping types.

Mapping types:
EntityQueryable`1 -> IEnumerable`1
Microsoft.EntityFrameworkCore.Query.Internal.EntityQueryable`1[[CWB.ProductionPlanWO.Domain.Insp_Outcome_Details, CWB.ProductionPlanWO, Version=1.0.0.0, Culture=neutral, PublicKeyToken=null]] -> System.Collections.Generic.IEnumerable`1[[CWB.ProductionPlanWO.ViewModels.Insp_Outcome_DetailsVM, CWB.ProductionPlanWO, Version=1.0.0.0, Culture=neutral, PublicKeyToken=null]]
 ---> System.InvalidOperationException: A second operation was started on this context before a previous operation completed. This is usually caused by different threads concurrently using the same instance of DbContext. For more information on how to avoid threading issues with DbContext, see https://go.microsoft.com/fwlink/?linkid=2097913.
   at Microsoft.EntityFrameworkCore.Internal.ConcurrencyDetector.EnterCriticalSection()
   at Microsoft.EntityFrameworkCore.Query.Internal.SingleQueryingEnumerable`1.Enumerator.MoveNext()
   at lambda_method(Closure , Object , IEnumerable`1 , ResolutionContext )
   --- End of inner exception stack trace ---
   at lambda_method(Closure , Object , IEnumerable`1 , ResolutionContext )
   at CWB.ProductionPlanWO.Services.WOService.GetAllInsp_Outcome_Details(Int64 tenantId) in F:\CWBworking\CWB.ProductionPlanWO\Services\WOService.cs:line 1109
   at CWB.ProductionPlanWO.Services.WOService.AllProductionWoReadForProd(Int64 tenantId) in F:\CWBworking\CWB.ProductionPlanWO\Services\WOService.cs:line 4346
   at CWB.ProductionPlanWO.Controllers.WOController.AllProductionWoReadForProd(Int64 tenantId) in F:\CWBworking\CWB.ProductionPlanWO\Controllers\WOController.cs:line 1697
   at Microsoft.AspNetCore.Mvc.Infrastructure.ActionMethodExecutor.TaskOfIActionResultExecutor.Execute(IActionResultTypeMapper mapper, ObjectMethodExecutor executor, Object controller, Object[] arguments)
   at Microsoft.AspNetCore.Mvc.Infrastructure.ControllerActionInvoker.<InvokeActionMethodAsync>g__Awaited|12_0(ControllerActionInvoker invoker, ValueTask`1 actionResultValueTask)
   at Microsoft.AspNetCore.Mvc.Infrastructure.ControllerActionInvoker.<InvokeNextActionFilterAsync>g__Awaited|10_0(ControllerActionInvoker invoker, Task lastTask, State next, Scope scope, Object state, Boolean isCompleted)
   at Microsoft.AspNetCore.Mvc.Infrastructure.ControllerActionInvoker.Rethrow(ActionExecutedContextSealed context)
   at Microsoft.AspNetCore.Mvc.Infrastructure.ControllerActionInvoker.Next(State& next, Scope& scope, Object& state, Boolean& isCompleted)
   at Microsoft.AspNetCore.Mvc.Infrastructure.ControllerActionInvoker.InvokeInnerFilterAsync()
--- End of stack trace from previous location where exception was thrown ---
   at Microsoft.AspNetCore.Mvc.Infrastructure.ResourceInvoker.<InvokeFilterPipelineAsync>g__Awaited|19_0(ResourceInvoker invoker, Task lastTask, State next, Scope scope, Object state, Boolean isCompleted)
   at Microsoft.AspNetCore.Mvc.Infrastructure.ResourceInvoker.<InvokeAsync>g__Awaited|17_0(ResourceInvoker invoker, Task task, IDisposable scope)
   at Microsoft.AspNetCore.Routing.EndpointMiddleware.<Invoke>g__AwaitRequestTask|6_0(Endpoint endpoint, Task requestTask, ILogger logger)
   at Microsoft.AspNetCore.Authorization.AuthorizationMiddleware.Invoke(HttpContext context)
   at Microsoft.AspNetCore.Authentication.AuthenticationMiddleware.Invoke(HttpContext context)
   at CWB.ExceptionHandling.ExceptionMiddleware.InvokeAsync(HttpContext httpContext) in F:\CWBworking\CWB.ExceptionHandling\ExceptionMiddleware.cs:line 26
2026-02-17 11:57:22.4670 ERROR Error: AutoMapper.AutoMapperMappingException: Error mapping types.

Mapping types:
EntityQueryable`1 -> IEnumerable`1
Microsoft.EntityFrameworkCore.Query.Internal.EntityQueryable`1[[CWB.ProductionPlanWO.Domain.Insp_Outcome_Details, CWB.ProductionPlanWO, Version=1.0.0.0, Culture=neutral, PublicKeyToken=null]] -> System.Collections.Generic.IEnumerable`1[[CWB.ProductionPlanWO.ViewModels.Insp_Outcome_DetailsVM, CWB.ProductionPlanWO, Version=1.0.0.0, Culture=neutral, PublicKeyToken=null]]
 ---> System.InvalidOperationException: A second operation was started on this context before a previous operation completed. This is usually caused by different threads concurrently using the same instance of DbContext. For more information on how to avoid threading issues with DbContext, see https://go.microsoft.com/fwlink/?linkid=2097913.
   at Microsoft.EntityFrameworkCore.Internal.ConcurrencyDetector.EnterCriticalSection()
   at Microsoft.EntityFrameworkCore.Query.Internal.SingleQueryingEnumerable`1.Enumerator.MoveNext()
   at lambda_method(Closure , Object , IEnumerable`1 , ResolutionContext )
   --- End of inner exception stack trace ---
   at lambda_method(Closure , Object , IEnumerable`1 , ResolutionContext )
   at CWB.ProductionPlanWO.Services.WOService.GetAllInsp_Outcome_Details(Int64 tenantId) in F:\CWBworking\CWB.ProductionPlanWO\Services\WOService.cs:line 1109
   at CWB.ProductionPlanWO.Services.WOService.AllProductionWoReadForProd(Int64 tenantId) in F:\CWBworking\CWB.ProductionPlanWO\Services\WOService.cs:line 4346
   at CWB.ProductionPlanWO.Controllers.WOController.AllProductionWoReadForProd(Int64 tenantId) in F:\CWBworking\CWB.ProductionPlanWO\Controllers\WOController.cs:line 1697
   at Microsoft.AspNetCore.Mvc.Infrastructure.ActionMethodExecutor.TaskOfIActionResultExecutor.Execute(IActionResultTypeMapper mapper, ObjectMethodExecutor executor, Object controller, Object[] arguments)
   at Microsoft.AspNetCore.Mvc.Infrastructure.ControllerActionInvoker.<InvokeActionMethodAsync>g__Awaited|12_0(ControllerActionInvoker invoker, ValueTask`1 actionResultValueTask)
   at Microsoft.AspNetCore.Mvc.Infrastructure.ControllerActionInvoker.<InvokeNextActionFilterAsync>g__Awaited|10_0(ControllerActionInvoker invoker, Task lastTask, State next, Scope scope, Object state, Boolean isCompleted)
   at Microsoft.AspNetCore.Mvc.Infrastructure.ControllerActionInvoker.Rethrow(ActionExecutedContextSealed context)
   at Microsoft.AspNetCore.Mvc.Infrastructure.ControllerActionInvoker.Next(State& next, Scope& scope, Object& state, Boolean& isCompleted)
   at Microsoft.AspNetCore.Mvc.Infrastructure.ControllerActionInvoker.InvokeInnerFilterAsync()
--- End of stack trace from previous location where exception was thrown ---
   at Microsoft.AspNetCore.Mvc.Infrastructure.ResourceInvoker.<InvokeFilterPipelineAsync>g__Awaited|19_0(ResourceInvoker invoker, Task lastTask, State next, Scope scope, Object state, Boolean isCompleted)
   at Microsoft.AspNetCore.Mvc.Infrastructure.ResourceInvoker.<InvokeAsync>g__Awaited|17_0(ResourceInvoker invoker, Task task, IDisposable scope)
   at Microsoft.AspNetCore.Routing.EndpointMiddleware.<Invoke>g__AwaitRequestTask|6_0(Endpoint endpoint, Task requestTask, ILogger logger)
   at Microsoft.AspNetCore.Authorization.AuthorizationMiddleware.Invoke(HttpContext context)
   at Microsoft.AspNetCore.Authentication.AuthenticationMiddleware.Invoke(HttpContext context)
   at CWB.ExceptionHandling.ExceptionMiddleware.InvokeAsync(HttpContext httpContext) in F:\CWBworking\CWB.ExceptionHandling\ExceptionMiddleware.cs:line 26
2026-02-17 12:14:09.1203 ERROR Error: System.InvalidOperationException: A second operation was started on this context before a previous operation completed. This is usually caused by different threads concurrently using the same instance of DbContext. For more information on how to avoid threading issues with DbContext, see https://go.microsoft.com/fwlink/?linkid=2097913.
   at Microsoft.EntityFrameworkCore.Internal.ConcurrencyDetector.EnterCriticalSection()
   at Microsoft.EntityFrameworkCore.Query.Internal.SingleQueryingEnumerable`1.AsyncEnumerator.MoveNextAsync()
   at Microsoft.EntityFrameworkCore.EntityFrameworkQueryableExtensions.ToListAsync[TSource](IQueryable`1 source, CancellationToken cancellationToken)
   at Microsoft.EntityFrameworkCore.EntityFrameworkQueryableExtensions.ToListAsync[TSource](IQueryable`1 source, CancellationToken cancellationToken)
   at CWB.CommonUtils.Common.Repositories.Repository`1.AwaitGetRangeAsync(Expression`1 predicate) in F:\CWBworking\CWB.CommonUtils\Common\Repositories\Repository.cs:line 36
   at CWB.ProductionPlanWO.Services.WOService.GetAllInvTransLog(Int64 tenantId) in F:\CWBworking\CWB.ProductionPlanWO\Services\WOService.cs:line 1123
   at CWB.ProductionPlanWO.Services.WOService.AllProductionWoReadForProd(Int64 tenantId) in F:\CWBworking\CWB.ProductionPlanWO\Services\WOService.cs:line 4346
   at CWB.ProductionPlanWO.Controllers.WOController.AllProductionWoReadForProd(Int64 tenantId) in F:\CWBworking\CWB.ProductionPlanWO\Controllers\WOController.cs:line 1697
   at Microsoft.AspNetCore.Mvc.Infrastructure.ActionMethodExecutor.TaskOfIActionResultExecutor.Execute(IActionResultTypeMapper mapper, ObjectMethodExecutor executor, Object controller, Object[] arguments)
   at Microsoft.AspNetCore.Mvc.Infrastructure.ControllerActionInvoker.<InvokeActionMethodAsync>g__Awaited|12_0(ControllerActionInvoker invoker, ValueTask`1 actionResultValueTask)
   at Microsoft.AspNetCore.Mvc.Infrastructure.ControllerActionInvoker.<InvokeNextActionFilterAsync>g__Awaited|10_0(ControllerActionInvoker invoker, Task lastTask, State next, Scope scope, Object state, Boolean isCompleted)
   at Microsoft.AspNetCore.Mvc.Infrastructure.ControllerActionInvoker.Rethrow(ActionExecutedContextSealed context)
   at Microsoft.AspNetCore.Mvc.Infrastructure.ControllerActionInvoker.Next(State& next, Scope& scope, Object& state, Boolean& isCompleted)
   at Microsoft.AspNetCore.Mvc.Infrastructure.ControllerActionInvoker.InvokeInnerFilterAsync()
--- End of stack trace from previous location where exception was thrown ---
   at Microsoft.AspNetCore.Mvc.Infrastructure.ResourceInvoker.<InvokeFilterPipelineAsync>g__Awaited|19_0(ResourceInvoker invoker, Task lastTask, State next, Scope scope, Object state, Boolean isCompleted)
   at Microsoft.AspNetCore.Mvc.Infrastructure.ResourceInvoker.<InvokeAsync>g__Awaited|17_0(ResourceInvoker invoker, Task task, IDisposable scope)
   at Microsoft.AspNetCore.Routing.EndpointMiddleware.<Invoke>g__AwaitRequestTask|6_0(Endpoint endpoint, Task requestTask, ILogger logger)
   at Microsoft.AspNetCore.Authorization.AuthorizationMiddleware.Invoke(HttpContext context)
   at Microsoft.AspNetCore.Authentication.AuthenticationMiddleware.Invoke(HttpContext context)
   at CWB.ExceptionHandling.ExceptionMiddleware.InvokeAsync(HttpContext httpContext) in F:\CWBworking\CWB.ExceptionHandling\ExceptionMiddleware.cs:line 26
2026-02-17 12:16:04.0447 ERROR Error: System.InvalidOperationException: A second operation was started on this context before a previous operation completed. This is usually caused by different threads concurrently using the same instance of DbContext. For more information on how to avoid threading issues with DbContext, see https://go.microsoft.com/fwlink/?linkid=2097913.
   at Microsoft.EntityFrameworkCore.Internal.ConcurrencyDetector.EnterCriticalSection()
   at Microsoft.EntityFrameworkCore.Query.Internal.SingleQueryingEnumerable`1.AsyncEnumerator.MoveNextAsync()
   at Microsoft.EntityFrameworkCore.EntityFrameworkQueryableExtensions.ToListAsync[TSource](IQueryable`1 source, CancellationToken cancellationToken)
   at Microsoft.EntityFrameworkCore.EntityFrameworkQueryableExtensions.ToListAsync[TSource](IQueryable`1 source, CancellationToken cancellationToken)
   at CWB.CommonUtils.Common.Repositories.Repository`1.AwaitGetRangeAsync(Expression`1 predicate) in F:\CWBworking\CWB.CommonUtils\Common\Repositories\Repository.cs:line 36
   at CWB.ProductionPlanWO.Services.WOService.GetAllInvTransLog(Int64 tenantId) in F:\CWBworking\CWB.ProductionPlanWO\Services\WOService.cs:line 1123
   at CWB.ProductionPlanWO.Services.WOService.AllProductionWoReadForProd(Int64 tenantId) in F:\CWBworking\CWB.ProductionPlanWO\Services\WOService.cs:line 4346
   at CWB.ProductionPlanWO.Controllers.WOController.AllProductionWoReadForProd(Int64 tenantId) in F:\CWBworking\CWB.ProductionPlanWO\Controllers\WOController.cs:line 1697
   at Microsoft.AspNetCore.Mvc.Infrastructure.ActionMethodExecutor.TaskOfIActionResultExecutor.Execute(IActionResultTypeMapper mapper, ObjectMethodExecutor executor, Object controller, Object[] arguments)
   at Microsoft.AspNetCore.Mvc.Infrastructure.ControllerActionInvoker.<InvokeActionMethodAsync>g__Awaited|12_0(ControllerActionInvoker invoker, ValueTask`1 actionResultValueTask)
   at Microsoft.AspNetCore.Mvc.Infrastructure.ControllerActionInvoker.<InvokeNextActionFilterAsync>g__Awaited|10_0(ControllerActionInvoker invoker, Task lastTask, State next, Scope scope, Object state, Boolean isCompleted)
   at Microsoft.AspNetCore.Mvc.Infrastructure.ControllerActionInvoker.Rethrow(ActionExecutedContextSealed context)
   at Microsoft.AspNetCore.Mvc.Infrastructure.ControllerActionInvoker.Next(State& next, Scope& scope, Object& state, Boolean& isCompleted)
   at Microsoft.AspNetCore.Mvc.Infrastructure.ControllerActionInvoker.InvokeInnerFilterAsync()
--- End of stack trace from previous location where exception was thrown ---
   at Microsoft.AspNetCore.Mvc.Infrastructure.ResourceInvoker.<InvokeFilterPipelineAsync>g__Awaited|19_0(ResourceInvoker invoker, Task lastTask, State next, Scope scope, Object state, Boolean isCompleted)
   at Microsoft.AspNetCore.Mvc.Infrastructure.ResourceInvoker.<InvokeAsync>g__Awaited|17_0(ResourceInvoker invoker, Task task, IDisposable scope)
   at Microsoft.AspNetCore.Routing.EndpointMiddleware.<Invoke>g__AwaitRequestTask|6_0(Endpoint endpoint, Task requestTask, ILogger logger)
   at Microsoft.AspNetCore.Authorization.AuthorizationMiddleware.Invoke(HttpContext context)
   at Microsoft.AspNetCore.Authentication.AuthenticationMiddleware.Invoke(HttpContext context)
   at CWB.ExceptionHandling.ExceptionMiddleware.InvokeAsync(HttpContext httpContext) in F:\CWBworking\CWB.ExceptionHandling\ExceptionMiddleware.cs:line 26
2026-02-17 12:16:06.5312 ERROR Error: AutoMapper.AutoMapperMappingException: Error mapping types.

Mapping types:
EntityQueryable`1 -> IEnumerable`1
Microsoft.EntityFrameworkCore.Query.Internal.EntityQueryable`1[[CWB.ProductionPlanWO.Domain.Insp_Outcome_Details, CWB.ProductionPlanWO, Version=1.0.0.0, Culture=neutral, PublicKeyToken=null]] -> System.Collections.Generic.IEnumerable`1[[CWB.ProductionPlanWO.ViewModels.Insp_Outcome_DetailsVM, CWB.ProductionPlanWO, Version=1.0.0.0, Culture=neutral, PublicKeyToken=null]]
 ---> System.InvalidOperationException: A second operation was started on this context before a previous operation completed. This is usually caused by different threads concurrently using the same instance of DbContext. For more information on how to avoid threading issues with DbContext, see https://go.microsoft.com/fwlink/?linkid=2097913.
   at Microsoft.EntityFrameworkCore.Internal.ConcurrencyDetector.EnterCriticalSection()
   at Microsoft.EntityFrameworkCore.Query.Internal.SingleQueryingEnumerable`1.Enumerator.MoveNext()
   at lambda_method(Closure , Object , IEnumerable`1 , ResolutionContext )
   --- End of inner exception stack trace ---
   at lambda_method(Closure , Object , IEnumerable`1 , ResolutionContext )
   at CWB.ProductionPlanWO.Services.WOService.GetAllInsp_Outcome_Details(Int64 tenantId) in F:\CWBworking\CWB.ProductionPlanWO\Services\WOService.cs:line 1109
   at CWB.ProductionPlanWO.Services.WOService.AllProductionWoReadForProd(Int64 tenantId) in F:\CWBworking\CWB.ProductionPlanWO\Services\WOService.cs:line 4346
   at CWB.ProductionPlanWO.Controllers.WOController.AllProductionWoReadForProd(Int64 tenantId) in F:\CWBworking\CWB.ProductionPlanWO\Controllers\WOController.cs:line 1697
   at Microsoft.AspNetCore.Mvc.Infrastructure.ActionMethodExecutor.TaskOfIActionResultExecutor.Execute(IActionResultTypeMapper mapper, ObjectMethodExecutor executor, Object controller, Object[] arguments)
   at Microsoft.AspNetCore.Mvc.Infrastructure.ControllerActionInvoker.<InvokeActionMethodAsync>g__Awaited|12_0(ControllerActionInvoker invoker, ValueTask`1 actionResultValueTask)
   at Microsoft.AspNetCore.Mvc.Infrastructure.ControllerActionInvoker.<InvokeNextActionFilterAsync>g__Awaited|10_0(ControllerActionInvoker invoker, Task lastTask, State next, Scope scope, Object state, Boolean isCompleted)
   at Microsoft.AspNetCore.Mvc.Infrastructure.ControllerActionInvoker.Rethrow(ActionExecutedContextSealed context)
   at Microsoft.AspNetCore.Mvc.Infrastructure.ControllerActionInvoker.Next(State& next, Scope& scope, Object& state, Boolean& isCompleted)
   at Microsoft.AspNetCore.Mvc.Infrastructure.ControllerActionInvoker.InvokeInnerFilterAsync()
--- End of stack trace from previous location where exception was thrown ---
   at Microsoft.AspNetCore.Mvc.Infrastructure.ResourceInvoker.<InvokeFilterPipelineAsync>g__Awaited|19_0(ResourceInvoker invoker, Task lastTask, State next, Scope scope, Object state, Boolean isCompleted)
   at Microsoft.AspNetCore.Mvc.Infrastructure.ResourceInvoker.<InvokeAsync>g__Awaited|17_0(ResourceInvoker invoker, Task task, IDisposable scope)
   at Microsoft.AspNetCore.Routing.EndpointMiddleware.<Invoke>g__AwaitRequestTask|6_0(Endpoint endpoint, Task requestTask, ILogger logger)
   at Microsoft.AspNetCore.Authorization.AuthorizationMiddleware.Invoke(HttpContext context)
   at Microsoft.AspNetCore.Authentication.AuthenticationMiddleware.Invoke(HttpContext context)
   at CWB.ExceptionHandling.ExceptionMiddleware.InvokeAsync(HttpContext httpContext) in F:\CWBworking\CWB.ExceptionHandling\ExceptionMiddleware.cs:line 26
2026-02-17 12:49:52.5275 ERROR Error: AutoMapper.AutoMapperMappingException: Error mapping types.

Mapping types:
EntityQueryable`1 -> IEnumerable`1
Microsoft.EntityFrameworkCore.Query.Internal.EntityQueryable`1[[CWB.ProductionPlanWO.Domain.Insp_Outcome_Details, CWB.ProductionPlanWO, Version=1.0.0.0, Culture=neutral, PublicKeyToken=null]] -> System.Collections.Generic.IEnumerable`1[[CWB.ProductionPlanWO.ViewModels.Insp_Outcome_DetailsVM, CWB.ProductionPlanWO, Version=1.0.0.0, Culture=neutral, PublicKeyToken=null]]
 ---> System.InvalidOperationException: A second operation was started on this context before a previous operation completed. This is usually caused by different threads concurrently using the same instance of DbContext. For more information on how to avoid threading issues with DbContext, see https://go.microsoft.com/fwlink/?linkid=2097913.
   at Microsoft.EntityFrameworkCore.Internal.ConcurrencyDetector.EnterCriticalSection()
   at Microsoft.EntityFrameworkCore.Query.Internal.SingleQueryingEnumerable`1.Enumerator.MoveNext()
   at lambda_method(Closure , Object , IEnumerable`1 , ResolutionContext )
   --- End of inner exception stack trace ---
   at lambda_method(Closure , Object , IEnumerable`1 , ResolutionContext )
   at CWB.ProductionPlanWO.Services.WOService.GetAllInsp_Outcome_Details(Int64 tenantId) in F:\CWBworking\CWB.ProductionPlanWO\Services\WOService.cs:line 1109
   at CWB.ProductionPlanWO.Services.WOService.AllProductionWoReadForProd(Int64 tenantId) in F:\CWBworking\CWB.ProductionPlanWO\Services\WOService.cs:line 4346
   at CWB.ProductionPlanWO.Controllers.WOController.AllProductionWoReadForProd(Int64 tenantId) in F:\CWBworking\CWB.ProductionPlanWO\Controllers\WOController.cs:line 1697
   at Microsoft.AspNetCore.Mvc.Infrastructure.ActionMethodExecutor.TaskOfIActionResultExecutor.Execute(IActionResultTypeMapper mapper, ObjectMethodExecutor executor, Object controller, Object[] arguments)
   at Microsoft.AspNetCore.Mvc.Infrastructure.ControllerActionInvoker.<InvokeActionMethodAsync>g__Awaited|12_0(ControllerActionInvoker invoker, ValueTask`1 actionResultValueTask)
   at Microsoft.AspNetCore.Mvc.Infrastructure.ControllerActionInvoker.<InvokeNextActionFilterAsync>g__Awaited|10_0(ControllerActionInvoker invoker, Task lastTask, State next, Scope scope, Object state, Boolean isCompleted)
   at Microsoft.AspNetCore.Mvc.Infrastructure.ControllerActionInvoker.Rethrow(ActionExecutedContextSealed context)
   at Microsoft.AspNetCore.Mvc.Infrastructure.ControllerActionInvoker.Next(State& next, Scope& scope, Object& state, Boolean& isCompleted)
   at Microsoft.AspNetCore.Mvc.Infrastructure.ControllerActionInvoker.InvokeInnerFilterAsync()
--- End of stack trace from previous location where exception was thrown ---
   at Microsoft.AspNetCore.Mvc.Infrastructure.ResourceInvoker.<InvokeFilterPipelineAsync>g__Awaited|19_0(ResourceInvoker invoker, Task lastTask, State next, Scope scope, Object state, Boolean isCompleted)
   at Microsoft.AspNetCore.Mvc.Infrastructure.ResourceInvoker.<InvokeAsync>g__Awaited|17_0(ResourceInvoker invoker, Task task, IDisposable scope)
   at Microsoft.AspNetCore.Routing.EndpointMiddleware.<Invoke>g__AwaitRequestTask|6_0(Endpoint endpoint, Task requestTask, ILogger logger)
   at Microsoft.AspNetCore.Authorization.AuthorizationMiddleware.Invoke(HttpContext context)
   at Microsoft.AspNetCore.Authentication.AuthenticationMiddleware.Invoke(HttpContext context)
   at Microsoft.AspNetCore.Routing.EndpointRoutingMiddleware.<Invoke>g__AwaitMatcher|8_0(EndpointRoutingMiddleware middleware, HttpContext httpContext, Task`1 matcherTask)
   at CWB.ExceptionHandling.ExceptionMiddleware.InvokeAsync(HttpContext httpContext) in F:\CWBworking\CWB.ExceptionHandling\ExceptionMiddleware.cs:line 26
2026-02-17 12:50:03.7982 ERROR Error: AutoMapper.AutoMapperMappingException: Error mapping types.

Mapping types:
EntityQueryable`1 -> IEnumerable`1
Microsoft.EntityFrameworkCore.Query.Internal.EntityQueryable`1[[CWB.ProductionPlanWO.Domain.Insp_Outcome_Details, CWB.ProductionPlanWO, Version=1.0.0.0, Culture=neutral, PublicKeyToken=null]] -> System.Collections.Generic.IEnumerable`1[[CWB.ProductionPlanWO.ViewModels.Insp_Outcome_DetailsVM, CWB.ProductionPlanWO, Version=1.0.0.0, Culture=neutral, PublicKeyToken=null]]
 ---> System.InvalidOperationException: A second operation was started on this context before a previous operation completed. This is usually caused by different threads concurrently using the same instance of DbContext. For more information on how to avoid threading issues with DbContext, see https://go.microsoft.com/fwlink/?linkid=2097913.
   at Microsoft.EntityFrameworkCore.Internal.ConcurrencyDetector.EnterCriticalSection()
   at Microsoft.EntityFrameworkCore.Query.Internal.SingleQueryingEnumerable`1.Enumerator.MoveNext()
   at lambda_method(Closure , Object , IEnumerable`1 , ResolutionContext )
   --- End of inner exception stack trace ---
   at lambda_method(Closure , Object , IEnumerable`1 , ResolutionContext )
   at CWB.ProductionPlanWO.Services.WOService.GetAllInsp_Outcome_Details(Int64 tenantId) in F:\CWBworking\CWB.ProductionPlanWO\Services\WOService.cs:line 1109
   at CWB.ProductionPlanWO.Services.WOService.AllProductionWoReadForProd(Int64 tenantId) in F:\CWBworking\CWB.ProductionPlanWO\Services\WOService.cs:line 4346
   at CWB.ProductionPlanWO.Controllers.WOController.AllProductionWoReadForProd(Int64 tenantId) in F:\CWBworking\CWB.ProductionPlanWO\Controllers\WOController.cs:line 1697
   at Microsoft.AspNetCore.Mvc.Infrastructure.ActionMethodExecutor.TaskOfIActionResultExecutor.Execute(IActionResultTypeMapper mapper, ObjectMethodExecutor executor, Object controller, Object[] arguments)
   at Microsoft.AspNetCore.Mvc.Infrastructure.ControllerActionInvoker.<InvokeActionMethodAsync>g__Awaited|12_0(ControllerActionInvoker invoker, ValueTask`1 actionResultValueTask)
   at Microsoft.AspNetCore.Mvc.Infrastructure.ControllerActionInvoker.<InvokeNextActionFilterAsync>g__Awaited|10_0(ControllerActionInvoker invoker, Task lastTask, State next, Scope scope, Object state, Boolean isCompleted)
   at Microsoft.AspNetCore.Mvc.Infrastructure.ControllerActionInvoker.Rethrow(ActionExecutedContextSealed context)
   at Microsoft.AspNetCore.Mvc.Infrastructure.ControllerActionInvoker.Next(State& next, Scope& scope, Object& state, Boolean& isCompleted)
   at Microsoft.AspNetCore.Mvc.Infrastructure.ControllerActionInvoker.<InvokeInnerFilterAsync>g__Awaited|13_0(ControllerActionInvoker invoker, Task lastTask, State next, Scope scope, Object state, Boolean isCompleted)
   at Microsoft.AspNetCore.Mvc.Infrastructure.ResourceInvoker.<InvokeFilterPipelineAsync>g__Awaited|19_0(ResourceInvoker invoker, Task lastTask, State next, Scope scope, Object state, Boolean isCompleted)
   at Microsoft.AspNetCore.Mvc.Infrastructure.ResourceInvoker.<InvokeAsync>g__Awaited|17_0(ResourceInvoker invoker, Task task, IDisposable scope)
   at Microsoft.AspNetCore.Routing.EndpointMiddleware.<Invoke>g__AwaitRequestTask|6_0(Endpoint endpoint, Task requestTask, ILogger logger)
   at Microsoft.AspNetCore.Authorization.AuthorizationMiddleware.Invoke(HttpContext context)
   at Microsoft.AspNetCore.Authentication.AuthenticationMiddleware.Invoke(HttpContext context)
   at CWB.ExceptionHandling.ExceptionMiddleware.InvokeAsync(HttpContext httpContext) in F:\CWBworking\CWB.ExceptionHandling\ExceptionMiddleware.cs:line 26
2026-02-17 12:51:17.8750 ERROR Error: AutoMapper.AutoMapperMappingException: Error mapping types.

Mapping types:
EntityQueryable`1 -> IEnumerable`1
Microsoft.EntityFrameworkCore.Query.Internal.EntityQueryable`1[[CWB.ProductionPlanWO.Domain.Insp_Outcome_Details, CWB.ProductionPlanWO, Version=1.0.0.0, Culture=neutral, PublicKeyToken=null]] -> System.Collections.Generic.IEnumerable`1[[CWB.ProductionPlanWO.ViewModels.Insp_Outcome_DetailsVM, CWB.ProductionPlanWO, Version=1.0.0.0, Culture=neutral, PublicKeyToken=null]]
 ---> System.InvalidOperationException: A second operation was started on this context before a previous operation completed. This is usually caused by different threads concurrently using the same instance of DbContext. For more information on how to avoid threading issues with DbContext, see https://go.microsoft.com/fwlink/?linkid=2097913.
   at Microsoft.EntityFrameworkCore.Internal.ConcurrencyDetector.EnterCriticalSection()
   at Microsoft.EntityFrameworkCore.Query.Internal.SingleQueryingEnumerable`1.Enumerator.MoveNext()
   at lambda_method(Closure , Object , IEnumerable`1 , ResolutionContext )
   --- End of inner exception stack trace ---
   at lambda_method(Closure , Object , IEnumerable`1 , ResolutionContext )
   at CWB.ProductionPlanWO.Services.WOService.GetAllInsp_Outcome_Details(Int64 tenantId) in F:\CWBworking\CWB.ProductionPlanWO\Services\WOService.cs:line 1109
   at CWB.ProductionPlanWO.Services.WOService.AllProductionWoReadForProd(Int64 tenantId) in F:\CWBworking\CWB.ProductionPlanWO\Services\WOService.cs:line 4346
   at CWB.ProductionPlanWO.Controllers.WOController.AllProductionWoReadForProd(Int64 tenantId) in F:\CWBworking\CWB.ProductionPlanWO\Controllers\WOController.cs:line 1697
   at Microsoft.AspNetCore.Mvc.Infrastructure.ActionMethodExecutor.TaskOfIActionResultExecutor.Execute(IActionResultTypeMapper mapper, ObjectMethodExecutor executor, Object controller, Object[] arguments)
   at Microsoft.AspNetCore.Mvc.Infrastructure.ControllerActionInvoker.<InvokeActionMethodAsync>g__Awaited|12_0(ControllerActionInvoker invoker, ValueTask`1 actionResultValueTask)
   at Microsoft.AspNetCore.Mvc.Infrastructure.ControllerActionInvoker.<InvokeNextActionFilterAsync>g__Awaited|10_0(ControllerActionInvoker invoker, Task lastTask, State next, Scope scope, Object state, Boolean isCompleted)
   at Microsoft.AspNetCore.Mvc.Infrastructure.ControllerActionInvoker.Rethrow(ActionExecutedContextSealed context)
   at Microsoft.AspNetCore.Mvc.Infrastructure.ControllerActionInvoker.Next(State& next, Scope& scope, Object& state, Boolean& isCompleted)
   at Microsoft.AspNetCore.Mvc.Infrastructure.ControllerActionInvoker.<InvokeInnerFilterAsync>g__Awaited|13_0(ControllerActionInvoker invoker, Task lastTask, State next, Scope scope, Object state, Boolean isCompleted)
   at Microsoft.AspNetCore.Mvc.Infrastructure.ResourceInvoker.<InvokeFilterPipelineAsync>g__Awaited|19_0(ResourceInvoker invoker, Task lastTask, State next, Scope scope, Object state, Boolean isCompleted)
   at Microsoft.AspNetCore.Mvc.Infrastructure.ResourceInvoker.<InvokeAsync>g__Awaited|17_0(ResourceInvoker invoker, Task task, IDisposable scope)
   at Microsoft.AspNetCore.Routing.EndpointMiddleware.<Invoke>g__AwaitRequestTask|6_0(Endpoint endpoint, Task requestTask, ILogger logger)
   at Microsoft.AspNetCore.Authorization.AuthorizationMiddleware.Invoke(HttpContext context)
   at Microsoft.AspNetCore.Authentication.AuthenticationMiddleware.Invoke(HttpContext context)
   at CWB.ExceptionHandling.ExceptionMiddleware.InvokeAsync(HttpContext httpContext) in F:\CWBworking\CWB.ExceptionHandling\ExceptionMiddleware.cs:line 26
2026-02-17 12:51:20.7649 ERROR Error: AutoMapper.AutoMapperMappingException: Error mapping types.

Mapping types:
EntityQueryable`1 -> IEnumerable`1
Microsoft.EntityFrameworkCore.Query.Internal.EntityQueryable`1[[CWB.ProductionPlanWO.Domain.Insp_Outcome_Details, CWB.ProductionPlanWO, Version=1.0.0.0, Culture=neutral, PublicKeyToken=null]] -> System.Collections.Generic.IEnumerable`1[[CWB.ProductionPlanWO.ViewModels.Insp_Outcome_DetailsVM, CWB.ProductionPlanWO, Version=1.0.0.0, Culture=neutral, PublicKeyToken=null]]
 ---> System.InvalidOperationException: A second operation was started on this context before a previous operation completed. This is usually caused by different threads concurrently using the same instance of DbContext. For more information on how to avoid threading issues with DbContext, see https://go.microsoft.com/fwlink/?linkid=2097913.
   at Microsoft.EntityFrameworkCore.Internal.ConcurrencyDetector.EnterCriticalSection()
   at Microsoft.EntityFrameworkCore.Query.Internal.SingleQueryingEnumerable`1.Enumerator.MoveNext()
   at lambda_method(Closure , Object , IEnumerable`1 , ResolutionContext )
   --- End of inner exception stack trace ---
   at lambda_method(Closure , Object , IEnumerable`1 , ResolutionContext )
   at CWB.ProductionPlanWO.Services.WOService.GetAllInsp_Outcome_Details(Int64 tenantId) in F:\CWBworking\CWB.ProductionPlanWO\Services\WOService.cs:line 1109
   at CWB.ProductionPlanWO.Services.WOService.AllProductionWoReadForProd(Int64 tenantId) in F:\CWBworking\CWB.ProductionPlanWO\Services\WOService.cs:line 4346
   at CWB.ProductionPlanWO.Controllers.WOController.AllProductionWoReadForProd(Int64 tenantId) in F:\CWBworking\CWB.ProductionPlanWO\Controllers\WOController.cs:line 1697
   at Microsoft.AspNetCore.Mvc.Infrastructure.ActionMethodExecutor.TaskOfIActionResultExecutor.Execute(IActionResultTypeMapper mapper, ObjectMethodExecutor executor, Object controller, Object[] arguments)
   at Microsoft.AspNetCore.Mvc.Infrastructure.ControllerActionInvoker.<InvokeActionMethodAsync>g__Awaited|12_0(ControllerActionInvoker invoker, ValueTask`1 actionResultValueTask)
   at Microsoft.AspNetCore.Mvc.Infrastructure.ControllerActionInvoker.<InvokeNextActionFilterAsync>g__Awaited|10_0(ControllerActionInvoker invoker, Task lastTask, State next, Scope scope, Object state, Boolean isCompleted)
   at Microsoft.AspNetCore.Mvc.Infrastructure.ControllerActionInvoker.Rethrow(ActionExecutedContextSealed context)
   at Microsoft.AspNetCore.Mvc.Infrastructure.ControllerActionInvoker.Next(State& next, Scope& scope, Object& state, Boolean& isCompleted)
   at Microsoft.AspNetCore.Mvc.Infrastructure.ControllerActionInvoker.<InvokeInnerFilterAsync>g__Awaited|13_0(ControllerActionInvoker invoker, Task lastTask, State next, Scope scope, Object state, Boolean isCompleted)
   at Microsoft.AspNetCore.Mvc.Infrastructure.ResourceInvoker.<InvokeFilterPipelineAsync>g__Awaited|19_0(ResourceInvoker invoker, Task lastTask, State next, Scope scope, Object state, Boolean isCompleted)
   at Microsoft.AspNetCore.Mvc.Infrastructure.ResourceInvoker.<InvokeAsync>g__Awaited|17_0(ResourceInvoker invoker, Task task, IDisposable scope)
   at Microsoft.AspNetCore.Routing.EndpointMiddleware.<Invoke>g__AwaitRequestTask|6_0(Endpoint endpoint, Task requestTask, ILogger logger)
   at Microsoft.AspNetCore.Authorization.AuthorizationMiddleware.Invoke(HttpContext context)
   at Microsoft.AspNetCore.Authentication.AuthenticationMiddleware.Invoke(HttpContext context)
   at CWB.ExceptionHandling.ExceptionMiddleware.InvokeAsync(HttpContext httpContext) in F:\CWBworking\CWB.ExceptionHandling\ExceptionMiddleware.cs:line 26
2026-02-17 12:59:00.1809 ERROR Error: AutoMapper.AutoMapperMappingException: Error mapping types.

Mapping types:
EntityQueryable`1 -> IEnumerable`1
Microsoft.EntityFrameworkCore.Query.Internal.EntityQueryable`1[[CWB.ProductionPlanWO.Domain.Insp_Outcome_Details, CWB.ProductionPlanWO, Version=1.0.0.0, Culture=neutral, PublicKeyToken=null]] -> System.Collections.Generic.IEnumerable`1[[CWB.ProductionPlanWO.ViewModels.Insp_Outcome_DetailsVM, CWB.ProductionPlanWO, Version=1.0.0.0, Culture=neutral, PublicKeyToken=null]]
 ---> System.InvalidOperationException: A second operation was started on this context before a previous operation completed. This is usually caused by different threads concurrently using the same instance of DbContext. For more information on how to avoid threading issues with DbContext, see https://go.microsoft.com/fwlink/?linkid=2097913.
   at Microsoft.EntityFrameworkCore.Internal.ConcurrencyDetector.EnterCriticalSection()
   at Microsoft.EntityFrameworkCore.Query.Internal.SingleQueryingEnumerable`1.Enumerator.MoveNext()
   at lambda_method(Closure , Object , IEnumerable`1 , ResolutionContext )
   --- End of inner exception stack trace ---
   at lambda_method(Closure , Object , IEnumerable`1 , ResolutionContext )
   at CWB.ProductionPlanWO.Services.WOService.GetAllInsp_Outcome_Details(Int64 tenantId) in F:\CWBworking\CWB.ProductionPlanWO\Services\WOService.cs:line 1109
   at CWB.ProductionPlanWO.Services.WOService.AllProductionWoReadForProd(Int64 tenantId) in F:\CWBworking\CWB.ProductionPlanWO\Services\WOService.cs:line 4346
   at CWB.ProductionPlanWO.Controllers.WOController.AllProductionWoReadForProd(Int64 tenantId) in F:\CWBworking\CWB.ProductionPlanWO\Controllers\WOController.cs:line 1697
   at Microsoft.AspNetCore.Mvc.Infrastructure.ActionMethodExecutor.TaskOfIActionResultExecutor.Execute(IActionResultTypeMapper mapper, ObjectMethodExecutor executor, Object controller, Object[] arguments)
   at Microsoft.AspNetCore.Mvc.Infrastructure.ControllerActionInvoker.<InvokeActionMethodAsync>g__Awaited|12_0(ControllerActionInvoker invoker, ValueTask`1 actionResultValueTask)
   at Microsoft.AspNetCore.Mvc.Infrastructure.ControllerActionInvoker.<InvokeNextActionFilterAsync>g__Awaited|10_0(ControllerActionInvoker invoker, Task lastTask, State next, Scope scope, Object state, Boolean isCompleted)
   at Microsoft.AspNetCore.Mvc.Infrastructure.ControllerActionInvoker.Rethrow(ActionExecutedContextSealed context)
   at Microsoft.AspNetCore.Mvc.Infrastructure.ControllerActionInvoker.Next(State& next, Scope& scope, Object& state, Boolean& isCompleted)
   at Microsoft.AspNetCore.Mvc.Infrastructure.ControllerActionInvoker.<InvokeInnerFilterAsync>g__Awaited|13_0(ControllerActionInvoker invoker, Task lastTask, State next, Scope scope, Object state, Boolean isCompleted)
   at Microsoft.AspNetCore.Mvc.Infrastructure.ResourceInvoker.<InvokeFilterPipelineAsync>g__Awaited|19_0(ResourceInvoker invoker, Task lastTask, State next, Scope scope, Object state, Boolean isCompleted)
   at Microsoft.AspNetCore.Mvc.Infrastructure.ResourceInvoker.<InvokeAsync>g__Awaited|17_0(ResourceInvoker invoker, Task task, IDisposable scope)
   at Microsoft.AspNetCore.Routing.EndpointMiddleware.<Invoke>g__AwaitRequestTask|6_0(Endpoint endpoint, Task requestTask, ILogger logger)
   at Microsoft.AspNetCore.Authorization.AuthorizationMiddleware.Invoke(HttpContext context)
   at Microsoft.AspNetCore.Authentication.AuthenticationMiddleware.Invoke(HttpContext context)
   at CWB.ExceptionHandling.ExceptionMiddleware.InvokeAsync(HttpContext httpContext) in F:\CWBworking\CWB.ExceptionHandling\ExceptionMiddleware.cs:line 26
2026-02-17 13:00:29.5931 ERROR Error: AutoMapper.AutoMapperMappingException: Error mapping types.

Mapping types:
EntityQueryable`1 -> IEnumerable`1
Microsoft.EntityFrameworkCore.Query.Internal.EntityQueryable`1[[CWB.ProductionPlanWO.Domain.Insp_Outcome_Details, CWB.ProductionPlanWO, Version=1.0.0.0, Culture=neutral, PublicKeyToken=null]] -> System.Collections.Generic.IEnumerable`1[[CWB.ProductionPlanWO.ViewModels.Insp_Outcome_DetailsVM, CWB.ProductionPlanWO, Version=1.0.0.0, Culture=neutral, PublicKeyToken=null]]
 ---> System.InvalidOperationException: A second operation was started on this context before a previous operation completed. This is usually caused by different threads concurrently using the same instance of DbContext. For more information on how to avoid threading issues with DbContext, see https://go.microsoft.com/fwlink/?linkid=2097913.
   at Microsoft.EntityFrameworkCore.Internal.ConcurrencyDetector.EnterCriticalSection()
   at Microsoft.EntityFrameworkCore.Query.Internal.SingleQueryingEnumerable`1.Enumerator.MoveNext()
   at lambda_method(Closure , Object , IEnumerable`1 , ResolutionContext )
   --- End of inner exception stack trace ---
   at lambda_method(Closure , Object , IEnumerable`1 , ResolutionContext )
   at CWB.ProductionPlanWO.Services.WOService.GetAllInsp_Outcome_Details(Int64 tenantId) in F:\CWBworking\CWB.ProductionPlanWO\Services\WOService.cs:line 1109
   at CWB.ProductionPlanWO.Services.WOService.AllProductionWoReadForProd(Int64 tenantId) in F:\CWBworking\CWB.ProductionPlanWO\Services\WOService.cs:line 4346
   at CWB.ProductionPlanWO.Controllers.WOController.AllProductionWoReadForProd(Int64 tenantId) in F:\CWBworking\CWB.ProductionPlanWO\Controllers\WOController.cs:line 1697
   at Microsoft.AspNetCore.Mvc.Infrastructure.ActionMethodExecutor.TaskOfIActionResultExecutor.Execute(IActionResultTypeMapper mapper, ObjectMethodExecutor executor, Object controller, Object[] arguments)
   at Microsoft.AspNetCore.Mvc.Infrastructure.ControllerActionInvoker.<InvokeActionMethodAsync>g__Awaited|12_0(ControllerActionInvoker invoker, ValueTask`1 actionResultValueTask)
   at Microsoft.AspNetCore.Mvc.Infrastructure.ControllerActionInvoker.<InvokeNextActionFilterAsync>g__Awaited|10_0(ControllerActionInvoker invoker, Task lastTask, State next, Scope scope, Object state, Boolean isCompleted)
   at Microsoft.AspNetCore.Mvc.Infrastructure.ControllerActionInvoker.Rethrow(ActionExecutedContextSealed context)
   at Microsoft.AspNetCore.Mvc.Infrastructure.ControllerActionInvoker.Next(State& next, Scope& scope, Object& state, Boolean& isCompleted)
   at Microsoft.AspNetCore.Mvc.Infrastructure.ControllerActionInvoker.<InvokeInnerFilterAsync>g__Awaited|13_0(ControllerActionInvoker invoker, Task lastTask, State next, Scope scope, Object state, Boolean isCompleted)
   at Microsoft.AspNetCore.Mvc.Infrastructure.ResourceInvoker.<InvokeFilterPipelineAsync>g__Awaited|19_0(ResourceInvoker invoker, Task lastTask, State next, Scope scope, Object state, Boolean isCompleted)
   at Microsoft.AspNetCore.Mvc.Infrastructure.ResourceInvoker.<InvokeAsync>g__Awaited|17_0(ResourceInvoker invoker, Task task, IDisposable scope)
   at Microsoft.AspNetCore.Routing.EndpointMiddleware.<Invoke>g__AwaitRequestTask|6_0(Endpoint endpoint, Task requestTask, ILogger logger)
   at Microsoft.AspNetCore.Authorization.AuthorizationMiddleware.Invoke(HttpContext context)
   at Microsoft.AspNetCore.Authentication.AuthenticationMiddleware.Invoke(HttpContext context)
   at CWB.ExceptionHandling.ExceptionMiddleware.InvokeAsync(HttpContext httpContext) in F:\CWBworking\CWB.ExceptionHandling\ExceptionMiddleware.cs:line 26
2026-02-17 13:00:34.8958 ERROR Error: AutoMapper.AutoMapperMappingException: Error mapping types.

Mapping types:
EntityQueryable`1 -> IEnumerable`1
Microsoft.EntityFrameworkCore.Query.Internal.EntityQueryable`1[[CWB.ProductionPlanWO.Domain.Insp_Outcome_Details, CWB.ProductionPlanWO, Version=1.0.0.0, Culture=neutral, PublicKeyToken=null]] -> System.Collections.Generic.IEnumerable`1[[CWB.ProductionPlanWO.ViewModels.Insp_Outcome_DetailsVM, CWB.ProductionPlanWO, Version=1.0.0.0, Culture=neutral, PublicKeyToken=null]]
 ---> System.InvalidOperationException: A second operation was started on this context before a previous operation completed. This is usually caused by different threads concurrently using the same instance of DbContext. For more information on how to avoid threading issues with DbContext, see https://go.microsoft.com/fwlink/?linkid=2097913.
   at Microsoft.EntityFrameworkCore.Internal.ConcurrencyDetector.EnterCriticalSection()
   at Microsoft.EntityFrameworkCore.Query.Internal.SingleQueryingEnumerable`1.Enumerator.MoveNext()
   at lambda_method(Closure , Object , IEnumerable`1 , ResolutionContext )
   --- End of inner exception stack trace ---
   at lambda_method(Closure , Object , IEnumerable`1 , ResolutionContext )
   at CWB.ProductionPlanWO.Services.WOService.GetAllInsp_Outcome_Details(Int64 tenantId) in F:\CWBworking\CWB.ProductionPlanWO\Services\WOService.cs:line 1109
   at CWB.ProductionPlanWO.Services.WOService.AllProductionWoReadForProd(Int64 tenantId) in F:\CWBworking\CWB.ProductionPlanWO\Services\WOService.cs:line 4346
   at CWB.ProductionPlanWO.Controllers.WOController.AllProductionWoReadForProd(Int64 tenantId) in F:\CWBworking\CWB.ProductionPlanWO\Controllers\WOController.cs:line 1697
   at Microsoft.AspNetCore.Mvc.Infrastructure.ActionMethodExecutor.TaskOfIActionResultExecutor.Execute(IActionResultTypeMapper mapper, ObjectMethodExecutor executor, Object controller, Object[] arguments)
   at Microsoft.AspNetCore.Mvc.Infrastructure.ControllerActionInvoker.<InvokeActionMethodAsync>g__Awaited|12_0(ControllerActionInvoker invoker, ValueTask`1 actionResultValueTask)
   at Microsoft.AspNetCore.Mvc.Infrastructure.ControllerActionInvoker.<InvokeNextActionFilterAsync>g__Awaited|10_0(ControllerActionInvoker invoker, Task lastTask, State next, Scope scope, Object state, Boolean isCompleted)
   at Microsoft.AspNetCore.Mvc.Infrastructure.ControllerActionInvoker.Rethrow(ActionExecutedContextSealed context)
   at Microsoft.AspNetCore.Mvc.Infrastructure.ControllerActionInvoker.Next(State& next, Scope& scope, Object& state, Boolean& isCompleted)
   at Microsoft.AspNetCore.Mvc.Infrastructure.ControllerActionInvoker.<InvokeInnerFilterAsync>g__Awaited|13_0(ControllerActionInvoker invoker, Task lastTask, State next, Scope scope, Object state, Boolean isCompleted)
   at Microsoft.AspNetCore.Mvc.Infrastructure.ResourceInvoker.<InvokeFilterPipelineAsync>g__Awaited|19_0(ResourceInvoker invoker, Task lastTask, State next, Scope scope, Object state, Boolean isCompleted)
   at Microsoft.AspNetCore.Mvc.Infrastructure.ResourceInvoker.<InvokeAsync>g__Awaited|17_0(ResourceInvoker invoker, Task task, IDisposable scope)
   at Microsoft.AspNetCore.Routing.EndpointMiddleware.<Invoke>g__AwaitRequestTask|6_0(Endpoint endpoint, Task requestTask, ILogger logger)
   at Microsoft.AspNetCore.Authorization.AuthorizationMiddleware.Invoke(HttpContext context)
   at Microsoft.AspNetCore.Authentication.AuthenticationMiddleware.Invoke(HttpContext context)
   at CWB.ExceptionHandling.ExceptionMiddleware.InvokeAsync(HttpContext httpContext) in F:\CWBworking\CWB.ExceptionHandling\ExceptionMiddleware.cs:line 26
2026-02-17 13:04:02.9155 ERROR Error: AutoMapper.AutoMapperMappingException: Error mapping types.

Mapping types:
EntityQueryable`1 -> IEnumerable`1
Microsoft.EntityFrameworkCore.Query.Internal.EntityQueryable`1[[CWB.ProductionPlanWO.Domain.Insp_Outcome_Details, CWB.ProductionPlanWO, Version=1.0.0.0, Culture=neutral, PublicKeyToken=null]] -> System.Collections.Generic.IEnumerable`1[[CWB.ProductionPlanWO.ViewModels.Insp_Outcome_DetailsVM, CWB.ProductionPlanWO, Version=1.0.0.0, Culture=neutral, PublicKeyToken=null]]
 ---> System.InvalidOperationException: A second operation was started on this context before a previous operation completed. This is usually caused by different threads concurrently using the same instance of DbContext. For more information on how to avoid threading issues with DbContext, see https://go.microsoft.com/fwlink/?linkid=2097913.
   at Microsoft.EntityFrameworkCore.Internal.ConcurrencyDetector.EnterCriticalSection()
   at Microsoft.EntityFrameworkCore.Query.Internal.SingleQueryingEnumerable`1.Enumerator.MoveNext()
   at lambda_method(Closure , Object , IEnumerable`1 , ResolutionContext )
   --- End of inner exception stack trace ---
   at lambda_method(Closure , Object , IEnumerable`1 , ResolutionContext )
   at CWB.ProductionPlanWO.Services.WOService.GetAllInsp_Outcome_Details(Int64 tenantId) in F:\CWBworking\CWB.ProductionPlanWO\Services\WOService.cs:line 1109
   at CWB.ProductionPlanWO.Services.WOService.AllProductionWoReadForProd(Int64 tenantId) in F:\CWBworking\CWB.ProductionPlanWO\Services\WOService.cs:line 4346
   at CWB.ProductionPlanWO.Controllers.WOController.AllProductionWoReadForProd(Int64 tenantId) in F:\CWBworking\CWB.ProductionPlanWO\Controllers\WOController.cs:line 1697
   at Microsoft.AspNetCore.Mvc.Infrastructure.ActionMethodExecutor.TaskOfIActionResultExecutor.Execute(IActionResultTypeMapper mapper, ObjectMethodExecutor executor, Object controller, Object[] arguments)
   at Microsoft.AspNetCore.Mvc.Infrastructure.ControllerActionInvoker.<InvokeActionMethodAsync>g__Awaited|12_0(ControllerActionInvoker invoker, ValueTask`1 actionResultValueTask)
   at Microsoft.AspNetCore.Mvc.Infrastructure.ControllerActionInvoker.<InvokeNextActionFilterAsync>g__Awaited|10_0(ControllerActionInvoker invoker, Task lastTask, State next, Scope scope, Object state, Boolean isCompleted)
   at Microsoft.AspNetCore.Mvc.Infrastructure.ControllerActionInvoker.Rethrow(ActionExecutedContextSealed context)
   at Microsoft.AspNetCore.Mvc.Infrastructure.ControllerActionInvoker.Next(State& next, Scope& scope, Object& state, Boolean& isCompleted)
   at Microsoft.AspNetCore.Mvc.Infrastructure.ControllerActionInvoker.InvokeInnerFilterAsync()
--- End of stack trace from previous location where exception was thrown ---
   at Microsoft.AspNetCore.Mvc.Infrastructure.ResourceInvoker.<InvokeFilterPipelineAsync>g__Awaited|19_0(ResourceInvoker invoker, Task lastTask, State next, Scope scope, Object state, Boolean isCompleted)
   at Microsoft.AspNetCore.Mvc.Infrastructure.ResourceInvoker.<InvokeAsync>g__Awaited|17_0(ResourceInvoker invoker, Task task, IDisposable scope)
   at Microsoft.AspNetCore.Routing.EndpointMiddleware.<Invoke>g__AwaitRequestTask|6_0(Endpoint endpoint, Task requestTask, ILogger logger)
   at Microsoft.AspNetCore.Authorization.AuthorizationMiddleware.Invoke(HttpContext context)
   at Microsoft.AspNetCore.Authentication.AuthenticationMiddleware.Invoke(HttpContext context)
   at CWB.ExceptionHandling.ExceptionMiddleware.InvokeAsync(HttpContext httpContext) in F:\CWBworking\CWB.ExceptionHandling\ExceptionMiddleware.cs:line 26
2026-02-17 13:13:09.2599 ERROR Error: AutoMapper.AutoMapperMappingException: Error mapping types.

Mapping types:
EntityQueryable`1 -> IEnumerable`1
Microsoft.EntityFrameworkCore.Query.Internal.EntityQueryable`1[[CWB.ProductionPlanWO.Domain.Insp_Outcome_Details, CWB.ProductionPlanWO, Version=1.0.0.0, Culture=neutral, PublicKeyToken=null]] -> System.Collections.Generic.IEnumerable`1[[CWB.ProductionPlanWO.ViewModels.Insp_Outcome_DetailsVM, CWB.ProductionPlanWO, Version=1.0.0.0, Culture=neutral, PublicKeyToken=null]]
 ---> System.InvalidOperationException: A second operation was started on this context before a previous operation completed. This is usually caused by different threads concurrently using the same instance of DbContext. For more information on how to avoid threading issues with DbContext, see https://go.microsoft.com/fwlink/?linkid=2097913.
   at Microsoft.EntityFrameworkCore.Internal.ConcurrencyDetector.EnterCriticalSection()
   at Microsoft.EntityFrameworkCore.Query.Internal.SingleQueryingEnumerable`1.Enumerator.MoveNext()
   at lambda_method(Closure , Object , IEnumerable`1 , ResolutionContext )
   --- End of inner exception stack trace ---
   at lambda_method(Closure , Object , IEnumerable`1 , ResolutionContext )
   at CWB.ProductionPlanWO.Services.WOService.GetAllInsp_Outcome_Details(Int64 tenantId) in F:\CWBworking\CWB.ProductionPlanWO\Services\WOService.cs:line 1109
   at CWB.ProductionPlanWO.Services.WOService.AllProductionWoReadForProd(Int64 tenantId) in F:\CWBworking\CWB.ProductionPlanWO\Services\WOService.cs:line 4346
   at CWB.ProductionPlanWO.Controllers.WOController.AllProductionWoReadForProd(Int64 tenantId) in F:\CWBworking\CWB.ProductionPlanWO\Controllers\WOController.cs:line 1697
   at Microsoft.AspNetCore.Mvc.Infrastructure.ActionMethodExecutor.TaskOfIActionResultExecutor.Execute(IActionResultTypeMapper mapper, ObjectMethodExecutor executor, Object controller, Object[] arguments)
   at Microsoft.AspNetCore.Mvc.Infrastructure.ControllerActionInvoker.<InvokeActionMethodAsync>g__Awaited|12_0(ControllerActionInvoker invoker, ValueTask`1 actionResultValueTask)
   at Microsoft.AspNetCore.Mvc.Infrastructure.ControllerActionInvoker.<InvokeNextActionFilterAsync>g__Awaited|10_0(ControllerActionInvoker invoker, Task lastTask, State next, Scope scope, Object state, Boolean isCompleted)
   at Microsoft.AspNetCore.Mvc.Infrastructure.ControllerActionInvoker.Rethrow(ActionExecutedContextSealed context)
   at Microsoft.AspNetCore.Mvc.Infrastructure.ControllerActionInvoker.Next(State& next, Scope& scope, Object& state, Boolean& isCompleted)
   at Microsoft.AspNetCore.Mvc.Infrastructure.ControllerActionInvoker.<InvokeInnerFilterAsync>g__Awaited|13_0(ControllerActionInvoker invoker, Task lastTask, State next, Scope scope, Object state, Boolean isCompleted)
   at Microsoft.AspNetCore.Mvc.Infrastructure.ResourceInvoker.<InvokeFilterPipelineAsync>g__Awaited|19_0(ResourceInvoker invoker, Task lastTask, State next, Scope scope, Object state, Boolean isCompleted)
   at Microsoft.AspNetCore.Mvc.Infrastructure.ResourceInvoker.<InvokeAsync>g__Awaited|17_0(ResourceInvoker invoker, Task task, IDisposable scope)
   at Microsoft.AspNetCore.Routing.EndpointMiddleware.<Invoke>g__AwaitRequestTask|6_0(Endpoint endpoint, Task requestTask, ILogger logger)
   at Microsoft.AspNetCore.Authorization.AuthorizationMiddleware.Invoke(HttpContext context)
   at Microsoft.AspNetCore.Authentication.AuthenticationMiddleware.Invoke(HttpContext context)
   at CWB.ExceptionHandling.ExceptionMiddleware.InvokeAsync(HttpContext httpContext) in F:\CWBworking\CWB.ExceptionHandling\ExceptionMiddleware.cs:line 26
2026-02-17 13:13:14.0640 ERROR Error: AutoMapper.AutoMapperMappingException: Error mapping types.

Mapping types:
EntityQueryable`1 -> IEnumerable`1
Microsoft.EntityFrameworkCore.Query.Internal.EntityQueryable`1[[CWB.ProductionPlanWO.Domain.Insp_Outcome_Details, CWB.ProductionPlanWO, Version=1.0.0.0, Culture=neutral, PublicKeyToken=null]] -> System.Collections.Generic.IEnumerable`1[[CWB.ProductionPlanWO.ViewModels.Insp_Outcome_DetailsVM, CWB.ProductionPlanWO, Version=1.0.0.0, Culture=neutral, PublicKeyToken=null]]
 ---> System.InvalidOperationException: A second operation was started on this context before a previous operation completed. This is usually caused by different threads concurrently using the same instance of DbContext. For more information on how to avoid threading issues with DbContext, see https://go.microsoft.com/fwlink/?linkid=2097913.
   at Microsoft.EntityFrameworkCore.Internal.ConcurrencyDetector.EnterCriticalSection()
   at Microsoft.EntityFrameworkCore.Query.Internal.SingleQueryingEnumerable`1.Enumerator.MoveNext()
   at lambda_method(Closure , Object , IEnumerable`1 , ResolutionContext )
   --- End of inner exception stack trace ---
   at lambda_method(Closure , Object , IEnumerable`1 , ResolutionContext )
   at CWB.ProductionPlanWO.Services.WOService.GetAllInsp_Outcome_Details(Int64 tenantId) in F:\CWBworking\CWB.ProductionPlanWO\Services\WOService.cs:line 1109
   at CWB.ProductionPlanWO.Services.WOService.AllProductionWoReadForProd(Int64 tenantId) in F:\CWBworking\CWB.ProductionPlanWO\Services\WOService.cs:line 4346
   at CWB.ProductionPlanWO.Controllers.WOController.AllProductionWoReadForProd(Int64 tenantId) in F:\CWBworking\CWB.ProductionPlanWO\Controllers\WOController.cs:line 1697
   at Microsoft.AspNetCore.Mvc.Infrastructure.ActionMethodExecutor.TaskOfIActionResultExecutor.Execute(IActionResultTypeMapper mapper, ObjectMethodExecutor executor, Object controller, Object[] arguments)
   at Microsoft.AspNetCore.Mvc.Infrastructure.ControllerActionInvoker.<InvokeActionMethodAsync>g__Awaited|12_0(ControllerActionInvoker invoker, ValueTask`1 actionResultValueTask)
   at Microsoft.AspNetCore.Mvc.Infrastructure.ControllerActionInvoker.<InvokeNextActionFilterAsync>g__Awaited|10_0(ControllerActionInvoker invoker, Task lastTask, State next, Scope scope, Object state, Boolean isCompleted)
   at Microsoft.AspNetCore.Mvc.Infrastructure.ControllerActionInvoker.Rethrow(ActionExecutedContextSealed context)
   at Microsoft.AspNetCore.Mvc.Infrastructure.ControllerActionInvoker.Next(State& next, Scope& scope, Object& state, Boolean& isCompleted)
   at Microsoft.AspNetCore.Mvc.Infrastructure.ControllerActionInvoker.<InvokeInnerFilterAsync>g__Awaited|13_0(ControllerActionInvoker invoker, Task lastTask, State next, Scope scope, Object state, Boolean isCompleted)
   at Microsoft.AspNetCore.Mvc.Infrastructure.ResourceInvoker.<InvokeFilterPipelineAsync>g__Awaited|19_0(ResourceInvoker invoker, Task lastTask, State next, Scope scope, Object state, Boolean isCompleted)
   at Microsoft.AspNetCore.Mvc.Infrastructure.ResourceInvoker.<InvokeAsync>g__Awaited|17_0(ResourceInvoker invoker, Task task, IDisposable scope)
   at Microsoft.AspNetCore.Routing.EndpointMiddleware.<Invoke>g__AwaitRequestTask|6_0(Endpoint endpoint, Task requestTask, ILogger logger)
   at Microsoft.AspNetCore.Authorization.AuthorizationMiddleware.Invoke(HttpContext context)
   at Microsoft.AspNetCore.Authentication.AuthenticationMiddleware.Invoke(HttpContext context)
   at CWB.ExceptionHandling.ExceptionMiddleware.InvokeAsync(HttpContext httpContext) in F:\CWBworking\CWB.ExceptionHandling\ExceptionMiddleware.cs:line 26
