2026-04-16 10:35:50.2707 ERROR Error: AutoMapper.AutoMapperMappingException: Error mapping types.

Mapping types:
EntityQueryable`1 -> IEnumerable`1
Microsoft.EntityFrameworkCore.Query.Internal.EntityQueryable`1[[CWB.ProductionPlanWO.Domain.ProductionPlan_WO, CWB.ProductionPlanWO, Version=1.0.0.0, Culture=neutral, PublicKeyToken=null]] -> System.Collections.Generic.IEnumerable`1[[CWB.ProductionPlanWO.ViewModels.ProductionPlan_WOVM, CWB.ProductionPlanWO, Version=1.0.0.0, Culture=neutral, PublicKeyToken=null]]
 ---> MySqlConnector.MySqlException (0x80004005): Unknown column 'p.Combined_WO' in 'field list'
   at MySqlConnector.Core.ResultSet.ReadResultSetHeaderAsync(IOBehavior ioBehavior) in /_/src/MySqlConnector/Core/ResultSet.cs:line 50
   at MySqlConnector.MySqlDataReader.ActivateResultSet(CancellationToken cancellationToken) in /_/src/MySqlConnector/MySqlDataReader.cs:line 119
   at MySqlConnector.MySqlDataReader.CreateAsync(CommandListPosition commandListPosition, ICommandPayloadCreator payloadCreator, IDictionary`2 cachedProcedures, IMySqlCommand command, CommandBehavior behavior, IOBehavior ioBehavior, CancellationToken cancellationToken) in /_/src/MySqlConnector/MySqlDataReader.cs:line 445
   at MySqlConnector.Core.CommandExecutor.ExecuteReaderAsync(IReadOnlyList`1 commands, ICommandPayloadCreator payloadCreator, CommandBehavior behavior, IOBehavior ioBehavior, CancellationToken cancellationToken) in /_/src/MySqlConnector/Core/CommandExecutor.cs:line 60
   at MySqlConnector.MySqlCommand.ExecuteReaderAsync(CommandBehavior behavior, IOBehavior ioBehavior, CancellationToken cancellationToken) in /_/src/MySqlConnector/MySqlCommand.cs:line 319
   at MySqlConnector.MySqlCommand.ExecuteDbDataReader(CommandBehavior behavior) in /_/src/MySqlConnector/MySqlCommand.cs:line 261
   at System.Data.Common.DbCommand.ExecuteReader()
   at Microsoft.EntityFrameworkCore.Storage.RelationalCommand.ExecuteReader(RelationalCommandParameterObject parameterObject)
   at Microsoft.EntityFrameworkCore.Query.Internal.SingleQueryingEnumerable`1.Enumerator.InitializeReader(DbContext _, Boolean result)
   at Pomelo.EntityFrameworkCore.MySql.Storage.Internal.MySqlExecutionStrategy.Execute[TState,TResult](TState state, Func`3 operation, Func`3 verifySucceeded)
   at Microsoft.EntityFrameworkCore.Query.Internal.SingleQueryingEnumerable`1.Enumerator.MoveNext()
   at lambda_method(Closure , Object , IEnumerable`1 , ResolutionContext )
   --- End of inner exception stack trace ---
   at lambda_method(Closure , Object , IEnumerable`1 , ResolutionContext )
   at CWB.ProductionPlanWO.Services.WOService.AllProductionWo(Int64 tenantId) in F:\CWBworking\CWB.ProductionPlanWO\Services\WOService.cs:line 1075
   at CWB.ProductionPlanWO.Services.WOService.AllProductionWoReadForProd(Int64 tenantId) in F:\CWBworking\CWB.ProductionPlanWO\Services\WOService.cs:line 4523
   at CWB.ProductionPlanWO.Controllers.WOController.AllProductionWoReadForProd(Int64 tenantId) in F:\CWBworking\CWB.ProductionPlanWO\Controllers\WOController.cs:line 1732
   at Microsoft.AspNetCore.Mvc.Infrastructure.ActionMethodExecutor.TaskOfIActionResultExecutor.Execute(IActionResultTypeMapper mapper, ObjectMethodExecutor executor, Object controller, Object[] arguments)
   at Microsoft.AspNetCore.Mvc.Infrastructure.ControllerActionInvoker.<InvokeActionMethodAsync>g__Awaited|12_0(ControllerActionInvoker invoker, ValueTask`1 actionResultValueTask)
   at Microsoft.AspNetCore.Mvc.Infrastructure.ControllerActionInvoker.<InvokeNextActionFilterAsync>g__Awaited|10_0(ControllerActionInvoker invoker, Task lastTask, State next, Scope scope, Object state, Boolean isCompleted)
   at Microsoft.AspNetCore.Mvc.Infrastructure.ControllerActionInvoker.Rethrow(ActionExecutedContextSealed context)
   at Microsoft.AspNetCore.Mvc.Infrastructure.ControllerActionInvoker.Next(State& next, Scope& scope, Object& state, Boolean& isCompleted)
   at Microsoft.AspNetCore.Mvc.Infrastructure.ControllerActionInvoker.InvokeInnerFilterAsync()
--- End of stack trace from previous location where exception was thrown ---
   at Microsoft.AspNetCore.Mvc.Infrastructure.ResourceInvoker.<InvokeFilterPipelineAsync>g__Awaited|19_0(ResourceInvoker invoker, Task lastTask, State next, Scope scope, Object state, Boolean isCompleted)
   at Microsoft.AspNetCore.Mvc.Infrastructure.ResourceInvoker.<InvokeAsync>g__Awaited|17_0(ResourceInvoker invoker, Task task, IDisposable scope)
   at Microsoft.AspNetCore.Routing.EndpointMiddleware.<Invoke>g__AwaitRequestTask|6_0(Endpoint endpoint, Task requestTask, ILogger logger)
   at Microsoft.AspNetCore.Authorization.AuthorizationMiddleware.Invoke(HttpContext context)
   at Microsoft.AspNetCore.Authentication.AuthenticationMiddleware.Invoke(HttpContext context)
   at CWB.ExceptionHandling.ExceptionMiddleware.InvokeAsync(HttpContext httpContext) in F:\CWBworking\CWB.ExceptionHandling\ExceptionMiddleware.cs:line 26
2026-04-16 10:35:55.3057 ERROR Error: AutoMapper.AutoMapperMappingException: Error mapping types.

Mapping types:
EntityQueryable`1 -> IEnumerable`1
Microsoft.EntityFrameworkCore.Query.Internal.EntityQueryable`1[[CWB.ProductionPlanWO.Domain.ProductionPlan_WO, CWB.ProductionPlanWO, Version=1.0.0.0, Culture=neutral, PublicKeyToken=null]] -> System.Collections.Generic.IEnumerable`1[[CWB.ProductionPlanWO.ViewModels.ProductionPlan_WOVM, CWB.ProductionPlanWO, Version=1.0.0.0, Culture=neutral, PublicKeyToken=null]]
 ---> MySqlConnector.MySqlException (0x80004005): Unknown column 'p.Combined_WO' in 'field list'
   at MySqlConnector.Core.ResultSet.ReadResultSetHeaderAsync(IOBehavior ioBehavior) in /_/src/MySqlConnector/Core/ResultSet.cs:line 50
   at MySqlConnector.MySqlDataReader.ActivateResultSet(CancellationToken cancellationToken) in /_/src/MySqlConnector/MySqlDataReader.cs:line 119
   at MySqlConnector.MySqlDataReader.CreateAsync(CommandListPosition commandListPosition, ICommandPayloadCreator payloadCreator, IDictionary`2 cachedProcedures, IMySqlCommand command, CommandBehavior behavior, IOBehavior ioBehavior, CancellationToken cancellationToken) in /_/src/MySqlConnector/MySqlDataReader.cs:line 445
   at MySqlConnector.Core.CommandExecutor.ExecuteReaderAsync(IReadOnlyList`1 commands, ICommandPayloadCreator payloadCreator, CommandBehavior behavior, IOBehavior ioBehavior, CancellationToken cancellationToken) in /_/src/MySqlConnector/Core/CommandExecutor.cs:line 60
   at MySqlConnector.MySqlCommand.ExecuteReaderAsync(CommandBehavior behavior, IOBehavior ioBehavior, CancellationToken cancellationToken) in /_/src/MySqlConnector/MySqlCommand.cs:line 319
   at MySqlConnector.MySqlCommand.ExecuteDbDataReader(CommandBehavior behavior) in /_/src/MySqlConnector/MySqlCommand.cs:line 261
   at System.Data.Common.DbCommand.ExecuteReader()
   at Microsoft.EntityFrameworkCore.Storage.RelationalCommand.ExecuteReader(RelationalCommandParameterObject parameterObject)
   at Microsoft.EntityFrameworkCore.Query.Internal.SingleQueryingEnumerable`1.Enumerator.InitializeReader(DbContext _, Boolean result)
   at Pomelo.EntityFrameworkCore.MySql.Storage.Internal.MySqlExecutionStrategy.Execute[TState,TResult](TState state, Func`3 operation, Func`3 verifySucceeded)
   at Microsoft.EntityFrameworkCore.Query.Internal.SingleQueryingEnumerable`1.Enumerator.MoveNext()
   at lambda_method(Closure , Object , IEnumerable`1 , ResolutionContext )
   --- End of inner exception stack trace ---
   at lambda_method(Closure , Object , IEnumerable`1 , ResolutionContext )
   at CWB.ProductionPlanWO.Services.WOService.AllProductionWo(Int64 tenantId) in F:\CWBworking\CWB.ProductionPlanWO\Services\WOService.cs:line 1075
   at CWB.ProductionPlanWO.Services.WOService.GetAllReadyforProductionWo(Int64 tenantId) in F:\CWBworking\CWB.ProductionPlanWO\Services\WOService.cs:line 4620
   at CWB.ProductionPlanWO.Controllers.WOController.GetAllReadyforProductionWo(Int64 tenantId) in F:\CWBworking\CWB.ProductionPlanWO\Controllers\WOController.cs:line 1741
   at Microsoft.AspNetCore.Mvc.Infrastructure.ActionMethodExecutor.TaskOfIActionResultExecutor.Execute(IActionResultTypeMapper mapper, ObjectMethodExecutor executor, Object controller, Object[] arguments)
   at Microsoft.AspNetCore.Mvc.Infrastructure.ControllerActionInvoker.<InvokeActionMethodAsync>g__Awaited|12_0(ControllerActionInvoker invoker, ValueTask`1 actionResultValueTask)
   at Microsoft.AspNetCore.Mvc.Infrastructure.ControllerActionInvoker.<InvokeNextActionFilterAsync>g__Awaited|10_0(ControllerActionInvoker invoker, Task lastTask, State next, Scope scope, Object state, Boolean isCompleted)
   at Microsoft.AspNetCore.Mvc.Infrastructure.ControllerActionInvoker.Rethrow(ActionExecutedContextSealed context)
   at Microsoft.AspNetCore.Mvc.Infrastructure.ControllerActionInvoker.Next(State& next, Scope& scope, Object& state, Boolean& isCompleted)
   at Microsoft.AspNetCore.Mvc.Infrastructure.ControllerActionInvoker.InvokeInnerFilterAsync()
--- End of stack trace from previous location where exception was thrown ---
   at Microsoft.AspNetCore.Mvc.Infrastructure.ResourceInvoker.<InvokeFilterPipelineAsync>g__Awaited|19_0(ResourceInvoker invoker, Task lastTask, State next, Scope scope, Object state, Boolean isCompleted)
   at Microsoft.AspNetCore.Mvc.Infrastructure.ResourceInvoker.<InvokeAsync>g__Awaited|17_0(ResourceInvoker invoker, Task task, IDisposable scope)
   at Microsoft.AspNetCore.Routing.EndpointMiddleware.<Invoke>g__AwaitRequestTask|6_0(Endpoint endpoint, Task requestTask, ILogger logger)
   at Microsoft.AspNetCore.Authorization.AuthorizationMiddleware.Invoke(HttpContext context)
   at Microsoft.AspNetCore.Authentication.AuthenticationMiddleware.Invoke(HttpContext context)
   at CWB.ExceptionHandling.ExceptionMiddleware.InvokeAsync(HttpContext httpContext) in F:\CWBworking\CWB.ExceptionHandling\ExceptionMiddleware.cs:line 26
2026-04-16 10:35:55.9099 ERROR Error: AutoMapper.AutoMapperMappingException: Error mapping types.

Mapping types:
EntityQueryable`1 -> IEnumerable`1
Microsoft.EntityFrameworkCore.Query.Internal.EntityQueryable`1[[CWB.ProductionPlanWO.Domain.ProductionPlan_WO, CWB.ProductionPlanWO, Version=1.0.0.0, Culture=neutral, PublicKeyToken=null]] -> System.Collections.Generic.IEnumerable`1[[CWB.ProductionPlanWO.ViewModels.ProductionPlan_WOVM, CWB.ProductionPlanWO, Version=1.0.0.0, Culture=neutral, PublicKeyToken=null]]
 ---> MySqlConnector.MySqlException (0x80004005): Unknown column 'p.Combined_WO' in 'field list'
   at MySqlConnector.Core.ResultSet.ReadResultSetHeaderAsync(IOBehavior ioBehavior) in /_/src/MySqlConnector/Core/ResultSet.cs:line 50
   at MySqlConnector.MySqlDataReader.ActivateResultSet(CancellationToken cancellationToken) in /_/src/MySqlConnector/MySqlDataReader.cs:line 119
   at MySqlConnector.MySqlDataReader.CreateAsync(CommandListPosition commandListPosition, ICommandPayloadCreator payloadCreator, IDictionary`2 cachedProcedures, IMySqlCommand command, CommandBehavior behavior, IOBehavior ioBehavior, CancellationToken cancellationToken) in /_/src/MySqlConnector/MySqlDataReader.cs:line 445
   at MySqlConnector.Core.CommandExecutor.ExecuteReaderAsync(IReadOnlyList`1 commands, ICommandPayloadCreator payloadCreator, CommandBehavior behavior, IOBehavior ioBehavior, CancellationToken cancellationToken) in /_/src/MySqlConnector/Core/CommandExecutor.cs:line 60
   at MySqlConnector.MySqlCommand.ExecuteReaderAsync(CommandBehavior behavior, IOBehavior ioBehavior, CancellationToken cancellationToken) in /_/src/MySqlConnector/MySqlCommand.cs:line 319
   at MySqlConnector.MySqlCommand.ExecuteDbDataReader(CommandBehavior behavior) in /_/src/MySqlConnector/MySqlCommand.cs:line 261
   at System.Data.Common.DbCommand.ExecuteReader()
   at Microsoft.EntityFrameworkCore.Storage.RelationalCommand.ExecuteReader(RelationalCommandParameterObject parameterObject)
   at Microsoft.EntityFrameworkCore.Query.Internal.SingleQueryingEnumerable`1.Enumerator.InitializeReader(DbContext _, Boolean result)
   at Pomelo.EntityFrameworkCore.MySql.Storage.Internal.MySqlExecutionStrategy.Execute[TState,TResult](TState state, Func`3 operation, Func`3 verifySucceeded)
   at Microsoft.EntityFrameworkCore.Query.Internal.SingleQueryingEnumerable`1.Enumerator.MoveNext()
   at lambda_method(Closure , Object , IEnumerable`1 , ResolutionContext )
   --- End of inner exception stack trace ---
   at lambda_method(Closure , Object , IEnumerable`1 , ResolutionContext )
   at CWB.ProductionPlanWO.Services.WOService.AllProductionWo(Int64 tenantId) in F:\CWBworking\CWB.ProductionPlanWO\Services\WOService.cs:line 1075
   at CWB.ProductionPlanWO.Services.WOService.GetAllReadyforProductionWo(Int64 tenantId) in F:\CWBworking\CWB.ProductionPlanWO\Services\WOService.cs:line 4620
   at CWB.ProductionPlanWO.Controllers.WOController.GetAllReadyforProductionWo(Int64 tenantId) in F:\CWBworking\CWB.ProductionPlanWO\Controllers\WOController.cs:line 1741
   at Microsoft.AspNetCore.Mvc.Infrastructure.ActionMethodExecutor.TaskOfIActionResultExecutor.Execute(IActionResultTypeMapper mapper, ObjectMethodExecutor executor, Object controller, Object[] arguments)
   at Microsoft.AspNetCore.Mvc.Infrastructure.ControllerActionInvoker.<InvokeActionMethodAsync>g__Awaited|12_0(ControllerActionInvoker invoker, ValueTask`1 actionResultValueTask)
   at Microsoft.AspNetCore.Mvc.Infrastructure.ControllerActionInvoker.<InvokeNextActionFilterAsync>g__Awaited|10_0(ControllerActionInvoker invoker, Task lastTask, State next, Scope scope, Object state, Boolean isCompleted)
   at Microsoft.AspNetCore.Mvc.Infrastructure.ControllerActionInvoker.Rethrow(ActionExecutedContextSealed context)
   at Microsoft.AspNetCore.Mvc.Infrastructure.ControllerActionInvoker.Next(State& next, Scope& scope, Object& state, Boolean& isCompleted)
   at Microsoft.AspNetCore.Mvc.Infrastructure.ControllerActionInvoker.InvokeInnerFilterAsync()
--- End of stack trace from previous location where exception was thrown ---
   at Microsoft.AspNetCore.Mvc.Infrastructure.ResourceInvoker.<InvokeFilterPipelineAsync>g__Awaited|19_0(ResourceInvoker invoker, Task lastTask, State next, Scope scope, Object state, Boolean isCompleted)
   at Microsoft.AspNetCore.Mvc.Infrastructure.ResourceInvoker.<InvokeAsync>g__Awaited|17_0(ResourceInvoker invoker, Task task, IDisposable scope)
   at Microsoft.AspNetCore.Routing.EndpointMiddleware.<Invoke>g__AwaitRequestTask|6_0(Endpoint endpoint, Task requestTask, ILogger logger)
   at Microsoft.AspNetCore.Authorization.AuthorizationMiddleware.Invoke(HttpContext context)
   at Microsoft.AspNetCore.Authentication.AuthenticationMiddleware.Invoke(HttpContext context)
   at CWB.ExceptionHandling.ExceptionMiddleware.InvokeAsync(HttpContext httpContext) in F:\CWBworking\CWB.ExceptionHandling\ExceptionMiddleware.cs:line 26
2026-04-16 10:35:56.6772 ERROR Error: AutoMapper.AutoMapperMappingException: Error mapping types.

Mapping types:
EntityQueryable`1 -> IEnumerable`1
Microsoft.EntityFrameworkCore.Query.Internal.EntityQueryable`1[[CWB.ProductionPlanWO.Domain.ProductionPlan_WO, CWB.ProductionPlanWO, Version=1.0.0.0, Culture=neutral, PublicKeyToken=null]] -> System.Collections.Generic.IEnumerable`1[[CWB.ProductionPlanWO.ViewModels.ProductionPlan_WOVM, CWB.ProductionPlanWO, Version=1.0.0.0, Culture=neutral, PublicKeyToken=null]]
 ---> MySqlConnector.MySqlException (0x80004005): Unknown column 'p.Combined_WO' in 'field list'
   at MySqlConnector.Core.ResultSet.ReadResultSetHeaderAsync(IOBehavior ioBehavior) in /_/src/MySqlConnector/Core/ResultSet.cs:line 50
   at MySqlConnector.MySqlDataReader.ActivateResultSet(CancellationToken cancellationToken) in /_/src/MySqlConnector/MySqlDataReader.cs:line 119
   at MySqlConnector.MySqlDataReader.CreateAsync(CommandListPosition commandListPosition, ICommandPayloadCreator payloadCreator, IDictionary`2 cachedProcedures, IMySqlCommand command, CommandBehavior behavior, IOBehavior ioBehavior, CancellationToken cancellationToken) in /_/src/MySqlConnector/MySqlDataReader.cs:line 445
   at MySqlConnector.Core.CommandExecutor.ExecuteReaderAsync(IReadOnlyList`1 commands, ICommandPayloadCreator payloadCreator, CommandBehavior behavior, IOBehavior ioBehavior, CancellationToken cancellationToken) in /_/src/MySqlConnector/Core/CommandExecutor.cs:line 60
   at MySqlConnector.MySqlCommand.ExecuteReaderAsync(CommandBehavior behavior, IOBehavior ioBehavior, CancellationToken cancellationToken) in /_/src/MySqlConnector/MySqlCommand.cs:line 319
   at MySqlConnector.MySqlCommand.ExecuteDbDataReader(CommandBehavior behavior) in /_/src/MySqlConnector/MySqlCommand.cs:line 261
   at System.Data.Common.DbCommand.ExecuteReader()
   at Microsoft.EntityFrameworkCore.Storage.RelationalCommand.ExecuteReader(RelationalCommandParameterObject parameterObject)
   at Microsoft.EntityFrameworkCore.Query.Internal.SingleQueryingEnumerable`1.Enumerator.InitializeReader(DbContext _, Boolean result)
   at Pomelo.EntityFrameworkCore.MySql.Storage.Internal.MySqlExecutionStrategy.Execute[TState,TResult](TState state, Func`3 operation, Func`3 verifySucceeded)
   at Microsoft.EntityFrameworkCore.Query.Internal.SingleQueryingEnumerable`1.Enumerator.MoveNext()
   at lambda_method(Closure , Object , IEnumerable`1 , ResolutionContext )
   --- End of inner exception stack trace ---
   at lambda_method(Closure , Object , IEnumerable`1 , ResolutionContext )
   at CWB.ProductionPlanWO.Services.WOService.AllProductionWo(Int64 tenantId) in F:\CWBworking\CWB.ProductionPlanWO\Services\WOService.cs:line 1075
   at CWB.ProductionPlanWO.Services.WOService.AllProductionWoReadForProd(Int64 tenantId) in F:\CWBworking\CWB.ProductionPlanWO\Services\WOService.cs:line 4523
   at CWB.ProductionPlanWO.Controllers.WOController.AllProductionWoReadForProd(Int64 tenantId) in F:\CWBworking\CWB.ProductionPlanWO\Controllers\WOController.cs:line 1732
   at Microsoft.AspNetCore.Mvc.Infrastructure.ActionMethodExecutor.TaskOfIActionResultExecutor.Execute(IActionResultTypeMapper mapper, ObjectMethodExecutor executor, Object controller, Object[] arguments)
   at Microsoft.AspNetCore.Mvc.Infrastructure.ControllerActionInvoker.<InvokeActionMethodAsync>g__Awaited|12_0(ControllerActionInvoker invoker, ValueTask`1 actionResultValueTask)
   at Microsoft.AspNetCore.Mvc.Infrastructure.ControllerActionInvoker.<InvokeNextActionFilterAsync>g__Awaited|10_0(ControllerActionInvoker invoker, Task lastTask, State next, Scope scope, Object state, Boolean isCompleted)
   at Microsoft.AspNetCore.Mvc.Infrastructure.ControllerActionInvoker.Rethrow(ActionExecutedContextSealed context)
   at Microsoft.AspNetCore.Mvc.Infrastructure.ControllerActionInvoker.Next(State& next, Scope& scope, Object& state, Boolean& isCompleted)
   at Microsoft.AspNetCore.Mvc.Infrastructure.ControllerActionInvoker.InvokeInnerFilterAsync()
--- End of stack trace from previous location where exception was thrown ---
   at Microsoft.AspNetCore.Mvc.Infrastructure.ResourceInvoker.<InvokeFilterPipelineAsync>g__Awaited|19_0(ResourceInvoker invoker, Task lastTask, State next, Scope scope, Object state, Boolean isCompleted)
   at Microsoft.AspNetCore.Mvc.Infrastructure.ResourceInvoker.<InvokeAsync>g__Awaited|17_0(ResourceInvoker invoker, Task task, IDisposable scope)
   at Microsoft.AspNetCore.Routing.EndpointMiddleware.<Invoke>g__AwaitRequestTask|6_0(Endpoint endpoint, Task requestTask, ILogger logger)
   at Microsoft.AspNetCore.Authorization.AuthorizationMiddleware.Invoke(HttpContext context)
   at Microsoft.AspNetCore.Authentication.AuthenticationMiddleware.Invoke(HttpContext context)
   at CWB.ExceptionHandling.ExceptionMiddleware.InvokeAsync(HttpContext httpContext) in F:\CWBworking\CWB.ExceptionHandling\ExceptionMiddleware.cs:line 26
2026-04-16 10:35:58.5573 ERROR Error: AutoMapper.AutoMapperMappingException: Error mapping types.

Mapping types:
EntityQueryable`1 -> IEnumerable`1
Microsoft.EntityFrameworkCore.Query.Internal.EntityQueryable`1[[CWB.ProductionPlanWO.Domain.ProcPlan, CWB.ProductionPlanWO, Version=1.0.0.0, Culture=neutral, PublicKeyToken=null]] -> System.Collections.Generic.IEnumerable`1[[CWB.ProductionPlanWO.ViewModels.ProcPlanVM, CWB.ProductionPlanWO, Version=1.0.0.0, Culture=neutral, PublicKeyToken=null]]
 ---> MySqlConnector.MySqlException (0x80004005): Unknown column 'p.Old_Plan_Proc_Qnty' in 'field list'
   at MySqlConnector.Core.ResultSet.ReadResultSetHeaderAsync(IOBehavior ioBehavior) in /_/src/MySqlConnector/Core/ResultSet.cs:line 50
   at MySqlConnector.MySqlDataReader.ActivateResultSet(CancellationToken cancellationToken) in /_/src/MySqlConnector/MySqlDataReader.cs:line 119
   at MySqlConnector.MySqlDataReader.CreateAsync(CommandListPosition commandListPosition, ICommandPayloadCreator payloadCreator, IDictionary`2 cachedProcedures, IMySqlCommand command, CommandBehavior behavior, IOBehavior ioBehavior, CancellationToken cancellationToken) in /_/src/MySqlConnector/MySqlDataReader.cs:line 445
   at MySqlConnector.Core.CommandExecutor.ExecuteReaderAsync(IReadOnlyList`1 commands, ICommandPayloadCreator payloadCreator, CommandBehavior behavior, IOBehavior ioBehavior, CancellationToken cancellationToken) in /_/src/MySqlConnector/Core/CommandExecutor.cs:line 60
   at MySqlConnector.MySqlCommand.ExecuteReaderAsync(CommandBehavior behavior, IOBehavior ioBehavior, CancellationToken cancellationToken) in /_/src/MySqlConnector/MySqlCommand.cs:line 319
   at MySqlConnector.MySqlCommand.ExecuteDbDataReader(CommandBehavior behavior) in /_/src/MySqlConnector/MySqlCommand.cs:line 261
   at System.Data.Common.DbCommand.ExecuteReader()
   at Microsoft.EntityFrameworkCore.Storage.RelationalCommand.ExecuteReader(RelationalCommandParameterObject parameterObject)
   at Microsoft.EntityFrameworkCore.Query.Internal.SingleQueryingEnumerable`1.Enumerator.InitializeReader(DbContext _, Boolean result)
   at Pomelo.EntityFrameworkCore.MySql.Storage.Internal.MySqlExecutionStrategy.Execute[TState,TResult](TState state, Func`3 operation, Func`3 verifySucceeded)
   at Microsoft.EntityFrameworkCore.Query.Internal.SingleQueryingEnumerable`1.Enumerator.MoveNext()
   at lambda_method(Closure , Object , IEnumerable`1 , ResolutionContext )
   --- End of inner exception stack trace ---
   at lambda_method(Closure , Object , IEnumerable`1 , ResolutionContext )
   at CWB.ProductionPlanWO.Services.WOService.AllProcPlan(Int64 tenantId) in F:\CWBworking\CWB.ProductionPlanWO\Services\WOService.cs:line 894
   at CWB.ProductionPlanWO.Controllers.WOController.GetAllProcPlan(Int64 tenantId) in F:\CWBworking\CWB.ProductionPlanWO\Controllers\WOController.cs:line 264
   at Microsoft.AspNetCore.Mvc.Infrastructure.ActionMethodExecutor.TaskOfIActionResultExecutor.Execute(IActionResultTypeMapper mapper, ObjectMethodExecutor executor, Object controller, Object[] arguments)
   at Microsoft.AspNetCore.Mvc.Infrastructure.ControllerActionInvoker.<InvokeActionMethodAsync>g__Awaited|12_0(ControllerActionInvoker invoker, ValueTask`1 actionResultValueTask)
   at Microsoft.AspNetCore.Mvc.Infrastructure.ControllerActionInvoker.<InvokeNextActionFilterAsync>g__Awaited|10_0(ControllerActionInvoker invoker, Task lastTask, State next, Scope scope, Object state, Boolean isCompleted)
   at Microsoft.AspNetCore.Mvc.Infrastructure.ControllerActionInvoker.Rethrow(ActionExecutedContextSealed context)
   at Microsoft.AspNetCore.Mvc.Infrastructure.ControllerActionInvoker.Next(State& next, Scope& scope, Object& state, Boolean& isCompleted)
   at Microsoft.AspNetCore.Mvc.Infrastructure.ControllerActionInvoker.InvokeInnerFilterAsync()
--- End of stack trace from previous location where exception was thrown ---
   at Microsoft.AspNetCore.Mvc.Infrastructure.ResourceInvoker.<InvokeFilterPipelineAsync>g__Awaited|19_0(ResourceInvoker invoker, Task lastTask, State next, Scope scope, Object state, Boolean isCompleted)
   at Microsoft.AspNetCore.Mvc.Infrastructure.ResourceInvoker.<InvokeAsync>g__Awaited|17_0(ResourceInvoker invoker, Task task, IDisposable scope)
   at Microsoft.AspNetCore.Routing.EndpointMiddleware.<Invoke>g__AwaitRequestTask|6_0(Endpoint endpoint, Task requestTask, ILogger logger)
   at Microsoft.AspNetCore.Authorization.AuthorizationMiddleware.Invoke(HttpContext context)
   at Microsoft.AspNetCore.Authentication.AuthenticationMiddleware.Invoke(HttpContext context)
   at CWB.ExceptionHandling.ExceptionMiddleware.InvokeAsync(HttpContext httpContext) in F:\CWBworking\CWB.ExceptionHandling\ExceptionMiddleware.cs:line 26
2026-04-16 10:36:33.1855 ERROR Error: AutoMapper.AutoMapperMappingException: Error mapping types.

Mapping types:
EntityQueryable`1 -> IEnumerable`1
Microsoft.EntityFrameworkCore.Query.Internal.EntityQueryable`1[[CWB.ProductionPlanWO.Domain.ProductionPlan_WO, CWB.ProductionPlanWO, Version=1.0.0.0, Culture=neutral, PublicKeyToken=null]] -> System.Collections.Generic.IEnumerable`1[[CWB.ProductionPlanWO.ViewModels.ProductionPlan_WOVM, CWB.ProductionPlanWO, Version=1.0.0.0, Culture=neutral, PublicKeyToken=null]]
 ---> MySqlConnector.MySqlException (0x80004005): Unknown column 'p.Combined_WO' in 'field list'
   at MySqlConnector.Core.ResultSet.ReadResultSetHeaderAsync(IOBehavior ioBehavior) in /_/src/MySqlConnector/Core/ResultSet.cs:line 50
   at MySqlConnector.MySqlDataReader.ActivateResultSet(CancellationToken cancellationToken) in /_/src/MySqlConnector/MySqlDataReader.cs:line 119
   at MySqlConnector.MySqlDataReader.CreateAsync(CommandListPosition commandListPosition, ICommandPayloadCreator payloadCreator, IDictionary`2 cachedProcedures, IMySqlCommand command, CommandBehavior behavior, IOBehavior ioBehavior, CancellationToken cancellationToken) in /_/src/MySqlConnector/MySqlDataReader.cs:line 445
   at MySqlConnector.Core.CommandExecutor.ExecuteReaderAsync(IReadOnlyList`1 commands, ICommandPayloadCreator payloadCreator, CommandBehavior behavior, IOBehavior ioBehavior, CancellationToken cancellationToken) in /_/src/MySqlConnector/Core/CommandExecutor.cs:line 60
   at MySqlConnector.MySqlCommand.ExecuteReaderAsync(CommandBehavior behavior, IOBehavior ioBehavior, CancellationToken cancellationToken) in /_/src/MySqlConnector/MySqlCommand.cs:line 319
   at MySqlConnector.MySqlCommand.ExecuteDbDataReader(CommandBehavior behavior) in /_/src/MySqlConnector/MySqlCommand.cs:line 261
   at System.Data.Common.DbCommand.ExecuteReader()
   at Microsoft.EntityFrameworkCore.Storage.RelationalCommand.ExecuteReader(RelationalCommandParameterObject parameterObject)
   at Microsoft.EntityFrameworkCore.Query.Internal.SingleQueryingEnumerable`1.Enumerator.InitializeReader(DbContext _, Boolean result)
   at Pomelo.EntityFrameworkCore.MySql.Storage.Internal.MySqlExecutionStrategy.Execute[TState,TResult](TState state, Func`3 operation, Func`3 verifySucceeded)
   at Microsoft.EntityFrameworkCore.Query.Internal.SingleQueryingEnumerable`1.Enumerator.MoveNext()
   at lambda_method(Closure , Object , IEnumerable`1 , ResolutionContext )
   --- End of inner exception stack trace ---
   at lambda_method(Closure , Object , IEnumerable`1 , ResolutionContext )
   at CWB.ProductionPlanWO.Services.WOService.AllProductionWo(Int64 tenantId) in F:\CWBworking\CWB.ProductionPlanWO\Services\WOService.cs:line 1075
   at CWB.ProductionPlanWO.Services.WOService.AllProductionWoReadForProd(Int64 tenantId) in F:\CWBworking\CWB.ProductionPlanWO\Services\WOService.cs:line 4523
   at CWB.ProductionPlanWO.Controllers.WOController.AllProductionWoReadForProd(Int64 tenantId) in F:\CWBworking\CWB.ProductionPlanWO\Controllers\WOController.cs:line 1732
   at Microsoft.AspNetCore.Mvc.Infrastructure.ActionMethodExecutor.TaskOfIActionResultExecutor.Execute(IActionResultTypeMapper mapper, ObjectMethodExecutor executor, Object controller, Object[] arguments)
   at Microsoft.AspNetCore.Mvc.Infrastructure.ControllerActionInvoker.<InvokeActionMethodAsync>g__Awaited|12_0(ControllerActionInvoker invoker, ValueTask`1 actionResultValueTask)
   at Microsoft.AspNetCore.Mvc.Infrastructure.ControllerActionInvoker.<InvokeNextActionFilterAsync>g__Awaited|10_0(ControllerActionInvoker invoker, Task lastTask, State next, Scope scope, Object state, Boolean isCompleted)
   at Microsoft.AspNetCore.Mvc.Infrastructure.ControllerActionInvoker.Rethrow(ActionExecutedContextSealed context)
   at Microsoft.AspNetCore.Mvc.Infrastructure.ControllerActionInvoker.Next(State& next, Scope& scope, Object& state, Boolean& isCompleted)
   at Microsoft.AspNetCore.Mvc.Infrastructure.ControllerActionInvoker.InvokeInnerFilterAsync()
--- End of stack trace from previous location where exception was thrown ---
   at Microsoft.AspNetCore.Mvc.Infrastructure.ResourceInvoker.<InvokeFilterPipelineAsync>g__Awaited|19_0(ResourceInvoker invoker, Task lastTask, State next, Scope scope, Object state, Boolean isCompleted)
   at Microsoft.AspNetCore.Mvc.Infrastructure.ResourceInvoker.<InvokeAsync>g__Awaited|17_0(ResourceInvoker invoker, Task task, IDisposable scope)
   at Microsoft.AspNetCore.Routing.EndpointMiddleware.<Invoke>g__AwaitRequestTask|6_0(Endpoint endpoint, Task requestTask, ILogger logger)
   at Microsoft.AspNetCore.Authorization.AuthorizationMiddleware.Invoke(HttpContext context)
   at Microsoft.AspNetCore.Authentication.AuthenticationMiddleware.Invoke(HttpContext context)
   at CWB.ExceptionHandling.ExceptionMiddleware.InvokeAsync(HttpContext httpContext) in F:\CWBworking\CWB.ExceptionHandling\ExceptionMiddleware.cs:line 26
2026-04-16 10:36:34.8139 ERROR Error: AutoMapper.AutoMapperMappingException: Error mapping types.

Mapping types:
EntityQueryable`1 -> IEnumerable`1
Microsoft.EntityFrameworkCore.Query.Internal.EntityQueryable`1[[CWB.ProductionPlanWO.Domain.ProcPlan, CWB.ProductionPlanWO, Version=1.0.0.0, Culture=neutral, PublicKeyToken=null]] -> System.Collections.Generic.IEnumerable`1[[CWB.ProductionPlanWO.ViewModels.ProcPlanVM, CWB.ProductionPlanWO, Version=1.0.0.0, Culture=neutral, PublicKeyToken=null]]
 ---> MySqlConnector.MySqlException (0x80004005): Unknown column 'p.Old_Plan_Proc_Qnty' in 'field list'
   at MySqlConnector.Core.ResultSet.ReadResultSetHeaderAsync(IOBehavior ioBehavior) in /_/src/MySqlConnector/Core/ResultSet.cs:line 50
   at MySqlConnector.MySqlDataReader.ActivateResultSet(CancellationToken cancellationToken) in /_/src/MySqlConnector/MySqlDataReader.cs:line 119
   at MySqlConnector.MySqlDataReader.CreateAsync(CommandListPosition commandListPosition, ICommandPayloadCreator payloadCreator, IDictionary`2 cachedProcedures, IMySqlCommand command, CommandBehavior behavior, IOBehavior ioBehavior, CancellationToken cancellationToken) in /_/src/MySqlConnector/MySqlDataReader.cs:line 445
   at MySqlConnector.Core.CommandExecutor.ExecuteReaderAsync(IReadOnlyList`1 commands, ICommandPayloadCreator payloadCreator, CommandBehavior behavior, IOBehavior ioBehavior, CancellationToken cancellationToken) in /_/src/MySqlConnector/Core/CommandExecutor.cs:line 60
   at MySqlConnector.MySqlCommand.ExecuteReaderAsync(CommandBehavior behavior, IOBehavior ioBehavior, CancellationToken cancellationToken) in /_/src/MySqlConnector/MySqlCommand.cs:line 319
   at MySqlConnector.MySqlCommand.ExecuteDbDataReader(CommandBehavior behavior) in /_/src/MySqlConnector/MySqlCommand.cs:line 261
   at System.Data.Common.DbCommand.ExecuteReader()
   at Microsoft.EntityFrameworkCore.Storage.RelationalCommand.ExecuteReader(RelationalCommandParameterObject parameterObject)
   at Microsoft.EntityFrameworkCore.Query.Internal.SingleQueryingEnumerable`1.Enumerator.InitializeReader(DbContext _, Boolean result)
   at Pomelo.EntityFrameworkCore.MySql.Storage.Internal.MySqlExecutionStrategy.Execute[TState,TResult](TState state, Func`3 operation, Func`3 verifySucceeded)
   at Microsoft.EntityFrameworkCore.Query.Internal.SingleQueryingEnumerable`1.Enumerator.MoveNext()
   at lambda_method(Closure , Object , IEnumerable`1 , ResolutionContext )
   --- End of inner exception stack trace ---
   at lambda_method(Closure , Object , IEnumerable`1 , ResolutionContext )
   at CWB.ProductionPlanWO.Services.WOService.AllProcPlan(Int64 tenantId) in F:\CWBworking\CWB.ProductionPlanWO\Services\WOService.cs:line 894
   at CWB.ProductionPlanWO.Controllers.WOController.GetAllProcPlan(Int64 tenantId) in F:\CWBworking\CWB.ProductionPlanWO\Controllers\WOController.cs:line 264
   at Microsoft.AspNetCore.Mvc.Infrastructure.ActionMethodExecutor.TaskOfIActionResultExecutor.Execute(IActionResultTypeMapper mapper, ObjectMethodExecutor executor, Object controller, Object[] arguments)
   at Microsoft.AspNetCore.Mvc.Infrastructure.ControllerActionInvoker.<InvokeActionMethodAsync>g__Awaited|12_0(ControllerActionInvoker invoker, ValueTask`1 actionResultValueTask)
   at Microsoft.AspNetCore.Mvc.Infrastructure.ControllerActionInvoker.<InvokeNextActionFilterAsync>g__Awaited|10_0(ControllerActionInvoker invoker, Task lastTask, State next, Scope scope, Object state, Boolean isCompleted)
   at Microsoft.AspNetCore.Mvc.Infrastructure.ControllerActionInvoker.Rethrow(ActionExecutedContextSealed context)
   at Microsoft.AspNetCore.Mvc.Infrastructure.ControllerActionInvoker.Next(State& next, Scope& scope, Object& state, Boolean& isCompleted)
   at Microsoft.AspNetCore.Mvc.Infrastructure.ControllerActionInvoker.InvokeInnerFilterAsync()
--- End of stack trace from previous location where exception was thrown ---
   at Microsoft.AspNetCore.Mvc.Infrastructure.ResourceInvoker.<InvokeFilterPipelineAsync>g__Awaited|19_0(ResourceInvoker invoker, Task lastTask, State next, Scope scope, Object state, Boolean isCompleted)
   at Microsoft.AspNetCore.Mvc.Infrastructure.ResourceInvoker.<InvokeAsync>g__Awaited|17_0(ResourceInvoker invoker, Task task, IDisposable scope)
   at Microsoft.AspNetCore.Routing.EndpointMiddleware.<Invoke>g__AwaitRequestTask|6_0(Endpoint endpoint, Task requestTask, ILogger logger)
   at Microsoft.AspNetCore.Authorization.AuthorizationMiddleware.Invoke(HttpContext context)
   at Microsoft.AspNetCore.Authentication.AuthenticationMiddleware.Invoke(HttpContext context)
   at CWB.ExceptionHandling.ExceptionMiddleware.InvokeAsync(HttpContext httpContext) in F:\CWBworking\CWB.ExceptionHandling\ExceptionMiddleware.cs:line 26
2026-04-16 10:36:35.1130 ERROR Error: AutoMapper.AutoMapperMappingException: Error mapping types.

Mapping types:
EntityQueryable`1 -> IEnumerable`1
Microsoft.EntityFrameworkCore.Query.Internal.EntityQueryable`1[[CWB.ProductionPlanWO.Domain.ProductionPlan_WO, CWB.ProductionPlanWO, Version=1.0.0.0, Culture=neutral, PublicKeyToken=null]] -> System.Collections.Generic.IEnumerable`1[[CWB.ProductionPlanWO.ViewModels.ProductionPlan_WOVM, CWB.ProductionPlanWO, Version=1.0.0.0, Culture=neutral, PublicKeyToken=null]]
 ---> MySqlConnector.MySqlException (0x80004005): Unknown column 'p.Combined_WO' in 'field list'
   at MySqlConnector.Core.ResultSet.ReadResultSetHeaderAsync(IOBehavior ioBehavior) in /_/src/MySqlConnector/Core/ResultSet.cs:line 50
   at MySqlConnector.MySqlDataReader.ActivateResultSet(CancellationToken cancellationToken) in /_/src/MySqlConnector/MySqlDataReader.cs:line 119
   at MySqlConnector.MySqlDataReader.CreateAsync(CommandListPosition commandListPosition, ICommandPayloadCreator payloadCreator, IDictionary`2 cachedProcedures, IMySqlCommand command, CommandBehavior behavior, IOBehavior ioBehavior, CancellationToken cancellationToken) in /_/src/MySqlConnector/MySqlDataReader.cs:line 445
   at MySqlConnector.Core.CommandExecutor.ExecuteReaderAsync(IReadOnlyList`1 commands, ICommandPayloadCreator payloadCreator, CommandBehavior behavior, IOBehavior ioBehavior, CancellationToken cancellationToken) in /_/src/MySqlConnector/Core/CommandExecutor.cs:line 60
   at MySqlConnector.MySqlCommand.ExecuteReaderAsync(CommandBehavior behavior, IOBehavior ioBehavior, CancellationToken cancellationToken) in /_/src/MySqlConnector/MySqlCommand.cs:line 319
   at MySqlConnector.MySqlCommand.ExecuteDbDataReader(CommandBehavior behavior) in /_/src/MySqlConnector/MySqlCommand.cs:line 261
   at System.Data.Common.DbCommand.ExecuteReader()
   at Microsoft.EntityFrameworkCore.Storage.RelationalCommand.ExecuteReader(RelationalCommandParameterObject parameterObject)
   at Microsoft.EntityFrameworkCore.Query.Internal.SingleQueryingEnumerable`1.Enumerator.InitializeReader(DbContext _, Boolean result)
   at Pomelo.EntityFrameworkCore.MySql.Storage.Internal.MySqlExecutionStrategy.Execute[TState,TResult](TState state, Func`3 operation, Func`3 verifySucceeded)
   at Microsoft.EntityFrameworkCore.Query.Internal.SingleQueryingEnumerable`1.Enumerator.MoveNext()
   at lambda_method(Closure , Object , IEnumerable`1 , ResolutionContext )
   --- End of inner exception stack trace ---
   at lambda_method(Closure , Object , IEnumerable`1 , ResolutionContext )
   at CWB.ProductionPlanWO.Services.WOService.AllProductionWo(Int64 tenantId) in F:\CWBworking\CWB.ProductionPlanWO\Services\WOService.cs:line 1075
   at CWB.ProductionPlanWO.Controllers.WOController.AllProductionWos(Int64 tenantId) in F:\CWBworking\CWB.ProductionPlanWO\Controllers\WOController.cs:line 254
   at Microsoft.AspNetCore.Mvc.Infrastructure.ActionMethodExecutor.TaskOfIActionResultExecutor.Execute(IActionResultTypeMapper mapper, ObjectMethodExecutor executor, Object controller, Object[] arguments)
   at Microsoft.AspNetCore.Mvc.Infrastructure.ControllerActionInvoker.<InvokeActionMethodAsync>g__Awaited|12_0(ControllerActionInvoker invoker, ValueTask`1 actionResultValueTask)
   at Microsoft.AspNetCore.Mvc.Infrastructure.ControllerActionInvoker.<InvokeNextActionFilterAsync>g__Awaited|10_0(ControllerActionInvoker invoker, Task lastTask, State next, Scope scope, Object state, Boolean isCompleted)
   at Microsoft.AspNetCore.Mvc.Infrastructure.ControllerActionInvoker.Rethrow(ActionExecutedContextSealed context)
   at Microsoft.AspNetCore.Mvc.Infrastructure.ControllerActionInvoker.Next(State& next, Scope& scope, Object& state, Boolean& isCompleted)
   at Microsoft.AspNetCore.Mvc.Infrastructure.ControllerActionInvoker.InvokeInnerFilterAsync()
--- End of stack trace from previous location where exception was thrown ---
   at Microsoft.AspNetCore.Mvc.Infrastructure.ResourceInvoker.<InvokeFilterPipelineAsync>g__Awaited|19_0(ResourceInvoker invoker, Task lastTask, State next, Scope scope, Object state, Boolean isCompleted)
   at Microsoft.AspNetCore.Mvc.Infrastructure.ResourceInvoker.<InvokeAsync>g__Awaited|17_0(ResourceInvoker invoker, Task task, IDisposable scope)
   at Microsoft.AspNetCore.Routing.EndpointMiddleware.<Invoke>g__AwaitRequestTask|6_0(Endpoint endpoint, Task requestTask, ILogger logger)
   at Microsoft.AspNetCore.Authorization.AuthorizationMiddleware.Invoke(HttpContext context)
   at Microsoft.AspNetCore.Authentication.AuthenticationMiddleware.Invoke(HttpContext context)
   at CWB.ExceptionHandling.ExceptionMiddleware.InvokeAsync(HttpContext httpContext) in F:\CWBworking\CWB.ExceptionHandling\ExceptionMiddleware.cs:line 26
2026-04-16 10:36:36.4685 ERROR Error: AutoMapper.AutoMapperMappingException: Error mapping types.

Mapping types:
EntityQueryable`1 -> IEnumerable`1
Microsoft.EntityFrameworkCore.Query.Internal.EntityQueryable`1[[CWB.ProductionPlanWO.Domain.ProductionPlan_WO, CWB.ProductionPlanWO, Version=1.0.0.0, Culture=neutral, PublicKeyToken=null]] -> System.Collections.Generic.IEnumerable`1[[CWB.ProductionPlanWO.ViewModels.ProductionPlan_WOVM, CWB.ProductionPlanWO, Version=1.0.0.0, Culture=neutral, PublicKeyToken=null]]
 ---> MySqlConnector.MySqlException (0x80004005): Unknown column 'p.Combined_WO' in 'field list'
   at MySqlConnector.Core.ResultSet.ReadResultSetHeaderAsync(IOBehavior ioBehavior) in /_/src/MySqlConnector/Core/ResultSet.cs:line 50
   at MySqlConnector.MySqlDataReader.ActivateResultSet(CancellationToken cancellationToken) in /_/src/MySqlConnector/MySqlDataReader.cs:line 119
   at MySqlConnector.MySqlDataReader.CreateAsync(CommandListPosition commandListPosition, ICommandPayloadCreator payloadCreator, IDictionary`2 cachedProcedures, IMySqlCommand command, CommandBehavior behavior, IOBehavior ioBehavior, CancellationToken cancellationToken) in /_/src/MySqlConnector/MySqlDataReader.cs:line 445
   at MySqlConnector.Core.CommandExecutor.ExecuteReaderAsync(IReadOnlyList`1 commands, ICommandPayloadCreator payloadCreator, CommandBehavior behavior, IOBehavior ioBehavior, CancellationToken cancellationToken) in /_/src/MySqlConnector/Core/CommandExecutor.cs:line 60
   at MySqlConnector.MySqlCommand.ExecuteReaderAsync(CommandBehavior behavior, IOBehavior ioBehavior, CancellationToken cancellationToken) in /_/src/MySqlConnector/MySqlCommand.cs:line 319
   at MySqlConnector.MySqlCommand.ExecuteDbDataReader(CommandBehavior behavior) in /_/src/MySqlConnector/MySqlCommand.cs:line 261
   at System.Data.Common.DbCommand.ExecuteReader()
   at Microsoft.EntityFrameworkCore.Storage.RelationalCommand.ExecuteReader(RelationalCommandParameterObject parameterObject)
   at Microsoft.EntityFrameworkCore.Query.Internal.SingleQueryingEnumerable`1.Enumerator.InitializeReader(DbContext _, Boolean result)
   at Pomelo.EntityFrameworkCore.MySql.Storage.Internal.MySqlExecutionStrategy.Execute[TState,TResult](TState state, Func`3 operation, Func`3 verifySucceeded)
   at Microsoft.EntityFrameworkCore.Query.Internal.SingleQueryingEnumerable`1.Enumerator.MoveNext()
   at lambda_method(Closure , Object , IEnumerable`1 , ResolutionContext )
   --- End of inner exception stack trace ---
   at lambda_method(Closure , Object , IEnumerable`1 , ResolutionContext )
   at CWB.ProductionPlanWO.Services.WOService.AllProductionWo(Int64 tenantId) in F:\CWBworking\CWB.ProductionPlanWO\Services\WOService.cs:line 1075
   at CWB.ProductionPlanWO.Controllers.WOController.AllProductionWos(Int64 tenantId) in F:\CWBworking\CWB.ProductionPlanWO\Controllers\WOController.cs:line 254
   at Microsoft.AspNetCore.Mvc.Infrastructure.ActionMethodExecutor.TaskOfIActionResultExecutor.Execute(IActionResultTypeMapper mapper, ObjectMethodExecutor executor, Object controller, Object[] arguments)
   at Microsoft.AspNetCore.Mvc.Infrastructure.ControllerActionInvoker.<InvokeActionMethodAsync>g__Awaited|12_0(ControllerActionInvoker invoker, ValueTask`1 actionResultValueTask)
   at Microsoft.AspNetCore.Mvc.Infrastructure.ControllerActionInvoker.<InvokeNextActionFilterAsync>g__Awaited|10_0(ControllerActionInvoker invoker, Task lastTask, State next, Scope scope, Object state, Boolean isCompleted)
   at Microsoft.AspNetCore.Mvc.Infrastructure.ControllerActionInvoker.Rethrow(ActionExecutedContextSealed context)
   at Microsoft.AspNetCore.Mvc.Infrastructure.ControllerActionInvoker.Next(State& next, Scope& scope, Object& state, Boolean& isCompleted)
   at Microsoft.AspNetCore.Mvc.Infrastructure.ControllerActionInvoker.InvokeInnerFilterAsync()
--- End of stack trace from previous location where exception was thrown ---
   at Microsoft.AspNetCore.Mvc.Infrastructure.ResourceInvoker.<InvokeFilterPipelineAsync>g__Awaited|19_0(ResourceInvoker invoker, Task lastTask, State next, Scope scope, Object state, Boolean isCompleted)
   at Microsoft.AspNetCore.Mvc.Infrastructure.ResourceInvoker.<InvokeAsync>g__Awaited|17_0(ResourceInvoker invoker, Task task, IDisposable scope)
   at Microsoft.AspNetCore.Routing.EndpointMiddleware.<Invoke>g__AwaitRequestTask|6_0(Endpoint endpoint, Task requestTask, ILogger logger)
   at Microsoft.AspNetCore.Authorization.AuthorizationMiddleware.Invoke(HttpContext context)
   at Microsoft.AspNetCore.Authentication.AuthenticationMiddleware.Invoke(HttpContext context)
   at CWB.ExceptionHandling.ExceptionMiddleware.InvokeAsync(HttpContext httpContext) in F:\CWBworking\CWB.ExceptionHandling\ExceptionMiddleware.cs:line 26
2026-04-16 10:36:53.0083 ERROR Error: AutoMapper.AutoMapperMappingException: Error mapping types.

Mapping types:
EntityQueryable`1 -> IEnumerable`1
Microsoft.EntityFrameworkCore.Query.Internal.EntityQueryable`1[[CWB.ProductionPlanWO.Domain.ProductionPlan_WO, CWB.ProductionPlanWO, Version=1.0.0.0, Culture=neutral, PublicKeyToken=null]] -> System.Collections.Generic.IEnumerable`1[[CWB.ProductionPlanWO.ViewModels.ProductionPlan_WOVM, CWB.ProductionPlanWO, Version=1.0.0.0, Culture=neutral, PublicKeyToken=null]]
 ---> MySqlConnector.MySqlException (0x80004005): Unknown column 'p.Combined_WO' in 'field list'
   at MySqlConnector.Core.ResultSet.ReadResultSetHeaderAsync(IOBehavior ioBehavior) in /_/src/MySqlConnector/Core/ResultSet.cs:line 50
   at MySqlConnector.MySqlDataReader.ActivateResultSet(CancellationToken cancellationToken) in /_/src/MySqlConnector/MySqlDataReader.cs:line 119
   at MySqlConnector.MySqlDataReader.CreateAsync(CommandListPosition commandListPosition, ICommandPayloadCreator payloadCreator, IDictionary`2 cachedProcedures, IMySqlCommand command, CommandBehavior behavior, IOBehavior ioBehavior, CancellationToken cancellationToken) in /_/src/MySqlConnector/MySqlDataReader.cs:line 445
   at MySqlConnector.Core.CommandExecutor.ExecuteReaderAsync(IReadOnlyList`1 commands, ICommandPayloadCreator payloadCreator, CommandBehavior behavior, IOBehavior ioBehavior, CancellationToken cancellationToken) in /_/src/MySqlConnector/Core/CommandExecutor.cs:line 60
   at MySqlConnector.MySqlCommand.ExecuteReaderAsync(CommandBehavior behavior, IOBehavior ioBehavior, CancellationToken cancellationToken) in /_/src/MySqlConnector/MySqlCommand.cs:line 319
   at MySqlConnector.MySqlCommand.ExecuteDbDataReader(CommandBehavior behavior) in /_/src/MySqlConnector/MySqlCommand.cs:line 261
   at System.Data.Common.DbCommand.ExecuteReader()
   at Microsoft.EntityFrameworkCore.Storage.RelationalCommand.ExecuteReader(RelationalCommandParameterObject parameterObject)
   at Microsoft.EntityFrameworkCore.Query.Internal.SingleQueryingEnumerable`1.Enumerator.InitializeReader(DbContext _, Boolean result)
   at Pomelo.EntityFrameworkCore.MySql.Storage.Internal.MySqlExecutionStrategy.Execute[TState,TResult](TState state, Func`3 operation, Func`3 verifySucceeded)
   at Microsoft.EntityFrameworkCore.Query.Internal.SingleQueryingEnumerable`1.Enumerator.MoveNext()
   at lambda_method(Closure , Object , IEnumerable`1 , ResolutionContext )
   --- End of inner exception stack trace ---
   at lambda_method(Closure , Object , IEnumerable`1 , ResolutionContext )
   at CWB.ProductionPlanWO.Services.WOService.AllProductionWo(Int64 tenantId) in F:\CWBworking\CWB.ProductionPlanWO\Services\WOService.cs:line 1075
   at CWB.ProductionPlanWO.Services.WOService.AllProductionWoReadForProd(Int64 tenantId) in F:\CWBworking\CWB.ProductionPlanWO\Services\WOService.cs:line 4523
   at CWB.ProductionPlanWO.Controllers.WOController.AllProductionWoReadForProd(Int64 tenantId) in F:\CWBworking\CWB.ProductionPlanWO\Controllers\WOController.cs:line 1732
   at Microsoft.AspNetCore.Mvc.Infrastructure.ActionMethodExecutor.TaskOfIActionResultExecutor.Execute(IActionResultTypeMapper mapper, ObjectMethodExecutor executor, Object controller, Object[] arguments)
   at Microsoft.AspNetCore.Mvc.Infrastructure.ControllerActionInvoker.<InvokeActionMethodAsync>g__Awaited|12_0(ControllerActionInvoker invoker, ValueTask`1 actionResultValueTask)
   at Microsoft.AspNetCore.Mvc.Infrastructure.ControllerActionInvoker.<InvokeNextActionFilterAsync>g__Awaited|10_0(ControllerActionInvoker invoker, Task lastTask, State next, Scope scope, Object state, Boolean isCompleted)
   at Microsoft.AspNetCore.Mvc.Infrastructure.ControllerActionInvoker.Rethrow(ActionExecutedContextSealed context)
   at Microsoft.AspNetCore.Mvc.Infrastructure.ControllerActionInvoker.Next(State& next, Scope& scope, Object& state, Boolean& isCompleted)
   at Microsoft.AspNetCore.Mvc.Infrastructure.ControllerActionInvoker.InvokeInnerFilterAsync()
--- End of stack trace from previous location where exception was thrown ---
   at Microsoft.AspNetCore.Mvc.Infrastructure.ResourceInvoker.<InvokeFilterPipelineAsync>g__Awaited|19_0(ResourceInvoker invoker, Task lastTask, State next, Scope scope, Object state, Boolean isCompleted)
   at Microsoft.AspNetCore.Mvc.Infrastructure.ResourceInvoker.<InvokeAsync>g__Awaited|17_0(ResourceInvoker invoker, Task task, IDisposable scope)
   at Microsoft.AspNetCore.Routing.EndpointMiddleware.<Invoke>g__AwaitRequestTask|6_0(Endpoint endpoint, Task requestTask, ILogger logger)
   at Microsoft.AspNetCore.Authorization.AuthorizationMiddleware.Invoke(HttpContext context)
   at Microsoft.AspNetCore.Authentication.AuthenticationMiddleware.Invoke(HttpContext context)
   at CWB.ExceptionHandling.ExceptionMiddleware.InvokeAsync(HttpContext httpContext) in F:\CWBworking\CWB.ExceptionHandling\ExceptionMiddleware.cs:line 26
2026-04-16 10:36:54.5869 ERROR Error: AutoMapper.AutoMapperMappingException: Error mapping types.

Mapping types:
EntityQueryable`1 -> IEnumerable`1
Microsoft.EntityFrameworkCore.Query.Internal.EntityQueryable`1[[CWB.ProductionPlanWO.Domain.ProductionPlan_WO, CWB.ProductionPlanWO, Version=1.0.0.0, Culture=neutral, PublicKeyToken=null]] -> System.Collections.Generic.IEnumerable`1[[CWB.ProductionPlanWO.ViewModels.ProductionPlan_WOVM, CWB.ProductionPlanWO, Version=1.0.0.0, Culture=neutral, PublicKeyToken=null]]
 ---> MySqlConnector.MySqlException (0x80004005): Unknown column 'p.Combined_WO' in 'field list'
   at MySqlConnector.Core.ResultSet.ReadResultSetHeaderAsync(IOBehavior ioBehavior) in /_/src/MySqlConnector/Core/ResultSet.cs:line 50
   at MySqlConnector.MySqlDataReader.ActivateResultSet(CancellationToken cancellationToken) in /_/src/MySqlConnector/MySqlDataReader.cs:line 119
   at MySqlConnector.MySqlDataReader.CreateAsync(CommandListPosition commandListPosition, ICommandPayloadCreator payloadCreator, IDictionary`2 cachedProcedures, IMySqlCommand command, CommandBehavior behavior, IOBehavior ioBehavior, CancellationToken cancellationToken) in /_/src/MySqlConnector/MySqlDataReader.cs:line 445
   at MySqlConnector.Core.CommandExecutor.ExecuteReaderAsync(IReadOnlyList`1 commands, ICommandPayloadCreator payloadCreator, CommandBehavior behavior, IOBehavior ioBehavior, CancellationToken cancellationToken) in /_/src/MySqlConnector/Core/CommandExecutor.cs:line 60
   at MySqlConnector.MySqlCommand.ExecuteReaderAsync(CommandBehavior behavior, IOBehavior ioBehavior, CancellationToken cancellationToken) in /_/src/MySqlConnector/MySqlCommand.cs:line 319
   at MySqlConnector.MySqlCommand.ExecuteDbDataReader(CommandBehavior behavior) in /_/src/MySqlConnector/MySqlCommand.cs:line 261
   at System.Data.Common.DbCommand.ExecuteReader()
   at Microsoft.EntityFrameworkCore.Storage.RelationalCommand.ExecuteReader(RelationalCommandParameterObject parameterObject)
   at Microsoft.EntityFrameworkCore.Query.Internal.SingleQueryingEnumerable`1.Enumerator.InitializeReader(DbContext _, Boolean result)
   at Pomelo.EntityFrameworkCore.MySql.Storage.Internal.MySqlExecutionStrategy.Execute[TState,TResult](TState state, Func`3 operation, Func`3 verifySucceeded)
   at Microsoft.EntityFrameworkCore.Query.Internal.SingleQueryingEnumerable`1.Enumerator.MoveNext()
   at lambda_method(Closure , Object , IEnumerable`1 , ResolutionContext )
   --- End of inner exception stack trace ---
   at lambda_method(Closure , Object , IEnumerable`1 , ResolutionContext )
   at CWB.ProductionPlanWO.Services.WOService.AllProductionWo(Int64 tenantId) in F:\CWBworking\CWB.ProductionPlanWO\Services\WOService.cs:line 1075
   at CWB.ProductionPlanWO.Services.WOService.GetAllReadyforProductionWo(Int64 tenantId) in F:\CWBworking\CWB.ProductionPlanWO\Services\WOService.cs:line 4620
   at CWB.ProductionPlanWO.Controllers.WOController.GetAllReadyforProductionWo(Int64 tenantId) in F:\CWBworking\CWB.ProductionPlanWO\Controllers\WOController.cs:line 1741
   at Microsoft.AspNetCore.Mvc.Infrastructure.ActionMethodExecutor.TaskOfIActionResultExecutor.Execute(IActionResultTypeMapper mapper, ObjectMethodExecutor executor, Object controller, Object[] arguments)
   at Microsoft.AspNetCore.Mvc.Infrastructure.ControllerActionInvoker.<InvokeActionMethodAsync>g__Awaited|12_0(ControllerActionInvoker invoker, ValueTask`1 actionResultValueTask)
   at Microsoft.AspNetCore.Mvc.Infrastructure.ControllerActionInvoker.<InvokeNextActionFilterAsync>g__Awaited|10_0(ControllerActionInvoker invoker, Task lastTask, State next, Scope scope, Object state, Boolean isCompleted)
   at Microsoft.AspNetCore.Mvc.Infrastructure.ControllerActionInvoker.Rethrow(ActionExecutedContextSealed context)
   at Microsoft.AspNetCore.Mvc.Infrastructure.ControllerActionInvoker.Next(State& next, Scope& scope, Object& state, Boolean& isCompleted)
   at Microsoft.AspNetCore.Mvc.Infrastructure.ControllerActionInvoker.InvokeInnerFilterAsync()
--- End of stack trace from previous location where exception was thrown ---
   at Microsoft.AspNetCore.Mvc.Infrastructure.ResourceInvoker.<InvokeFilterPipelineAsync>g__Awaited|19_0(ResourceInvoker invoker, Task lastTask, State next, Scope scope, Object state, Boolean isCompleted)
   at Microsoft.AspNetCore.Mvc.Infrastructure.ResourceInvoker.<InvokeAsync>g__Awaited|17_0(ResourceInvoker invoker, Task task, IDisposable scope)
   at Microsoft.AspNetCore.Routing.EndpointMiddleware.<Invoke>g__AwaitRequestTask|6_0(Endpoint endpoint, Task requestTask, ILogger logger)
   at Microsoft.AspNetCore.Authorization.AuthorizationMiddleware.Invoke(HttpContext context)
   at Microsoft.AspNetCore.Authentication.AuthenticationMiddleware.Invoke(HttpContext context)
   at CWB.ExceptionHandling.ExceptionMiddleware.InvokeAsync(HttpContext httpContext) in F:\CWBworking\CWB.ExceptionHandling\ExceptionMiddleware.cs:line 26
2026-04-16 10:36:57.4432 ERROR Error: AutoMapper.AutoMapperMappingException: Error mapping types.

Mapping types:
EntityQueryable`1 -> IEnumerable`1
Microsoft.EntityFrameworkCore.Query.Internal.EntityQueryable`1[[CWB.ProductionPlanWO.Domain.ProductionPlan_WO, CWB.ProductionPlanWO, Version=1.0.0.0, Culture=neutral, PublicKeyToken=null]] -> System.Collections.Generic.IEnumerable`1[[CWB.ProductionPlanWO.ViewModels.ProductionPlan_WOVM, CWB.ProductionPlanWO, Version=1.0.0.0, Culture=neutral, PublicKeyToken=null]]
 ---> MySqlConnector.MySqlException (0x80004005): Unknown column 'p.Combined_WO' in 'field list'
   at MySqlConnector.Core.ResultSet.ReadResultSetHeaderAsync(IOBehavior ioBehavior) in /_/src/MySqlConnector/Core/ResultSet.cs:line 50
   at MySqlConnector.MySqlDataReader.ActivateResultSet(CancellationToken cancellationToken) in /_/src/MySqlConnector/MySqlDataReader.cs:line 119
   at MySqlConnector.MySqlDataReader.CreateAsync(CommandListPosition commandListPosition, ICommandPayloadCreator payloadCreator, IDictionary`2 cachedProcedures, IMySqlCommand command, CommandBehavior behavior, IOBehavior ioBehavior, CancellationToken cancellationToken) in /_/src/MySqlConnector/MySqlDataReader.cs:line 445
   at MySqlConnector.Core.CommandExecutor.ExecuteReaderAsync(IReadOnlyList`1 commands, ICommandPayloadCreator payloadCreator, CommandBehavior behavior, IOBehavior ioBehavior, CancellationToken cancellationToken) in /_/src/MySqlConnector/Core/CommandExecutor.cs:line 60
   at MySqlConnector.MySqlCommand.ExecuteReaderAsync(CommandBehavior behavior, IOBehavior ioBehavior, CancellationToken cancellationToken) in /_/src/MySqlConnector/MySqlCommand.cs:line 320
   at MySqlConnector.MySqlCommand.ExecuteDbDataReader(CommandBehavior behavior) in /_/src/MySqlConnector/MySqlCommand.cs:line 261
   at Microsoft.EntityFrameworkCore.Storage.RelationalCommand.ExecuteReader(RelationalCommandParameterObject parameterObject)
   at Microsoft.EntityFrameworkCore.Query.Internal.SingleQueryingEnumerable`1.Enumerator.InitializeReader(DbContext _, Boolean result)
   at Pomelo.EntityFrameworkCore.MySql.Storage.Internal.MySqlExecutionStrategy.Execute[TState,TResult](TState state, Func`3 operation, Func`3 verifySucceeded)
   at Microsoft.EntityFrameworkCore.Query.Internal.SingleQueryingEnumerable`1.Enumerator.MoveNext()
   at lambda_method(Closure , Object , IEnumerable`1 , ResolutionContext )
   --- End of inner exception stack trace ---
   at lambda_method(Closure , Object , IEnumerable`1 , ResolutionContext )
   at CWB.ProductionPlanWO.Services.WOService.AllProductionWo(Int64 tenantId) in F:\CWBworking\CWB.ProductionPlanWO\Services\WOService.cs:line 1075
   at CWB.ProductionPlanWO.Services.WOService.GetAllReadyforProductionWo(Int64 tenantId) in F:\CWBworking\CWB.ProductionPlanWO\Services\WOService.cs:line 4620
   at CWB.ProductionPlanWO.Controllers.WOController.GetAllReadyforProductionWo(Int64 tenantId) in F:\CWBworking\CWB.ProductionPlanWO\Controllers\WOController.cs:line 1741
   at Microsoft.AspNetCore.Mvc.Infrastructure.ActionMethodExecutor.TaskOfIActionResultExecutor.Execute(IActionResultTypeMapper mapper, ObjectMethodExecutor executor, Object controller, Object[] arguments)
   at Microsoft.AspNetCore.Mvc.Infrastructure.ControllerActionInvoker.<InvokeActionMethodAsync>g__Awaited|12_0(ControllerActionInvoker invoker, ValueTask`1 actionResultValueTask)
   at Microsoft.AspNetCore.Mvc.Infrastructure.ControllerActionInvoker.<InvokeNextActionFilterAsync>g__Awaited|10_0(ControllerActionInvoker invoker, Task lastTask, State next, Scope scope, Object state, Boolean isCompleted)
   at Microsoft.AspNetCore.Mvc.Infrastructure.ControllerActionInvoker.Rethrow(ActionExecutedContextSealed context)
   at Microsoft.AspNetCore.Mvc.Infrastructure.ControllerActionInvoker.Next(State& next, Scope& scope, Object& state, Boolean& isCompleted)
   at Microsoft.AspNetCore.Mvc.Infrastructure.ControllerActionInvoker.InvokeInnerFilterAsync()
--- End of stack trace from previous location where exception was thrown ---
   at Microsoft.AspNetCore.Mvc.Infrastructure.ResourceInvoker.<InvokeFilterPipelineAsync>g__Awaited|19_0(ResourceInvoker invoker, Task lastTask, State next, Scope scope, Object state, Boolean isCompleted)
   at Microsoft.AspNetCore.Mvc.Infrastructure.ResourceInvoker.<InvokeAsync>g__Awaited|17_0(ResourceInvoker invoker, Task task, IDisposable scope)
   at Microsoft.AspNetCore.Routing.EndpointMiddleware.<Invoke>g__AwaitRequestTask|6_0(Endpoint endpoint, Task requestTask, ILogger logger)
   at Microsoft.AspNetCore.Authorization.AuthorizationMiddleware.Invoke(HttpContext context)
   at Microsoft.AspNetCore.Authentication.AuthenticationMiddleware.Invoke(HttpContext context)
   at CWB.ExceptionHandling.ExceptionMiddleware.InvokeAsync(HttpContext httpContext) in F:\CWBworking\CWB.ExceptionHandling\ExceptionMiddleware.cs:line 26
2026-04-16 10:37:01.3162 ERROR Error: AutoMapper.AutoMapperMappingException: Error mapping types.

Mapping types:
EntityQueryable`1 -> IEnumerable`1
Microsoft.EntityFrameworkCore.Query.Internal.EntityQueryable`1[[CWB.ProductionPlanWO.Domain.ProductionPlan_WO, CWB.ProductionPlanWO, Version=1.0.0.0, Culture=neutral, PublicKeyToken=null]] -> System.Collections.Generic.IEnumerable`1[[CWB.ProductionPlanWO.ViewModels.ProductionPlan_WOVM, CWB.ProductionPlanWO, Version=1.0.0.0, Culture=neutral, PublicKeyToken=null]]
 ---> MySqlConnector.MySqlException (0x80004005): Unknown column 'p.Combined_WO' in 'field list'
   at MySqlConnector.Core.ResultSet.ReadResultSetHeaderAsync(IOBehavior ioBehavior) in /_/src/MySqlConnector/Core/ResultSet.cs:line 50
   at MySqlConnector.MySqlDataReader.ActivateResultSet(CancellationToken cancellationToken) in /_/src/MySqlConnector/MySqlDataReader.cs:line 119
   at MySqlConnector.MySqlDataReader.CreateAsync(CommandListPosition commandListPosition, ICommandPayloadCreator payloadCreator, IDictionary`2 cachedProcedures, IMySqlCommand command, CommandBehavior behavior, IOBehavior ioBehavior, CancellationToken cancellationToken) in /_/src/MySqlConnector/MySqlDataReader.cs:line 445
   at MySqlConnector.Core.CommandExecutor.ExecuteReaderAsync(IReadOnlyList`1 commands, ICommandPayloadCreator payloadCreator, CommandBehavior behavior, IOBehavior ioBehavior, CancellationToken cancellationToken) in /_/src/MySqlConnector/Core/CommandExecutor.cs:line 60
   at MySqlConnector.MySqlCommand.ExecuteReaderAsync(CommandBehavior behavior, IOBehavior ioBehavior, CancellationToken cancellationToken) in /_/src/MySqlConnector/MySqlCommand.cs:line 320
   at MySqlConnector.MySqlCommand.ExecuteDbDataReader(CommandBehavior behavior) in /_/src/MySqlConnector/MySqlCommand.cs:line 261
   at Microsoft.EntityFrameworkCore.Storage.RelationalCommand.ExecuteReader(RelationalCommandParameterObject parameterObject)
   at Microsoft.EntityFrameworkCore.Query.Internal.SingleQueryingEnumerable`1.Enumerator.InitializeReader(DbContext _, Boolean result)
   at Pomelo.EntityFrameworkCore.MySql.Storage.Internal.MySqlExecutionStrategy.Execute[TState,TResult](TState state, Func`3 operation, Func`3 verifySucceeded)
   at Microsoft.EntityFrameworkCore.Query.Internal.SingleQueryingEnumerable`1.Enumerator.MoveNext()
   at lambda_method(Closure , Object , IEnumerable`1 , ResolutionContext )
   --- End of inner exception stack trace ---
   at lambda_method(Closure , Object , IEnumerable`1 , ResolutionContext )
   at CWB.ProductionPlanWO.Services.WOService.AllProductionWo(Int64 tenantId) in F:\CWBworking\CWB.ProductionPlanWO\Services\WOService.cs:line 1075
   at CWB.ProductionPlanWO.Services.WOService.AllProductionWoReadForProd(Int64 tenantId) in F:\CWBworking\CWB.ProductionPlanWO\Services\WOService.cs:line 4523
   at CWB.ProductionPlanWO.Controllers.WOController.AllProductionWoReadForProd(Int64 tenantId) in F:\CWBworking\CWB.ProductionPlanWO\Controllers\WOController.cs:line 1732
   at Microsoft.AspNetCore.Mvc.Infrastructure.ActionMethodExecutor.TaskOfIActionResultExecutor.Execute(IActionResultTypeMapper mapper, ObjectMethodExecutor executor, Object controller, Object[] arguments)
   at Microsoft.AspNetCore.Mvc.Infrastructure.ControllerActionInvoker.<InvokeActionMethodAsync>g__Awaited|12_0(ControllerActionInvoker invoker, ValueTask`1 actionResultValueTask)
   at Microsoft.AspNetCore.Mvc.Infrastructure.ControllerActionInvoker.<InvokeNextActionFilterAsync>g__Awaited|10_0(ControllerActionInvoker invoker, Task lastTask, State next, Scope scope, Object state, Boolean isCompleted)
   at Microsoft.AspNetCore.Mvc.Infrastructure.ControllerActionInvoker.Rethrow(ActionExecutedContextSealed context)
   at Microsoft.AspNetCore.Mvc.Infrastructure.ControllerActionInvoker.Next(State& next, Scope& scope, Object& state, Boolean& isCompleted)
   at Microsoft.AspNetCore.Mvc.Infrastructure.ControllerActionInvoker.InvokeInnerFilterAsync()
--- End of stack trace from previous location where exception was thrown ---
   at Microsoft.AspNetCore.Mvc.Infrastructure.ResourceInvoker.<InvokeFilterPipelineAsync>g__Awaited|19_0(ResourceInvoker invoker, Task lastTask, State next, Scope scope, Object state, Boolean isCompleted)
   at Microsoft.AspNetCore.Mvc.Infrastructure.ResourceInvoker.<InvokeAsync>g__Awaited|17_0(ResourceInvoker invoker, Task task, IDisposable scope)
   at Microsoft.AspNetCore.Routing.EndpointMiddleware.<Invoke>g__AwaitRequestTask|6_0(Endpoint endpoint, Task requestTask, ILogger logger)
   at Microsoft.AspNetCore.Authorization.AuthorizationMiddleware.Invoke(HttpContext context)
   at Microsoft.AspNetCore.Authentication.AuthenticationMiddleware.Invoke(HttpContext context)
   at CWB.ExceptionHandling.ExceptionMiddleware.InvokeAsync(HttpContext httpContext) in F:\CWBworking\CWB.ExceptionHandling\ExceptionMiddleware.cs:line 26
2026-04-16 10:37:02.0095 ERROR Error: AutoMapper.AutoMapperMappingException: Error mapping types.

Mapping types:
EntityQueryable`1 -> IEnumerable`1
Microsoft.EntityFrameworkCore.Query.Internal.EntityQueryable`1[[CWB.ProductionPlanWO.Domain.ProcPlan, CWB.ProductionPlanWO, Version=1.0.0.0, Culture=neutral, PublicKeyToken=null]] -> System.Collections.Generic.IEnumerable`1[[CWB.ProductionPlanWO.ViewModels.ProcPlanVM, CWB.ProductionPlanWO, Version=1.0.0.0, Culture=neutral, PublicKeyToken=null]]
 ---> MySqlConnector.MySqlException (0x80004005): Unknown column 'p.Old_Plan_Proc_Qnty' in 'field list'
   at MySqlConnector.Core.ResultSet.ReadResultSetHeaderAsync(IOBehavior ioBehavior) in /_/src/MySqlConnector/Core/ResultSet.cs:line 50
   at MySqlConnector.MySqlDataReader.ActivateResultSet(CancellationToken cancellationToken) in /_/src/MySqlConnector/MySqlDataReader.cs:line 119
   at MySqlConnector.MySqlDataReader.CreateAsync(CommandListPosition commandListPosition, ICommandPayloadCreator payloadCreator, IDictionary`2 cachedProcedures, IMySqlCommand command, CommandBehavior behavior, IOBehavior ioBehavior, CancellationToken cancellationToken) in /_/src/MySqlConnector/MySqlDataReader.cs:line 445
   at MySqlConnector.Core.CommandExecutor.ExecuteReaderAsync(IReadOnlyList`1 commands, ICommandPayloadCreator payloadCreator, CommandBehavior behavior, IOBehavior ioBehavior, CancellationToken cancellationToken) in /_/src/MySqlConnector/Core/CommandExecutor.cs:line 60
   at MySqlConnector.MySqlCommand.ExecuteReaderAsync(CommandBehavior behavior, IOBehavior ioBehavior, CancellationToken cancellationToken) in /_/src/MySqlConnector/MySqlCommand.cs:line 320
   at MySqlConnector.MySqlCommand.ExecuteDbDataReader(CommandBehavior behavior) in /_/src/MySqlConnector/MySqlCommand.cs:line 261
   at Microsoft.EntityFrameworkCore.Storage.RelationalCommand.ExecuteReader(RelationalCommandParameterObject parameterObject)
   at Microsoft.EntityFrameworkCore.Query.Internal.SingleQueryingEnumerable`1.Enumerator.InitializeReader(DbContext _, Boolean result)
   at Pomelo.EntityFrameworkCore.MySql.Storage.Internal.MySqlExecutionStrategy.Execute[TState,TResult](TState state, Func`3 operation, Func`3 verifySucceeded)
   at Microsoft.EntityFrameworkCore.Query.Internal.SingleQueryingEnumerable`1.Enumerator.MoveNext()
   at lambda_method(Closure , Object , IEnumerable`1 , ResolutionContext )
   --- End of inner exception stack trace ---
   at lambda_method(Closure , Object , IEnumerable`1 , ResolutionContext )
   at CWB.ProductionPlanWO.Services.WOService.AllProcPlan(Int64 tenantId) in F:\CWBworking\CWB.ProductionPlanWO\Services\WOService.cs:line 894
   at CWB.ProductionPlanWO.Controllers.WOController.GetAllProcPlan(Int64 tenantId) in F:\CWBworking\CWB.ProductionPlanWO\Controllers\WOController.cs:line 264
   at Microsoft.AspNetCore.Mvc.Infrastructure.ActionMethodExecutor.TaskOfIActionResultExecutor.Execute(IActionResultTypeMapper mapper, ObjectMethodExecutor executor, Object controller, Object[] arguments)
   at Microsoft.AspNetCore.Mvc.Infrastructure.ControllerActionInvoker.<InvokeActionMethodAsync>g__Awaited|12_0(ControllerActionInvoker invoker, ValueTask`1 actionResultValueTask)
   at Microsoft.AspNetCore.Mvc.Infrastructure.ControllerActionInvoker.<InvokeNextActionFilterAsync>g__Awaited|10_0(ControllerActionInvoker invoker, Task lastTask, State next, Scope scope, Object state, Boolean isCompleted)
   at Microsoft.AspNetCore.Mvc.Infrastructure.ControllerActionInvoker.Rethrow(ActionExecutedContextSealed context)
   at Microsoft.AspNetCore.Mvc.Infrastructure.ControllerActionInvoker.Next(State& next, Scope& scope, Object& state, Boolean& isCompleted)
   at Microsoft.AspNetCore.Mvc.Infrastructure.ControllerActionInvoker.InvokeInnerFilterAsync()
--- End of stack trace from previous location where exception was thrown ---
   at Microsoft.AspNetCore.Mvc.Infrastructure.ResourceInvoker.<InvokeFilterPipelineAsync>g__Awaited|19_0(ResourceInvoker invoker, Task lastTask, State next, Scope scope, Object state, Boolean isCompleted)
   at Microsoft.AspNetCore.Mvc.Infrastructure.ResourceInvoker.<InvokeAsync>g__Awaited|17_0(ResourceInvoker invoker, Task task, IDisposable scope)
   at Microsoft.AspNetCore.Routing.EndpointMiddleware.<Invoke>g__AwaitRequestTask|6_0(Endpoint endpoint, Task requestTask, ILogger logger)
   at Microsoft.AspNetCore.Authorization.AuthorizationMiddleware.Invoke(HttpContext context)
   at Microsoft.AspNetCore.Authentication.AuthenticationMiddleware.Invoke(HttpContext context)
   at CWB.ExceptionHandling.ExceptionMiddleware.InvokeAsync(HttpContext httpContext) in F:\CWBworking\CWB.ExceptionHandling\ExceptionMiddleware.cs:line 26
2026-04-16 10:38:50.7159 ERROR Error: AutoMapper.AutoMapperMappingException: Error mapping types.

Mapping types:
EntityQueryable`1 -> IEnumerable`1
Microsoft.EntityFrameworkCore.Query.Internal.EntityQueryable`1[[CWB.ProductionPlanWO.Domain.ProductionPlan_WO, CWB.ProductionPlanWO, Version=1.0.0.0, Culture=neutral, PublicKeyToken=null]] -> System.Collections.Generic.IEnumerable`1[[CWB.ProductionPlanWO.ViewModels.ProductionPlan_WOVM, CWB.ProductionPlanWO, Version=1.0.0.0, Culture=neutral, PublicKeyToken=null]]
 ---> MySqlConnector.MySqlException (0x80004005): Unknown column 'p.Combined_WO' in 'field list'
   at MySqlConnector.Core.ResultSet.ReadResultSetHeaderAsync(IOBehavior ioBehavior) in /_/src/MySqlConnector/Core/ResultSet.cs:line 50
   at MySqlConnector.MySqlDataReader.ActivateResultSet(CancellationToken cancellationToken) in /_/src/MySqlConnector/MySqlDataReader.cs:line 119
   at MySqlConnector.MySqlDataReader.CreateAsync(CommandListPosition commandListPosition, ICommandPayloadCreator payloadCreator, IDictionary`2 cachedProcedures, IMySqlCommand command, CommandBehavior behavior, IOBehavior ioBehavior, CancellationToken cancellationToken) in /_/src/MySqlConnector/MySqlDataReader.cs:line 445
   at MySqlConnector.Core.CommandExecutor.ExecuteReaderAsync(IReadOnlyList`1 commands, ICommandPayloadCreator payloadCreator, CommandBehavior behavior, IOBehavior ioBehavior, CancellationToken cancellationToken) in /_/src/MySqlConnector/Core/CommandExecutor.cs:line 60
   at MySqlConnector.MySqlCommand.ExecuteReaderAsync(CommandBehavior behavior, IOBehavior ioBehavior, CancellationToken cancellationToken) in /_/src/MySqlConnector/MySqlCommand.cs:line 320
   at MySqlConnector.MySqlCommand.ExecuteDbDataReader(CommandBehavior behavior) in /_/src/MySqlConnector/MySqlCommand.cs:line 261
   at Microsoft.EntityFrameworkCore.Storage.RelationalCommand.ExecuteReader(RelationalCommandParameterObject parameterObject)
   at Microsoft.EntityFrameworkCore.Query.Internal.SingleQueryingEnumerable`1.Enumerator.InitializeReader(DbContext _, Boolean result)
   at Pomelo.EntityFrameworkCore.MySql.Storage.Internal.MySqlExecutionStrategy.Execute[TState,TResult](TState state, Func`3 operation, Func`3 verifySucceeded)
   at Microsoft.EntityFrameworkCore.Query.Internal.SingleQueryingEnumerable`1.Enumerator.MoveNext()
   at lambda_method(Closure , Object , IEnumerable`1 , ResolutionContext )
   --- End of inner exception stack trace ---
   at lambda_method(Closure , Object , IEnumerable`1 , ResolutionContext )
   at CWB.ProductionPlanWO.Services.WOService.AllProductionWo(Int64 tenantId) in F:\CWBworking\CWB.ProductionPlanWO\Services\WOService.cs:line 1075
   at CWB.ProductionPlanWO.Services.WOService.AllProductionWoReadForProd(Int64 tenantId) in F:\CWBworking\CWB.ProductionPlanWO\Services\WOService.cs:line 4523
   at CWB.ProductionPlanWO.Controllers.WOController.AllProductionWoReadForProd(Int64 tenantId) in F:\CWBworking\CWB.ProductionPlanWO\Controllers\WOController.cs:line 1732
   at Microsoft.AspNetCore.Mvc.Infrastructure.ActionMethodExecutor.TaskOfIActionResultExecutor.Execute(IActionResultTypeMapper mapper, ObjectMethodExecutor executor, Object controller, Object[] arguments)
   at Microsoft.AspNetCore.Mvc.Infrastructure.ControllerActionInvoker.<InvokeActionMethodAsync>g__Awaited|12_0(ControllerActionInvoker invoker, ValueTask`1 actionResultValueTask)
   at Microsoft.AspNetCore.Mvc.Infrastructure.ControllerActionInvoker.<InvokeNextActionFilterAsync>g__Awaited|10_0(ControllerActionInvoker invoker, Task lastTask, State next, Scope scope, Object state, Boolean isCompleted)
   at Microsoft.AspNetCore.Mvc.Infrastructure.ControllerActionInvoker.Rethrow(ActionExecutedContextSealed context)
   at Microsoft.AspNetCore.Mvc.Infrastructure.ControllerActionInvoker.Next(State& next, Scope& scope, Object& state, Boolean& isCompleted)
   at Microsoft.AspNetCore.Mvc.Infrastructure.ControllerActionInvoker.InvokeInnerFilterAsync()
--- End of stack trace from previous location where exception was thrown ---
   at Microsoft.AspNetCore.Mvc.Infrastructure.ResourceInvoker.<InvokeFilterPipelineAsync>g__Awaited|19_0(ResourceInvoker invoker, Task lastTask, State next, Scope scope, Object state, Boolean isCompleted)
   at Microsoft.AspNetCore.Mvc.Infrastructure.ResourceInvoker.<InvokeAsync>g__Awaited|17_0(ResourceInvoker invoker, Task task, IDisposable scope)
   at Microsoft.AspNetCore.Routing.EndpointMiddleware.<Invoke>g__AwaitRequestTask|6_0(Endpoint endpoint, Task requestTask, ILogger logger)
   at Microsoft.AspNetCore.Authorization.AuthorizationMiddleware.Invoke(HttpContext context)
   at Microsoft.AspNetCore.Authentication.AuthenticationMiddleware.Invoke(HttpContext context)
   at CWB.ExceptionHandling.ExceptionMiddleware.InvokeAsync(HttpContext httpContext) in F:\CWBworking\CWB.ExceptionHandling\ExceptionMiddleware.cs:line 26
2026-04-16 10:39:27.7479 ERROR Error: AutoMapper.AutoMapperMappingException: Error mapping types.

Mapping types:
EntityQueryable`1 -> IEnumerable`1
Microsoft.EntityFrameworkCore.Query.Internal.EntityQueryable`1[[CWB.ProductionPlanWO.Domain.ProductionPlan_WO, CWB.ProductionPlanWO, Version=1.0.0.0, Culture=neutral, PublicKeyToken=null]] -> System.Collections.Generic.IEnumerable`1[[CWB.ProductionPlanWO.ViewModels.ProductionPlan_WOVM, CWB.ProductionPlanWO, Version=1.0.0.0, Culture=neutral, PublicKeyToken=null]]
 ---> MySqlConnector.MySqlException (0x80004005): Unknown column 'p.Combined_WO' in 'field list'
   at MySqlConnector.Core.ResultSet.ReadResultSetHeaderAsync(IOBehavior ioBehavior) in /_/src/MySqlConnector/Core/ResultSet.cs:line 50
   at MySqlConnector.MySqlDataReader.ActivateResultSet(CancellationToken cancellationToken) in /_/src/MySqlConnector/MySqlDataReader.cs:line 119
   at MySqlConnector.MySqlDataReader.CreateAsync(CommandListPosition commandListPosition, ICommandPayloadCreator payloadCreator, IDictionary`2 cachedProcedures, IMySqlCommand command, CommandBehavior behavior, IOBehavior ioBehavior, CancellationToken cancellationToken) in /_/src/MySqlConnector/MySqlDataReader.cs:line 445
   at MySqlConnector.Core.CommandExecutor.ExecuteReaderAsync(IReadOnlyList`1 commands, ICommandPayloadCreator payloadCreator, CommandBehavior behavior, IOBehavior ioBehavior, CancellationToken cancellationToken) in /_/src/MySqlConnector/Core/CommandExecutor.cs:line 60
   at MySqlConnector.MySqlCommand.ExecuteReaderAsync(CommandBehavior behavior, IOBehavior ioBehavior, CancellationToken cancellationToken) in /_/src/MySqlConnector/MySqlCommand.cs:line 320
   at MySqlConnector.MySqlCommand.ExecuteDbDataReader(CommandBehavior behavior) in /_/src/MySqlConnector/MySqlCommand.cs:line 261
   at Microsoft.EntityFrameworkCore.Storage.RelationalCommand.ExecuteReader(RelationalCommandParameterObject parameterObject)
   at Microsoft.EntityFrameworkCore.Query.Internal.SingleQueryingEnumerable`1.Enumerator.InitializeReader(DbContext _, Boolean result)
   at Pomelo.EntityFrameworkCore.MySql.Storage.Internal.MySqlExecutionStrategy.Execute[TState,TResult](TState state, Func`3 operation, Func`3 verifySucceeded)
   at Microsoft.EntityFrameworkCore.Query.Internal.SingleQueryingEnumerable`1.Enumerator.MoveNext()
   at lambda_method(Closure , Object , IEnumerable`1 , ResolutionContext )
   --- End of inner exception stack trace ---
   at lambda_method(Closure , Object , IEnumerable`1 , ResolutionContext )
   at CWB.ProductionPlanWO.Services.WOService.AllProductionWo(Int64 tenantId) in F:\CWBworking\CWB.ProductionPlanWO\Services\WOService.cs:line 1075
   at CWB.ProductionPlanWO.Services.WOService.AllProductionWoReadForProd(Int64 tenantId) in F:\CWBworking\CWB.ProductionPlanWO\Services\WOService.cs:line 4523
   at CWB.ProductionPlanWO.Controllers.WOController.AllProductionWoReadForProd(Int64 tenantId) in F:\CWBworking\CWB.ProductionPlanWO\Controllers\WOController.cs:line 1732
   at Microsoft.AspNetCore.Mvc.Infrastructure.ActionMethodExecutor.TaskOfIActionResultExecutor.Execute(IActionResultTypeMapper mapper, ObjectMethodExecutor executor, Object controller, Object[] arguments)
   at Microsoft.AspNetCore.Mvc.Infrastructure.ControllerActionInvoker.<InvokeActionMethodAsync>g__Awaited|12_0(ControllerActionInvoker invoker, ValueTask`1 actionResultValueTask)
   at Microsoft.AspNetCore.Mvc.Infrastructure.ControllerActionInvoker.<InvokeNextActionFilterAsync>g__Awaited|10_0(ControllerActionInvoker invoker, Task lastTask, State next, Scope scope, Object state, Boolean isCompleted)
   at Microsoft.AspNetCore.Mvc.Infrastructure.ControllerActionInvoker.Rethrow(ActionExecutedContextSealed context)
   at Microsoft.AspNetCore.Mvc.Infrastructure.ControllerActionInvoker.Next(State& next, Scope& scope, Object& state, Boolean& isCompleted)
   at Microsoft.AspNetCore.Mvc.Infrastructure.ControllerActionInvoker.InvokeInnerFilterAsync()
--- End of stack trace from previous location where exception was thrown ---
   at Microsoft.AspNetCore.Mvc.Infrastructure.ResourceInvoker.<InvokeFilterPipelineAsync>g__Awaited|19_0(ResourceInvoker invoker, Task lastTask, State next, Scope scope, Object state, Boolean isCompleted)
   at Microsoft.AspNetCore.Mvc.Infrastructure.ResourceInvoker.<InvokeAsync>g__Awaited|17_0(ResourceInvoker invoker, Task task, IDisposable scope)
   at Microsoft.AspNetCore.Routing.EndpointMiddleware.<Invoke>g__AwaitRequestTask|6_0(Endpoint endpoint, Task requestTask, ILogger logger)
   at Microsoft.AspNetCore.Authorization.AuthorizationMiddleware.Invoke(HttpContext context)
   at Microsoft.AspNetCore.Authentication.AuthenticationMiddleware.Invoke(HttpContext context)
   at CWB.ExceptionHandling.ExceptionMiddleware.InvokeAsync(HttpContext httpContext) in F:\CWBworking\CWB.ExceptionHandling\ExceptionMiddleware.cs:line 26
2026-04-16 10:39:29.5317 ERROR Error: AutoMapper.AutoMapperMappingException: Error mapping types.

Mapping types:
EntityQueryable`1 -> IEnumerable`1
Microsoft.EntityFrameworkCore.Query.Internal.EntityQueryable`1[[CWB.ProductionPlanWO.Domain.ProductionPlan_WO, CWB.ProductionPlanWO, Version=1.0.0.0, Culture=neutral, PublicKeyToken=null]] -> System.Collections.Generic.IEnumerable`1[[CWB.ProductionPlanWO.ViewModels.ProductionPlan_WOVM, CWB.ProductionPlanWO, Version=1.0.0.0, Culture=neutral, PublicKeyToken=null]]
 ---> MySqlConnector.MySqlException (0x80004005): Unknown column 'p.Combined_WO' in 'field list'
   at MySqlConnector.Core.ResultSet.ReadResultSetHeaderAsync(IOBehavior ioBehavior) in /_/src/MySqlConnector/Core/ResultSet.cs:line 50
   at MySqlConnector.MySqlDataReader.ActivateResultSet(CancellationToken cancellationToken) in /_/src/MySqlConnector/MySqlDataReader.cs:line 119
   at MySqlConnector.MySqlDataReader.CreateAsync(CommandListPosition commandListPosition, ICommandPayloadCreator payloadCreator, IDictionary`2 cachedProcedures, IMySqlCommand command, CommandBehavior behavior, IOBehavior ioBehavior, CancellationToken cancellationToken) in /_/src/MySqlConnector/MySqlDataReader.cs:line 445
   at MySqlConnector.Core.CommandExecutor.ExecuteReaderAsync(IReadOnlyList`1 commands, ICommandPayloadCreator payloadCreator, CommandBehavior behavior, IOBehavior ioBehavior, CancellationToken cancellationToken) in /_/src/MySqlConnector/Core/CommandExecutor.cs:line 60
   at MySqlConnector.MySqlCommand.ExecuteReaderAsync(CommandBehavior behavior, IOBehavior ioBehavior, CancellationToken cancellationToken) in /_/src/MySqlConnector/MySqlCommand.cs:line 320
   at MySqlConnector.MySqlCommand.ExecuteDbDataReader(CommandBehavior behavior) in /_/src/MySqlConnector/MySqlCommand.cs:line 261
   at Microsoft.EntityFrameworkCore.Storage.RelationalCommand.ExecuteReader(RelationalCommandParameterObject parameterObject)
   at Microsoft.EntityFrameworkCore.Query.Internal.SingleQueryingEnumerable`1.Enumerator.InitializeReader(DbContext _, Boolean result)
   at Pomelo.EntityFrameworkCore.MySql.Storage.Internal.MySqlExecutionStrategy.Execute[TState,TResult](TState state, Func`3 operation, Func`3 verifySucceeded)
   at Microsoft.EntityFrameworkCore.Query.Internal.SingleQueryingEnumerable`1.Enumerator.MoveNext()
   at lambda_method(Closure , Object , IEnumerable`1 , ResolutionContext )
   --- End of inner exception stack trace ---
   at lambda_method(Closure , Object , IEnumerable`1 , ResolutionContext )
   at CWB.ProductionPlanWO.Services.WOService.AllProductionWo(Int64 tenantId) in F:\CWBworking\CWB.ProductionPlanWO\Services\WOService.cs:line 1075
   at CWB.ProductionPlanWO.Services.WOService.GetAllReadyforProductionWo(Int64 tenantId) in F:\CWBworking\CWB.ProductionPlanWO\Services\WOService.cs:line 4620
   at CWB.ProductionPlanWO.Controllers.WOController.GetAllReadyforProductionWo(Int64 tenantId) in F:\CWBworking\CWB.ProductionPlanWO\Controllers\WOController.cs:line 1741
   at Microsoft.AspNetCore.Mvc.Infrastructure.ActionMethodExecutor.TaskOfIActionResultExecutor.Execute(IActionResultTypeMapper mapper, ObjectMethodExecutor executor, Object controller, Object[] arguments)
   at Microsoft.AspNetCore.Mvc.Infrastructure.ControllerActionInvoker.<InvokeActionMethodAsync>g__Awaited|12_0(ControllerActionInvoker invoker, ValueTask`1 actionResultValueTask)
   at Microsoft.AspNetCore.Mvc.Infrastructure.ControllerActionInvoker.<InvokeNextActionFilterAsync>g__Awaited|10_0(ControllerActionInvoker invoker, Task lastTask, State next, Scope scope, Object state, Boolean isCompleted)
   at Microsoft.AspNetCore.Mvc.Infrastructure.ControllerActionInvoker.Rethrow(ActionExecutedContextSealed context)
   at Microsoft.AspNetCore.Mvc.Infrastructure.ControllerActionInvoker.Next(State& next, Scope& scope, Object& state, Boolean& isCompleted)
   at Microsoft.AspNetCore.Mvc.Infrastructure.ControllerActionInvoker.InvokeInnerFilterAsync()
--- End of stack trace from previous location where exception was thrown ---
   at Microsoft.AspNetCore.Mvc.Infrastructure.ResourceInvoker.<InvokeFilterPipelineAsync>g__Awaited|19_0(ResourceInvoker invoker, Task lastTask, State next, Scope scope, Object state, Boolean isCompleted)
   at Microsoft.AspNetCore.Mvc.Infrastructure.ResourceInvoker.<InvokeAsync>g__Awaited|17_0(ResourceInvoker invoker, Task task, IDisposable scope)
   at Microsoft.AspNetCore.Routing.EndpointMiddleware.<Invoke>g__AwaitRequestTask|6_0(Endpoint endpoint, Task requestTask, ILogger logger)
   at Microsoft.AspNetCore.Authorization.AuthorizationMiddleware.Invoke(HttpContext context)
   at Microsoft.AspNetCore.Authentication.AuthenticationMiddleware.Invoke(HttpContext context)
   at CWB.ExceptionHandling.ExceptionMiddleware.InvokeAsync(HttpContext httpContext) in F:\CWBworking\CWB.ExceptionHandling\ExceptionMiddleware.cs:line 26
2026-04-16 10:39:32.8819 ERROR Error: AutoMapper.AutoMapperMappingException: Error mapping types.

Mapping types:
EntityQueryable`1 -> IEnumerable`1
Microsoft.EntityFrameworkCore.Query.Internal.EntityQueryable`1[[CWB.ProductionPlanWO.Domain.ProductionPlan_WO, CWB.ProductionPlanWO, Version=1.0.0.0, Culture=neutral, PublicKeyToken=null]] -> System.Collections.Generic.IEnumerable`1[[CWB.ProductionPlanWO.ViewModels.ProductionPlan_WOVM, CWB.ProductionPlanWO, Version=1.0.0.0, Culture=neutral, PublicKeyToken=null]]
 ---> MySqlConnector.MySqlException (0x80004005): Unknown column 'p.Combined_WO' in 'field list'
   at MySqlConnector.Core.ResultSet.ReadResultSetHeaderAsync(IOBehavior ioBehavior) in /_/src/MySqlConnector/Core/ResultSet.cs:line 50
   at MySqlConnector.MySqlDataReader.ActivateResultSet(CancellationToken cancellationToken) in /_/src/MySqlConnector/MySqlDataReader.cs:line 119
   at MySqlConnector.MySqlDataReader.CreateAsync(CommandListPosition commandListPosition, ICommandPayloadCreator payloadCreator, IDictionary`2 cachedProcedures, IMySqlCommand command, CommandBehavior behavior, IOBehavior ioBehavior, CancellationToken cancellationToken) in /_/src/MySqlConnector/MySqlDataReader.cs:line 445
   at MySqlConnector.Core.CommandExecutor.ExecuteReaderAsync(IReadOnlyList`1 commands, ICommandPayloadCreator payloadCreator, CommandBehavior behavior, IOBehavior ioBehavior, CancellationToken cancellationToken) in /_/src/MySqlConnector/Core/CommandExecutor.cs:line 60
   at MySqlConnector.MySqlCommand.ExecuteReaderAsync(CommandBehavior behavior, IOBehavior ioBehavior, CancellationToken cancellationToken) in /_/src/MySqlConnector/MySqlCommand.cs:line 320
   at MySqlConnector.MySqlCommand.ExecuteDbDataReader(CommandBehavior behavior) in /_/src/MySqlConnector/MySqlCommand.cs:line 261
   at Microsoft.EntityFrameworkCore.Storage.RelationalCommand.ExecuteReader(RelationalCommandParameterObject parameterObject)
   at Microsoft.EntityFrameworkCore.Query.Internal.SingleQueryingEnumerable`1.Enumerator.InitializeReader(DbContext _, Boolean result)
   at Pomelo.EntityFrameworkCore.MySql.Storage.Internal.MySqlExecutionStrategy.Execute[TState,TResult](TState state, Func`3 operation, Func`3 verifySucceeded)
   at Microsoft.EntityFrameworkCore.Query.Internal.SingleQueryingEnumerable`1.Enumerator.MoveNext()
   at lambda_method(Closure , Object , IEnumerable`1 , ResolutionContext )
   --- End of inner exception stack trace ---
   at lambda_method(Closure , Object , IEnumerable`1 , ResolutionContext )
   at CWB.ProductionPlanWO.Services.WOService.AllProductionWo(Int64 tenantId) in F:\CWBworking\CWB.ProductionPlanWO\Services\WOService.cs:line 1075
   at CWB.ProductionPlanWO.Services.WOService.GetAllReadyforProductionWo(Int64 tenantId) in F:\CWBworking\CWB.ProductionPlanWO\Services\WOService.cs:line 4620
   at CWB.ProductionPlanWO.Controllers.WOController.GetAllReadyforProductionWo(Int64 tenantId) in F:\CWBworking\CWB.ProductionPlanWO\Controllers\WOController.cs:line 1741
   at Microsoft.AspNetCore.Mvc.Infrastructure.ActionMethodExecutor.TaskOfIActionResultExecutor.Execute(IActionResultTypeMapper mapper, ObjectMethodExecutor executor, Object controller, Object[] arguments)
   at Microsoft.AspNetCore.Mvc.Infrastructure.ControllerActionInvoker.<InvokeActionMethodAsync>g__Awaited|12_0(ControllerActionInvoker invoker, ValueTask`1 actionResultValueTask)
   at Microsoft.AspNetCore.Mvc.Infrastructure.ControllerActionInvoker.<InvokeNextActionFilterAsync>g__Awaited|10_0(ControllerActionInvoker invoker, Task lastTask, State next, Scope scope, Object state, Boolean isCompleted)
   at Microsoft.AspNetCore.Mvc.Infrastructure.ControllerActionInvoker.Rethrow(ActionExecutedContextSealed context)
   at Microsoft.AspNetCore.Mvc.Infrastructure.ControllerActionInvoker.Next(State& next, Scope& scope, Object& state, Boolean& isCompleted)
   at Microsoft.AspNetCore.Mvc.Infrastructure.ControllerActionInvoker.InvokeInnerFilterAsync()
--- End of stack trace from previous location where exception was thrown ---
   at Microsoft.AspNetCore.Mvc.Infrastructure.ResourceInvoker.<InvokeFilterPipelineAsync>g__Awaited|19_0(ResourceInvoker invoker, Task lastTask, State next, Scope scope, Object state, Boolean isCompleted)
   at Microsoft.AspNetCore.Mvc.Infrastructure.ResourceInvoker.<InvokeAsync>g__Awaited|17_0(ResourceInvoker invoker, Task task, IDisposable scope)
   at Microsoft.AspNetCore.Routing.EndpointMiddleware.<Invoke>g__AwaitRequestTask|6_0(Endpoint endpoint, Task requestTask, ILogger logger)
   at Microsoft.AspNetCore.Authorization.AuthorizationMiddleware.Invoke(HttpContext context)
   at Microsoft.AspNetCore.Authentication.AuthenticationMiddleware.Invoke(HttpContext context)
   at CWB.ExceptionHandling.ExceptionMiddleware.InvokeAsync(HttpContext httpContext) in F:\CWBworking\CWB.ExceptionHandling\ExceptionMiddleware.cs:line 26
2026-04-16 10:39:37.1527 ERROR Error: AutoMapper.AutoMapperMappingException: Error mapping types.

Mapping types:
EntityQueryable`1 -> IEnumerable`1
Microsoft.EntityFrameworkCore.Query.Internal.EntityQueryable`1[[CWB.ProductionPlanWO.Domain.ProductionPlan_WO, CWB.ProductionPlanWO, Version=1.0.0.0, Culture=neutral, PublicKeyToken=null]] -> System.Collections.Generic.IEnumerable`1[[CWB.ProductionPlanWO.ViewModels.ProductionPlan_WOVM, CWB.ProductionPlanWO, Version=1.0.0.0, Culture=neutral, PublicKeyToken=null]]
 ---> MySqlConnector.MySqlException (0x80004005): Unknown column 'p.Combined_WO' in 'field list'
   at MySqlConnector.Core.ResultSet.ReadResultSetHeaderAsync(IOBehavior ioBehavior) in /_/src/MySqlConnector/Core/ResultSet.cs:line 50
   at MySqlConnector.MySqlDataReader.ActivateResultSet(CancellationToken cancellationToken) in /_/src/MySqlConnector/MySqlDataReader.cs:line 119
   at MySqlConnector.MySqlDataReader.CreateAsync(CommandListPosition commandListPosition, ICommandPayloadCreator payloadCreator, IDictionary`2 cachedProcedures, IMySqlCommand command, CommandBehavior behavior, IOBehavior ioBehavior, CancellationToken cancellationToken) in /_/src/MySqlConnector/MySqlDataReader.cs:line 445
   at MySqlConnector.Core.CommandExecutor.ExecuteReaderAsync(IReadOnlyList`1 commands, ICommandPayloadCreator payloadCreator, CommandBehavior behavior, IOBehavior ioBehavior, CancellationToken cancellationToken) in /_/src/MySqlConnector/Core/CommandExecutor.cs:line 60
   at MySqlConnector.MySqlCommand.ExecuteReaderAsync(CommandBehavior behavior, IOBehavior ioBehavior, CancellationToken cancellationToken) in /_/src/MySqlConnector/MySqlCommand.cs:line 320
   at MySqlConnector.MySqlCommand.ExecuteDbDataReader(CommandBehavior behavior) in /_/src/MySqlConnector/MySqlCommand.cs:line 261
   at Microsoft.EntityFrameworkCore.Storage.RelationalCommand.ExecuteReader(RelationalCommandParameterObject parameterObject)
   at Microsoft.EntityFrameworkCore.Query.Internal.SingleQueryingEnumerable`1.Enumerator.InitializeReader(DbContext _, Boolean result)
   at Pomelo.EntityFrameworkCore.MySql.Storage.Internal.MySqlExecutionStrategy.Execute[TState,TResult](TState state, Func`3 operation, Func`3 verifySucceeded)
   at Microsoft.EntityFrameworkCore.Query.Internal.SingleQueryingEnumerable`1.Enumerator.MoveNext()
   at lambda_method(Closure , Object , IEnumerable`1 , ResolutionContext )
   --- End of inner exception stack trace ---
   at lambda_method(Closure , Object , IEnumerable`1 , ResolutionContext )
   at CWB.ProductionPlanWO.Services.WOService.AllProductionWo(Int64 tenantId) in F:\CWBworking\CWB.ProductionPlanWO\Services\WOService.cs:line 1075
   at CWB.ProductionPlanWO.Services.WOService.AllProductionWoReadForProd(Int64 tenantId) in F:\CWBworking\CWB.ProductionPlanWO\Services\WOService.cs:line 4523
   at CWB.ProductionPlanWO.Controllers.WOController.AllProductionWoReadForProd(Int64 tenantId) in F:\CWBworking\CWB.ProductionPlanWO\Controllers\WOController.cs:line 1732
   at Microsoft.AspNetCore.Mvc.Infrastructure.ActionMethodExecutor.TaskOfIActionResultExecutor.Execute(IActionResultTypeMapper mapper, ObjectMethodExecutor executor, Object controller, Object[] arguments)
   at Microsoft.AspNetCore.Mvc.Infrastructure.ControllerActionInvoker.<InvokeActionMethodAsync>g__Awaited|12_0(ControllerActionInvoker invoker, ValueTask`1 actionResultValueTask)
   at Microsoft.AspNetCore.Mvc.Infrastructure.ControllerActionInvoker.<InvokeNextActionFilterAsync>g__Awaited|10_0(ControllerActionInvoker invoker, Task lastTask, State next, Scope scope, Object state, Boolean isCompleted)
   at Microsoft.AspNetCore.Mvc.Infrastructure.ControllerActionInvoker.Rethrow(ActionExecutedContextSealed context)
   at Microsoft.AspNetCore.Mvc.Infrastructure.ControllerActionInvoker.Next(State& next, Scope& scope, Object& state, Boolean& isCompleted)
   at Microsoft.AspNetCore.Mvc.Infrastructure.ControllerActionInvoker.InvokeInnerFilterAsync()
--- End of stack trace from previous location where exception was thrown ---
   at Microsoft.AspNetCore.Mvc.Infrastructure.ResourceInvoker.<InvokeFilterPipelineAsync>g__Awaited|19_0(ResourceInvoker invoker, Task lastTask, State next, Scope scope, Object state, Boolean isCompleted)
   at Microsoft.AspNetCore.Mvc.Infrastructure.ResourceInvoker.<InvokeAsync>g__Awaited|17_0(ResourceInvoker invoker, Task task, IDisposable scope)
   at Microsoft.AspNetCore.Routing.EndpointMiddleware.<Invoke>g__AwaitRequestTask|6_0(Endpoint endpoint, Task requestTask, ILogger logger)
   at Microsoft.AspNetCore.Authorization.AuthorizationMiddleware.Invoke(HttpContext context)
   at Microsoft.AspNetCore.Authentication.AuthenticationMiddleware.Invoke(HttpContext context)
   at CWB.ExceptionHandling.ExceptionMiddleware.InvokeAsync(HttpContext httpContext) in F:\CWBworking\CWB.ExceptionHandling\ExceptionMiddleware.cs:line 26
2026-04-16 10:39:38.3478 ERROR Error: AutoMapper.AutoMapperMappingException: Error mapping types.

Mapping types:
EntityQueryable`1 -> IEnumerable`1
Microsoft.EntityFrameworkCore.Query.Internal.EntityQueryable`1[[CWB.ProductionPlanWO.Domain.ProcPlan, CWB.ProductionPlanWO, Version=1.0.0.0, Culture=neutral, PublicKeyToken=null]] -> System.Collections.Generic.IEnumerable`1[[CWB.ProductionPlanWO.ViewModels.ProcPlanVM, CWB.ProductionPlanWO, Version=1.0.0.0, Culture=neutral, PublicKeyToken=null]]
 ---> MySqlConnector.MySqlException (0x80004005): Unknown column 'p.Old_Plan_Proc_Qnty' in 'field list'
   at MySqlConnector.Core.ResultSet.ReadResultSetHeaderAsync(IOBehavior ioBehavior) in /_/src/MySqlConnector/Core/ResultSet.cs:line 50
   at MySqlConnector.MySqlDataReader.ActivateResultSet(CancellationToken cancellationToken) in /_/src/MySqlConnector/MySqlDataReader.cs:line 119
   at MySqlConnector.MySqlDataReader.CreateAsync(CommandListPosition commandListPosition, ICommandPayloadCreator payloadCreator, IDictionary`2 cachedProcedures, IMySqlCommand command, CommandBehavior behavior, IOBehavior ioBehavior, CancellationToken cancellationToken) in /_/src/MySqlConnector/MySqlDataReader.cs:line 445
   at MySqlConnector.Core.CommandExecutor.ExecuteReaderAsync(IReadOnlyList`1 commands, ICommandPayloadCreator payloadCreator, CommandBehavior behavior, IOBehavior ioBehavior, CancellationToken cancellationToken) in /_/src/MySqlConnector/Core/CommandExecutor.cs:line 60
   at MySqlConnector.MySqlCommand.ExecuteReaderAsync(CommandBehavior behavior, IOBehavior ioBehavior, CancellationToken cancellationToken) in /_/src/MySqlConnector/MySqlCommand.cs:line 320
   at MySqlConnector.MySqlCommand.ExecuteDbDataReader(CommandBehavior behavior) in /_/src/MySqlConnector/MySqlCommand.cs:line 261
   at Microsoft.EntityFrameworkCore.Storage.RelationalCommand.ExecuteReader(RelationalCommandParameterObject parameterObject)
   at Microsoft.EntityFrameworkCore.Query.Internal.SingleQueryingEnumerable`1.Enumerator.InitializeReader(DbContext _, Boolean result)
   at Pomelo.EntityFrameworkCore.MySql.Storage.Internal.MySqlExecutionStrategy.Execute[TState,TResult](TState state, Func`3 operation, Func`3 verifySucceeded)
   at Microsoft.EntityFrameworkCore.Query.Internal.SingleQueryingEnumerable`1.Enumerator.MoveNext()
   at lambda_method(Closure , Object , IEnumerable`1 , ResolutionContext )
   --- End of inner exception stack trace ---
   at lambda_method(Closure , Object , IEnumerable`1 , ResolutionContext )
   at CWB.ProductionPlanWO.Services.WOService.AllProcPlan(Int64 tenantId) in F:\CWBworking\CWB.ProductionPlanWO\Services\WOService.cs:line 894
   at CWB.ProductionPlanWO.Controllers.WOController.GetAllProcPlan(Int64 tenantId) in F:\CWBworking\CWB.ProductionPlanWO\Controllers\WOController.cs:line 264
   at Microsoft.AspNetCore.Mvc.Infrastructure.ActionMethodExecutor.TaskOfIActionResultExecutor.Execute(IActionResultTypeMapper mapper, ObjectMethodExecutor executor, Object controller, Object[] arguments)
   at Microsoft.AspNetCore.Mvc.Infrastructure.ControllerActionInvoker.<InvokeActionMethodAsync>g__Awaited|12_0(ControllerActionInvoker invoker, ValueTask`1 actionResultValueTask)
   at Microsoft.AspNetCore.Mvc.Infrastructure.ControllerActionInvoker.<InvokeNextActionFilterAsync>g__Awaited|10_0(ControllerActionInvoker invoker, Task lastTask, State next, Scope scope, Object state, Boolean isCompleted)
   at Microsoft.AspNetCore.Mvc.Infrastructure.ControllerActionInvoker.Rethrow(ActionExecutedContextSealed context)
   at Microsoft.AspNetCore.Mvc.Infrastructure.ControllerActionInvoker.Next(State& next, Scope& scope, Object& state, Boolean& isCompleted)
   at Microsoft.AspNetCore.Mvc.Infrastructure.ControllerActionInvoker.InvokeInnerFilterAsync()
--- End of stack trace from previous location where exception was thrown ---
   at Microsoft.AspNetCore.Mvc.Infrastructure.ResourceInvoker.<InvokeFilterPipelineAsync>g__Awaited|19_0(ResourceInvoker invoker, Task lastTask, State next, Scope scope, Object state, Boolean isCompleted)
   at Microsoft.AspNetCore.Mvc.Infrastructure.ResourceInvoker.<InvokeAsync>g__Awaited|17_0(ResourceInvoker invoker, Task task, IDisposable scope)
   at Microsoft.AspNetCore.Routing.EndpointMiddleware.<Invoke>g__AwaitRequestTask|6_0(Endpoint endpoint, Task requestTask, ILogger logger)
   at Microsoft.AspNetCore.Authorization.AuthorizationMiddleware.Invoke(HttpContext context)
   at Microsoft.AspNetCore.Authentication.AuthenticationMiddleware.Invoke(HttpContext context)
   at CWB.ExceptionHandling.ExceptionMiddleware.InvokeAsync(HttpContext httpContext) in F:\CWBworking\CWB.ExceptionHandling\ExceptionMiddleware.cs:line 26
2026-04-16 10:39:49.7835 ERROR Error: AutoMapper.AutoMapperMappingException: Error mapping types.

Mapping types:
EntityQueryable`1 -> IEnumerable`1
Microsoft.EntityFrameworkCore.Query.Internal.EntityQueryable`1[[CWB.ProductionPlanWO.Domain.ProductionPlan_WO, CWB.ProductionPlanWO, Version=1.0.0.0, Culture=neutral, PublicKeyToken=null]] -> System.Collections.Generic.IEnumerable`1[[CWB.ProductionPlanWO.ViewModels.ProductionPlan_WOVM, CWB.ProductionPlanWO, Version=1.0.0.0, Culture=neutral, PublicKeyToken=null]]
 ---> MySqlConnector.MySqlException (0x80004005): Unknown column 'p.Combined_WO' in 'field list'
   at MySqlConnector.Core.ResultSet.ReadResultSetHeaderAsync(IOBehavior ioBehavior) in /_/src/MySqlConnector/Core/ResultSet.cs:line 50
   at MySqlConnector.MySqlDataReader.ActivateResultSet(CancellationToken cancellationToken) in /_/src/MySqlConnector/MySqlDataReader.cs:line 119
   at MySqlConnector.MySqlDataReader.CreateAsync(CommandListPosition commandListPosition, ICommandPayloadCreator payloadCreator, IDictionary`2 cachedProcedures, IMySqlCommand command, CommandBehavior behavior, IOBehavior ioBehavior, CancellationToken cancellationToken) in /_/src/MySqlConnector/MySqlDataReader.cs:line 445
   at MySqlConnector.Core.CommandExecutor.ExecuteReaderAsync(IReadOnlyList`1 commands, ICommandPayloadCreator payloadCreator, CommandBehavior behavior, IOBehavior ioBehavior, CancellationToken cancellationToken) in /_/src/MySqlConnector/Core/CommandExecutor.cs:line 60
   at MySqlConnector.MySqlCommand.ExecuteReaderAsync(CommandBehavior behavior, IOBehavior ioBehavior, CancellationToken cancellationToken) in /_/src/MySqlConnector/MySqlCommand.cs:line 320
   at MySqlConnector.MySqlCommand.ExecuteDbDataReader(CommandBehavior behavior) in /_/src/MySqlConnector/MySqlCommand.cs:line 261
   at Microsoft.EntityFrameworkCore.Storage.RelationalCommand.ExecuteReader(RelationalCommandParameterObject parameterObject)
   at Microsoft.EntityFrameworkCore.Query.Internal.SingleQueryingEnumerable`1.Enumerator.InitializeReader(DbContext _, Boolean result)
   at Pomelo.EntityFrameworkCore.MySql.Storage.Internal.MySqlExecutionStrategy.Execute[TState,TResult](TState state, Func`3 operation, Func`3 verifySucceeded)
   at Microsoft.EntityFrameworkCore.Query.Internal.SingleQueryingEnumerable`1.Enumerator.MoveNext()
   at lambda_method(Closure , Object , IEnumerable`1 , ResolutionContext )
   --- End of inner exception stack trace ---
   at lambda_method(Closure , Object , IEnumerable`1 , ResolutionContext )
   at CWB.ProductionPlanWO.Services.WOService.AllProductionWo(Int64 tenantId) in F:\CWBworking\CWB.ProductionPlanWO\Services\WOService.cs:line 1075
   at CWB.ProductionPlanWO.Controllers.WOController.AllProductionWos(Int64 tenantId) in F:\CWBworking\CWB.ProductionPlanWO\Controllers\WOController.cs:line 254
   at Microsoft.AspNetCore.Mvc.Infrastructure.ActionMethodExecutor.TaskOfIActionResultExecutor.Execute(IActionResultTypeMapper mapper, ObjectMethodExecutor executor, Object controller, Object[] arguments)
   at Microsoft.AspNetCore.Mvc.Infrastructure.ControllerActionInvoker.<InvokeActionMethodAsync>g__Awaited|12_0(ControllerActionInvoker invoker, ValueTask`1 actionResultValueTask)
   at Microsoft.AspNetCore.Mvc.Infrastructure.ControllerActionInvoker.<InvokeNextActionFilterAsync>g__Awaited|10_0(ControllerActionInvoker invoker, Task lastTask, State next, Scope scope, Object state, Boolean isCompleted)
   at Microsoft.AspNetCore.Mvc.Infrastructure.ControllerActionInvoker.Rethrow(ActionExecutedContextSealed context)
   at Microsoft.AspNetCore.Mvc.Infrastructure.ControllerActionInvoker.Next(State& next, Scope& scope, Object& state, Boolean& isCompleted)
   at Microsoft.AspNetCore.Mvc.Infrastructure.ControllerActionInvoker.InvokeInnerFilterAsync()
--- End of stack trace from previous location where exception was thrown ---
   at Microsoft.AspNetCore.Mvc.Infrastructure.ResourceInvoker.<InvokeFilterPipelineAsync>g__Awaited|19_0(ResourceInvoker invoker, Task lastTask, State next, Scope scope, Object state, Boolean isCompleted)
   at Microsoft.AspNetCore.Mvc.Infrastructure.ResourceInvoker.<InvokeAsync>g__Awaited|17_0(ResourceInvoker invoker, Task task, IDisposable scope)
   at Microsoft.AspNetCore.Routing.EndpointMiddleware.<Invoke>g__AwaitRequestTask|6_0(Endpoint endpoint, Task requestTask, ILogger logger)
   at Microsoft.AspNetCore.Authorization.AuthorizationMiddleware.Invoke(HttpContext context)
   at Microsoft.AspNetCore.Authentication.AuthenticationMiddleware.Invoke(HttpContext context)
   at CWB.ExceptionHandling.ExceptionMiddleware.InvokeAsync(HttpContext httpContext) in F:\CWBworking\CWB.ExceptionHandling\ExceptionMiddleware.cs:line 26
2026-04-16 10:39:49.9030 ERROR Error: AutoMapper.AutoMapperMappingException: Error mapping types.

Mapping types:
EntityQueryable`1 -> IEnumerable`1
Microsoft.EntityFrameworkCore.Query.Internal.EntityQueryable`1[[CWB.ProductionPlanWO.Domain.ProcPlan, CWB.ProductionPlanWO, Version=1.0.0.0, Culture=neutral, PublicKeyToken=null]] -> System.Collections.Generic.IEnumerable`1[[CWB.ProductionPlanWO.ViewModels.ProcPlanVM, CWB.ProductionPlanWO, Version=1.0.0.0, Culture=neutral, PublicKeyToken=null]]
 ---> MySqlConnector.MySqlException (0x80004005): Unknown column 'p.Old_Plan_Proc_Qnty' in 'field list'
   at MySqlConnector.Core.ResultSet.ReadResultSetHeaderAsync(IOBehavior ioBehavior) in /_/src/MySqlConnector/Core/ResultSet.cs:line 50
   at MySqlConnector.MySqlDataReader.ActivateResultSet(CancellationToken cancellationToken) in /_/src/MySqlConnector/MySqlDataReader.cs:line 119
   at MySqlConnector.MySqlDataReader.CreateAsync(CommandListPosition commandListPosition, ICommandPayloadCreator payloadCreator, IDictionary`2 cachedProcedures, IMySqlCommand command, CommandBehavior behavior, IOBehavior ioBehavior, CancellationToken cancellationToken) in /_/src/MySqlConnector/MySqlDataReader.cs:line 445
   at MySqlConnector.Core.CommandExecutor.ExecuteReaderAsync(IReadOnlyList`1 commands, ICommandPayloadCreator payloadCreator, CommandBehavior behavior, IOBehavior ioBehavior, CancellationToken cancellationToken) in /_/src/MySqlConnector/Core/CommandExecutor.cs:line 60
   at MySqlConnector.MySqlCommand.ExecuteReaderAsync(CommandBehavior behavior, IOBehavior ioBehavior, CancellationToken cancellationToken) in /_/src/MySqlConnector/MySqlCommand.cs:line 320
   at MySqlConnector.MySqlCommand.ExecuteDbDataReader(CommandBehavior behavior) in /_/src/MySqlConnector/MySqlCommand.cs:line 261
   at Microsoft.EntityFrameworkCore.Storage.RelationalCommand.ExecuteReader(RelationalCommandParameterObject parameterObject)
   at Microsoft.EntityFrameworkCore.Query.Internal.SingleQueryingEnumerable`1.Enumerator.InitializeReader(DbContext _, Boolean result)
   at Pomelo.EntityFrameworkCore.MySql.Storage.Internal.MySqlExecutionStrategy.Execute[TState,TResult](TState state, Func`3 operation, Func`3 verifySucceeded)
   at Microsoft.EntityFrameworkCore.Query.Internal.SingleQueryingEnumerable`1.Enumerator.MoveNext()
   at lambda_method(Closure , Object , IEnumerable`1 , ResolutionContext )
   --- End of inner exception stack trace ---
   at lambda_method(Closure , Object , IEnumerable`1 , ResolutionContext )
   at CWB.ProductionPlanWO.Services.WOService.AllProcPlan(Int64 tenantId) in F:\CWBworking\CWB.ProductionPlanWO\Services\WOService.cs:line 894
   at CWB.ProductionPlanWO.Controllers.WOController.GetAllProcPlan(Int64 tenantId) in F:\CWBworking\CWB.ProductionPlanWO\Controllers\WOController.cs:line 264
   at Microsoft.AspNetCore.Mvc.Infrastructure.ActionMethodExecutor.TaskOfIActionResultExecutor.Execute(IActionResultTypeMapper mapper, ObjectMethodExecutor executor, Object controller, Object[] arguments)
   at Microsoft.AspNetCore.Mvc.Infrastructure.ControllerActionInvoker.<InvokeActionMethodAsync>g__Awaited|12_0(ControllerActionInvoker invoker, ValueTask`1 actionResultValueTask)
   at Microsoft.AspNetCore.Mvc.Infrastructure.ControllerActionInvoker.<InvokeNextActionFilterAsync>g__Awaited|10_0(ControllerActionInvoker invoker, Task lastTask, State next, Scope scope, Object state, Boolean isCompleted)
   at Microsoft.AspNetCore.Mvc.Infrastructure.ControllerActionInvoker.Rethrow(ActionExecutedContextSealed context)
   at Microsoft.AspNetCore.Mvc.Infrastructure.ControllerActionInvoker.Next(State& next, Scope& scope, Object& state, Boolean& isCompleted)
   at Microsoft.AspNetCore.Mvc.Infrastructure.ControllerActionInvoker.InvokeInnerFilterAsync()
--- End of stack trace from previous location where exception was thrown ---
   at Microsoft.AspNetCore.Mvc.Infrastructure.ResourceInvoker.<InvokeFilterPipelineAsync>g__Awaited|19_0(ResourceInvoker invoker, Task lastTask, State next, Scope scope, Object state, Boolean isCompleted)
   at Microsoft.AspNetCore.Mvc.Infrastructure.ResourceInvoker.<InvokeAsync>g__Awaited|17_0(ResourceInvoker invoker, Task task, IDisposable scope)
   at Microsoft.AspNetCore.Routing.EndpointMiddleware.<Invoke>g__AwaitRequestTask|6_0(Endpoint endpoint, Task requestTask, ILogger logger)
   at Microsoft.AspNetCore.Authorization.AuthorizationMiddleware.Invoke(HttpContext context)
   at Microsoft.AspNetCore.Authentication.AuthenticationMiddleware.Invoke(HttpContext context)
   at CWB.ExceptionHandling.ExceptionMiddleware.InvokeAsync(HttpContext httpContext) in F:\CWBworking\CWB.ExceptionHandling\ExceptionMiddleware.cs:line 26
2026-04-16 10:39:50.5384 ERROR Error: AutoMapper.AutoMapperMappingException: Error mapping types.

Mapping types:
EntityQueryable`1 -> IEnumerable`1
Microsoft.EntityFrameworkCore.Query.Internal.EntityQueryable`1[[CWB.ProductionPlanWO.Domain.ProductionPlan_WO, CWB.ProductionPlanWO, Version=1.0.0.0, Culture=neutral, PublicKeyToken=null]] -> System.Collections.Generic.IEnumerable`1[[CWB.ProductionPlanWO.ViewModels.ProductionPlan_WOVM, CWB.ProductionPlanWO, Version=1.0.0.0, Culture=neutral, PublicKeyToken=null]]
 ---> MySqlConnector.MySqlException (0x80004005): Unknown column 'p.Combined_WO' in 'field list'
   at MySqlConnector.Core.ResultSet.ReadResultSetHeaderAsync(IOBehavior ioBehavior) in /_/src/MySqlConnector/Core/ResultSet.cs:line 50
   at MySqlConnector.MySqlDataReader.ActivateResultSet(CancellationToken cancellationToken) in /_/src/MySqlConnector/MySqlDataReader.cs:line 119
   at MySqlConnector.MySqlDataReader.CreateAsync(CommandListPosition commandListPosition, ICommandPayloadCreator payloadCreator, IDictionary`2 cachedProcedures, IMySqlCommand command, CommandBehavior behavior, IOBehavior ioBehavior, CancellationToken cancellationToken) in /_/src/MySqlConnector/MySqlDataReader.cs:line 445
   at MySqlConnector.Core.CommandExecutor.ExecuteReaderAsync(IReadOnlyList`1 commands, ICommandPayloadCreator payloadCreator, CommandBehavior behavior, IOBehavior ioBehavior, CancellationToken cancellationToken) in /_/src/MySqlConnector/Core/CommandExecutor.cs:line 60
   at MySqlConnector.MySqlCommand.ExecuteReaderAsync(CommandBehavior behavior, IOBehavior ioBehavior, CancellationToken cancellationToken) in /_/src/MySqlConnector/MySqlCommand.cs:line 320
   at MySqlConnector.MySqlCommand.ExecuteDbDataReader(CommandBehavior behavior) in /_/src/MySqlConnector/MySqlCommand.cs:line 261
   at Microsoft.EntityFrameworkCore.Storage.RelationalCommand.ExecuteReader(RelationalCommandParameterObject parameterObject)
   at Microsoft.EntityFrameworkCore.Query.Internal.SingleQueryingEnumerable`1.Enumerator.InitializeReader(DbContext _, Boolean result)
   at Pomelo.EntityFrameworkCore.MySql.Storage.Internal.MySqlExecutionStrategy.Execute[TState,TResult](TState state, Func`3 operation, Func`3 verifySucceeded)
   at Microsoft.EntityFrameworkCore.Query.Internal.SingleQueryingEnumerable`1.Enumerator.MoveNext()
   at lambda_method(Closure , Object , IEnumerable`1 , ResolutionContext )
   --- End of inner exception stack trace ---
   at lambda_method(Closure , Object , IEnumerable`1 , ResolutionContext )
   at CWB.ProductionPlanWO.Services.WOService.AllProductionWo(Int64 tenantId) in F:\CWBworking\CWB.ProductionPlanWO\Services\WOService.cs:line 1075
   at CWB.ProductionPlanWO.Services.WOService.AllProductionWoReadForProd(Int64 tenantId) in F:\CWBworking\CWB.ProductionPlanWO\Services\WOService.cs:line 4523
   at CWB.ProductionPlanWO.Controllers.WOController.AllProductionWoReadForProd(Int64 tenantId) in F:\CWBworking\CWB.ProductionPlanWO\Controllers\WOController.cs:line 1732
   at Microsoft.AspNetCore.Mvc.Infrastructure.ActionMethodExecutor.TaskOfIActionResultExecutor.Execute(IActionResultTypeMapper mapper, ObjectMethodExecutor executor, Object controller, Object[] arguments)
   at Microsoft.AspNetCore.Mvc.Infrastructure.ControllerActionInvoker.<InvokeActionMethodAsync>g__Awaited|12_0(ControllerActionInvoker invoker, ValueTask`1 actionResultValueTask)
   at Microsoft.AspNetCore.Mvc.Infrastructure.ControllerActionInvoker.<InvokeNextActionFilterAsync>g__Awaited|10_0(ControllerActionInvoker invoker, Task lastTask, State next, Scope scope, Object state, Boolean isCompleted)
   at Microsoft.AspNetCore.Mvc.Infrastructure.ControllerActionInvoker.Rethrow(ActionExecutedContextSealed context)
   at Microsoft.AspNetCore.Mvc.Infrastructure.ControllerActionInvoker.Next(State& next, Scope& scope, Object& state, Boolean& isCompleted)
   at Microsoft.AspNetCore.Mvc.Infrastructure.ControllerActionInvoker.InvokeInnerFilterAsync()
--- End of stack trace from previous location where exception was thrown ---
   at Microsoft.AspNetCore.Mvc.Infrastructure.ResourceInvoker.<InvokeFilterPipelineAsync>g__Awaited|19_0(ResourceInvoker invoker, Task lastTask, State next, Scope scope, Object state, Boolean isCompleted)
   at Microsoft.AspNetCore.Mvc.Infrastructure.ResourceInvoker.<InvokeAsync>g__Awaited|17_0(ResourceInvoker invoker, Task task, IDisposable scope)
   at Microsoft.AspNetCore.Routing.EndpointMiddleware.<Invoke>g__AwaitRequestTask|6_0(Endpoint endpoint, Task requestTask, ILogger logger)
   at Microsoft.AspNetCore.Authorization.AuthorizationMiddleware.Invoke(HttpContext context)
   at Microsoft.AspNetCore.Authentication.AuthenticationMiddleware.Invoke(HttpContext context)
   at CWB.ExceptionHandling.ExceptionMiddleware.InvokeAsync(HttpContext httpContext) in F:\CWBworking\CWB.ExceptionHandling\ExceptionMiddleware.cs:line 26
2026-04-16 10:39:50.8088 ERROR Error: AutoMapper.AutoMapperMappingException: Error mapping types.

Mapping types:
EntityQueryable`1 -> IEnumerable`1
Microsoft.EntityFrameworkCore.Query.Internal.EntityQueryable`1[[CWB.ProductionPlanWO.Domain.ProductionPlan_WO, CWB.ProductionPlanWO, Version=1.0.0.0, Culture=neutral, PublicKeyToken=null]] -> System.Collections.Generic.IEnumerable`1[[CWB.ProductionPlanWO.ViewModels.ProductionPlan_WOVM, CWB.ProductionPlanWO, Version=1.0.0.0, Culture=neutral, PublicKeyToken=null]]
 ---> MySqlConnector.MySqlException (0x80004005): Unknown column 'p.Combined_WO' in 'field list'
   at MySqlConnector.Core.ResultSet.ReadResultSetHeaderAsync(IOBehavior ioBehavior) in /_/src/MySqlConnector/Core/ResultSet.cs:line 50
   at MySqlConnector.MySqlDataReader.ActivateResultSet(CancellationToken cancellationToken) in /_/src/MySqlConnector/MySqlDataReader.cs:line 119
   at MySqlConnector.MySqlDataReader.CreateAsync(CommandListPosition commandListPosition, ICommandPayloadCreator payloadCreator, IDictionary`2 cachedProcedures, IMySqlCommand command, CommandBehavior behavior, IOBehavior ioBehavior, CancellationToken cancellationToken) in /_/src/MySqlConnector/MySqlDataReader.cs:line 445
   at MySqlConnector.Core.CommandExecutor.ExecuteReaderAsync(IReadOnlyList`1 commands, ICommandPayloadCreator payloadCreator, CommandBehavior behavior, IOBehavior ioBehavior, CancellationToken cancellationToken) in /_/src/MySqlConnector/Core/CommandExecutor.cs:line 60
   at MySqlConnector.MySqlCommand.ExecuteReaderAsync(CommandBehavior behavior, IOBehavior ioBehavior, CancellationToken cancellationToken) in /_/src/MySqlConnector/MySqlCommand.cs:line 320
   at MySqlConnector.MySqlCommand.ExecuteDbDataReader(CommandBehavior behavior) in /_/src/MySqlConnector/MySqlCommand.cs:line 261
   at Microsoft.EntityFrameworkCore.Storage.RelationalCommand.ExecuteReader(RelationalCommandParameterObject parameterObject)
   at Microsoft.EntityFrameworkCore.Query.Internal.SingleQueryingEnumerable`1.Enumerator.InitializeReader(DbContext _, Boolean result)
   at Pomelo.EntityFrameworkCore.MySql.Storage.Internal.MySqlExecutionStrategy.Execute[TState,TResult](TState state, Func`3 operation, Func`3 verifySucceeded)
   at Microsoft.EntityFrameworkCore.Query.Internal.SingleQueryingEnumerable`1.Enumerator.MoveNext()
   at lambda_method(Closure , Object , IEnumerable`1 , ResolutionContext )
   --- End of inner exception stack trace ---
   at lambda_method(Closure , Object , IEnumerable`1 , ResolutionContext )
   at CWB.ProductionPlanWO.Services.WOService.AllProductionWo(Int64 tenantId) in F:\CWBworking\CWB.ProductionPlanWO\Services\WOService.cs:line 1075
   at CWB.ProductionPlanWO.Controllers.WOController.AllProductionWos(Int64 tenantId) in F:\CWBworking\CWB.ProductionPlanWO\Controllers\WOController.cs:line 254
   at Microsoft.AspNetCore.Mvc.Infrastructure.ActionMethodExecutor.TaskOfIActionResultExecutor.Execute(IActionResultTypeMapper mapper, ObjectMethodExecutor executor, Object controller, Object[] arguments)
   at Microsoft.AspNetCore.Mvc.Infrastructure.ControllerActionInvoker.<InvokeActionMethodAsync>g__Awaited|12_0(ControllerActionInvoker invoker, ValueTask`1 actionResultValueTask)
   at Microsoft.AspNetCore.Mvc.Infrastructure.ControllerActionInvoker.<InvokeNextActionFilterAsync>g__Awaited|10_0(ControllerActionInvoker invoker, Task lastTask, State next, Scope scope, Object state, Boolean isCompleted)
   at Microsoft.AspNetCore.Mvc.Infrastructure.ControllerActionInvoker.Rethrow(ActionExecutedContextSealed context)
   at Microsoft.AspNetCore.Mvc.Infrastructure.ControllerActionInvoker.Next(State& next, Scope& scope, Object& state, Boolean& isCompleted)
   at Microsoft.AspNetCore.Mvc.Infrastructure.ControllerActionInvoker.InvokeInnerFilterAsync()
--- End of stack trace from previous location where exception was thrown ---
   at Microsoft.AspNetCore.Mvc.Infrastructure.ResourceInvoker.<InvokeFilterPipelineAsync>g__Awaited|19_0(ResourceInvoker invoker, Task lastTask, State next, Scope scope, Object state, Boolean isCompleted)
   at Microsoft.AspNetCore.Mvc.Infrastructure.ResourceInvoker.<InvokeAsync>g__Awaited|17_0(ResourceInvoker invoker, Task task, IDisposable scope)
   at Microsoft.AspNetCore.Routing.EndpointMiddleware.<Invoke>g__AwaitRequestTask|6_0(Endpoint endpoint, Task requestTask, ILogger logger)
   at Microsoft.AspNetCore.Authorization.AuthorizationMiddleware.Invoke(HttpContext context)
   at Microsoft.AspNetCore.Authentication.AuthenticationMiddleware.Invoke(HttpContext context)
   at CWB.ExceptionHandling.ExceptionMiddleware.InvokeAsync(HttpContext httpContext) in F:\CWBworking\CWB.ExceptionHandling\ExceptionMiddleware.cs:line 26
2026-04-16 10:41:34.8362 ERROR Error: AutoMapper.AutoMapperMappingException: Error mapping types.

Mapping types:
EntityQueryable`1 -> IEnumerable`1
Microsoft.EntityFrameworkCore.Query.Internal.EntityQueryable`1[[CWB.ProductionPlanWO.Domain.ProductionPlan_WO, CWB.ProductionPlanWO, Version=1.0.0.0, Culture=neutral, PublicKeyToken=null]] -> System.Collections.Generic.IEnumerable`1[[CWB.ProductionPlanWO.ViewModels.ProductionPlan_WOVM, CWB.ProductionPlanWO, Version=1.0.0.0, Culture=neutral, PublicKeyToken=null]]
 ---> MySqlConnector.MySqlException (0x80004005): Unknown column 'p.Combined_WO' in 'field list'
   at MySqlConnector.Core.ResultSet.ReadResultSetHeaderAsync(IOBehavior ioBehavior) in /_/src/MySqlConnector/Core/ResultSet.cs:line 50
   at MySqlConnector.MySqlDataReader.ActivateResultSet(CancellationToken cancellationToken) in /_/src/MySqlConnector/MySqlDataReader.cs:line 119
   at MySqlConnector.MySqlDataReader.CreateAsync(CommandListPosition commandListPosition, ICommandPayloadCreator payloadCreator, IDictionary`2 cachedProcedures, IMySqlCommand command, CommandBehavior behavior, IOBehavior ioBehavior, CancellationToken cancellationToken) in /_/src/MySqlConnector/MySqlDataReader.cs:line 445
   at MySqlConnector.Core.CommandExecutor.ExecuteReaderAsync(IReadOnlyList`1 commands, ICommandPayloadCreator payloadCreator, CommandBehavior behavior, IOBehavior ioBehavior, CancellationToken cancellationToken) in /_/src/MySqlConnector/Core/CommandExecutor.cs:line 60
   at MySqlConnector.MySqlCommand.ExecuteReaderAsync(CommandBehavior behavior, IOBehavior ioBehavior, CancellationToken cancellationToken) in /_/src/MySqlConnector/MySqlCommand.cs:line 320
   at MySqlConnector.MySqlCommand.ExecuteDbDataReader(CommandBehavior behavior) in /_/src/MySqlConnector/MySqlCommand.cs:line 261
   at Microsoft.EntityFrameworkCore.Storage.RelationalCommand.ExecuteReader(RelationalCommandParameterObject parameterObject)
   at Microsoft.EntityFrameworkCore.Query.Internal.SingleQueryingEnumerable`1.Enumerator.InitializeReader(DbContext _, Boolean result)
   at Pomelo.EntityFrameworkCore.MySql.Storage.Internal.MySqlExecutionStrategy.Execute[TState,TResult](TState state, Func`3 operation, Func`3 verifySucceeded)
   at Microsoft.EntityFrameworkCore.Query.Internal.SingleQueryingEnumerable`1.Enumerator.MoveNext()
   at lambda_method(Closure , Object , IEnumerable`1 , ResolutionContext )
   --- End of inner exception stack trace ---
   at lambda_method(Closure , Object , IEnumerable`1 , ResolutionContext )
   at CWB.ProductionPlanWO.Services.WOService.AllProductionWo(Int64 tenantId) in F:\CWBworking\CWB.ProductionPlanWO\Services\WOService.cs:line 1075
   at CWB.ProductionPlanWO.Services.WOService.AllProductionWoReadForProd(Int64 tenantId) in F:\CWBworking\CWB.ProductionPlanWO\Services\WOService.cs:line 4523
   at CWB.ProductionPlanWO.Controllers.WOController.AllProductionWoReadForProd(Int64 tenantId) in F:\CWBworking\CWB.ProductionPlanWO\Controllers\WOController.cs:line 1732
   at Microsoft.AspNetCore.Mvc.Infrastructure.ActionMethodExecutor.TaskOfIActionResultExecutor.Execute(IActionResultTypeMapper mapper, ObjectMethodExecutor executor, Object controller, Object[] arguments)
   at Microsoft.AspNetCore.Mvc.Infrastructure.ControllerActionInvoker.<InvokeActionMethodAsync>g__Awaited|12_0(ControllerActionInvoker invoker, ValueTask`1 actionResultValueTask)
   at Microsoft.AspNetCore.Mvc.Infrastructure.ControllerActionInvoker.<InvokeNextActionFilterAsync>g__Awaited|10_0(ControllerActionInvoker invoker, Task lastTask, State next, Scope scope, Object state, Boolean isCompleted)
   at Microsoft.AspNetCore.Mvc.Infrastructure.ControllerActionInvoker.Rethrow(ActionExecutedContextSealed context)
   at Microsoft.AspNetCore.Mvc.Infrastructure.ControllerActionInvoker.Next(State& next, Scope& scope, Object& state, Boolean& isCompleted)
   at Microsoft.AspNetCore.Mvc.Infrastructure.ControllerActionInvoker.InvokeInnerFilterAsync()
--- End of stack trace from previous location where exception was thrown ---
   at Microsoft.AspNetCore.Mvc.Infrastructure.ResourceInvoker.<InvokeFilterPipelineAsync>g__Awaited|19_0(ResourceInvoker invoker, Task lastTask, State next, Scope scope, Object state, Boolean isCompleted)
   at Microsoft.AspNetCore.Mvc.Infrastructure.ResourceInvoker.<InvokeAsync>g__Awaited|17_0(ResourceInvoker invoker, Task task, IDisposable scope)
   at Microsoft.AspNetCore.Routing.EndpointMiddleware.<Invoke>g__AwaitRequestTask|6_0(Endpoint endpoint, Task requestTask, ILogger logger)
   at Microsoft.AspNetCore.Authorization.AuthorizationMiddleware.Invoke(HttpContext context)
   at Microsoft.AspNetCore.Authentication.AuthenticationMiddleware.Invoke(HttpContext context)
   at CWB.ExceptionHandling.ExceptionMiddleware.InvokeAsync(HttpContext httpContext) in F:\CWBworking\CWB.ExceptionHandling\ExceptionMiddleware.cs:line 26
2026-04-16 10:41:35.4156 ERROR Error: AutoMapper.AutoMapperMappingException: Error mapping types.

Mapping types:
EntityQueryable`1 -> IEnumerable`1
Microsoft.EntityFrameworkCore.Query.Internal.EntityQueryable`1[[CWB.ProductionPlanWO.Domain.ProcPlan, CWB.ProductionPlanWO, Version=1.0.0.0, Culture=neutral, PublicKeyToken=null]] -> System.Collections.Generic.IEnumerable`1[[CWB.ProductionPlanWO.ViewModels.ProcPlanVM, CWB.ProductionPlanWO, Version=1.0.0.0, Culture=neutral, PublicKeyToken=null]]
 ---> MySqlConnector.MySqlException (0x80004005): Unknown column 'p.Old_Plan_Proc_Qnty' in 'field list'
   at MySqlConnector.Core.ResultSet.ReadResultSetHeaderAsync(IOBehavior ioBehavior) in /_/src/MySqlConnector/Core/ResultSet.cs:line 50
   at MySqlConnector.MySqlDataReader.ActivateResultSet(CancellationToken cancellationToken) in /_/src/MySqlConnector/MySqlDataReader.cs:line 119
   at MySqlConnector.MySqlDataReader.CreateAsync(CommandListPosition commandListPosition, ICommandPayloadCreator payloadCreator, IDictionary`2 cachedProcedures, IMySqlCommand command, CommandBehavior behavior, IOBehavior ioBehavior, CancellationToken cancellationToken) in /_/src/MySqlConnector/MySqlDataReader.cs:line 445
   at MySqlConnector.Core.CommandExecutor.ExecuteReaderAsync(IReadOnlyList`1 commands, ICommandPayloadCreator payloadCreator, CommandBehavior behavior, IOBehavior ioBehavior, CancellationToken cancellationToken) in /_/src/MySqlConnector/Core/CommandExecutor.cs:line 60
   at MySqlConnector.MySqlCommand.ExecuteReaderAsync(CommandBehavior behavior, IOBehavior ioBehavior, CancellationToken cancellationToken) in /_/src/MySqlConnector/MySqlCommand.cs:line 320
   at MySqlConnector.MySqlCommand.ExecuteDbDataReader(CommandBehavior behavior) in /_/src/MySqlConnector/MySqlCommand.cs:line 261
   at Microsoft.EntityFrameworkCore.Storage.RelationalCommand.ExecuteReader(RelationalCommandParameterObject parameterObject)
   at Microsoft.EntityFrameworkCore.Query.Internal.SingleQueryingEnumerable`1.Enumerator.InitializeReader(DbContext _, Boolean result)
   at Pomelo.EntityFrameworkCore.MySql.Storage.Internal.MySqlExecutionStrategy.Execute[TState,TResult](TState state, Func`3 operation, Func`3 verifySucceeded)
   at Microsoft.EntityFrameworkCore.Query.Internal.SingleQueryingEnumerable`1.Enumerator.MoveNext()
   at lambda_method(Closure , Object , IEnumerable`1 , ResolutionContext )
   --- End of inner exception stack trace ---
   at lambda_method(Closure , Object , IEnumerable`1 , ResolutionContext )
   at CWB.ProductionPlanWO.Services.WOService.AllProcPlan(Int64 tenantId) in F:\CWBworking\CWB.ProductionPlanWO\Services\WOService.cs:line 894
   at CWB.ProductionPlanWO.Controllers.WOController.GetAllProcPlan(Int64 tenantId) in F:\CWBworking\CWB.ProductionPlanWO\Controllers\WOController.cs:line 264
   at Microsoft.AspNetCore.Mvc.Infrastructure.ActionMethodExecutor.TaskOfIActionResultExecutor.Execute(IActionResultTypeMapper mapper, ObjectMethodExecutor executor, Object controller, Object[] arguments)
   at Microsoft.AspNetCore.Mvc.Infrastructure.ControllerActionInvoker.<InvokeActionMethodAsync>g__Awaited|12_0(ControllerActionInvoker invoker, ValueTask`1 actionResultValueTask)
   at Microsoft.AspNetCore.Mvc.Infrastructure.ControllerActionInvoker.<InvokeNextActionFilterAsync>g__Awaited|10_0(ControllerActionInvoker invoker, Task lastTask, State next, Scope scope, Object state, Boolean isCompleted)
   at Microsoft.AspNetCore.Mvc.Infrastructure.ControllerActionInvoker.Rethrow(ActionExecutedContextSealed context)
   at Microsoft.AspNetCore.Mvc.Infrastructure.ControllerActionInvoker.Next(State& next, Scope& scope, Object& state, Boolean& isCompleted)
   at Microsoft.AspNetCore.Mvc.Infrastructure.ControllerActionInvoker.InvokeInnerFilterAsync()
--- End of stack trace from previous location where exception was thrown ---
   at Microsoft.AspNetCore.Mvc.Infrastructure.ResourceInvoker.<InvokeFilterPipelineAsync>g__Awaited|19_0(ResourceInvoker invoker, Task lastTask, State next, Scope scope, Object state, Boolean isCompleted)
   at Microsoft.AspNetCore.Mvc.Infrastructure.ResourceInvoker.<InvokeAsync>g__Awaited|17_0(ResourceInvoker invoker, Task task, IDisposable scope)
   at Microsoft.AspNetCore.Routing.EndpointMiddleware.<Invoke>g__AwaitRequestTask|6_0(Endpoint endpoint, Task requestTask, ILogger logger)
   at Microsoft.AspNetCore.Authorization.AuthorizationMiddleware.Invoke(HttpContext context)
   at Microsoft.AspNetCore.Authentication.AuthenticationMiddleware.Invoke(HttpContext context)
   at CWB.ExceptionHandling.ExceptionMiddleware.InvokeAsync(HttpContext httpContext) in F:\CWBworking\CWB.ExceptionHandling\ExceptionMiddleware.cs:line 26
2026-04-16 10:41:35.9096 ERROR Error: AutoMapper.AutoMapperMappingException: Error mapping types.

Mapping types:
EntityQueryable`1 -> IEnumerable`1
Microsoft.EntityFrameworkCore.Query.Internal.EntityQueryable`1[[CWB.ProductionPlanWO.Domain.ProductionPlan_WO, CWB.ProductionPlanWO, Version=1.0.0.0, Culture=neutral, PublicKeyToken=null]] -> System.Collections.Generic.IEnumerable`1[[CWB.ProductionPlanWO.ViewModels.ProductionPlan_WOVM, CWB.ProductionPlanWO, Version=1.0.0.0, Culture=neutral, PublicKeyToken=null]]
 ---> MySqlConnector.MySqlException (0x80004005): Unknown column 'p.Combined_WO' in 'field list'
   at MySqlConnector.Core.ResultSet.ReadResultSetHeaderAsync(IOBehavior ioBehavior) in /_/src/MySqlConnector/Core/ResultSet.cs:line 50
   at MySqlConnector.MySqlDataReader.ActivateResultSet(CancellationToken cancellationToken) in /_/src/MySqlConnector/MySqlDataReader.cs:line 119
   at MySqlConnector.MySqlDataReader.CreateAsync(CommandListPosition commandListPosition, ICommandPayloadCreator payloadCreator, IDictionary`2 cachedProcedures, IMySqlCommand command, CommandBehavior behavior, IOBehavior ioBehavior, CancellationToken cancellationToken) in /_/src/MySqlConnector/MySqlDataReader.cs:line 445
   at MySqlConnector.Core.CommandExecutor.ExecuteReaderAsync(IReadOnlyList`1 commands, ICommandPayloadCreator payloadCreator, CommandBehavior behavior, IOBehavior ioBehavior, CancellationToken cancellationToken) in /_/src/MySqlConnector/Core/CommandExecutor.cs:line 60
   at MySqlConnector.MySqlCommand.ExecuteReaderAsync(CommandBehavior behavior, IOBehavior ioBehavior, CancellationToken cancellationToken) in /_/src/MySqlConnector/MySqlCommand.cs:line 320
   at MySqlConnector.MySqlCommand.ExecuteDbDataReader(CommandBehavior behavior) in /_/src/MySqlConnector/MySqlCommand.cs:line 261
   at Microsoft.EntityFrameworkCore.Storage.RelationalCommand.ExecuteReader(RelationalCommandParameterObject parameterObject)
   at Microsoft.EntityFrameworkCore.Query.Internal.SingleQueryingEnumerable`1.Enumerator.InitializeReader(DbContext _, Boolean result)
   at Pomelo.EntityFrameworkCore.MySql.Storage.Internal.MySqlExecutionStrategy.Execute[TState,TResult](TState state, Func`3 operation, Func`3 verifySucceeded)
   at Microsoft.EntityFrameworkCore.Query.Internal.SingleQueryingEnumerable`1.Enumerator.MoveNext()
   at lambda_method(Closure , Object , IEnumerable`1 , ResolutionContext )
   --- End of inner exception stack trace ---
   at lambda_method(Closure , Object , IEnumerable`1 , ResolutionContext )
   at CWB.ProductionPlanWO.Services.WOService.AllProductionWo(Int64 tenantId) in F:\CWBworking\CWB.ProductionPlanWO\Services\WOService.cs:line 1075
   at CWB.ProductionPlanWO.Controllers.WOController.AllProductionWos(Int64 tenantId) in F:\CWBworking\CWB.ProductionPlanWO\Controllers\WOController.cs:line 254
   at Microsoft.AspNetCore.Mvc.Infrastructure.ActionMethodExecutor.TaskOfIActionResultExecutor.Execute(IActionResultTypeMapper mapper, ObjectMethodExecutor executor, Object controller, Object[] arguments)
   at Microsoft.AspNetCore.Mvc.Infrastructure.ControllerActionInvoker.<InvokeActionMethodAsync>g__Awaited|12_0(ControllerActionInvoker invoker, ValueTask`1 actionResultValueTask)
   at Microsoft.AspNetCore.Mvc.Infrastructure.ControllerActionInvoker.<InvokeNextActionFilterAsync>g__Awaited|10_0(ControllerActionInvoker invoker, Task lastTask, State next, Scope scope, Object state, Boolean isCompleted)
   at Microsoft.AspNetCore.Mvc.Infrastructure.ControllerActionInvoker.Rethrow(ActionExecutedContextSealed context)
   at Microsoft.AspNetCore.Mvc.Infrastructure.ControllerActionInvoker.Next(State& next, Scope& scope, Object& state, Boolean& isCompleted)
   at Microsoft.AspNetCore.Mvc.Infrastructure.ControllerActionInvoker.InvokeInnerFilterAsync()
--- End of stack trace from previous location where exception was thrown ---
   at Microsoft.AspNetCore.Mvc.Infrastructure.ResourceInvoker.<InvokeFilterPipelineAsync>g__Awaited|19_0(ResourceInvoker invoker, Task lastTask, State next, Scope scope, Object state, Boolean isCompleted)
   at Microsoft.AspNetCore.Mvc.Infrastructure.ResourceInvoker.<InvokeAsync>g__Awaited|17_0(ResourceInvoker invoker, Task task, IDisposable scope)
   at Microsoft.AspNetCore.Routing.EndpointMiddleware.<Invoke>g__AwaitRequestTask|6_0(Endpoint endpoint, Task requestTask, ILogger logger)
   at Microsoft.AspNetCore.Authorization.AuthorizationMiddleware.Invoke(HttpContext context)
   at Microsoft.AspNetCore.Authentication.AuthenticationMiddleware.Invoke(HttpContext context)
   at CWB.ExceptionHandling.ExceptionMiddleware.InvokeAsync(HttpContext httpContext) in F:\CWBworking\CWB.ExceptionHandling\ExceptionMiddleware.cs:line 26
2026-04-16 10:41:36.2174 ERROR Error: AutoMapper.AutoMapperMappingException: Error mapping types.

Mapping types:
EntityQueryable`1 -> IEnumerable`1
Microsoft.EntityFrameworkCore.Query.Internal.EntityQueryable`1[[CWB.ProductionPlanWO.Domain.ProductionPlan_WO, CWB.ProductionPlanWO, Version=1.0.0.0, Culture=neutral, PublicKeyToken=null]] -> System.Collections.Generic.IEnumerable`1[[CWB.ProductionPlanWO.ViewModels.ProductionPlan_WOVM, CWB.ProductionPlanWO, Version=1.0.0.0, Culture=neutral, PublicKeyToken=null]]
 ---> MySqlConnector.MySqlException (0x80004005): Unknown column 'p.Combined_WO' in 'field list'
   at MySqlConnector.Core.ResultSet.ReadResultSetHeaderAsync(IOBehavior ioBehavior) in /_/src/MySqlConnector/Core/ResultSet.cs:line 50
   at MySqlConnector.MySqlDataReader.ActivateResultSet(CancellationToken cancellationToken) in /_/src/MySqlConnector/MySqlDataReader.cs:line 119
   at MySqlConnector.MySqlDataReader.CreateAsync(CommandListPosition commandListPosition, ICommandPayloadCreator payloadCreator, IDictionary`2 cachedProcedures, IMySqlCommand command, CommandBehavior behavior, IOBehavior ioBehavior, CancellationToken cancellationToken) in /_/src/MySqlConnector/MySqlDataReader.cs:line 445
   at MySqlConnector.Core.CommandExecutor.ExecuteReaderAsync(IReadOnlyList`1 commands, ICommandPayloadCreator payloadCreator, CommandBehavior behavior, IOBehavior ioBehavior, CancellationToken cancellationToken) in /_/src/MySqlConnector/Core/CommandExecutor.cs:line 60
   at MySqlConnector.MySqlCommand.ExecuteReaderAsync(CommandBehavior behavior, IOBehavior ioBehavior, CancellationToken cancellationToken) in /_/src/MySqlConnector/MySqlCommand.cs:line 320
   at MySqlConnector.MySqlCommand.ExecuteDbDataReader(CommandBehavior behavior) in /_/src/MySqlConnector/MySqlCommand.cs:line 261
   at Microsoft.EntityFrameworkCore.Storage.RelationalCommand.ExecuteReader(RelationalCommandParameterObject parameterObject)
   at Microsoft.EntityFrameworkCore.Query.Internal.SingleQueryingEnumerable`1.Enumerator.InitializeReader(DbContext _, Boolean result)
   at Pomelo.EntityFrameworkCore.MySql.Storage.Internal.MySqlExecutionStrategy.Execute[TState,TResult](TState state, Func`3 operation, Func`3 verifySucceeded)
   at Microsoft.EntityFrameworkCore.Query.Internal.SingleQueryingEnumerable`1.Enumerator.MoveNext()
   at lambda_method(Closure , Object , IEnumerable`1 , ResolutionContext )
   --- End of inner exception stack trace ---
   at lambda_method(Closure , Object , IEnumerable`1 , ResolutionContext )
   at CWB.ProductionPlanWO.Services.WOService.AllProductionWo(Int64 tenantId) in F:\CWBworking\CWB.ProductionPlanWO\Services\WOService.cs:line 1075
   at CWB.ProductionPlanWO.Controllers.WOController.AllProductionWos(Int64 tenantId) in F:\CWBworking\CWB.ProductionPlanWO\Controllers\WOController.cs:line 254
   at Microsoft.AspNetCore.Mvc.Infrastructure.ActionMethodExecutor.TaskOfIActionResultExecutor.Execute(IActionResultTypeMapper mapper, ObjectMethodExecutor executor, Object controller, Object[] arguments)
   at Microsoft.AspNetCore.Mvc.Infrastructure.ControllerActionInvoker.<InvokeActionMethodAsync>g__Awaited|12_0(ControllerActionInvoker invoker, ValueTask`1 actionResultValueTask)
   at Microsoft.AspNetCore.Mvc.Infrastructure.ControllerActionInvoker.<InvokeNextActionFilterAsync>g__Awaited|10_0(ControllerActionInvoker invoker, Task lastTask, State next, Scope scope, Object state, Boolean isCompleted)
   at Microsoft.AspNetCore.Mvc.Infrastructure.ControllerActionInvoker.Rethrow(ActionExecutedContextSealed context)
   at Microsoft.AspNetCore.Mvc.Infrastructure.ControllerActionInvoker.Next(State& next, Scope& scope, Object& state, Boolean& isCompleted)
   at Microsoft.AspNetCore.Mvc.Infrastructure.ControllerActionInvoker.InvokeInnerFilterAsync()
--- End of stack trace from previous location where exception was thrown ---
   at Microsoft.AspNetCore.Mvc.Infrastructure.ResourceInvoker.<InvokeFilterPipelineAsync>g__Awaited|19_0(ResourceInvoker invoker, Task lastTask, State next, Scope scope, Object state, Boolean isCompleted)
   at Microsoft.AspNetCore.Mvc.Infrastructure.ResourceInvoker.<InvokeAsync>g__Awaited|17_0(ResourceInvoker invoker, Task task, IDisposable scope)
   at Microsoft.AspNetCore.Routing.EndpointMiddleware.<Invoke>g__AwaitRequestTask|6_0(Endpoint endpoint, Task requestTask, ILogger logger)
   at Microsoft.AspNetCore.Authorization.AuthorizationMiddleware.Invoke(HttpContext context)
   at Microsoft.AspNetCore.Authentication.AuthenticationMiddleware.Invoke(HttpContext context)
   at CWB.ExceptionHandling.ExceptionMiddleware.InvokeAsync(HttpContext httpContext) in F:\CWBworking\CWB.ExceptionHandling\ExceptionMiddleware.cs:line 26
2026-04-16 10:51:49.7172 ERROR Error: AutoMapper.AutoMapperMappingException: Error mapping types.

Mapping types:
EntityQueryable`1 -> IEnumerable`1
Microsoft.EntityFrameworkCore.Query.Internal.EntityQueryable`1[[CWB.ProductionPlanWO.Domain.ProductionPlan_WO, CWB.ProductionPlanWO, Version=1.0.0.0, Culture=neutral, PublicKeyToken=null]] -> System.Collections.Generic.IEnumerable`1[[CWB.ProductionPlanWO.ViewModels.ProductionPlan_WOVM, CWB.ProductionPlanWO, Version=1.0.0.0, Culture=neutral, PublicKeyToken=null]]
 ---> MySqlConnector.MySqlException (0x80004005): Unknown column 'p.Combined_WO' in 'field list'
   at MySqlConnector.Core.ResultSet.ReadResultSetHeaderAsync(IOBehavior ioBehavior) in /_/src/MySqlConnector/Core/ResultSet.cs:line 50
   at MySqlConnector.MySqlDataReader.ActivateResultSet(CancellationToken cancellationToken) in /_/src/MySqlConnector/MySqlDataReader.cs:line 119
   at MySqlConnector.MySqlDataReader.CreateAsync(CommandListPosition commandListPosition, ICommandPayloadCreator payloadCreator, IDictionary`2 cachedProcedures, IMySqlCommand command, CommandBehavior behavior, IOBehavior ioBehavior, CancellationToken cancellationToken) in /_/src/MySqlConnector/MySqlDataReader.cs:line 445
   at MySqlConnector.Core.CommandExecutor.ExecuteReaderAsync(IReadOnlyList`1 commands, ICommandPayloadCreator payloadCreator, CommandBehavior behavior, IOBehavior ioBehavior, CancellationToken cancellationToken) in /_/src/MySqlConnector/Core/CommandExecutor.cs:line 60
   at MySqlConnector.MySqlCommand.ExecuteReaderAsync(CommandBehavior behavior, IOBehavior ioBehavior, CancellationToken cancellationToken) in /_/src/MySqlConnector/MySqlCommand.cs:line 320
   at MySqlConnector.MySqlCommand.ExecuteDbDataReader(CommandBehavior behavior) in /_/src/MySqlConnector/MySqlCommand.cs:line 261
   at Microsoft.EntityFrameworkCore.Storage.RelationalCommand.ExecuteReader(RelationalCommandParameterObject parameterObject)
   at Microsoft.EntityFrameworkCore.Query.Internal.SingleQueryingEnumerable`1.Enumerator.InitializeReader(DbContext _, Boolean result)
   at Pomelo.EntityFrameworkCore.MySql.Storage.Internal.MySqlExecutionStrategy.Execute[TState,TResult](TState state, Func`3 operation, Func`3 verifySucceeded)
   at Microsoft.EntityFrameworkCore.Query.Internal.SingleQueryingEnumerable`1.Enumerator.MoveNext()
   at lambda_method(Closure , Object , IEnumerable`1 , ResolutionContext )
   --- End of inner exception stack trace ---
   at lambda_method(Closure , Object , IEnumerable`1 , ResolutionContext )
   at CWB.ProductionPlanWO.Services.WOService.AllProductionWo(Int64 tenantId) in F:\CWBworking\CWB.ProductionPlanWO\Services\WOService.cs:line 1075
   at CWB.ProductionPlanWO.Services.WOService.AllProductionWoReadForProd(Int64 tenantId) in F:\CWBworking\CWB.ProductionPlanWO\Services\WOService.cs:line 4523
   at CWB.ProductionPlanWO.Controllers.WOController.AllProductionWoReadForProd(Int64 tenantId) in F:\CWBworking\CWB.ProductionPlanWO\Controllers\WOController.cs:line 1732
   at Microsoft.AspNetCore.Mvc.Infrastructure.ActionMethodExecutor.TaskOfIActionResultExecutor.Execute(IActionResultTypeMapper mapper, ObjectMethodExecutor executor, Object controller, Object[] arguments)
   at Microsoft.AspNetCore.Mvc.Infrastructure.ControllerActionInvoker.<InvokeActionMethodAsync>g__Awaited|12_0(ControllerActionInvoker invoker, ValueTask`1 actionResultValueTask)
   at Microsoft.AspNetCore.Mvc.Infrastructure.ControllerActionInvoker.<InvokeNextActionFilterAsync>g__Awaited|10_0(ControllerActionInvoker invoker, Task lastTask, State next, Scope scope, Object state, Boolean isCompleted)
   at Microsoft.AspNetCore.Mvc.Infrastructure.ControllerActionInvoker.Rethrow(ActionExecutedContextSealed context)
   at Microsoft.AspNetCore.Mvc.Infrastructure.ControllerActionInvoker.Next(State& next, Scope& scope, Object& state, Boolean& isCompleted)
   at Microsoft.AspNetCore.Mvc.Infrastructure.ControllerActionInvoker.InvokeInnerFilterAsync()
--- End of stack trace from previous location where exception was thrown ---
   at Microsoft.AspNetCore.Mvc.Infrastructure.ResourceInvoker.<InvokeFilterPipelineAsync>g__Awaited|19_0(ResourceInvoker invoker, Task lastTask, State next, Scope scope, Object state, Boolean isCompleted)
   at Microsoft.AspNetCore.Mvc.Infrastructure.ResourceInvoker.<InvokeAsync>g__Awaited|17_0(ResourceInvoker invoker, Task task, IDisposable scope)
   at Microsoft.AspNetCore.Routing.EndpointMiddleware.<Invoke>g__AwaitRequestTask|6_0(Endpoint endpoint, Task requestTask, ILogger logger)
   at Microsoft.AspNetCore.Authorization.AuthorizationMiddleware.Invoke(HttpContext context)
   at Microsoft.AspNetCore.Authentication.AuthenticationMiddleware.Invoke(HttpContext context)
   at CWB.ExceptionHandling.ExceptionMiddleware.InvokeAsync(HttpContext httpContext) in F:\CWBworking\CWB.ExceptionHandling\ExceptionMiddleware.cs:line 26
2026-04-16 10:51:53.1958 ERROR Error: AutoMapper.AutoMapperMappingException: Error mapping types.

Mapping types:
EntityQueryable`1 -> IEnumerable`1
Microsoft.EntityFrameworkCore.Query.Internal.EntityQueryable`1[[CWB.ProductionPlanWO.Domain.ProductionPlan_WO, CWB.ProductionPlanWO, Version=1.0.0.0, Culture=neutral, PublicKeyToken=null]] -> System.Collections.Generic.IEnumerable`1[[CWB.ProductionPlanWO.ViewModels.ProductionPlan_WOVM, CWB.ProductionPlanWO, Version=1.0.0.0, Culture=neutral, PublicKeyToken=null]]
 ---> MySqlConnector.MySqlException (0x80004005): Unknown column 'p.Combined_WO' in 'field list'
   at MySqlConnector.Core.ResultSet.ReadResultSetHeaderAsync(IOBehavior ioBehavior) in /_/src/MySqlConnector/Core/ResultSet.cs:line 50
   at MySqlConnector.MySqlDataReader.ActivateResultSet(CancellationToken cancellationToken) in /_/src/MySqlConnector/MySqlDataReader.cs:line 119
   at MySqlConnector.MySqlDataReader.CreateAsync(CommandListPosition commandListPosition, ICommandPayloadCreator payloadCreator, IDictionary`2 cachedProcedures, IMySqlCommand command, CommandBehavior behavior, IOBehavior ioBehavior, CancellationToken cancellationToken) in /_/src/MySqlConnector/MySqlDataReader.cs:line 445
   at MySqlConnector.Core.CommandExecutor.ExecuteReaderAsync(IReadOnlyList`1 commands, ICommandPayloadCreator payloadCreator, CommandBehavior behavior, IOBehavior ioBehavior, CancellationToken cancellationToken) in /_/src/MySqlConnector/Core/CommandExecutor.cs:line 60
   at MySqlConnector.MySqlCommand.ExecuteReaderAsync(CommandBehavior behavior, IOBehavior ioBehavior, CancellationToken cancellationToken) in /_/src/MySqlConnector/MySqlCommand.cs:line 320
   at MySqlConnector.MySqlCommand.ExecuteDbDataReader(CommandBehavior behavior) in /_/src/MySqlConnector/MySqlCommand.cs:line 261
   at Microsoft.EntityFrameworkCore.Storage.RelationalCommand.ExecuteReader(RelationalCommandParameterObject parameterObject)
   at Microsoft.EntityFrameworkCore.Query.Internal.SingleQueryingEnumerable`1.Enumerator.InitializeReader(DbContext _, Boolean result)
   at Pomelo.EntityFrameworkCore.MySql.Storage.Internal.MySqlExecutionStrategy.Execute[TState,TResult](TState state, Func`3 operation, Func`3 verifySucceeded)
   at Microsoft.EntityFrameworkCore.Query.Internal.SingleQueryingEnumerable`1.Enumerator.MoveNext()
   at lambda_method(Closure , Object , IEnumerable`1 , ResolutionContext )
   --- End of inner exception stack trace ---
   at lambda_method(Closure , Object , IEnumerable`1 , ResolutionContext )
   at CWB.ProductionPlanWO.Services.WOService.AllProductionWo(Int64 tenantId) in F:\CWBworking\CWB.ProductionPlanWO\Services\WOService.cs:line 1075
   at CWB.ProductionPlanWO.Services.WOService.GetAllReadyforProductionWo(Int64 tenantId) in F:\CWBworking\CWB.ProductionPlanWO\Services\WOService.cs:line 4620
   at CWB.ProductionPlanWO.Controllers.WOController.GetAllReadyforProductionWo(Int64 tenantId) in F:\CWBworking\CWB.ProductionPlanWO\Controllers\WOController.cs:line 1741
   at Microsoft.AspNetCore.Mvc.Infrastructure.ActionMethodExecutor.TaskOfIActionResultExecutor.Execute(IActionResultTypeMapper mapper, ObjectMethodExecutor executor, Object controller, Object[] arguments)
   at Microsoft.AspNetCore.Mvc.Infrastructure.ControllerActionInvoker.<InvokeActionMethodAsync>g__Awaited|12_0(ControllerActionInvoker invoker, ValueTask`1 actionResultValueTask)
   at Microsoft.AspNetCore.Mvc.Infrastructure.ControllerActionInvoker.<InvokeNextActionFilterAsync>g__Awaited|10_0(ControllerActionInvoker invoker, Task lastTask, State next, Scope scope, Object state, Boolean isCompleted)
   at Microsoft.AspNetCore.Mvc.Infrastructure.ControllerActionInvoker.Rethrow(ActionExecutedContextSealed context)
   at Microsoft.AspNetCore.Mvc.Infrastructure.ControllerActionInvoker.Next(State& next, Scope& scope, Object& state, Boolean& isCompleted)
   at Microsoft.AspNetCore.Mvc.Infrastructure.ControllerActionInvoker.InvokeInnerFilterAsync()
--- End of stack trace from previous location where exception was thrown ---
   at Microsoft.AspNetCore.Mvc.Infrastructure.ResourceInvoker.<InvokeFilterPipelineAsync>g__Awaited|19_0(ResourceInvoker invoker, Task lastTask, State next, Scope scope, Object state, Boolean isCompleted)
   at Microsoft.AspNetCore.Mvc.Infrastructure.ResourceInvoker.<InvokeAsync>g__Awaited|17_0(ResourceInvoker invoker, Task task, IDisposable scope)
   at Microsoft.AspNetCore.Routing.EndpointMiddleware.<Invoke>g__AwaitRequestTask|6_0(Endpoint endpoint, Task requestTask, ILogger logger)
   at Microsoft.AspNetCore.Authorization.AuthorizationMiddleware.Invoke(HttpContext context)
   at Microsoft.AspNetCore.Authentication.AuthenticationMiddleware.Invoke(HttpContext context)
   at CWB.ExceptionHandling.ExceptionMiddleware.InvokeAsync(HttpContext httpContext) in F:\CWBworking\CWB.ExceptionHandling\ExceptionMiddleware.cs:line 26
2026-04-16 10:51:56.0665 ERROR Error: AutoMapper.AutoMapperMappingException: Error mapping types.

Mapping types:
EntityQueryable`1 -> IEnumerable`1
Microsoft.EntityFrameworkCore.Query.Internal.EntityQueryable`1[[CWB.ProductionPlanWO.Domain.ProductionPlan_WO, CWB.ProductionPlanWO, Version=1.0.0.0, Culture=neutral, PublicKeyToken=null]] -> System.Collections.Generic.IEnumerable`1[[CWB.ProductionPlanWO.ViewModels.ProductionPlan_WOVM, CWB.ProductionPlanWO, Version=1.0.0.0, Culture=neutral, PublicKeyToken=null]]
 ---> MySqlConnector.MySqlException (0x80004005): Unknown column 'p.Combined_WO' in 'field list'
   at MySqlConnector.Core.ResultSet.ReadResultSetHeaderAsync(IOBehavior ioBehavior) in /_/src/MySqlConnector/Core/ResultSet.cs:line 50
   at MySqlConnector.MySqlDataReader.ActivateResultSet(CancellationToken cancellationToken) in /_/src/MySqlConnector/MySqlDataReader.cs:line 119
   at MySqlConnector.MySqlDataReader.CreateAsync(CommandListPosition commandListPosition, ICommandPayloadCreator payloadCreator, IDictionary`2 cachedProcedures, IMySqlCommand command, CommandBehavior behavior, IOBehavior ioBehavior, CancellationToken cancellationToken) in /_/src/MySqlConnector/MySqlDataReader.cs:line 445
   at MySqlConnector.Core.CommandExecutor.ExecuteReaderAsync(IReadOnlyList`1 commands, ICommandPayloadCreator payloadCreator, CommandBehavior behavior, IOBehavior ioBehavior, CancellationToken cancellationToken) in /_/src/MySqlConnector/Core/CommandExecutor.cs:line 60
   at MySqlConnector.MySqlCommand.ExecuteReaderAsync(CommandBehavior behavior, IOBehavior ioBehavior, CancellationToken cancellationToken) in /_/src/MySqlConnector/MySqlCommand.cs:line 320
   at MySqlConnector.MySqlCommand.ExecuteDbDataReader(CommandBehavior behavior) in /_/src/MySqlConnector/MySqlCommand.cs:line 261
   at Microsoft.EntityFrameworkCore.Storage.RelationalCommand.ExecuteReader(RelationalCommandParameterObject parameterObject)
   at Microsoft.EntityFrameworkCore.Query.Internal.SingleQueryingEnumerable`1.Enumerator.InitializeReader(DbContext _, Boolean result)
   at Pomelo.EntityFrameworkCore.MySql.Storage.Internal.MySqlExecutionStrategy.Execute[TState,TResult](TState state, Func`3 operation, Func`3 verifySucceeded)
   at Microsoft.EntityFrameworkCore.Query.Internal.SingleQueryingEnumerable`1.Enumerator.MoveNext()
   at lambda_method(Closure , Object , IEnumerable`1 , ResolutionContext )
   --- End of inner exception stack trace ---
   at lambda_method(Closure , Object , IEnumerable`1 , ResolutionContext )
   at CWB.ProductionPlanWO.Services.WOService.AllProductionWo(Int64 tenantId) in F:\CWBworking\CWB.ProductionPlanWO\Services\WOService.cs:line 1075
   at CWB.ProductionPlanWO.Services.WOService.GetAllReadyforProductionWo(Int64 tenantId) in F:\CWBworking\CWB.ProductionPlanWO\Services\WOService.cs:line 4620
   at CWB.ProductionPlanWO.Controllers.WOController.GetAllReadyforProductionWo(Int64 tenantId) in F:\CWBworking\CWB.ProductionPlanWO\Controllers\WOController.cs:line 1741
   at Microsoft.AspNetCore.Mvc.Infrastructure.ActionMethodExecutor.TaskOfIActionResultExecutor.Execute(IActionResultTypeMapper mapper, ObjectMethodExecutor executor, Object controller, Object[] arguments)
   at Microsoft.AspNetCore.Mvc.Infrastructure.ControllerActionInvoker.<InvokeActionMethodAsync>g__Awaited|12_0(ControllerActionInvoker invoker, ValueTask`1 actionResultValueTask)
   at Microsoft.AspNetCore.Mvc.Infrastructure.ControllerActionInvoker.<InvokeNextActionFilterAsync>g__Awaited|10_0(ControllerActionInvoker invoker, Task lastTask, State next, Scope scope, Object state, Boolean isCompleted)
   at Microsoft.AspNetCore.Mvc.Infrastructure.ControllerActionInvoker.Rethrow(ActionExecutedContextSealed context)
   at Microsoft.AspNetCore.Mvc.Infrastructure.ControllerActionInvoker.Next(State& next, Scope& scope, Object& state, Boolean& isCompleted)
   at Microsoft.AspNetCore.Mvc.Infrastructure.ControllerActionInvoker.InvokeInnerFilterAsync()
--- End of stack trace from previous location where exception was thrown ---
   at Microsoft.AspNetCore.Mvc.Infrastructure.ResourceInvoker.<InvokeFilterPipelineAsync>g__Awaited|19_0(ResourceInvoker invoker, Task lastTask, State next, Scope scope, Object state, Boolean isCompleted)
   at Microsoft.AspNetCore.Mvc.Infrastructure.ResourceInvoker.<InvokeAsync>g__Awaited|17_0(ResourceInvoker invoker, Task task, IDisposable scope)
   at Microsoft.AspNetCore.Routing.EndpointMiddleware.<Invoke>g__AwaitRequestTask|6_0(Endpoint endpoint, Task requestTask, ILogger logger)
   at Microsoft.AspNetCore.Authorization.AuthorizationMiddleware.Invoke(HttpContext context)
   at Microsoft.AspNetCore.Authentication.AuthenticationMiddleware.Invoke(HttpContext context)
   at CWB.ExceptionHandling.ExceptionMiddleware.InvokeAsync(HttpContext httpContext) in F:\CWBworking\CWB.ExceptionHandling\ExceptionMiddleware.cs:line 26
2026-04-16 10:51:58.3638 ERROR Error: AutoMapper.AutoMapperMappingException: Error mapping types.

Mapping types:
EntityQueryable`1 -> IEnumerable`1
Microsoft.EntityFrameworkCore.Query.Internal.EntityQueryable`1[[CWB.ProductionPlanWO.Domain.ProductionPlan_WO, CWB.ProductionPlanWO, Version=1.0.0.0, Culture=neutral, PublicKeyToken=null]] -> System.Collections.Generic.IEnumerable`1[[CWB.ProductionPlanWO.ViewModels.ProductionPlan_WOVM, CWB.ProductionPlanWO, Version=1.0.0.0, Culture=neutral, PublicKeyToken=null]]
 ---> MySqlConnector.MySqlException (0x80004005): Unknown column 'p.Combined_WO' in 'field list'
   at MySqlConnector.Core.ResultSet.ReadResultSetHeaderAsync(IOBehavior ioBehavior) in /_/src/MySqlConnector/Core/ResultSet.cs:line 50
   at MySqlConnector.MySqlDataReader.ActivateResultSet(CancellationToken cancellationToken) in /_/src/MySqlConnector/MySqlDataReader.cs:line 119
   at MySqlConnector.MySqlDataReader.CreateAsync(CommandListPosition commandListPosition, ICommandPayloadCreator payloadCreator, IDictionary`2 cachedProcedures, IMySqlCommand command, CommandBehavior behavior, IOBehavior ioBehavior, CancellationToken cancellationToken) in /_/src/MySqlConnector/MySqlDataReader.cs:line 445
   at MySqlConnector.Core.CommandExecutor.ExecuteReaderAsync(IReadOnlyList`1 commands, ICommandPayloadCreator payloadCreator, CommandBehavior behavior, IOBehavior ioBehavior, CancellationToken cancellationToken) in /_/src/MySqlConnector/Core/CommandExecutor.cs:line 60
   at MySqlConnector.MySqlCommand.ExecuteReaderAsync(CommandBehavior behavior, IOBehavior ioBehavior, CancellationToken cancellationToken) in /_/src/MySqlConnector/MySqlCommand.cs:line 320
   at MySqlConnector.MySqlCommand.ExecuteDbDataReader(CommandBehavior behavior) in /_/src/MySqlConnector/MySqlCommand.cs:line 261
   at Microsoft.EntityFrameworkCore.Storage.RelationalCommand.ExecuteReader(RelationalCommandParameterObject parameterObject)
   at Microsoft.EntityFrameworkCore.Query.Internal.SingleQueryingEnumerable`1.Enumerator.InitializeReader(DbContext _, Boolean result)
   at Pomelo.EntityFrameworkCore.MySql.Storage.Internal.MySqlExecutionStrategy.Execute[TState,TResult](TState state, Func`3 operation, Func`3 verifySucceeded)
   at Microsoft.EntityFrameworkCore.Query.Internal.SingleQueryingEnumerable`1.Enumerator.MoveNext()
   at lambda_method(Closure , Object , IEnumerable`1 , ResolutionContext )
   --- End of inner exception stack trace ---
   at lambda_method(Closure , Object , IEnumerable`1 , ResolutionContext )
   at CWB.ProductionPlanWO.Services.WOService.AllProductionWo(Int64 tenantId) in F:\CWBworking\CWB.ProductionPlanWO\Services\WOService.cs:line 1075
   at CWB.ProductionPlanWO.Services.WOService.AllProductionWoReadForProd(Int64 tenantId) in F:\CWBworking\CWB.ProductionPlanWO\Services\WOService.cs:line 4523
   at CWB.ProductionPlanWO.Controllers.WOController.AllProductionWoReadForProd(Int64 tenantId) in F:\CWBworking\CWB.ProductionPlanWO\Controllers\WOController.cs:line 1732
   at Microsoft.AspNetCore.Mvc.Infrastructure.ActionMethodExecutor.TaskOfIActionResultExecutor.Execute(IActionResultTypeMapper mapper, ObjectMethodExecutor executor, Object controller, Object[] arguments)
   at Microsoft.AspNetCore.Mvc.Infrastructure.ControllerActionInvoker.<InvokeActionMethodAsync>g__Awaited|12_0(ControllerActionInvoker invoker, ValueTask`1 actionResultValueTask)
   at Microsoft.AspNetCore.Mvc.Infrastructure.ControllerActionInvoker.<InvokeNextActionFilterAsync>g__Awaited|10_0(ControllerActionInvoker invoker, Task lastTask, State next, Scope scope, Object state, Boolean isCompleted)
   at Microsoft.AspNetCore.Mvc.Infrastructure.ControllerActionInvoker.Rethrow(ActionExecutedContextSealed context)
   at Microsoft.AspNetCore.Mvc.Infrastructure.ControllerActionInvoker.Next(State& next, Scope& scope, Object& state, Boolean& isCompleted)
   at Microsoft.AspNetCore.Mvc.Infrastructure.ControllerActionInvoker.InvokeInnerFilterAsync()
--- End of stack trace from previous location where exception was thrown ---
   at Microsoft.AspNetCore.Mvc.Infrastructure.ResourceInvoker.<InvokeFilterPipelineAsync>g__Awaited|19_0(ResourceInvoker invoker, Task lastTask, State next, Scope scope, Object state, Boolean isCompleted)
   at Microsoft.AspNetCore.Mvc.Infrastructure.ResourceInvoker.<InvokeAsync>g__Awaited|17_0(ResourceInvoker invoker, Task task, IDisposable scope)
   at Microsoft.AspNetCore.Routing.EndpointMiddleware.<Invoke>g__AwaitRequestTask|6_0(Endpoint endpoint, Task requestTask, ILogger logger)
   at Microsoft.AspNetCore.Authorization.AuthorizationMiddleware.Invoke(HttpContext context)
   at Microsoft.AspNetCore.Authentication.AuthenticationMiddleware.Invoke(HttpContext context)
   at CWB.ExceptionHandling.ExceptionMiddleware.InvokeAsync(HttpContext httpContext) in F:\CWBworking\CWB.ExceptionHandling\ExceptionMiddleware.cs:line 26
2026-04-16 10:51:59.3345 ERROR Error: AutoMapper.AutoMapperMappingException: Error mapping types.

Mapping types:
EntityQueryable`1 -> IEnumerable`1
Microsoft.EntityFrameworkCore.Query.Internal.EntityQueryable`1[[CWB.ProductionPlanWO.Domain.ProcPlan, CWB.ProductionPlanWO, Version=1.0.0.0, Culture=neutral, PublicKeyToken=null]] -> System.Collections.Generic.IEnumerable`1[[CWB.ProductionPlanWO.ViewModels.ProcPlanVM, CWB.ProductionPlanWO, Version=1.0.0.0, Culture=neutral, PublicKeyToken=null]]
 ---> MySqlConnector.MySqlException (0x80004005): Unknown column 'p.Old_Plan_Proc_Qnty' in 'field list'
   at MySqlConnector.Core.ResultSet.ReadResultSetHeaderAsync(IOBehavior ioBehavior) in /_/src/MySqlConnector/Core/ResultSet.cs:line 50
   at MySqlConnector.MySqlDataReader.ActivateResultSet(CancellationToken cancellationToken) in /_/src/MySqlConnector/MySqlDataReader.cs:line 119
   at MySqlConnector.MySqlDataReader.CreateAsync(CommandListPosition commandListPosition, ICommandPayloadCreator payloadCreator, IDictionary`2 cachedProcedures, IMySqlCommand command, CommandBehavior behavior, IOBehavior ioBehavior, CancellationToken cancellationToken) in /_/src/MySqlConnector/MySqlDataReader.cs:line 445
   at MySqlConnector.Core.CommandExecutor.ExecuteReaderAsync(IReadOnlyList`1 commands, ICommandPayloadCreator payloadCreator, CommandBehavior behavior, IOBehavior ioBehavior, CancellationToken cancellationToken) in /_/src/MySqlConnector/Core/CommandExecutor.cs:line 60
   at MySqlConnector.MySqlCommand.ExecuteReaderAsync(CommandBehavior behavior, IOBehavior ioBehavior, CancellationToken cancellationToken) in /_/src/MySqlConnector/MySqlCommand.cs:line 320
   at MySqlConnector.MySqlCommand.ExecuteDbDataReader(CommandBehavior behavior) in /_/src/MySqlConnector/MySqlCommand.cs:line 261
   at Microsoft.EntityFrameworkCore.Storage.RelationalCommand.ExecuteReader(RelationalCommandParameterObject parameterObject)
   at Microsoft.EntityFrameworkCore.Query.Internal.SingleQueryingEnumerable`1.Enumerator.InitializeReader(DbContext _, Boolean result)
   at Pomelo.EntityFrameworkCore.MySql.Storage.Internal.MySqlExecutionStrategy.Execute[TState,TResult](TState state, Func`3 operation, Func`3 verifySucceeded)
   at Microsoft.EntityFrameworkCore.Query.Internal.SingleQueryingEnumerable`1.Enumerator.MoveNext()
   at lambda_method(Closure , Object , IEnumerable`1 , ResolutionContext )
   --- End of inner exception stack trace ---
   at lambda_method(Closure , Object , IEnumerable`1 , ResolutionContext )
   at CWB.ProductionPlanWO.Services.WOService.AllProcPlan(Int64 tenantId) in F:\CWBworking\CWB.ProductionPlanWO\Services\WOService.cs:line 894
   at CWB.ProductionPlanWO.Controllers.WOController.GetAllProcPlan(Int64 tenantId) in F:\CWBworking\CWB.ProductionPlanWO\Controllers\WOController.cs:line 264
   at Microsoft.AspNetCore.Mvc.Infrastructure.ActionMethodExecutor.TaskOfIActionResultExecutor.Execute(IActionResultTypeMapper mapper, ObjectMethodExecutor executor, Object controller, Object[] arguments)
   at Microsoft.AspNetCore.Mvc.Infrastructure.ControllerActionInvoker.<InvokeActionMethodAsync>g__Awaited|12_0(ControllerActionInvoker invoker, ValueTask`1 actionResultValueTask)
   at Microsoft.AspNetCore.Mvc.Infrastructure.ControllerActionInvoker.<InvokeNextActionFilterAsync>g__Awaited|10_0(ControllerActionInvoker invoker, Task lastTask, State next, Scope scope, Object state, Boolean isCompleted)
   at Microsoft.AspNetCore.Mvc.Infrastructure.ControllerActionInvoker.Rethrow(ActionExecutedContextSealed context)
   at Microsoft.AspNetCore.Mvc.Infrastructure.ControllerActionInvoker.Next(State& next, Scope& scope, Object& state, Boolean& isCompleted)
   at Microsoft.AspNetCore.Mvc.Infrastructure.ControllerActionInvoker.InvokeInnerFilterAsync()
--- End of stack trace from previous location where exception was thrown ---
   at Microsoft.AspNetCore.Mvc.Infrastructure.ResourceInvoker.<InvokeFilterPipelineAsync>g__Awaited|19_0(ResourceInvoker invoker, Task lastTask, State next, Scope scope, Object state, Boolean isCompleted)
   at Microsoft.AspNetCore.Mvc.Infrastructure.ResourceInvoker.<InvokeAsync>g__Awaited|17_0(ResourceInvoker invoker, Task task, IDisposable scope)
   at Microsoft.AspNetCore.Routing.EndpointMiddleware.<Invoke>g__AwaitRequestTask|6_0(Endpoint endpoint, Task requestTask, ILogger logger)
   at Microsoft.AspNetCore.Authorization.AuthorizationMiddleware.Invoke(HttpContext context)
   at Microsoft.AspNetCore.Authentication.AuthenticationMiddleware.Invoke(HttpContext context)
   at CWB.ExceptionHandling.ExceptionMiddleware.InvokeAsync(HttpContext httpContext) in F:\CWBworking\CWB.ExceptionHandling\ExceptionMiddleware.cs:line 26
2026-04-16 10:54:32.4783 ERROR Error: AutoMapper.AutoMapperMappingException: Error mapping types.

Mapping types:
EntityQueryable`1 -> IEnumerable`1
Microsoft.EntityFrameworkCore.Query.Internal.EntityQueryable`1[[CWB.ProductionPlanWO.Domain.ProductionPlan_WO, CWB.ProductionPlanWO, Version=1.0.0.0, Culture=neutral, PublicKeyToken=null]] -> System.Collections.Generic.IEnumerable`1[[CWB.ProductionPlanWO.ViewModels.ProductionPlan_WOVM, CWB.ProductionPlanWO, Version=1.0.0.0, Culture=neutral, PublicKeyToken=null]]
 ---> MySqlConnector.MySqlException (0x80004005): Unknown column 'p.Combined_WO' in 'field list'
   at MySqlConnector.Core.ResultSet.ReadResultSetHeaderAsync(IOBehavior ioBehavior) in /_/src/MySqlConnector/Core/ResultSet.cs:line 50
   at MySqlConnector.MySqlDataReader.ActivateResultSet(CancellationToken cancellationToken) in /_/src/MySqlConnector/MySqlDataReader.cs:line 119
   at MySqlConnector.MySqlDataReader.CreateAsync(CommandListPosition commandListPosition, ICommandPayloadCreator payloadCreator, IDictionary`2 cachedProcedures, IMySqlCommand command, CommandBehavior behavior, IOBehavior ioBehavior, CancellationToken cancellationToken) in /_/src/MySqlConnector/MySqlDataReader.cs:line 445
   at MySqlConnector.Core.CommandExecutor.ExecuteReaderAsync(IReadOnlyList`1 commands, ICommandPayloadCreator payloadCreator, CommandBehavior behavior, IOBehavior ioBehavior, CancellationToken cancellationToken) in /_/src/MySqlConnector/Core/CommandExecutor.cs:line 60
   at MySqlConnector.MySqlCommand.ExecuteReaderAsync(CommandBehavior behavior, IOBehavior ioBehavior, CancellationToken cancellationToken) in /_/src/MySqlConnector/MySqlCommand.cs:line 320
   at MySqlConnector.MySqlCommand.ExecuteDbDataReader(CommandBehavior behavior) in /_/src/MySqlConnector/MySqlCommand.cs:line 261
   at Microsoft.EntityFrameworkCore.Storage.RelationalCommand.ExecuteReader(RelationalCommandParameterObject parameterObject)
   at Microsoft.EntityFrameworkCore.Query.Internal.SingleQueryingEnumerable`1.Enumerator.InitializeReader(DbContext _, Boolean result)
   at Pomelo.EntityFrameworkCore.MySql.Storage.Internal.MySqlExecutionStrategy.Execute[TState,TResult](TState state, Func`3 operation, Func`3 verifySucceeded)
   at Microsoft.EntityFrameworkCore.Query.Internal.SingleQueryingEnumerable`1.Enumerator.MoveNext()
   at lambda_method(Closure , Object , IEnumerable`1 , ResolutionContext )
   --- End of inner exception stack trace ---
   at lambda_method(Closure , Object , IEnumerable`1 , ResolutionContext )
   at CWB.ProductionPlanWO.Services.WOService.AllProductionWo(Int64 tenantId) in F:\CWBworking\CWB.ProductionPlanWO\Services\WOService.cs:line 1075
   at CWB.ProductionPlanWO.Services.WOService.AllProductionWoReadForProd(Int64 tenantId) in F:\CWBworking\CWB.ProductionPlanWO\Services\WOService.cs:line 4523
   at CWB.ProductionPlanWO.Controllers.WOController.AllProductionWoReadForProd(Int64 tenantId) in F:\CWBworking\CWB.ProductionPlanWO\Controllers\WOController.cs:line 1732
   at Microsoft.AspNetCore.Mvc.Infrastructure.ActionMethodExecutor.TaskOfIActionResultExecutor.Execute(IActionResultTypeMapper mapper, ObjectMethodExecutor executor, Object controller, Object[] arguments)
   at Microsoft.AspNetCore.Mvc.Infrastructure.ControllerActionInvoker.<InvokeActionMethodAsync>g__Awaited|12_0(ControllerActionInvoker invoker, ValueTask`1 actionResultValueTask)
   at Microsoft.AspNetCore.Mvc.Infrastructure.ControllerActionInvoker.<InvokeNextActionFilterAsync>g__Awaited|10_0(ControllerActionInvoker invoker, Task lastTask, State next, Scope scope, Object state, Boolean isCompleted)
   at Microsoft.AspNetCore.Mvc.Infrastructure.ControllerActionInvoker.Rethrow(ActionExecutedContextSealed context)
   at Microsoft.AspNetCore.Mvc.Infrastructure.ControllerActionInvoker.Next(State& next, Scope& scope, Object& state, Boolean& isCompleted)
   at Microsoft.AspNetCore.Mvc.Infrastructure.ControllerActionInvoker.InvokeInnerFilterAsync()
--- End of stack trace from previous location where exception was thrown ---
   at Microsoft.AspNetCore.Mvc.Infrastructure.ResourceInvoker.<InvokeFilterPipelineAsync>g__Awaited|19_0(ResourceInvoker invoker, Task lastTask, State next, Scope scope, Object state, Boolean isCompleted)
   at Microsoft.AspNetCore.Mvc.Infrastructure.ResourceInvoker.<InvokeAsync>g__Awaited|17_0(ResourceInvoker invoker, Task task, IDisposable scope)
   at Microsoft.AspNetCore.Routing.EndpointMiddleware.<Invoke>g__AwaitRequestTask|6_0(Endpoint endpoint, Task requestTask, ILogger logger)
   at Microsoft.AspNetCore.Authorization.AuthorizationMiddleware.Invoke(HttpContext context)
   at Microsoft.AspNetCore.Authentication.AuthenticationMiddleware.Invoke(HttpContext context)
   at CWB.ExceptionHandling.ExceptionMiddleware.InvokeAsync(HttpContext httpContext) in F:\CWBworking\CWB.ExceptionHandling\ExceptionMiddleware.cs:line 26
2026-04-16 10:54:34.5070 ERROR Error: AutoMapper.AutoMapperMappingException: Error mapping types.

Mapping types:
EntityQueryable`1 -> IEnumerable`1
Microsoft.EntityFrameworkCore.Query.Internal.EntityQueryable`1[[CWB.ProductionPlanWO.Domain.ProductionPlan_WO, CWB.ProductionPlanWO, Version=1.0.0.0, Culture=neutral, PublicKeyToken=null]] -> System.Collections.Generic.IEnumerable`1[[CWB.ProductionPlanWO.ViewModels.ProductionPlan_WOVM, CWB.ProductionPlanWO, Version=1.0.0.0, Culture=neutral, PublicKeyToken=null]]
 ---> MySqlConnector.MySqlException (0x80004005): Unknown column 'p.Combined_WO' in 'field list'
   at MySqlConnector.Core.ResultSet.ReadResultSetHeaderAsync(IOBehavior ioBehavior) in /_/src/MySqlConnector/Core/ResultSet.cs:line 50
   at MySqlConnector.MySqlDataReader.ActivateResultSet(CancellationToken cancellationToken) in /_/src/MySqlConnector/MySqlDataReader.cs:line 119
   at MySqlConnector.MySqlDataReader.CreateAsync(CommandListPosition commandListPosition, ICommandPayloadCreator payloadCreator, IDictionary`2 cachedProcedures, IMySqlCommand command, CommandBehavior behavior, IOBehavior ioBehavior, CancellationToken cancellationToken) in /_/src/MySqlConnector/MySqlDataReader.cs:line 445
   at MySqlConnector.Core.CommandExecutor.ExecuteReaderAsync(IReadOnlyList`1 commands, ICommandPayloadCreator payloadCreator, CommandBehavior behavior, IOBehavior ioBehavior, CancellationToken cancellationToken) in /_/src/MySqlConnector/Core/CommandExecutor.cs:line 60
   at MySqlConnector.MySqlCommand.ExecuteReaderAsync(CommandBehavior behavior, IOBehavior ioBehavior, CancellationToken cancellationToken) in /_/src/MySqlConnector/MySqlCommand.cs:line 320
   at MySqlConnector.MySqlCommand.ExecuteDbDataReader(CommandBehavior behavior) in /_/src/MySqlConnector/MySqlCommand.cs:line 261
   at Microsoft.EntityFrameworkCore.Storage.RelationalCommand.ExecuteReader(RelationalCommandParameterObject parameterObject)
   at Microsoft.EntityFrameworkCore.Query.Internal.SingleQueryingEnumerable`1.Enumerator.InitializeReader(DbContext _, Boolean result)
   at Pomelo.EntityFrameworkCore.MySql.Storage.Internal.MySqlExecutionStrategy.Execute[TState,TResult](TState state, Func`3 operation, Func`3 verifySucceeded)
   at Microsoft.EntityFrameworkCore.Query.Internal.SingleQueryingEnumerable`1.Enumerator.MoveNext()
   at lambda_method(Closure , Object , IEnumerable`1 , ResolutionContext )
   --- End of inner exception stack trace ---
   at lambda_method(Closure , Object , IEnumerable`1 , ResolutionContext )
   at CWB.ProductionPlanWO.Services.WOService.AllProductionWo(Int64 tenantId) in F:\CWBworking\CWB.ProductionPlanWO\Services\WOService.cs:line 1075
   at CWB.ProductionPlanWO.Services.WOService.GetAllReadyforProductionWo(Int64 tenantId) in F:\CWBworking\CWB.ProductionPlanWO\Services\WOService.cs:line 4620
   at CWB.ProductionPlanWO.Controllers.WOController.GetAllReadyforProductionWo(Int64 tenantId) in F:\CWBworking\CWB.ProductionPlanWO\Controllers\WOController.cs:line 1741
   at Microsoft.AspNetCore.Mvc.Infrastructure.ActionMethodExecutor.TaskOfIActionResultExecutor.Execute(IActionResultTypeMapper mapper, ObjectMethodExecutor executor, Object controller, Object[] arguments)
   at Microsoft.AspNetCore.Mvc.Infrastructure.ControllerActionInvoker.<InvokeActionMethodAsync>g__Awaited|12_0(ControllerActionInvoker invoker, ValueTask`1 actionResultValueTask)
   at Microsoft.AspNetCore.Mvc.Infrastructure.ControllerActionInvoker.<InvokeNextActionFilterAsync>g__Awaited|10_0(ControllerActionInvoker invoker, Task lastTask, State next, Scope scope, Object state, Boolean isCompleted)
   at Microsoft.AspNetCore.Mvc.Infrastructure.ControllerActionInvoker.Rethrow(ActionExecutedContextSealed context)
   at Microsoft.AspNetCore.Mvc.Infrastructure.ControllerActionInvoker.Next(State& next, Scope& scope, Object& state, Boolean& isCompleted)
   at Microsoft.AspNetCore.Mvc.Infrastructure.ControllerActionInvoker.InvokeInnerFilterAsync()
--- End of stack trace from previous location where exception was thrown ---
   at Microsoft.AspNetCore.Mvc.Infrastructure.ResourceInvoker.<InvokeFilterPipelineAsync>g__Awaited|19_0(ResourceInvoker invoker, Task lastTask, State next, Scope scope, Object state, Boolean isCompleted)
   at Microsoft.AspNetCore.Mvc.Infrastructure.ResourceInvoker.<InvokeAsync>g__Awaited|17_0(ResourceInvoker invoker, Task task, IDisposable scope)
   at Microsoft.AspNetCore.Routing.EndpointMiddleware.<Invoke>g__AwaitRequestTask|6_0(Endpoint endpoint, Task requestTask, ILogger logger)
   at Microsoft.AspNetCore.Authorization.AuthorizationMiddleware.Invoke(HttpContext context)
   at Microsoft.AspNetCore.Authentication.AuthenticationMiddleware.Invoke(HttpContext context)
   at CWB.ExceptionHandling.ExceptionMiddleware.InvokeAsync(HttpContext httpContext) in F:\CWBworking\CWB.ExceptionHandling\ExceptionMiddleware.cs:line 26
2026-04-16 10:54:38.8621 ERROR Error: AutoMapper.AutoMapperMappingException: Error mapping types.

Mapping types:
EntityQueryable`1 -> IEnumerable`1
Microsoft.EntityFrameworkCore.Query.Internal.EntityQueryable`1[[CWB.ProductionPlanWO.Domain.ProductionPlan_WO, CWB.ProductionPlanWO, Version=1.0.0.0, Culture=neutral, PublicKeyToken=null]] -> System.Collections.Generic.IEnumerable`1[[CWB.ProductionPlanWO.ViewModels.ProductionPlan_WOVM, CWB.ProductionPlanWO, Version=1.0.0.0, Culture=neutral, PublicKeyToken=null]]
 ---> MySqlConnector.MySqlException (0x80004005): Unknown column 'p.Combined_WO' in 'field list'
   at MySqlConnector.Core.ResultSet.ReadResultSetHeaderAsync(IOBehavior ioBehavior) in /_/src/MySqlConnector/Core/ResultSet.cs:line 50
   at MySqlConnector.MySqlDataReader.ActivateResultSet(CancellationToken cancellationToken) in /_/src/MySqlConnector/MySqlDataReader.cs:line 119
   at MySqlConnector.MySqlDataReader.CreateAsync(CommandListPosition commandListPosition, ICommandPayloadCreator payloadCreator, IDictionary`2 cachedProcedures, IMySqlCommand command, CommandBehavior behavior, IOBehavior ioBehavior, CancellationToken cancellationToken) in /_/src/MySqlConnector/MySqlDataReader.cs:line 445
   at MySqlConnector.Core.CommandExecutor.ExecuteReaderAsync(IReadOnlyList`1 commands, ICommandPayloadCreator payloadCreator, CommandBehavior behavior, IOBehavior ioBehavior, CancellationToken cancellationToken) in /_/src/MySqlConnector/Core/CommandExecutor.cs:line 60
   at MySqlConnector.MySqlCommand.ExecuteReaderAsync(CommandBehavior behavior, IOBehavior ioBehavior, CancellationToken cancellationToken) in /_/src/MySqlConnector/MySqlCommand.cs:line 320
   at MySqlConnector.MySqlCommand.ExecuteDbDataReader(CommandBehavior behavior) in /_/src/MySqlConnector/MySqlCommand.cs:line 261
   at Microsoft.EntityFrameworkCore.Storage.RelationalCommand.ExecuteReader(RelationalCommandParameterObject parameterObject)
   at Microsoft.EntityFrameworkCore.Query.Internal.SingleQueryingEnumerable`1.Enumerator.InitializeReader(DbContext _, Boolean result)
   at Pomelo.EntityFrameworkCore.MySql.Storage.Internal.MySqlExecutionStrategy.Execute[TState,TResult](TState state, Func`3 operation, Func`3 verifySucceeded)
   at Microsoft.EntityFrameworkCore.Query.Internal.SingleQueryingEnumerable`1.Enumerator.MoveNext()
   at lambda_method(Closure , Object , IEnumerable`1 , ResolutionContext )
   --- End of inner exception stack trace ---
   at lambda_method(Closure , Object , IEnumerable`1 , ResolutionContext )
   at CWB.ProductionPlanWO.Services.WOService.AllProductionWo(Int64 tenantId) in F:\CWBworking\CWB.ProductionPlanWO\Services\WOService.cs:line 1075
   at CWB.ProductionPlanWO.Services.WOService.GetAllReadyforProductionWo(Int64 tenantId) in F:\CWBworking\CWB.ProductionPlanWO\Services\WOService.cs:line 4620
   at CWB.ProductionPlanWO.Controllers.WOController.GetAllReadyforProductionWo(Int64 tenantId) in F:\CWBworking\CWB.ProductionPlanWO\Controllers\WOController.cs:line 1741
   at Microsoft.AspNetCore.Mvc.Infrastructure.ActionMethodExecutor.TaskOfIActionResultExecutor.Execute(IActionResultTypeMapper mapper, ObjectMethodExecutor executor, Object controller, Object[] arguments)
   at Microsoft.AspNetCore.Mvc.Infrastructure.ControllerActionInvoker.<InvokeActionMethodAsync>g__Awaited|12_0(ControllerActionInvoker invoker, ValueTask`1 actionResultValueTask)
   at Microsoft.AspNetCore.Mvc.Infrastructure.ControllerActionInvoker.<InvokeNextActionFilterAsync>g__Awaited|10_0(ControllerActionInvoker invoker, Task lastTask, State next, Scope scope, Object state, Boolean isCompleted)
   at Microsoft.AspNetCore.Mvc.Infrastructure.ControllerActionInvoker.Rethrow(ActionExecutedContextSealed context)
   at Microsoft.AspNetCore.Mvc.Infrastructure.ControllerActionInvoker.Next(State& next, Scope& scope, Object& state, Boolean& isCompleted)
   at Microsoft.AspNetCore.Mvc.Infrastructure.ControllerActionInvoker.InvokeInnerFilterAsync()
--- End of stack trace from previous location where exception was thrown ---
   at Microsoft.AspNetCore.Mvc.Infrastructure.ResourceInvoker.<InvokeFilterPipelineAsync>g__Awaited|19_0(ResourceInvoker invoker, Task lastTask, State next, Scope scope, Object state, Boolean isCompleted)
   at Microsoft.AspNetCore.Mvc.Infrastructure.ResourceInvoker.<InvokeAsync>g__Awaited|17_0(ResourceInvoker invoker, Task task, IDisposable scope)
   at Microsoft.AspNetCore.Routing.EndpointMiddleware.<Invoke>g__AwaitRequestTask|6_0(Endpoint endpoint, Task requestTask, ILogger logger)
   at Microsoft.AspNetCore.Authorization.AuthorizationMiddleware.Invoke(HttpContext context)
   at Microsoft.AspNetCore.Authentication.AuthenticationMiddleware.Invoke(HttpContext context)
   at CWB.ExceptionHandling.ExceptionMiddleware.InvokeAsync(HttpContext httpContext) in F:\CWBworking\CWB.ExceptionHandling\ExceptionMiddleware.cs:line 26
2026-04-16 10:54:39.9175 ERROR Error: AutoMapper.AutoMapperMappingException: Error mapping types.

Mapping types:
EntityQueryable`1 -> IEnumerable`1
Microsoft.EntityFrameworkCore.Query.Internal.EntityQueryable`1[[CWB.ProductionPlanWO.Domain.ProductionPlan_WO, CWB.ProductionPlanWO, Version=1.0.0.0, Culture=neutral, PublicKeyToken=null]] -> System.Collections.Generic.IEnumerable`1[[CWB.ProductionPlanWO.ViewModels.ProductionPlan_WOVM, CWB.ProductionPlanWO, Version=1.0.0.0, Culture=neutral, PublicKeyToken=null]]
 ---> MySqlConnector.MySqlException (0x80004005): Unknown column 'p.Combined_WO' in 'field list'
   at MySqlConnector.Core.ResultSet.ReadResultSetHeaderAsync(IOBehavior ioBehavior) in /_/src/MySqlConnector/Core/ResultSet.cs:line 50
   at MySqlConnector.MySqlDataReader.ActivateResultSet(CancellationToken cancellationToken) in /_/src/MySqlConnector/MySqlDataReader.cs:line 119
   at MySqlConnector.MySqlDataReader.CreateAsync(CommandListPosition commandListPosition, ICommandPayloadCreator payloadCreator, IDictionary`2 cachedProcedures, IMySqlCommand command, CommandBehavior behavior, IOBehavior ioBehavior, CancellationToken cancellationToken) in /_/src/MySqlConnector/MySqlDataReader.cs:line 445
   at MySqlConnector.Core.CommandExecutor.ExecuteReaderAsync(IReadOnlyList`1 commands, ICommandPayloadCreator payloadCreator, CommandBehavior behavior, IOBehavior ioBehavior, CancellationToken cancellationToken) in /_/src/MySqlConnector/Core/CommandExecutor.cs:line 60
   at MySqlConnector.MySqlCommand.ExecuteReaderAsync(CommandBehavior behavior, IOBehavior ioBehavior, CancellationToken cancellationToken) in /_/src/MySqlConnector/MySqlCommand.cs:line 320
   at MySqlConnector.MySqlCommand.ExecuteDbDataReader(CommandBehavior behavior) in /_/src/MySqlConnector/MySqlCommand.cs:line 261
   at Microsoft.EntityFrameworkCore.Storage.RelationalCommand.ExecuteReader(RelationalCommandParameterObject parameterObject)
   at Microsoft.EntityFrameworkCore.Query.Internal.SingleQueryingEnumerable`1.Enumerator.InitializeReader(DbContext _, Boolean result)
   at Pomelo.EntityFrameworkCore.MySql.Storage.Internal.MySqlExecutionStrategy.Execute[TState,TResult](TState state, Func`3 operation, Func`3 verifySucceeded)
   at Microsoft.EntityFrameworkCore.Query.Internal.SingleQueryingEnumerable`1.Enumerator.MoveNext()
   at lambda_method(Closure , Object , IEnumerable`1 , ResolutionContext )
   --- End of inner exception stack trace ---
   at lambda_method(Closure , Object , IEnumerable`1 , ResolutionContext )
   at CWB.ProductionPlanWO.Services.WOService.AllProductionWo(Int64 tenantId) in F:\CWBworking\CWB.ProductionPlanWO\Services\WOService.cs:line 1075
   at CWB.ProductionPlanWO.Services.WOService.AllProductionWoReadForProd(Int64 tenantId) in F:\CWBworking\CWB.ProductionPlanWO\Services\WOService.cs:line 4523
   at CWB.ProductionPlanWO.Controllers.WOController.AllProductionWoReadForProd(Int64 tenantId) in F:\CWBworking\CWB.ProductionPlanWO\Controllers\WOController.cs:line 1732
   at Microsoft.AspNetCore.Mvc.Infrastructure.ActionMethodExecutor.TaskOfIActionResultExecutor.Execute(IActionResultTypeMapper mapper, ObjectMethodExecutor executor, Object controller, Object[] arguments)
   at Microsoft.AspNetCore.Mvc.Infrastructure.ControllerActionInvoker.<InvokeActionMethodAsync>g__Awaited|12_0(ControllerActionInvoker invoker, ValueTask`1 actionResultValueTask)
   at Microsoft.AspNetCore.Mvc.Infrastructure.ControllerActionInvoker.<InvokeNextActionFilterAsync>g__Awaited|10_0(ControllerActionInvoker invoker, Task lastTask, State next, Scope scope, Object state, Boolean isCompleted)
   at Microsoft.AspNetCore.Mvc.Infrastructure.ControllerActionInvoker.Rethrow(ActionExecutedContextSealed context)
   at Microsoft.AspNetCore.Mvc.Infrastructure.ControllerActionInvoker.Next(State& next, Scope& scope, Object& state, Boolean& isCompleted)
   at Microsoft.AspNetCore.Mvc.Infrastructure.ControllerActionInvoker.InvokeInnerFilterAsync()
--- End of stack trace from previous location where exception was thrown ---
   at Microsoft.AspNetCore.Mvc.Infrastructure.ResourceInvoker.<InvokeFilterPipelineAsync>g__Awaited|19_0(ResourceInvoker invoker, Task lastTask, State next, Scope scope, Object state, Boolean isCompleted)
   at Microsoft.AspNetCore.Mvc.Infrastructure.ResourceInvoker.<InvokeAsync>g__Awaited|17_0(ResourceInvoker invoker, Task task, IDisposable scope)
   at Microsoft.AspNetCore.Routing.EndpointMiddleware.<Invoke>g__AwaitRequestTask|6_0(Endpoint endpoint, Task requestTask, ILogger logger)
   at Microsoft.AspNetCore.Authorization.AuthorizationMiddleware.Invoke(HttpContext context)
   at Microsoft.AspNetCore.Authentication.AuthenticationMiddleware.Invoke(HttpContext context)
   at CWB.ExceptionHandling.ExceptionMiddleware.InvokeAsync(HttpContext httpContext) in F:\CWBworking\CWB.ExceptionHandling\ExceptionMiddleware.cs:line 26
2026-04-16 10:54:40.3231 ERROR Error: AutoMapper.AutoMapperMappingException: Error mapping types.

Mapping types:
EntityQueryable`1 -> IEnumerable`1
Microsoft.EntityFrameworkCore.Query.Internal.EntityQueryable`1[[CWB.ProductionPlanWO.Domain.ProcPlan, CWB.ProductionPlanWO, Version=1.0.0.0, Culture=neutral, PublicKeyToken=null]] -> System.Collections.Generic.IEnumerable`1[[CWB.ProductionPlanWO.ViewModels.ProcPlanVM, CWB.ProductionPlanWO, Version=1.0.0.0, Culture=neutral, PublicKeyToken=null]]
 ---> MySqlConnector.MySqlException (0x80004005): Unknown column 'p.Old_Plan_Proc_Qnty' in 'field list'
   at MySqlConnector.Core.ResultSet.ReadResultSetHeaderAsync(IOBehavior ioBehavior) in /_/src/MySqlConnector/Core/ResultSet.cs:line 50
   at MySqlConnector.MySqlDataReader.ActivateResultSet(CancellationToken cancellationToken) in /_/src/MySqlConnector/MySqlDataReader.cs:line 119
   at MySqlConnector.MySqlDataReader.CreateAsync(CommandListPosition commandListPosition, ICommandPayloadCreator payloadCreator, IDictionary`2 cachedProcedures, IMySqlCommand command, CommandBehavior behavior, IOBehavior ioBehavior, CancellationToken cancellationToken) in /_/src/MySqlConnector/MySqlDataReader.cs:line 445
   at MySqlConnector.Core.CommandExecutor.ExecuteReaderAsync(IReadOnlyList`1 commands, ICommandPayloadCreator payloadCreator, CommandBehavior behavior, IOBehavior ioBehavior, CancellationToken cancellationToken) in /_/src/MySqlConnector/Core/CommandExecutor.cs:line 60
   at MySqlConnector.MySqlCommand.ExecuteReaderAsync(CommandBehavior behavior, IOBehavior ioBehavior, CancellationToken cancellationToken) in /_/src/MySqlConnector/MySqlCommand.cs:line 320
   at MySqlConnector.MySqlCommand.ExecuteDbDataReader(CommandBehavior behavior) in /_/src/MySqlConnector/MySqlCommand.cs:line 261
   at Microsoft.EntityFrameworkCore.Storage.RelationalCommand.ExecuteReader(RelationalCommandParameterObject parameterObject)
   at Microsoft.EntityFrameworkCore.Query.Internal.SingleQueryingEnumerable`1.Enumerator.InitializeReader(DbContext _, Boolean result)
   at Pomelo.EntityFrameworkCore.MySql.Storage.Internal.MySqlExecutionStrategy.Execute[TState,TResult](TState state, Func`3 operation, Func`3 verifySucceeded)
   at Microsoft.EntityFrameworkCore.Query.Internal.SingleQueryingEnumerable`1.Enumerator.MoveNext()
   at lambda_method(Closure , Object , IEnumerable`1 , ResolutionContext )
   --- End of inner exception stack trace ---
   at lambda_method(Closure , Object , IEnumerable`1 , ResolutionContext )
   at CWB.ProductionPlanWO.Services.WOService.AllProcPlan(Int64 tenantId) in F:\CWBworking\CWB.ProductionPlanWO\Services\WOService.cs:line 894
   at CWB.ProductionPlanWO.Controllers.WOController.GetAllProcPlan(Int64 tenantId) in F:\CWBworking\CWB.ProductionPlanWO\Controllers\WOController.cs:line 264
   at Microsoft.AspNetCore.Mvc.Infrastructure.ActionMethodExecutor.TaskOfIActionResultExecutor.Execute(IActionResultTypeMapper mapper, ObjectMethodExecutor executor, Object controller, Object[] arguments)
   at Microsoft.AspNetCore.Mvc.Infrastructure.ControllerActionInvoker.<InvokeActionMethodAsync>g__Awaited|12_0(ControllerActionInvoker invoker, ValueTask`1 actionResultValueTask)
   at Microsoft.AspNetCore.Mvc.Infrastructure.ControllerActionInvoker.<InvokeNextActionFilterAsync>g__Awaited|10_0(ControllerActionInvoker invoker, Task lastTask, State next, Scope scope, Object state, Boolean isCompleted)
   at Microsoft.AspNetCore.Mvc.Infrastructure.ControllerActionInvoker.Rethrow(ActionExecutedContextSealed context)
   at Microsoft.AspNetCore.Mvc.Infrastructure.ControllerActionInvoker.Next(State& next, Scope& scope, Object& state, Boolean& isCompleted)
   at Microsoft.AspNetCore.Mvc.Infrastructure.ControllerActionInvoker.InvokeInnerFilterAsync()
--- End of stack trace from previous location where exception was thrown ---
   at Microsoft.AspNetCore.Mvc.Infrastructure.ResourceInvoker.<InvokeFilterPipelineAsync>g__Awaited|19_0(ResourceInvoker invoker, Task lastTask, State next, Scope scope, Object state, Boolean isCompleted)
   at Microsoft.AspNetCore.Mvc.Infrastructure.ResourceInvoker.<InvokeAsync>g__Awaited|17_0(ResourceInvoker invoker, Task task, IDisposable scope)
   at Microsoft.AspNetCore.Routing.EndpointMiddleware.<Invoke>g__AwaitRequestTask|6_0(Endpoint endpoint, Task requestTask, ILogger logger)
   at Microsoft.AspNetCore.Authorization.AuthorizationMiddleware.Invoke(HttpContext context)
   at Microsoft.AspNetCore.Authentication.AuthenticationMiddleware.Invoke(HttpContext context)
   at CWB.ExceptionHandling.ExceptionMiddleware.InvokeAsync(HttpContext httpContext) in F:\CWBworking\CWB.ExceptionHandling\ExceptionMiddleware.cs:line 26
2026-04-16 10:58:10.6871 ERROR Error: AutoMapper.AutoMapperMappingException: Error mapping types.

Mapping types:
EntityQueryable`1 -> IEnumerable`1
Microsoft.EntityFrameworkCore.Query.Internal.EntityQueryable`1[[CWB.ProductionPlanWO.Domain.ProductionPlan_WO, CWB.ProductionPlanWO, Version=1.0.0.0, Culture=neutral, PublicKeyToken=null]] -> System.Collections.Generic.IEnumerable`1[[CWB.ProductionPlanWO.ViewModels.ProductionPlan_WOVM, CWB.ProductionPlanWO, Version=1.0.0.0, Culture=neutral, PublicKeyToken=null]]
 ---> MySqlConnector.MySqlException (0x80004005): Unknown column 'p.Combined_WO' in 'field list'
   at MySqlConnector.Core.ResultSet.ReadResultSetHeaderAsync(IOBehavior ioBehavior) in /_/src/MySqlConnector/Core/ResultSet.cs:line 50
   at MySqlConnector.MySqlDataReader.ActivateResultSet(CancellationToken cancellationToken) in /_/src/MySqlConnector/MySqlDataReader.cs:line 119
   at MySqlConnector.MySqlDataReader.CreateAsync(CommandListPosition commandListPosition, ICommandPayloadCreator payloadCreator, IDictionary`2 cachedProcedures, IMySqlCommand command, CommandBehavior behavior, IOBehavior ioBehavior, CancellationToken cancellationToken) in /_/src/MySqlConnector/MySqlDataReader.cs:line 445
   at MySqlConnector.Core.CommandExecutor.ExecuteReaderAsync(IReadOnlyList`1 commands, ICommandPayloadCreator payloadCreator, CommandBehavior behavior, IOBehavior ioBehavior, CancellationToken cancellationToken) in /_/src/MySqlConnector/Core/CommandExecutor.cs:line 60
   at MySqlConnector.MySqlCommand.ExecuteReaderAsync(CommandBehavior behavior, IOBehavior ioBehavior, CancellationToken cancellationToken) in /_/src/MySqlConnector/MySqlCommand.cs:line 320
   at MySqlConnector.MySqlCommand.ExecuteDbDataReader(CommandBehavior behavior) in /_/src/MySqlConnector/MySqlCommand.cs:line 261
   at Microsoft.EntityFrameworkCore.Storage.RelationalCommand.ExecuteReader(RelationalCommandParameterObject parameterObject)
   at Microsoft.EntityFrameworkCore.Query.Internal.SingleQueryingEnumerable`1.Enumerator.InitializeReader(DbContext _, Boolean result)
   at Pomelo.EntityFrameworkCore.MySql.Storage.Internal.MySqlExecutionStrategy.Execute[TState,TResult](TState state, Func`3 operation, Func`3 verifySucceeded)
   at Microsoft.EntityFrameworkCore.Query.Internal.SingleQueryingEnumerable`1.Enumerator.MoveNext()
   at lambda_method(Closure , Object , IEnumerable`1 , ResolutionContext )
   --- End of inner exception stack trace ---
   at lambda_method(Closure , Object , IEnumerable`1 , ResolutionContext )
   at CWB.ProductionPlanWO.Services.WOService.AllProductionWo(Int64 tenantId) in F:\CWBworking\CWB.ProductionPlanWO\Services\WOService.cs:line 1075
   at CWB.ProductionPlanWO.Services.WOService.AllProductionWoReadForProd(Int64 tenantId) in F:\CWBworking\CWB.ProductionPlanWO\Services\WOService.cs:line 4523
   at CWB.ProductionPlanWO.Controllers.WOController.AllProductionWoReadForProd(Int64 tenantId) in F:\CWBworking\CWB.ProductionPlanWO\Controllers\WOController.cs:line 1732
   at Microsoft.AspNetCore.Mvc.Infrastructure.ActionMethodExecutor.TaskOfIActionResultExecutor.Execute(IActionResultTypeMapper mapper, ObjectMethodExecutor executor, Object controller, Object[] arguments)
   at Microsoft.AspNetCore.Mvc.Infrastructure.ControllerActionInvoker.<InvokeActionMethodAsync>g__Awaited|12_0(ControllerActionInvoker invoker, ValueTask`1 actionResultValueTask)
   at Microsoft.AspNetCore.Mvc.Infrastructure.ControllerActionInvoker.<InvokeNextActionFilterAsync>g__Awaited|10_0(ControllerActionInvoker invoker, Task lastTask, State next, Scope scope, Object state, Boolean isCompleted)
   at Microsoft.AspNetCore.Mvc.Infrastructure.ControllerActionInvoker.Rethrow(ActionExecutedContextSealed context)
   at Microsoft.AspNetCore.Mvc.Infrastructure.ControllerActionInvoker.Next(State& next, Scope& scope, Object& state, Boolean& isCompleted)
   at Microsoft.AspNetCore.Mvc.Infrastructure.ControllerActionInvoker.InvokeInnerFilterAsync()
--- End of stack trace from previous location where exception was thrown ---
   at Microsoft.AspNetCore.Mvc.Infrastructure.ResourceInvoker.<InvokeFilterPipelineAsync>g__Awaited|19_0(ResourceInvoker invoker, Task lastTask, State next, Scope scope, Object state, Boolean isCompleted)
   at Microsoft.AspNetCore.Mvc.Infrastructure.ResourceInvoker.<InvokeAsync>g__Awaited|17_0(ResourceInvoker invoker, Task task, IDisposable scope)
   at Microsoft.AspNetCore.Routing.EndpointMiddleware.<Invoke>g__AwaitRequestTask|6_0(Endpoint endpoint, Task requestTask, ILogger logger)
   at Microsoft.AspNetCore.Authorization.AuthorizationMiddleware.Invoke(HttpContext context)
   at Microsoft.AspNetCore.Authentication.AuthenticationMiddleware.Invoke(HttpContext context)
   at CWB.ExceptionHandling.ExceptionMiddleware.InvokeAsync(HttpContext httpContext) in F:\CWBworking\CWB.ExceptionHandling\ExceptionMiddleware.cs:line 26
