2025-12-04 12:30:48.6561 ERROR Error: AutoMapper.AutoMapperMappingException: Error mapping types.

Mapping types:
EntityQueryable`1 -> IEnumerable`1
Microsoft.EntityFrameworkCore.Query.Internal.EntityQueryable`1[[CWB.Masters.Domain.ItemMaster.PartPurchaseDetails, CWB.Masters, Version=1.0.0.0, Culture=neutral, PublicKeyToken=null]] -> System.Collections.Generic.IEnumerable`1[[CWB.Masters.ViewModels.ItemMaster.PartPurchaseDetailsVM, CWB.Masters, Version=1.0.0.0, Culture=neutral, PublicKeyToken=null]]
 ---> System.InvalidOperationException: An exception has been raised that is likely due to a transient failure. Consider enabling transient error resiliency by adding 'EnableRetryOnFailure()' to the 'UseMySql' call.
 ---> MySqlConnector.MySqlException (0x80004005): Connect Timeout expired. All pooled connections are in use.
   at MySqlConnector.MySqlConnection.CreateSessionAsync(ConnectionPool pool, Int32 startTickCount, Nullable`1 ioBehavior, CancellationToken cancellationToken) in /_/src/MySqlConnector/MySqlConnection.cs:line 902
   at MySqlConnector.MySqlConnection.OpenAsync(Nullable`1 ioBehavior, CancellationToken cancellationToken) in /_/src/MySqlConnector/MySqlConnection.cs:line 435
   at MySqlConnector.MySqlConnection.Open() in /_/src/MySqlConnector/MySqlConnection.cs:line 380
   at Microsoft.EntityFrameworkCore.Storage.RelationalConnection.OpenInternal(Boolean errorsExpected)
   at Microsoft.EntityFrameworkCore.Storage.RelationalConnection.Open(Boolean errorsExpected)
   at Pomelo.EntityFrameworkCore.MySql.Storage.Internal.MySqlRelationalConnection.Open(Boolean errorsExpected)
   at Microsoft.EntityFrameworkCore.Storage.RelationalCommand.ExecuteReader(RelationalCommandParameterObject parameterObject)
   at Microsoft.EntityFrameworkCore.Query.Internal.SingleQueryingEnumerable`1.Enumerator.InitializeReader(DbContext _, Boolean result)
   at Pomelo.EntityFrameworkCore.MySql.Storage.Internal.MySqlExecutionStrategy.Execute[TState,TResult](TState state, Func`3 operation, Func`3 verifySucceeded)
   --- End of inner exception stack trace ---
   at Pomelo.EntityFrameworkCore.MySql.Storage.Internal.MySqlExecutionStrategy.Execute[TState,TResult](TState state, Func`3 operation, Func`3 verifySucceeded)
   at Microsoft.EntityFrameworkCore.Query.Internal.SingleQueryingEnumerable`1.Enumerator.MoveNext()
   at lambda_method(Closure , Object , IEnumerable`1 , ResolutionContext )
   --- End of inner exception stack trace ---
   at lambda_method(Closure , Object , IEnumerable`1 , ResolutionContext )
   at CWB.Masters.Services.ItemMaster.RawMaterialDetailService.GetPartPurchasesForPartNo(Int32 partId, Int64 tenantId) in D:\DockerTestCWB\CWB-Latest\CWB\CWB.Masters\Services\ItemMaster\RawMaterialDetailService.cs:line 262
   at CWB.Masters.Controllers.RawMaterialDetailController.GetPartPurchasesForPartId(Int32 partId, Int64 tenantId) in D:\DockerTestCWB\CWB-Latest\CWB\CWB.Masters\Controllers\RawMaterialDetailController.cs:line 353
   at lambda_method(Closure , Object , Object[] )
   at Microsoft.AspNetCore.Mvc.Infrastructure.ActionMethodExecutor.SyncActionResultExecutor.Execute(IActionResultTypeMapper mapper, ObjectMethodExecutor executor, Object controller, Object[] arguments)
   at Microsoft.AspNetCore.Mvc.Infrastructure.ControllerActionInvoker.InvokeActionMethodAsync()
   at Microsoft.AspNetCore.Mvc.Infrastructure.ControllerActionInvoker.Next(State& next, Scope& scope, Object& state, Boolean& isCompleted)
   at Microsoft.AspNetCore.Mvc.Infrastructure.ControllerActionInvoker.InvokeNextActionFilterAsync()
--- End of stack trace from previous location where exception was thrown ---
   at Microsoft.AspNetCore.Mvc.Infrastructure.ControllerActionInvoker.Rethrow(ActionExecutedContextSealed context)
   at Microsoft.AspNetCore.Mvc.Infrastructure.ControllerActionInvoker.Next(State& next, Scope& scope, Object& state, Boolean& isCompleted)
   at Microsoft.AspNetCore.Mvc.Infrastructure.ControllerActionInvoker.InvokeInnerFilterAsync()
--- End of stack trace from previous location where exception was thrown ---
   at Microsoft.AspNetCore.Mvc.Infrastructure.ResourceInvoker.<InvokeFilterPipelineAsync>g__Awaited|19_0(ResourceInvoker invoker, Task lastTask, State next, Scope scope, Object state, Boolean isCompleted)
   at Microsoft.AspNetCore.Mvc.Infrastructure.ResourceInvoker.<InvokeAsync>g__Awaited|17_0(ResourceInvoker invoker, Task task, IDisposable scope)
   at Microsoft.AspNetCore.Routing.EndpointMiddleware.<Invoke>g__AwaitRequestTask|6_0(Endpoint endpoint, Task requestTask, ILogger logger)
   at Microsoft.AspNetCore.Authorization.AuthorizationMiddleware.Invoke(HttpContext context)
   at Microsoft.AspNetCore.Authentication.AuthenticationMiddleware.Invoke(HttpContext context)
   at CWB.ExceptionHandling.ExceptionMiddleware.InvokeAsync(HttpContext httpContext) in D:\EvolutionSoftware\CWB-Latest\CWB\CWB.ExceptionHandling\ExceptionMiddleware.cs:line 26
2025-12-04 12:30:48.6561 ERROR Error: AutoMapper.AutoMapperMappingException: Error mapping types.

Mapping types:
EntityQueryable`1 -> IEnumerable`1
Microsoft.EntityFrameworkCore.Query.Internal.EntityQueryable`1[[CWB.Masters.Domain.ItemMaster.PartPurchaseDetails, CWB.Masters, Version=1.0.0.0, Culture=neutral, PublicKeyToken=null]] -> System.Collections.Generic.IEnumerable`1[[CWB.Masters.ViewModels.ItemMaster.PartPurchaseDetailsVM, CWB.Masters, Version=1.0.0.0, Culture=neutral, PublicKeyToken=null]]
 ---> System.InvalidOperationException: An exception has been raised that is likely due to a transient failure. Consider enabling transient error resiliency by adding 'EnableRetryOnFailure()' to the 'UseMySql' call.
 ---> MySqlConnector.MySqlException (0x80004005): Connect Timeout expired. All pooled connections are in use.
   at MySqlConnector.MySqlConnection.CreateSessionAsync(ConnectionPool pool, Int32 startTickCount, Nullable`1 ioBehavior, CancellationToken cancellationToken) in /_/src/MySqlConnector/MySqlConnection.cs:line 902
   at MySqlConnector.MySqlConnection.OpenAsync(Nullable`1 ioBehavior, CancellationToken cancellationToken) in /_/src/MySqlConnector/MySqlConnection.cs:line 435
   at MySqlConnector.MySqlConnection.Open() in /_/src/MySqlConnector/MySqlConnection.cs:line 380
   at Microsoft.EntityFrameworkCore.Storage.RelationalConnection.OpenInternal(Boolean errorsExpected)
   at Microsoft.EntityFrameworkCore.Storage.RelationalConnection.Open(Boolean errorsExpected)
   at Pomelo.EntityFrameworkCore.MySql.Storage.Internal.MySqlRelationalConnection.Open(Boolean errorsExpected)
   at Microsoft.EntityFrameworkCore.Storage.RelationalCommand.ExecuteReader(RelationalCommandParameterObject parameterObject)
   at Microsoft.EntityFrameworkCore.Query.Internal.SingleQueryingEnumerable`1.Enumerator.InitializeReader(DbContext _, Boolean result)
   at Pomelo.EntityFrameworkCore.MySql.Storage.Internal.MySqlExecutionStrategy.Execute[TState,TResult](TState state, Func`3 operation, Func`3 verifySucceeded)
   --- End of inner exception stack trace ---
   at Pomelo.EntityFrameworkCore.MySql.Storage.Internal.MySqlExecutionStrategy.Execute[TState,TResult](TState state, Func`3 operation, Func`3 verifySucceeded)
   at Microsoft.EntityFrameworkCore.Query.Internal.SingleQueryingEnumerable`1.Enumerator.MoveNext()
   at lambda_method(Closure , Object , IEnumerable`1 , ResolutionContext )
   --- End of inner exception stack trace ---
   at lambda_method(Closure , Object , IEnumerable`1 , ResolutionContext )
   at CWB.Masters.Services.ItemMaster.RawMaterialDetailService.GetPartPurchasesForPartNo(Int32 partId, Int64 tenantId) in D:\DockerTestCWB\CWB-Latest\CWB\CWB.Masters\Services\ItemMaster\RawMaterialDetailService.cs:line 262
   at CWB.Masters.Controllers.RawMaterialDetailController.GetPartPurchasesForPartId(Int32 partId, Int64 tenantId) in D:\DockerTestCWB\CWB-Latest\CWB\CWB.Masters\Controllers\RawMaterialDetailController.cs:line 353
   at lambda_method(Closure , Object , Object[] )
   at Microsoft.AspNetCore.Mvc.Infrastructure.ActionMethodExecutor.SyncActionResultExecutor.Execute(IActionResultTypeMapper mapper, ObjectMethodExecutor executor, Object controller, Object[] arguments)
   at Microsoft.AspNetCore.Mvc.Infrastructure.ControllerActionInvoker.InvokeActionMethodAsync()
   at Microsoft.AspNetCore.Mvc.Infrastructure.ControllerActionInvoker.Next(State& next, Scope& scope, Object& state, Boolean& isCompleted)
   at Microsoft.AspNetCore.Mvc.Infrastructure.ControllerActionInvoker.InvokeNextActionFilterAsync()
--- End of stack trace from previous location where exception was thrown ---
   at Microsoft.AspNetCore.Mvc.Infrastructure.ControllerActionInvoker.Rethrow(ActionExecutedContextSealed context)
   at Microsoft.AspNetCore.Mvc.Infrastructure.ControllerActionInvoker.Next(State& next, Scope& scope, Object& state, Boolean& isCompleted)
   at Microsoft.AspNetCore.Mvc.Infrastructure.ControllerActionInvoker.InvokeInnerFilterAsync()
--- End of stack trace from previous location where exception was thrown ---
   at Microsoft.AspNetCore.Mvc.Infrastructure.ResourceInvoker.<InvokeFilterPipelineAsync>g__Awaited|19_0(ResourceInvoker invoker, Task lastTask, State next, Scope scope, Object state, Boolean isCompleted)
   at Microsoft.AspNetCore.Mvc.Infrastructure.ResourceInvoker.<InvokeAsync>g__Awaited|17_0(ResourceInvoker invoker, Task task, IDisposable scope)
   at Microsoft.AspNetCore.Routing.EndpointMiddleware.<Invoke>g__AwaitRequestTask|6_0(Endpoint endpoint, Task requestTask, ILogger logger)
   at Microsoft.AspNetCore.Authorization.AuthorizationMiddleware.Invoke(HttpContext context)
   at Microsoft.AspNetCore.Authentication.AuthenticationMiddleware.Invoke(HttpContext context)
   at CWB.ExceptionHandling.ExceptionMiddleware.InvokeAsync(HttpContext httpContext) in D:\EvolutionSoftware\CWB-Latest\CWB\CWB.ExceptionHandling\ExceptionMiddleware.cs:line 26
2025-12-04 12:30:48.6561 ERROR Error: AutoMapper.AutoMapperMappingException: Error mapping types.

Mapping types:
EntityQueryable`1 -> IEnumerable`1
Microsoft.EntityFrameworkCore.Query.Internal.EntityQueryable`1[[CWB.Masters.Domain.ItemMaster.PartPurchaseDetails, CWB.Masters, Version=1.0.0.0, Culture=neutral, PublicKeyToken=null]] -> System.Collections.Generic.IEnumerable`1[[CWB.Masters.ViewModels.ItemMaster.PartPurchaseDetailsVM, CWB.Masters, Version=1.0.0.0, Culture=neutral, PublicKeyToken=null]]
 ---> System.InvalidOperationException: An exception has been raised that is likely due to a transient failure. Consider enabling transient error resiliency by adding 'EnableRetryOnFailure()' to the 'UseMySql' call.
 ---> MySqlConnector.MySqlException (0x80004005): Connect Timeout expired. All pooled connections are in use.
   at MySqlConnector.MySqlConnection.CreateSessionAsync(ConnectionPool pool, Int32 startTickCount, Nullable`1 ioBehavior, CancellationToken cancellationToken) in /_/src/MySqlConnector/MySqlConnection.cs:line 902
   at MySqlConnector.MySqlConnection.OpenAsync(Nullable`1 ioBehavior, CancellationToken cancellationToken) in /_/src/MySqlConnector/MySqlConnection.cs:line 435
   at MySqlConnector.MySqlConnection.Open() in /_/src/MySqlConnector/MySqlConnection.cs:line 380
   at Microsoft.EntityFrameworkCore.Storage.RelationalConnection.OpenInternal(Boolean errorsExpected)
   at Microsoft.EntityFrameworkCore.Storage.RelationalConnection.Open(Boolean errorsExpected)
   at Pomelo.EntityFrameworkCore.MySql.Storage.Internal.MySqlRelationalConnection.Open(Boolean errorsExpected)
   at Microsoft.EntityFrameworkCore.Storage.RelationalCommand.ExecuteReader(RelationalCommandParameterObject parameterObject)
   at Microsoft.EntityFrameworkCore.Query.Internal.SingleQueryingEnumerable`1.Enumerator.InitializeReader(DbContext _, Boolean result)
   at Pomelo.EntityFrameworkCore.MySql.Storage.Internal.MySqlExecutionStrategy.Execute[TState,TResult](TState state, Func`3 operation, Func`3 verifySucceeded)
   --- End of inner exception stack trace ---
   at Pomelo.EntityFrameworkCore.MySql.Storage.Internal.MySqlExecutionStrategy.Execute[TState,TResult](TState state, Func`3 operation, Func`3 verifySucceeded)
   at Microsoft.EntityFrameworkCore.Query.Internal.SingleQueryingEnumerable`1.Enumerator.MoveNext()
   at lambda_method(Closure , Object , IEnumerable`1 , ResolutionContext )
   --- End of inner exception stack trace ---
   at lambda_method(Closure , Object , IEnumerable`1 , ResolutionContext )
   at CWB.Masters.Services.ItemMaster.RawMaterialDetailService.GetPartPurchasesForPartNo(Int32 partId, Int64 tenantId) in D:\DockerTestCWB\CWB-Latest\CWB\CWB.Masters\Services\ItemMaster\RawMaterialDetailService.cs:line 262
   at CWB.Masters.Controllers.RawMaterialDetailController.GetPartPurchasesForPartId(Int32 partId, Int64 tenantId) in D:\DockerTestCWB\CWB-Latest\CWB\CWB.Masters\Controllers\RawMaterialDetailController.cs:line 353
   at lambda_method(Closure , Object , Object[] )
   at Microsoft.AspNetCore.Mvc.Infrastructure.ActionMethodExecutor.SyncActionResultExecutor.Execute(IActionResultTypeMapper mapper, ObjectMethodExecutor executor, Object controller, Object[] arguments)
   at Microsoft.AspNetCore.Mvc.Infrastructure.ControllerActionInvoker.InvokeActionMethodAsync()
   at Microsoft.AspNetCore.Mvc.Infrastructure.ControllerActionInvoker.Next(State& next, Scope& scope, Object& state, Boolean& isCompleted)
   at Microsoft.AspNetCore.Mvc.Infrastructure.ControllerActionInvoker.InvokeNextActionFilterAsync()
--- End of stack trace from previous location where exception was thrown ---
   at Microsoft.AspNetCore.Mvc.Infrastructure.ControllerActionInvoker.Rethrow(ActionExecutedContextSealed context)
   at Microsoft.AspNetCore.Mvc.Infrastructure.ControllerActionInvoker.Next(State& next, Scope& scope, Object& state, Boolean& isCompleted)
   at Microsoft.AspNetCore.Mvc.Infrastructure.ControllerActionInvoker.InvokeInnerFilterAsync()
--- End of stack trace from previous location where exception was thrown ---
   at Microsoft.AspNetCore.Mvc.Infrastructure.ResourceInvoker.<InvokeFilterPipelineAsync>g__Awaited|19_0(ResourceInvoker invoker, Task lastTask, State next, Scope scope, Object state, Boolean isCompleted)
   at Microsoft.AspNetCore.Mvc.Infrastructure.ResourceInvoker.<InvokeAsync>g__Awaited|17_0(ResourceInvoker invoker, Task task, IDisposable scope)
   at Microsoft.AspNetCore.Routing.EndpointMiddleware.<Invoke>g__AwaitRequestTask|6_0(Endpoint endpoint, Task requestTask, ILogger logger)
   at Microsoft.AspNetCore.Authorization.AuthorizationMiddleware.Invoke(HttpContext context)
   at Microsoft.AspNetCore.Authentication.AuthenticationMiddleware.Invoke(HttpContext context)
   at CWB.ExceptionHandling.ExceptionMiddleware.InvokeAsync(HttpContext httpContext) in D:\EvolutionSoftware\CWB-Latest\CWB\CWB.ExceptionHandling\ExceptionMiddleware.cs:line 26
2025-12-04 12:30:50.3913 ERROR Error: AutoMapper.AutoMapperMappingException: Error mapping types.

Mapping types:
EntityQueryable`1 -> IEnumerable`1
Microsoft.EntityFrameworkCore.Query.Internal.EntityQueryable`1[[CWB.Masters.Domain.ItemMaster.PartPurchaseDetails, CWB.Masters, Version=1.0.0.0, Culture=neutral, PublicKeyToken=null]] -> System.Collections.Generic.IEnumerable`1[[CWB.Masters.ViewModels.ItemMaster.PartPurchaseDetailsVM, CWB.Masters, Version=1.0.0.0, Culture=neutral, PublicKeyToken=null]]
 ---> System.InvalidOperationException: An exception has been raised that is likely due to a transient failure. Consider enabling transient error resiliency by adding 'EnableRetryOnFailure()' to the 'UseMySql' call.
 ---> MySqlConnector.MySqlException (0x80004005): Connect Timeout expired. All pooled connections are in use.
   at MySqlConnector.MySqlConnection.CreateSessionAsync(ConnectionPool pool, Int32 startTickCount, Nullable`1 ioBehavior, CancellationToken cancellationToken) in /_/src/MySqlConnector/MySqlConnection.cs:line 902
   at MySqlConnector.MySqlConnection.OpenAsync(Nullable`1 ioBehavior, CancellationToken cancellationToken) in /_/src/MySqlConnector/MySqlConnection.cs:line 435
   at MySqlConnector.MySqlConnection.Open() in /_/src/MySqlConnector/MySqlConnection.cs:line 380
   at Microsoft.EntityFrameworkCore.Storage.RelationalConnection.OpenInternal(Boolean errorsExpected)
   at Microsoft.EntityFrameworkCore.Storage.RelationalConnection.Open(Boolean errorsExpected)
   at Pomelo.EntityFrameworkCore.MySql.Storage.Internal.MySqlRelationalConnection.Open(Boolean errorsExpected)
   at Microsoft.EntityFrameworkCore.Storage.RelationalCommand.ExecuteReader(RelationalCommandParameterObject parameterObject)
   at Microsoft.EntityFrameworkCore.Query.Internal.SingleQueryingEnumerable`1.Enumerator.InitializeReader(DbContext _, Boolean result)
   at Pomelo.EntityFrameworkCore.MySql.Storage.Internal.MySqlExecutionStrategy.Execute[TState,TResult](TState state, Func`3 operation, Func`3 verifySucceeded)
   --- End of inner exception stack trace ---
   at Pomelo.EntityFrameworkCore.MySql.Storage.Internal.MySqlExecutionStrategy.Execute[TState,TResult](TState state, Func`3 operation, Func`3 verifySucceeded)
   at Microsoft.EntityFrameworkCore.Query.Internal.SingleQueryingEnumerable`1.Enumerator.MoveNext()
   at lambda_method(Closure , Object , IEnumerable`1 , ResolutionContext )
   --- End of inner exception stack trace ---
   at lambda_method(Closure , Object , IEnumerable`1 , ResolutionContext )
   at CWB.Masters.Services.ItemMaster.RawMaterialDetailService.GetPartPurchasesForPartNo(Int32 partId, Int64 tenantId) in D:\DockerTestCWB\CWB-Latest\CWB\CWB.Masters\Services\ItemMaster\RawMaterialDetailService.cs:line 262
   at CWB.Masters.Controllers.RawMaterialDetailController.GetPartPurchasesForPartId(Int32 partId, Int64 tenantId) in D:\DockerTestCWB\CWB-Latest\CWB\CWB.Masters\Controllers\RawMaterialDetailController.cs:line 353
   at lambda_method(Closure , Object , Object[] )
   at Microsoft.AspNetCore.Mvc.Infrastructure.ActionMethodExecutor.SyncActionResultExecutor.Execute(IActionResultTypeMapper mapper, ObjectMethodExecutor executor, Object controller, Object[] arguments)
   at Microsoft.AspNetCore.Mvc.Infrastructure.ControllerActionInvoker.InvokeActionMethodAsync()
   at Microsoft.AspNetCore.Mvc.Infrastructure.ControllerActionInvoker.Next(State& next, Scope& scope, Object& state, Boolean& isCompleted)
   at Microsoft.AspNetCore.Mvc.Infrastructure.ControllerActionInvoker.InvokeNextActionFilterAsync()
--- End of stack trace from previous location where exception was thrown ---
   at Microsoft.AspNetCore.Mvc.Infrastructure.ControllerActionInvoker.Rethrow(ActionExecutedContextSealed context)
   at Microsoft.AspNetCore.Mvc.Infrastructure.ControllerActionInvoker.Next(State& next, Scope& scope, Object& state, Boolean& isCompleted)
   at Microsoft.AspNetCore.Mvc.Infrastructure.ControllerActionInvoker.InvokeInnerFilterAsync()
--- End of stack trace from previous location where exception was thrown ---
   at Microsoft.AspNetCore.Mvc.Infrastructure.ResourceInvoker.<InvokeFilterPipelineAsync>g__Awaited|19_0(ResourceInvoker invoker, Task lastTask, State next, Scope scope, Object state, Boolean isCompleted)
   at Microsoft.AspNetCore.Mvc.Infrastructure.ResourceInvoker.<InvokeAsync>g__Awaited|17_0(ResourceInvoker invoker, Task task, IDisposable scope)
   at Microsoft.AspNetCore.Routing.EndpointMiddleware.<Invoke>g__AwaitRequestTask|6_0(Endpoint endpoint, Task requestTask, ILogger logger)
   at Microsoft.AspNetCore.Authorization.AuthorizationMiddleware.Invoke(HttpContext context)
   at Microsoft.AspNetCore.Authentication.AuthenticationMiddleware.Invoke(HttpContext context)
   at CWB.ExceptionHandling.ExceptionMiddleware.InvokeAsync(HttpContext httpContext) in D:\EvolutionSoftware\CWB-Latest\CWB\CWB.ExceptionHandling\ExceptionMiddleware.cs:line 26
2025-12-04 12:30:58.2069 ERROR Error: AutoMapper.AutoMapperMappingException: Error mapping types.

Mapping types:
EntityQueryable`1 -> IEnumerable`1
Microsoft.EntityFrameworkCore.Query.Internal.EntityQueryable`1[[CWB.Masters.Domain.ItemMaster.PartPurchaseDetails, CWB.Masters, Version=1.0.0.0, Culture=neutral, PublicKeyToken=null]] -> System.Collections.Generic.IEnumerable`1[[CWB.Masters.ViewModels.ItemMaster.PartPurchaseDetailsVM, CWB.Masters, Version=1.0.0.0, Culture=neutral, PublicKeyToken=null]]
 ---> System.InvalidOperationException: An exception has been raised that is likely due to a transient failure. Consider enabling transient error resiliency by adding 'EnableRetryOnFailure()' to the 'UseMySql' call.
 ---> MySqlConnector.MySqlException (0x80004005): Connect Timeout expired. All pooled connections are in use.
   at MySqlConnector.MySqlConnection.CreateSessionAsync(ConnectionPool pool, Int32 startTickCount, Nullable`1 ioBehavior, CancellationToken cancellationToken) in /_/src/MySqlConnector/MySqlConnection.cs:line 902
   at MySqlConnector.MySqlConnection.OpenAsync(Nullable`1 ioBehavior, CancellationToken cancellationToken) in /_/src/MySqlConnector/MySqlConnection.cs:line 435
   at MySqlConnector.MySqlConnection.Open() in /_/src/MySqlConnector/MySqlConnection.cs:line 380
   at Microsoft.EntityFrameworkCore.Storage.RelationalConnection.OpenInternal(Boolean errorsExpected)
   at Microsoft.EntityFrameworkCore.Storage.RelationalConnection.Open(Boolean errorsExpected)
   at Pomelo.EntityFrameworkCore.MySql.Storage.Internal.MySqlRelationalConnection.Open(Boolean errorsExpected)
   at Microsoft.EntityFrameworkCore.Storage.RelationalCommand.ExecuteReader(RelationalCommandParameterObject parameterObject)
   at Microsoft.EntityFrameworkCore.Query.Internal.SingleQueryingEnumerable`1.Enumerator.InitializeReader(DbContext _, Boolean result)
   at Pomelo.EntityFrameworkCore.MySql.Storage.Internal.MySqlExecutionStrategy.Execute[TState,TResult](TState state, Func`3 operation, Func`3 verifySucceeded)
   --- End of inner exception stack trace ---
   at Pomelo.EntityFrameworkCore.MySql.Storage.Internal.MySqlExecutionStrategy.Execute[TState,TResult](TState state, Func`3 operation, Func`3 verifySucceeded)
   at Microsoft.EntityFrameworkCore.Query.Internal.SingleQueryingEnumerable`1.Enumerator.MoveNext()
   at lambda_method(Closure , Object , IEnumerable`1 , ResolutionContext )
   --- End of inner exception stack trace ---
   at lambda_method(Closure , Object , IEnumerable`1 , ResolutionContext )
   at CWB.Masters.Services.ItemMaster.RawMaterialDetailService.GetPartPurchasesForPartNo(Int32 partId, Int64 tenantId) in D:\DockerTestCWB\CWB-Latest\CWB\CWB.Masters\Services\ItemMaster\RawMaterialDetailService.cs:line 262
   at CWB.Masters.Controllers.RawMaterialDetailController.GetPartPurchasesForPartId(Int32 partId, Int64 tenantId) in D:\DockerTestCWB\CWB-Latest\CWB\CWB.Masters\Controllers\RawMaterialDetailController.cs:line 353
   at lambda_method(Closure , Object , Object[] )
   at Microsoft.AspNetCore.Mvc.Infrastructure.ActionMethodExecutor.SyncActionResultExecutor.Execute(IActionResultTypeMapper mapper, ObjectMethodExecutor executor, Object controller, Object[] arguments)
   at Microsoft.AspNetCore.Mvc.Infrastructure.ControllerActionInvoker.InvokeActionMethodAsync()
   at Microsoft.AspNetCore.Mvc.Infrastructure.ControllerActionInvoker.Next(State& next, Scope& scope, Object& state, Boolean& isCompleted)
   at Microsoft.AspNetCore.Mvc.Infrastructure.ControllerActionInvoker.InvokeNextActionFilterAsync()
--- End of stack trace from previous location where exception was thrown ---
   at Microsoft.AspNetCore.Mvc.Infrastructure.ControllerActionInvoker.Rethrow(ActionExecutedContextSealed context)
   at Microsoft.AspNetCore.Mvc.Infrastructure.ControllerActionInvoker.Next(State& next, Scope& scope, Object& state, Boolean& isCompleted)
   at Microsoft.AspNetCore.Mvc.Infrastructure.ControllerActionInvoker.InvokeInnerFilterAsync()
--- End of stack trace from previous location where exception was thrown ---
   at Microsoft.AspNetCore.Mvc.Infrastructure.ResourceInvoker.<InvokeFilterPipelineAsync>g__Awaited|19_0(ResourceInvoker invoker, Task lastTask, State next, Scope scope, Object state, Boolean isCompleted)
   at Microsoft.AspNetCore.Mvc.Infrastructure.ResourceInvoker.<InvokeAsync>g__Awaited|17_0(ResourceInvoker invoker, Task task, IDisposable scope)
   at Microsoft.AspNetCore.Routing.EndpointMiddleware.<Invoke>g__AwaitRequestTask|6_0(Endpoint endpoint, Task requestTask, ILogger logger)
   at Microsoft.AspNetCore.Authorization.AuthorizationMiddleware.Invoke(HttpContext context)
   at Microsoft.AspNetCore.Authentication.AuthenticationMiddleware.Invoke(HttpContext context)
   at CWB.ExceptionHandling.ExceptionMiddleware.InvokeAsync(HttpContext httpContext) in D:\EvolutionSoftware\CWB-Latest\CWB\CWB.ExceptionHandling\ExceptionMiddleware.cs:line 26
2025-12-04 12:30:58.2069 ERROR Error: AutoMapper.AutoMapperMappingException: Error mapping types.

Mapping types:
EntityQueryable`1 -> IEnumerable`1
Microsoft.EntityFrameworkCore.Query.Internal.EntityQueryable`1[[CWB.Masters.Domain.ItemMaster.PartPurchaseDetails, CWB.Masters, Version=1.0.0.0, Culture=neutral, PublicKeyToken=null]] -> System.Collections.Generic.IEnumerable`1[[CWB.Masters.ViewModels.ItemMaster.PartPurchaseDetailsVM, CWB.Masters, Version=1.0.0.0, Culture=neutral, PublicKeyToken=null]]
 ---> System.InvalidOperationException: An exception has been raised that is likely due to a transient failure. Consider enabling transient error resiliency by adding 'EnableRetryOnFailure()' to the 'UseMySql' call.
 ---> MySqlConnector.MySqlException (0x80004005): Connect Timeout expired. All pooled connections are in use.
   at MySqlConnector.MySqlConnection.CreateSessionAsync(ConnectionPool pool, Int32 startTickCount, Nullable`1 ioBehavior, CancellationToken cancellationToken) in /_/src/MySqlConnector/MySqlConnection.cs:line 902
   at MySqlConnector.MySqlConnection.OpenAsync(Nullable`1 ioBehavior, CancellationToken cancellationToken) in /_/src/MySqlConnector/MySqlConnection.cs:line 435
   at MySqlConnector.MySqlConnection.Open() in /_/src/MySqlConnector/MySqlConnection.cs:line 380
   at Microsoft.EntityFrameworkCore.Storage.RelationalConnection.OpenInternal(Boolean errorsExpected)
   at Microsoft.EntityFrameworkCore.Storage.RelationalConnection.Open(Boolean errorsExpected)
   at Pomelo.EntityFrameworkCore.MySql.Storage.Internal.MySqlRelationalConnection.Open(Boolean errorsExpected)
   at Microsoft.EntityFrameworkCore.Storage.RelationalCommand.ExecuteReader(RelationalCommandParameterObject parameterObject)
   at Microsoft.EntityFrameworkCore.Query.Internal.SingleQueryingEnumerable`1.Enumerator.InitializeReader(DbContext _, Boolean result)
   at Pomelo.EntityFrameworkCore.MySql.Storage.Internal.MySqlExecutionStrategy.Execute[TState,TResult](TState state, Func`3 operation, Func`3 verifySucceeded)
   --- End of inner exception stack trace ---
   at Pomelo.EntityFrameworkCore.MySql.Storage.Internal.MySqlExecutionStrategy.Execute[TState,TResult](TState state, Func`3 operation, Func`3 verifySucceeded)
   at Microsoft.EntityFrameworkCore.Query.Internal.SingleQueryingEnumerable`1.Enumerator.MoveNext()
   at lambda_method(Closure , Object , IEnumerable`1 , ResolutionContext )
   --- End of inner exception stack trace ---
   at lambda_method(Closure , Object , IEnumerable`1 , ResolutionContext )
   at CWB.Masters.Services.ItemMaster.RawMaterialDetailService.GetPartPurchasesForPartNo(Int32 partId, Int64 tenantId) in D:\DockerTestCWB\CWB-Latest\CWB\CWB.Masters\Services\ItemMaster\RawMaterialDetailService.cs:line 262
   at CWB.Masters.Controllers.RawMaterialDetailController.GetPartPurchasesForPartId(Int32 partId, Int64 tenantId) in D:\DockerTestCWB\CWB-Latest\CWB\CWB.Masters\Controllers\RawMaterialDetailController.cs:line 353
   at lambda_method(Closure , Object , Object[] )
   at Microsoft.AspNetCore.Mvc.Infrastructure.ActionMethodExecutor.SyncActionResultExecutor.Execute(IActionResultTypeMapper mapper, ObjectMethodExecutor executor, Object controller, Object[] arguments)
   at Microsoft.AspNetCore.Mvc.Infrastructure.ControllerActionInvoker.InvokeActionMethodAsync()
   at Microsoft.AspNetCore.Mvc.Infrastructure.ControllerActionInvoker.Next(State& next, Scope& scope, Object& state, Boolean& isCompleted)
   at Microsoft.AspNetCore.Mvc.Infrastructure.ControllerActionInvoker.InvokeNextActionFilterAsync()
--- End of stack trace from previous location where exception was thrown ---
   at Microsoft.AspNetCore.Mvc.Infrastructure.ControllerActionInvoker.Rethrow(ActionExecutedContextSealed context)
   at Microsoft.AspNetCore.Mvc.Infrastructure.ControllerActionInvoker.Next(State& next, Scope& scope, Object& state, Boolean& isCompleted)
   at Microsoft.AspNetCore.Mvc.Infrastructure.ControllerActionInvoker.InvokeInnerFilterAsync()
--- End of stack trace from previous location where exception was thrown ---
   at Microsoft.AspNetCore.Mvc.Infrastructure.ResourceInvoker.<InvokeFilterPipelineAsync>g__Awaited|19_0(ResourceInvoker invoker, Task lastTask, State next, Scope scope, Object state, Boolean isCompleted)
   at Microsoft.AspNetCore.Mvc.Infrastructure.ResourceInvoker.<InvokeAsync>g__Awaited|17_0(ResourceInvoker invoker, Task task, IDisposable scope)
   at Microsoft.AspNetCore.Routing.EndpointMiddleware.<Invoke>g__AwaitRequestTask|6_0(Endpoint endpoint, Task requestTask, ILogger logger)
   at Microsoft.AspNetCore.Authorization.AuthorizationMiddleware.Invoke(HttpContext context)
   at Microsoft.AspNetCore.Authentication.AuthenticationMiddleware.Invoke(HttpContext context)
   at CWB.ExceptionHandling.ExceptionMiddleware.InvokeAsync(HttpContext httpContext) in D:\EvolutionSoftware\CWB-Latest\CWB\CWB.ExceptionHandling\ExceptionMiddleware.cs:line 26
2025-12-04 12:30:58.2069 ERROR Error: AutoMapper.AutoMapperMappingException: Error mapping types.

Mapping types:
EntityQueryable`1 -> IEnumerable`1
Microsoft.EntityFrameworkCore.Query.Internal.EntityQueryable`1[[CWB.Masters.Domain.ItemMaster.PartPurchaseDetails, CWB.Masters, Version=1.0.0.0, Culture=neutral, PublicKeyToken=null]] -> System.Collections.Generic.IEnumerable`1[[CWB.Masters.ViewModels.ItemMaster.PartPurchaseDetailsVM, CWB.Masters, Version=1.0.0.0, Culture=neutral, PublicKeyToken=null]]
 ---> System.InvalidOperationException: An exception has been raised that is likely due to a transient failure. Consider enabling transient error resiliency by adding 'EnableRetryOnFailure()' to the 'UseMySql' call.
 ---> MySqlConnector.MySqlException (0x80004005): Connect Timeout expired. All pooled connections are in use.
   at MySqlConnector.MySqlConnection.CreateSessionAsync(ConnectionPool pool, Int32 startTickCount, Nullable`1 ioBehavior, CancellationToken cancellationToken) in /_/src/MySqlConnector/MySqlConnection.cs:line 902
   at MySqlConnector.MySqlConnection.OpenAsync(Nullable`1 ioBehavior, CancellationToken cancellationToken) in /_/src/MySqlConnector/MySqlConnection.cs:line 435
   at MySqlConnector.MySqlConnection.Open() in /_/src/MySqlConnector/MySqlConnection.cs:line 380
   at Microsoft.EntityFrameworkCore.Storage.RelationalConnection.OpenInternal(Boolean errorsExpected)
   at Microsoft.EntityFrameworkCore.Storage.RelationalConnection.Open(Boolean errorsExpected)
   at Pomelo.EntityFrameworkCore.MySql.Storage.Internal.MySqlRelationalConnection.Open(Boolean errorsExpected)
   at Microsoft.EntityFrameworkCore.Storage.RelationalCommand.ExecuteReader(RelationalCommandParameterObject parameterObject)
   at Microsoft.EntityFrameworkCore.Query.Internal.SingleQueryingEnumerable`1.Enumerator.InitializeReader(DbContext _, Boolean result)
   at Pomelo.EntityFrameworkCore.MySql.Storage.Internal.MySqlExecutionStrategy.Execute[TState,TResult](TState state, Func`3 operation, Func`3 verifySucceeded)
   --- End of inner exception stack trace ---
   at Pomelo.EntityFrameworkCore.MySql.Storage.Internal.MySqlExecutionStrategy.Execute[TState,TResult](TState state, Func`3 operation, Func`3 verifySucceeded)
   at Microsoft.EntityFrameworkCore.Query.Internal.SingleQueryingEnumerable`1.Enumerator.MoveNext()
   at lambda_method(Closure , Object , IEnumerable`1 , ResolutionContext )
   --- End of inner exception stack trace ---
   at lambda_method(Closure , Object , IEnumerable`1 , ResolutionContext )
   at CWB.Masters.Services.ItemMaster.RawMaterialDetailService.GetPartPurchasesForPartNo(Int32 partId, Int64 tenantId) in D:\DockerTestCWB\CWB-Latest\CWB\CWB.Masters\Services\ItemMaster\RawMaterialDetailService.cs:line 262
   at CWB.Masters.Controllers.RawMaterialDetailController.GetPartPurchasesForPartId(Int32 partId, Int64 tenantId) in D:\DockerTestCWB\CWB-Latest\CWB\CWB.Masters\Controllers\RawMaterialDetailController.cs:line 353
   at lambda_method(Closure , Object , Object[] )
   at Microsoft.AspNetCore.Mvc.Infrastructure.ActionMethodExecutor.SyncActionResultExecutor.Execute(IActionResultTypeMapper mapper, ObjectMethodExecutor executor, Object controller, Object[] arguments)
   at Microsoft.AspNetCore.Mvc.Infrastructure.ControllerActionInvoker.InvokeActionMethodAsync()
   at Microsoft.AspNetCore.Mvc.Infrastructure.ControllerActionInvoker.Next(State& next, Scope& scope, Object& state, Boolean& isCompleted)
   at Microsoft.AspNetCore.Mvc.Infrastructure.ControllerActionInvoker.InvokeNextActionFilterAsync()
--- End of stack trace from previous location where exception was thrown ---
   at Microsoft.AspNetCore.Mvc.Infrastructure.ControllerActionInvoker.Rethrow(ActionExecutedContextSealed context)
   at Microsoft.AspNetCore.Mvc.Infrastructure.ControllerActionInvoker.Next(State& next, Scope& scope, Object& state, Boolean& isCompleted)
   at Microsoft.AspNetCore.Mvc.Infrastructure.ControllerActionInvoker.InvokeInnerFilterAsync()
--- End of stack trace from previous location where exception was thrown ---
   at Microsoft.AspNetCore.Mvc.Infrastructure.ResourceInvoker.<InvokeFilterPipelineAsync>g__Awaited|19_0(ResourceInvoker invoker, Task lastTask, State next, Scope scope, Object state, Boolean isCompleted)
   at Microsoft.AspNetCore.Mvc.Infrastructure.ResourceInvoker.<InvokeAsync>g__Awaited|17_0(ResourceInvoker invoker, Task task, IDisposable scope)
   at Microsoft.AspNetCore.Routing.EndpointMiddleware.<Invoke>g__AwaitRequestTask|6_0(Endpoint endpoint, Task requestTask, ILogger logger)
   at Microsoft.AspNetCore.Authorization.AuthorizationMiddleware.Invoke(HttpContext context)
   at Microsoft.AspNetCore.Authentication.AuthenticationMiddleware.Invoke(HttpContext context)
   at CWB.ExceptionHandling.ExceptionMiddleware.InvokeAsync(HttpContext httpContext) in D:\EvolutionSoftware\CWB-Latest\CWB\CWB.ExceptionHandling\ExceptionMiddleware.cs:line 26
2025-12-04 12:30:58.2069 ERROR Error: AutoMapper.AutoMapperMappingException: Error mapping types.

Mapping types:
EntityQueryable`1 -> IEnumerable`1
Microsoft.EntityFrameworkCore.Query.Internal.EntityQueryable`1[[CWB.Masters.Domain.ItemMaster.PartPurchaseDetails, CWB.Masters, Version=1.0.0.0, Culture=neutral, PublicKeyToken=null]] -> System.Collections.Generic.IEnumerable`1[[CWB.Masters.ViewModels.ItemMaster.PartPurchaseDetailsVM, CWB.Masters, Version=1.0.0.0, Culture=neutral, PublicKeyToken=null]]
 ---> System.InvalidOperationException: An exception has been raised that is likely due to a transient failure. Consider enabling transient error resiliency by adding 'EnableRetryOnFailure()' to the 'UseMySql' call.
 ---> MySqlConnector.MySqlException (0x80004005): Connect Timeout expired. All pooled connections are in use.
   at MySqlConnector.MySqlConnection.CreateSessionAsync(ConnectionPool pool, Int32 startTickCount, Nullable`1 ioBehavior, CancellationToken cancellationToken) in /_/src/MySqlConnector/MySqlConnection.cs:line 902
   at MySqlConnector.MySqlConnection.OpenAsync(Nullable`1 ioBehavior, CancellationToken cancellationToken) in /_/src/MySqlConnector/MySqlConnection.cs:line 435
   at MySqlConnector.MySqlConnection.Open() in /_/src/MySqlConnector/MySqlConnection.cs:line 380
   at Microsoft.EntityFrameworkCore.Storage.RelationalConnection.OpenInternal(Boolean errorsExpected)
   at Microsoft.EntityFrameworkCore.Storage.RelationalConnection.Open(Boolean errorsExpected)
   at Pomelo.EntityFrameworkCore.MySql.Storage.Internal.MySqlRelationalConnection.Open(Boolean errorsExpected)
   at Microsoft.EntityFrameworkCore.Storage.RelationalCommand.ExecuteReader(RelationalCommandParameterObject parameterObject)
   at Microsoft.EntityFrameworkCore.Query.Internal.SingleQueryingEnumerable`1.Enumerator.InitializeReader(DbContext _, Boolean result)
   at Pomelo.EntityFrameworkCore.MySql.Storage.Internal.MySqlExecutionStrategy.Execute[TState,TResult](TState state, Func`3 operation, Func`3 verifySucceeded)
   --- End of inner exception stack trace ---
   at Pomelo.EntityFrameworkCore.MySql.Storage.Internal.MySqlExecutionStrategy.Execute[TState,TResult](TState state, Func`3 operation, Func`3 verifySucceeded)
   at Microsoft.EntityFrameworkCore.Query.Internal.SingleQueryingEnumerable`1.Enumerator.MoveNext()
   at lambda_method(Closure , Object , IEnumerable`1 , ResolutionContext )
   --- End of inner exception stack trace ---
   at lambda_method(Closure , Object , IEnumerable`1 , ResolutionContext )
   at CWB.Masters.Services.ItemMaster.RawMaterialDetailService.GetPartPurchasesForPartNo(Int32 partId, Int64 tenantId) in D:\DockerTestCWB\CWB-Latest\CWB\CWB.Masters\Services\ItemMaster\RawMaterialDetailService.cs:line 262
   at CWB.Masters.Controllers.RawMaterialDetailController.GetPartPurchasesForPartId(Int32 partId, Int64 tenantId) in D:\DockerTestCWB\CWB-Latest\CWB\CWB.Masters\Controllers\RawMaterialDetailController.cs:line 353
   at lambda_method(Closure , Object , Object[] )
   at Microsoft.AspNetCore.Mvc.Infrastructure.ActionMethodExecutor.SyncActionResultExecutor.Execute(IActionResultTypeMapper mapper, ObjectMethodExecutor executor, Object controller, Object[] arguments)
   at Microsoft.AspNetCore.Mvc.Infrastructure.ControllerActionInvoker.InvokeActionMethodAsync()
   at Microsoft.AspNetCore.Mvc.Infrastructure.ControllerActionInvoker.Next(State& next, Scope& scope, Object& state, Boolean& isCompleted)
   at Microsoft.AspNetCore.Mvc.Infrastructure.ControllerActionInvoker.InvokeNextActionFilterAsync()
--- End of stack trace from previous location where exception was thrown ---
   at Microsoft.AspNetCore.Mvc.Infrastructure.ControllerActionInvoker.Rethrow(ActionExecutedContextSealed context)
   at Microsoft.AspNetCore.Mvc.Infrastructure.ControllerActionInvoker.Next(State& next, Scope& scope, Object& state, Boolean& isCompleted)
   at Microsoft.AspNetCore.Mvc.Infrastructure.ControllerActionInvoker.InvokeInnerFilterAsync()
--- End of stack trace from previous location where exception was thrown ---
   at Microsoft.AspNetCore.Mvc.Infrastructure.ResourceInvoker.<InvokeFilterPipelineAsync>g__Awaited|19_0(ResourceInvoker invoker, Task lastTask, State next, Scope scope, Object state, Boolean isCompleted)
   at Microsoft.AspNetCore.Mvc.Infrastructure.ResourceInvoker.<InvokeAsync>g__Awaited|17_0(ResourceInvoker invoker, Task task, IDisposable scope)
   at Microsoft.AspNetCore.Routing.EndpointMiddleware.<Invoke>g__AwaitRequestTask|6_0(Endpoint endpoint, Task requestTask, ILogger logger)
   at Microsoft.AspNetCore.Authorization.AuthorizationMiddleware.Invoke(HttpContext context)
   at Microsoft.AspNetCore.Authentication.AuthenticationMiddleware.Invoke(HttpContext context)
   at CWB.ExceptionHandling.ExceptionMiddleware.InvokeAsync(HttpContext httpContext) in D:\EvolutionSoftware\CWB-Latest\CWB\CWB.ExceptionHandling\ExceptionMiddleware.cs:line 26
2025-12-04 12:31:07.1500 ERROR Error: AutoMapper.AutoMapperMappingException: Error mapping types.

Mapping types:
EntityQueryable`1 -> IEnumerable`1
Microsoft.EntityFrameworkCore.Query.Internal.EntityQueryable`1[[CWB.Masters.Domain.ItemMaster.PartPurchaseDetails, CWB.Masters, Version=1.0.0.0, Culture=neutral, PublicKeyToken=null]] -> System.Collections.Generic.IEnumerable`1[[CWB.Masters.ViewModels.ItemMaster.PartPurchaseDetailsVM, CWB.Masters, Version=1.0.0.0, Culture=neutral, PublicKeyToken=null]]
 ---> System.InvalidOperationException: An exception has been raised that is likely due to a transient failure. Consider enabling transient error resiliency by adding 'EnableRetryOnFailure()' to the 'UseMySql' call.
 ---> MySqlConnector.MySqlException (0x80004005): Connect Timeout expired. All pooled connections are in use.
   at MySqlConnector.MySqlConnection.CreateSessionAsync(ConnectionPool pool, Int32 startTickCount, Nullable`1 ioBehavior, CancellationToken cancellationToken) in /_/src/MySqlConnector/MySqlConnection.cs:line 902
   at MySqlConnector.MySqlConnection.OpenAsync(Nullable`1 ioBehavior, CancellationToken cancellationToken) in /_/src/MySqlConnector/MySqlConnection.cs:line 435
   at MySqlConnector.MySqlConnection.Open() in /_/src/MySqlConnector/MySqlConnection.cs:line 380
   at Microsoft.EntityFrameworkCore.Storage.RelationalConnection.OpenInternal(Boolean errorsExpected)
   at Microsoft.EntityFrameworkCore.Storage.RelationalConnection.Open(Boolean errorsExpected)
   at Pomelo.EntityFrameworkCore.MySql.Storage.Internal.MySqlRelationalConnection.Open(Boolean errorsExpected)
   at Microsoft.EntityFrameworkCore.Storage.RelationalCommand.ExecuteReader(RelationalCommandParameterObject parameterObject)
   at Microsoft.EntityFrameworkCore.Query.Internal.SingleQueryingEnumerable`1.Enumerator.InitializeReader(DbContext _, Boolean result)
   at Pomelo.EntityFrameworkCore.MySql.Storage.Internal.MySqlExecutionStrategy.Execute[TState,TResult](TState state, Func`3 operation, Func`3 verifySucceeded)
   --- End of inner exception stack trace ---
   at Pomelo.EntityFrameworkCore.MySql.Storage.Internal.MySqlExecutionStrategy.Execute[TState,TResult](TState state, Func`3 operation, Func`3 verifySucceeded)
   at Microsoft.EntityFrameworkCore.Query.Internal.SingleQueryingEnumerable`1.Enumerator.MoveNext()
   at lambda_method(Closure , Object , IEnumerable`1 , ResolutionContext )
   --- End of inner exception stack trace ---
   at lambda_method(Closure , Object , IEnumerable`1 , ResolutionContext )
   at CWB.Masters.Services.ItemMaster.RawMaterialDetailService.GetPartPurchasesForPartNo(Int32 partId, Int64 tenantId) in D:\DockerTestCWB\CWB-Latest\CWB\CWB.Masters\Services\ItemMaster\RawMaterialDetailService.cs:line 262
   at CWB.Masters.Controllers.RawMaterialDetailController.GetPartPurchasesForPartId(Int32 partId, Int64 tenantId) in D:\DockerTestCWB\CWB-Latest\CWB\CWB.Masters\Controllers\RawMaterialDetailController.cs:line 353
   at lambda_method(Closure , Object , Object[] )
   at Microsoft.AspNetCore.Mvc.Infrastructure.ActionMethodExecutor.SyncActionResultExecutor.Execute(IActionResultTypeMapper mapper, ObjectMethodExecutor executor, Object controller, Object[] arguments)
   at Microsoft.AspNetCore.Mvc.Infrastructure.ControllerActionInvoker.InvokeActionMethodAsync()
   at Microsoft.AspNetCore.Mvc.Infrastructure.ControllerActionInvoker.Next(State& next, Scope& scope, Object& state, Boolean& isCompleted)
   at Microsoft.AspNetCore.Mvc.Infrastructure.ControllerActionInvoker.InvokeNextActionFilterAsync()
--- End of stack trace from previous location where exception was thrown ---
   at Microsoft.AspNetCore.Mvc.Infrastructure.ControllerActionInvoker.Rethrow(ActionExecutedContextSealed context)
   at Microsoft.AspNetCore.Mvc.Infrastructure.ControllerActionInvoker.Next(State& next, Scope& scope, Object& state, Boolean& isCompleted)
   at Microsoft.AspNetCore.Mvc.Infrastructure.ControllerActionInvoker.InvokeInnerFilterAsync()
--- End of stack trace from previous location where exception was thrown ---
   at Microsoft.AspNetCore.Mvc.Infrastructure.ResourceInvoker.<InvokeFilterPipelineAsync>g__Awaited|19_0(ResourceInvoker invoker, Task lastTask, State next, Scope scope, Object state, Boolean isCompleted)
   at Microsoft.AspNetCore.Mvc.Infrastructure.ResourceInvoker.<InvokeAsync>g__Awaited|17_0(ResourceInvoker invoker, Task task, IDisposable scope)
   at Microsoft.AspNetCore.Routing.EndpointMiddleware.<Invoke>g__AwaitRequestTask|6_0(Endpoint endpoint, Task requestTask, ILogger logger)
   at Microsoft.AspNetCore.Authorization.AuthorizationMiddleware.Invoke(HttpContext context)
   at Microsoft.AspNetCore.Authentication.AuthenticationMiddleware.Invoke(HttpContext context)
   at CWB.ExceptionHandling.ExceptionMiddleware.InvokeAsync(HttpContext httpContext) in D:\EvolutionSoftware\CWB-Latest\CWB\CWB.ExceptionHandling\ExceptionMiddleware.cs:line 26
2025-12-04 12:31:08.4412 ERROR Error: AutoMapper.AutoMapperMappingException: Error mapping types.

Mapping types:
EntityQueryable`1 -> IEnumerable`1
Microsoft.EntityFrameworkCore.Query.Internal.EntityQueryable`1[[CWB.Masters.Domain.ItemMaster.PartPurchaseDetails, CWB.Masters, Version=1.0.0.0, Culture=neutral, PublicKeyToken=null]] -> System.Collections.Generic.IEnumerable`1[[CWB.Masters.ViewModels.ItemMaster.PartPurchaseDetailsVM, CWB.Masters, Version=1.0.0.0, Culture=neutral, PublicKeyToken=null]]
 ---> System.InvalidOperationException: An exception has been raised that is likely due to a transient failure. Consider enabling transient error resiliency by adding 'EnableRetryOnFailure()' to the 'UseMySql' call.
 ---> MySqlConnector.MySqlException (0x80004005): Connect Timeout expired. All pooled connections are in use.
   at MySqlConnector.MySqlConnection.CreateSessionAsync(ConnectionPool pool, Int32 startTickCount, Nullable`1 ioBehavior, CancellationToken cancellationToken) in /_/src/MySqlConnector/MySqlConnection.cs:line 902
   at MySqlConnector.MySqlConnection.OpenAsync(Nullable`1 ioBehavior, CancellationToken cancellationToken) in /_/src/MySqlConnector/MySqlConnection.cs:line 435
   at MySqlConnector.MySqlConnection.Open() in /_/src/MySqlConnector/MySqlConnection.cs:line 380
   at Microsoft.EntityFrameworkCore.Storage.RelationalConnection.OpenInternal(Boolean errorsExpected)
   at Microsoft.EntityFrameworkCore.Storage.RelationalConnection.Open(Boolean errorsExpected)
   at Pomelo.EntityFrameworkCore.MySql.Storage.Internal.MySqlRelationalConnection.Open(Boolean errorsExpected)
   at Microsoft.EntityFrameworkCore.Storage.RelationalCommand.ExecuteReader(RelationalCommandParameterObject parameterObject)
   at Microsoft.EntityFrameworkCore.Query.Internal.SingleQueryingEnumerable`1.Enumerator.InitializeReader(DbContext _, Boolean result)
   at Pomelo.EntityFrameworkCore.MySql.Storage.Internal.MySqlExecutionStrategy.Execute[TState,TResult](TState state, Func`3 operation, Func`3 verifySucceeded)
   --- End of inner exception stack trace ---
   at Pomelo.EntityFrameworkCore.MySql.Storage.Internal.MySqlExecutionStrategy.Execute[TState,TResult](TState state, Func`3 operation, Func`3 verifySucceeded)
   at Microsoft.EntityFrameworkCore.Query.Internal.SingleQueryingEnumerable`1.Enumerator.MoveNext()
   at lambda_method(Closure , Object , IEnumerable`1 , ResolutionContext )
   --- End of inner exception stack trace ---
   at lambda_method(Closure , Object , IEnumerable`1 , ResolutionContext )
   at CWB.Masters.Services.ItemMaster.RawMaterialDetailService.GetPartPurchasesForPartNo(Int32 partId, Int64 tenantId) in D:\DockerTestCWB\CWB-Latest\CWB\CWB.Masters\Services\ItemMaster\RawMaterialDetailService.cs:line 262
   at CWB.Masters.Controllers.RawMaterialDetailController.GetPartPurchasesForPartId(Int32 partId, Int64 tenantId) in D:\DockerTestCWB\CWB-Latest\CWB\CWB.Masters\Controllers\RawMaterialDetailController.cs:line 353
   at lambda_method(Closure , Object , Object[] )
   at Microsoft.AspNetCore.Mvc.Infrastructure.ActionMethodExecutor.SyncActionResultExecutor.Execute(IActionResultTypeMapper mapper, ObjectMethodExecutor executor, Object controller, Object[] arguments)
   at Microsoft.AspNetCore.Mvc.Infrastructure.ControllerActionInvoker.InvokeActionMethodAsync()
   at Microsoft.AspNetCore.Mvc.Infrastructure.ControllerActionInvoker.Next(State& next, Scope& scope, Object& state, Boolean& isCompleted)
   at Microsoft.AspNetCore.Mvc.Infrastructure.ControllerActionInvoker.InvokeNextActionFilterAsync()
--- End of stack trace from previous location where exception was thrown ---
   at Microsoft.AspNetCore.Mvc.Infrastructure.ControllerActionInvoker.Rethrow(ActionExecutedContextSealed context)
   at Microsoft.AspNetCore.Mvc.Infrastructure.ControllerActionInvoker.Next(State& next, Scope& scope, Object& state, Boolean& isCompleted)
   at Microsoft.AspNetCore.Mvc.Infrastructure.ControllerActionInvoker.InvokeInnerFilterAsync()
--- End of stack trace from previous location where exception was thrown ---
   at Microsoft.AspNetCore.Mvc.Infrastructure.ResourceInvoker.<InvokeFilterPipelineAsync>g__Awaited|19_0(ResourceInvoker invoker, Task lastTask, State next, Scope scope, Object state, Boolean isCompleted)
   at Microsoft.AspNetCore.Mvc.Infrastructure.ResourceInvoker.<InvokeAsync>g__Awaited|17_0(ResourceInvoker invoker, Task task, IDisposable scope)
   at Microsoft.AspNetCore.Routing.EndpointMiddleware.<Invoke>g__AwaitRequestTask|6_0(Endpoint endpoint, Task requestTask, ILogger logger)
   at Microsoft.AspNetCore.Authorization.AuthorizationMiddleware.Invoke(HttpContext context)
   at Microsoft.AspNetCore.Authentication.AuthenticationMiddleware.Invoke(HttpContext context)
   at CWB.ExceptionHandling.ExceptionMiddleware.InvokeAsync(HttpContext httpContext) in D:\EvolutionSoftware\CWB-Latest\CWB\CWB.ExceptionHandling\ExceptionMiddleware.cs:line 26
2025-12-04 12:31:11.8185 ERROR Error: AutoMapper.AutoMapperMappingException: Error mapping types.

Mapping types:
EntityQueryable`1 -> IEnumerable`1
Microsoft.EntityFrameworkCore.Query.Internal.EntityQueryable`1[[CWB.Masters.Domain.ItemMaster.PartPurchaseDetails, CWB.Masters, Version=1.0.0.0, Culture=neutral, PublicKeyToken=null]] -> System.Collections.Generic.IEnumerable`1[[CWB.Masters.ViewModels.ItemMaster.PartPurchaseDetailsVM, CWB.Masters, Version=1.0.0.0, Culture=neutral, PublicKeyToken=null]]
 ---> System.InvalidOperationException: An exception has been raised that is likely due to a transient failure. Consider enabling transient error resiliency by adding 'EnableRetryOnFailure()' to the 'UseMySql' call.
 ---> MySqlConnector.MySqlException (0x80004005): Connect Timeout expired. All pooled connections are in use.
   at MySqlConnector.MySqlConnection.CreateSessionAsync(ConnectionPool pool, Int32 startTickCount, Nullable`1 ioBehavior, CancellationToken cancellationToken) in /_/src/MySqlConnector/MySqlConnection.cs:line 902
   at MySqlConnector.MySqlConnection.OpenAsync(Nullable`1 ioBehavior, CancellationToken cancellationToken) in /_/src/MySqlConnector/MySqlConnection.cs:line 435
   at MySqlConnector.MySqlConnection.Open() in /_/src/MySqlConnector/MySqlConnection.cs:line 380
   at Microsoft.EntityFrameworkCore.Storage.RelationalConnection.OpenInternal(Boolean errorsExpected)
   at Microsoft.EntityFrameworkCore.Storage.RelationalConnection.Open(Boolean errorsExpected)
   at Pomelo.EntityFrameworkCore.MySql.Storage.Internal.MySqlRelationalConnection.Open(Boolean errorsExpected)
   at Microsoft.EntityFrameworkCore.Storage.RelationalCommand.ExecuteReader(RelationalCommandParameterObject parameterObject)
   at Microsoft.EntityFrameworkCore.Query.Internal.SingleQueryingEnumerable`1.Enumerator.InitializeReader(DbContext _, Boolean result)
   at Pomelo.EntityFrameworkCore.MySql.Storage.Internal.MySqlExecutionStrategy.Execute[TState,TResult](TState state, Func`3 operation, Func`3 verifySucceeded)
   --- End of inner exception stack trace ---
   at Pomelo.EntityFrameworkCore.MySql.Storage.Internal.MySqlExecutionStrategy.Execute[TState,TResult](TState state, Func`3 operation, Func`3 verifySucceeded)
   at Microsoft.EntityFrameworkCore.Query.Internal.SingleQueryingEnumerable`1.Enumerator.MoveNext()
   at lambda_method(Closure , Object , IEnumerable`1 , ResolutionContext )
   --- End of inner exception stack trace ---
   at lambda_method(Closure , Object , IEnumerable`1 , ResolutionContext )
   at CWB.Masters.Services.ItemMaster.RawMaterialDetailService.GetPartPurchasesForPartNo(Int32 partId, Int64 tenantId) in D:\DockerTestCWB\CWB-Latest\CWB\CWB.Masters\Services\ItemMaster\RawMaterialDetailService.cs:line 262
   at CWB.Masters.Controllers.RawMaterialDetailController.GetPartPurchasesForPartId(Int32 partId, Int64 tenantId) in D:\DockerTestCWB\CWB-Latest\CWB\CWB.Masters\Controllers\RawMaterialDetailController.cs:line 353
   at lambda_method(Closure , Object , Object[] )
   at Microsoft.AspNetCore.Mvc.Infrastructure.ActionMethodExecutor.SyncActionResultExecutor.Execute(IActionResultTypeMapper mapper, ObjectMethodExecutor executor, Object controller, Object[] arguments)
   at Microsoft.AspNetCore.Mvc.Infrastructure.ControllerActionInvoker.InvokeActionMethodAsync()
   at Microsoft.AspNetCore.Mvc.Infrastructure.ControllerActionInvoker.Next(State& next, Scope& scope, Object& state, Boolean& isCompleted)
   at Microsoft.AspNetCore.Mvc.Infrastructure.ControllerActionInvoker.InvokeNextActionFilterAsync()
--- End of stack trace from previous location where exception was thrown ---
   at Microsoft.AspNetCore.Mvc.Infrastructure.ControllerActionInvoker.Rethrow(ActionExecutedContextSealed context)
   at Microsoft.AspNetCore.Mvc.Infrastructure.ControllerActionInvoker.Next(State& next, Scope& scope, Object& state, Boolean& isCompleted)
   at Microsoft.AspNetCore.Mvc.Infrastructure.ControllerActionInvoker.InvokeInnerFilterAsync()
--- End of stack trace from previous location where exception was thrown ---
   at Microsoft.AspNetCore.Mvc.Infrastructure.ResourceInvoker.<InvokeFilterPipelineAsync>g__Awaited|19_0(ResourceInvoker invoker, Task lastTask, State next, Scope scope, Object state, Boolean isCompleted)
   at Microsoft.AspNetCore.Mvc.Infrastructure.ResourceInvoker.<InvokeAsync>g__Awaited|17_0(ResourceInvoker invoker, Task task, IDisposable scope)
   at Microsoft.AspNetCore.Routing.EndpointMiddleware.<Invoke>g__AwaitRequestTask|6_0(Endpoint endpoint, Task requestTask, ILogger logger)
   at Microsoft.AspNetCore.Authorization.AuthorizationMiddleware.Invoke(HttpContext context)
   at Microsoft.AspNetCore.Authentication.AuthenticationMiddleware.Invoke(HttpContext context)
   at CWB.ExceptionHandling.ExceptionMiddleware.InvokeAsync(HttpContext httpContext) in D:\EvolutionSoftware\CWB-Latest\CWB\CWB.ExceptionHandling\ExceptionMiddleware.cs:line 26
2025-12-04 12:31:11.8185 ERROR Error: AutoMapper.AutoMapperMappingException: Error mapping types.

Mapping types:
EntityQueryable`1 -> IEnumerable`1
Microsoft.EntityFrameworkCore.Query.Internal.EntityQueryable`1[[CWB.Masters.Domain.ItemMaster.PartPurchaseDetails, CWB.Masters, Version=1.0.0.0, Culture=neutral, PublicKeyToken=null]] -> System.Collections.Generic.IEnumerable`1[[CWB.Masters.ViewModels.ItemMaster.PartPurchaseDetailsVM, CWB.Masters, Version=1.0.0.0, Culture=neutral, PublicKeyToken=null]]
 ---> System.InvalidOperationException: An exception has been raised that is likely due to a transient failure. Consider enabling transient error resiliency by adding 'EnableRetryOnFailure()' to the 'UseMySql' call.
 ---> MySqlConnector.MySqlException (0x80004005): Connect Timeout expired. All pooled connections are in use.
   at MySqlConnector.MySqlConnection.CreateSessionAsync(ConnectionPool pool, Int32 startTickCount, Nullable`1 ioBehavior, CancellationToken cancellationToken) in /_/src/MySqlConnector/MySqlConnection.cs:line 902
   at MySqlConnector.MySqlConnection.OpenAsync(Nullable`1 ioBehavior, CancellationToken cancellationToken) in /_/src/MySqlConnector/MySqlConnection.cs:line 435
   at MySqlConnector.MySqlConnection.Open() in /_/src/MySqlConnector/MySqlConnection.cs:line 380
   at Microsoft.EntityFrameworkCore.Storage.RelationalConnection.OpenInternal(Boolean errorsExpected)
   at Microsoft.EntityFrameworkCore.Storage.RelationalConnection.Open(Boolean errorsExpected)
   at Pomelo.EntityFrameworkCore.MySql.Storage.Internal.MySqlRelationalConnection.Open(Boolean errorsExpected)
   at Microsoft.EntityFrameworkCore.Storage.RelationalCommand.ExecuteReader(RelationalCommandParameterObject parameterObject)
   at Microsoft.EntityFrameworkCore.Query.Internal.SingleQueryingEnumerable`1.Enumerator.InitializeReader(DbContext _, Boolean result)
   at Pomelo.EntityFrameworkCore.MySql.Storage.Internal.MySqlExecutionStrategy.Execute[TState,TResult](TState state, Func`3 operation, Func`3 verifySucceeded)
   --- End of inner exception stack trace ---
   at Pomelo.EntityFrameworkCore.MySql.Storage.Internal.MySqlExecutionStrategy.Execute[TState,TResult](TState state, Func`3 operation, Func`3 verifySucceeded)
   at Microsoft.EntityFrameworkCore.Query.Internal.SingleQueryingEnumerable`1.Enumerator.MoveNext()
   at lambda_method(Closure , Object , IEnumerable`1 , ResolutionContext )
   --- End of inner exception stack trace ---
   at lambda_method(Closure , Object , IEnumerable`1 , ResolutionContext )
   at CWB.Masters.Services.ItemMaster.RawMaterialDetailService.GetPartPurchasesForPartNo(Int32 partId, Int64 tenantId) in D:\DockerTestCWB\CWB-Latest\CWB\CWB.Masters\Services\ItemMaster\RawMaterialDetailService.cs:line 262
   at CWB.Masters.Controllers.RawMaterialDetailController.GetPartPurchasesForPartId(Int32 partId, Int64 tenantId) in D:\DockerTestCWB\CWB-Latest\CWB\CWB.Masters\Controllers\RawMaterialDetailController.cs:line 353
   at lambda_method(Closure , Object , Object[] )
   at Microsoft.AspNetCore.Mvc.Infrastructure.ActionMethodExecutor.SyncActionResultExecutor.Execute(IActionResultTypeMapper mapper, ObjectMethodExecutor executor, Object controller, Object[] arguments)
   at Microsoft.AspNetCore.Mvc.Infrastructure.ControllerActionInvoker.InvokeActionMethodAsync()
   at Microsoft.AspNetCore.Mvc.Infrastructure.ControllerActionInvoker.Next(State& next, Scope& scope, Object& state, Boolean& isCompleted)
   at Microsoft.AspNetCore.Mvc.Infrastructure.ControllerActionInvoker.InvokeNextActionFilterAsync()
--- End of stack trace from previous location where exception was thrown ---
   at Microsoft.AspNetCore.Mvc.Infrastructure.ControllerActionInvoker.Rethrow(ActionExecutedContextSealed context)
   at Microsoft.AspNetCore.Mvc.Infrastructure.ControllerActionInvoker.Next(State& next, Scope& scope, Object& state, Boolean& isCompleted)
   at Microsoft.AspNetCore.Mvc.Infrastructure.ControllerActionInvoker.InvokeInnerFilterAsync()
--- End of stack trace from previous location where exception was thrown ---
   at Microsoft.AspNetCore.Mvc.Infrastructure.ResourceInvoker.<InvokeFilterPipelineAsync>g__Awaited|19_0(ResourceInvoker invoker, Task lastTask, State next, Scope scope, Object state, Boolean isCompleted)
   at Microsoft.AspNetCore.Mvc.Infrastructure.ResourceInvoker.<InvokeAsync>g__Awaited|17_0(ResourceInvoker invoker, Task task, IDisposable scope)
   at Microsoft.AspNetCore.Routing.EndpointMiddleware.<Invoke>g__AwaitRequestTask|6_0(Endpoint endpoint, Task requestTask, ILogger logger)
   at Microsoft.AspNetCore.Authorization.AuthorizationMiddleware.Invoke(HttpContext context)
   at Microsoft.AspNetCore.Authentication.AuthenticationMiddleware.Invoke(HttpContext context)
   at CWB.ExceptionHandling.ExceptionMiddleware.InvokeAsync(HttpContext httpContext) in D:\EvolutionSoftware\CWB-Latest\CWB\CWB.ExceptionHandling\ExceptionMiddleware.cs:line 26
2025-12-04 12:31:11.8199 ERROR Error: AutoMapper.AutoMapperMappingException: Error mapping types.

Mapping types:
EntityQueryable`1 -> IEnumerable`1
Microsoft.EntityFrameworkCore.Query.Internal.EntityQueryable`1[[CWB.Masters.Domain.ItemMaster.PartPurchaseDetails, CWB.Masters, Version=1.0.0.0, Culture=neutral, PublicKeyToken=null]] -> System.Collections.Generic.IEnumerable`1[[CWB.Masters.ViewModels.ItemMaster.PartPurchaseDetailsVM, CWB.Masters, Version=1.0.0.0, Culture=neutral, PublicKeyToken=null]]
 ---> System.InvalidOperationException: An exception has been raised that is likely due to a transient failure. Consider enabling transient error resiliency by adding 'EnableRetryOnFailure()' to the 'UseMySql' call.
 ---> MySqlConnector.MySqlException (0x80004005): Connect Timeout expired. All pooled connections are in use.
   at MySqlConnector.MySqlConnection.CreateSessionAsync(ConnectionPool pool, Int32 startTickCount, Nullable`1 ioBehavior, CancellationToken cancellationToken) in /_/src/MySqlConnector/MySqlConnection.cs:line 902
   at MySqlConnector.MySqlConnection.OpenAsync(Nullable`1 ioBehavior, CancellationToken cancellationToken) in /_/src/MySqlConnector/MySqlConnection.cs:line 435
   at MySqlConnector.MySqlConnection.Open() in /_/src/MySqlConnector/MySqlConnection.cs:line 380
   at Microsoft.EntityFrameworkCore.Storage.RelationalConnection.OpenInternal(Boolean errorsExpected)
   at Microsoft.EntityFrameworkCore.Storage.RelationalConnection.Open(Boolean errorsExpected)
   at Pomelo.EntityFrameworkCore.MySql.Storage.Internal.MySqlRelationalConnection.Open(Boolean errorsExpected)
   at Microsoft.EntityFrameworkCore.Storage.RelationalCommand.ExecuteReader(RelationalCommandParameterObject parameterObject)
   at Microsoft.EntityFrameworkCore.Query.Internal.SingleQueryingEnumerable`1.Enumerator.InitializeReader(DbContext _, Boolean result)
   at Pomelo.EntityFrameworkCore.MySql.Storage.Internal.MySqlExecutionStrategy.Execute[TState,TResult](TState state, Func`3 operation, Func`3 verifySucceeded)
   --- End of inner exception stack trace ---
   at Pomelo.EntityFrameworkCore.MySql.Storage.Internal.MySqlExecutionStrategy.Execute[TState,TResult](TState state, Func`3 operation, Func`3 verifySucceeded)
   at Microsoft.EntityFrameworkCore.Query.Internal.SingleQueryingEnumerable`1.Enumerator.MoveNext()
   at lambda_method(Closure , Object , IEnumerable`1 , ResolutionContext )
   --- End of inner exception stack trace ---
   at lambda_method(Closure , Object , IEnumerable`1 , ResolutionContext )
   at CWB.Masters.Services.ItemMaster.RawMaterialDetailService.GetPartPurchasesForPartNo(Int32 partId, Int64 tenantId) in D:\DockerTestCWB\CWB-Latest\CWB\CWB.Masters\Services\ItemMaster\RawMaterialDetailService.cs:line 262
   at CWB.Masters.Controllers.RawMaterialDetailController.GetPartPurchasesForPartId(Int32 partId, Int64 tenantId) in D:\DockerTestCWB\CWB-Latest\CWB\CWB.Masters\Controllers\RawMaterialDetailController.cs:line 353
   at lambda_method(Closure , Object , Object[] )
   at Microsoft.AspNetCore.Mvc.Infrastructure.ActionMethodExecutor.SyncActionResultExecutor.Execute(IActionResultTypeMapper mapper, ObjectMethodExecutor executor, Object controller, Object[] arguments)
   at Microsoft.AspNetCore.Mvc.Infrastructure.ControllerActionInvoker.InvokeActionMethodAsync()
   at Microsoft.AspNetCore.Mvc.Infrastructure.ControllerActionInvoker.Next(State& next, Scope& scope, Object& state, Boolean& isCompleted)
   at Microsoft.AspNetCore.Mvc.Infrastructure.ControllerActionInvoker.InvokeNextActionFilterAsync()
--- End of stack trace from previous location where exception was thrown ---
   at Microsoft.AspNetCore.Mvc.Infrastructure.ControllerActionInvoker.Rethrow(ActionExecutedContextSealed context)
   at Microsoft.AspNetCore.Mvc.Infrastructure.ControllerActionInvoker.Next(State& next, Scope& scope, Object& state, Boolean& isCompleted)
   at Microsoft.AspNetCore.Mvc.Infrastructure.ControllerActionInvoker.InvokeInnerFilterAsync()
--- End of stack trace from previous location where exception was thrown ---
   at Microsoft.AspNetCore.Mvc.Infrastructure.ResourceInvoker.<InvokeFilterPipelineAsync>g__Awaited|19_0(ResourceInvoker invoker, Task lastTask, State next, Scope scope, Object state, Boolean isCompleted)
   at Microsoft.AspNetCore.Mvc.Infrastructure.ResourceInvoker.<InvokeAsync>g__Awaited|17_0(ResourceInvoker invoker, Task task, IDisposable scope)
   at Microsoft.AspNetCore.Routing.EndpointMiddleware.<Invoke>g__AwaitRequestTask|6_0(Endpoint endpoint, Task requestTask, ILogger logger)
   at Microsoft.AspNetCore.Authorization.AuthorizationMiddleware.Invoke(HttpContext context)
   at Microsoft.AspNetCore.Authentication.AuthenticationMiddleware.Invoke(HttpContext context)
   at CWB.ExceptionHandling.ExceptionMiddleware.InvokeAsync(HttpContext httpContext) in D:\EvolutionSoftware\CWB-Latest\CWB\CWB.ExceptionHandling\ExceptionMiddleware.cs:line 26
2025-12-04 12:31:18.7644 ERROR Error: AutoMapper.AutoMapperMappingException: Error mapping types.

Mapping types:
EntityQueryable`1 -> IEnumerable`1
Microsoft.EntityFrameworkCore.Query.Internal.EntityQueryable`1[[CWB.Masters.Domain.ItemMaster.PartPurchaseDetails, CWB.Masters, Version=1.0.0.0, Culture=neutral, PublicKeyToken=null]] -> System.Collections.Generic.IEnumerable`1[[CWB.Masters.ViewModels.ItemMaster.PartPurchaseDetailsVM, CWB.Masters, Version=1.0.0.0, Culture=neutral, PublicKeyToken=null]]
 ---> System.InvalidOperationException: An exception has been raised that is likely due to a transient failure. Consider enabling transient error resiliency by adding 'EnableRetryOnFailure()' to the 'UseMySql' call.
 ---> MySqlConnector.MySqlException (0x80004005): Connect Timeout expired. All pooled connections are in use.
   at MySqlConnector.MySqlConnection.CreateSessionAsync(ConnectionPool pool, Int32 startTickCount, Nullable`1 ioBehavior, CancellationToken cancellationToken) in /_/src/MySqlConnector/MySqlConnection.cs:line 902
   at MySqlConnector.MySqlConnection.OpenAsync(Nullable`1 ioBehavior, CancellationToken cancellationToken) in /_/src/MySqlConnector/MySqlConnection.cs:line 435
   at MySqlConnector.MySqlConnection.Open() in /_/src/MySqlConnector/MySqlConnection.cs:line 380
   at Microsoft.EntityFrameworkCore.Storage.RelationalConnection.OpenInternal(Boolean errorsExpected)
   at Microsoft.EntityFrameworkCore.Storage.RelationalConnection.Open(Boolean errorsExpected)
   at Pomelo.EntityFrameworkCore.MySql.Storage.Internal.MySqlRelationalConnection.Open(Boolean errorsExpected)
   at Microsoft.EntityFrameworkCore.Storage.RelationalCommand.ExecuteReader(RelationalCommandParameterObject parameterObject)
   at Microsoft.EntityFrameworkCore.Query.Internal.SingleQueryingEnumerable`1.Enumerator.InitializeReader(DbContext _, Boolean result)
   at Pomelo.EntityFrameworkCore.MySql.Storage.Internal.MySqlExecutionStrategy.Execute[TState,TResult](TState state, Func`3 operation, Func`3 verifySucceeded)
   --- End of inner exception stack trace ---
   at Pomelo.EntityFrameworkCore.MySql.Storage.Internal.MySqlExecutionStrategy.Execute[TState,TResult](TState state, Func`3 operation, Func`3 verifySucceeded)
   at Microsoft.EntityFrameworkCore.Query.Internal.SingleQueryingEnumerable`1.Enumerator.MoveNext()
   at lambda_method(Closure , Object , IEnumerable`1 , ResolutionContext )
   --- End of inner exception stack trace ---
   at lambda_method(Closure , Object , IEnumerable`1 , ResolutionContext )
   at CWB.Masters.Services.ItemMaster.RawMaterialDetailService.GetPartPurchasesForPartNo(Int32 partId, Int64 tenantId) in D:\DockerTestCWB\CWB-Latest\CWB\CWB.Masters\Services\ItemMaster\RawMaterialDetailService.cs:line 262
   at CWB.Masters.Controllers.RawMaterialDetailController.GetPartPurchasesForPartId(Int32 partId, Int64 tenantId) in D:\DockerTestCWB\CWB-Latest\CWB\CWB.Masters\Controllers\RawMaterialDetailController.cs:line 353
   at lambda_method(Closure , Object , Object[] )
   at Microsoft.AspNetCore.Mvc.Infrastructure.ActionMethodExecutor.SyncActionResultExecutor.Execute(IActionResultTypeMapper mapper, ObjectMethodExecutor executor, Object controller, Object[] arguments)
   at Microsoft.AspNetCore.Mvc.Infrastructure.ControllerActionInvoker.InvokeActionMethodAsync()
   at Microsoft.AspNetCore.Mvc.Infrastructure.ControllerActionInvoker.Next(State& next, Scope& scope, Object& state, Boolean& isCompleted)
   at Microsoft.AspNetCore.Mvc.Infrastructure.ControllerActionInvoker.InvokeNextActionFilterAsync()
--- End of stack trace from previous location where exception was thrown ---
   at Microsoft.AspNetCore.Mvc.Infrastructure.ControllerActionInvoker.Rethrow(ActionExecutedContextSealed context)
   at Microsoft.AspNetCore.Mvc.Infrastructure.ControllerActionInvoker.Next(State& next, Scope& scope, Object& state, Boolean& isCompleted)
   at Microsoft.AspNetCore.Mvc.Infrastructure.ControllerActionInvoker.InvokeInnerFilterAsync()
--- End of stack trace from previous location where exception was thrown ---
   at Microsoft.AspNetCore.Mvc.Infrastructure.ResourceInvoker.<InvokeFilterPipelineAsync>g__Awaited|19_0(ResourceInvoker invoker, Task lastTask, State next, Scope scope, Object state, Boolean isCompleted)
   at Microsoft.AspNetCore.Mvc.Infrastructure.ResourceInvoker.<InvokeAsync>g__Awaited|17_0(ResourceInvoker invoker, Task task, IDisposable scope)
   at Microsoft.AspNetCore.Routing.EndpointMiddleware.<Invoke>g__AwaitRequestTask|6_0(Endpoint endpoint, Task requestTask, ILogger logger)
   at Microsoft.AspNetCore.Authorization.AuthorizationMiddleware.Invoke(HttpContext context)
   at Microsoft.AspNetCore.Authentication.AuthenticationMiddleware.Invoke(HttpContext context)
   at CWB.ExceptionHandling.ExceptionMiddleware.InvokeAsync(HttpContext httpContext) in D:\EvolutionSoftware\CWB-Latest\CWB\CWB.ExceptionHandling\ExceptionMiddleware.cs:line 26
2025-12-04 12:31:18.7740 ERROR Error: AutoMapper.AutoMapperMappingException: Error mapping types.

Mapping types:
EntityQueryable`1 -> IEnumerable`1
Microsoft.EntityFrameworkCore.Query.Internal.EntityQueryable`1[[CWB.Masters.Domain.ItemMaster.PartPurchaseDetails, CWB.Masters, Version=1.0.0.0, Culture=neutral, PublicKeyToken=null]] -> System.Collections.Generic.IEnumerable`1[[CWB.Masters.ViewModels.ItemMaster.PartPurchaseDetailsVM, CWB.Masters, Version=1.0.0.0, Culture=neutral, PublicKeyToken=null]]
 ---> System.InvalidOperationException: An exception has been raised that is likely due to a transient failure. Consider enabling transient error resiliency by adding 'EnableRetryOnFailure()' to the 'UseMySql' call.
 ---> MySqlConnector.MySqlException (0x80004005): Connect Timeout expired. All pooled connections are in use.
   at MySqlConnector.MySqlConnection.CreateSessionAsync(ConnectionPool pool, Int32 startTickCount, Nullable`1 ioBehavior, CancellationToken cancellationToken) in /_/src/MySqlConnector/MySqlConnection.cs:line 902
   at MySqlConnector.MySqlConnection.OpenAsync(Nullable`1 ioBehavior, CancellationToken cancellationToken) in /_/src/MySqlConnector/MySqlConnection.cs:line 435
   at MySqlConnector.MySqlConnection.Open() in /_/src/MySqlConnector/MySqlConnection.cs:line 380
   at Microsoft.EntityFrameworkCore.Storage.RelationalConnection.OpenInternal(Boolean errorsExpected)
   at Microsoft.EntityFrameworkCore.Storage.RelationalConnection.Open(Boolean errorsExpected)
   at Pomelo.EntityFrameworkCore.MySql.Storage.Internal.MySqlRelationalConnection.Open(Boolean errorsExpected)
   at Microsoft.EntityFrameworkCore.Storage.RelationalCommand.ExecuteReader(RelationalCommandParameterObject parameterObject)
   at Microsoft.EntityFrameworkCore.Query.Internal.SingleQueryingEnumerable`1.Enumerator.InitializeReader(DbContext _, Boolean result)
   at Pomelo.EntityFrameworkCore.MySql.Storage.Internal.MySqlExecutionStrategy.Execute[TState,TResult](TState state, Func`3 operation, Func`3 verifySucceeded)
   --- End of inner exception stack trace ---
   at Pomelo.EntityFrameworkCore.MySql.Storage.Internal.MySqlExecutionStrategy.Execute[TState,TResult](TState state, Func`3 operation, Func`3 verifySucceeded)
   at Microsoft.EntityFrameworkCore.Query.Internal.SingleQueryingEnumerable`1.Enumerator.MoveNext()
   at lambda_method(Closure , Object , IEnumerable`1 , ResolutionContext )
   --- End of inner exception stack trace ---
   at lambda_method(Closure , Object , IEnumerable`1 , ResolutionContext )
   at CWB.Masters.Services.ItemMaster.RawMaterialDetailService.GetPartPurchasesForPartNo(Int32 partId, Int64 tenantId) in D:\DockerTestCWB\CWB-Latest\CWB\CWB.Masters\Services\ItemMaster\RawMaterialDetailService.cs:line 262
   at CWB.Masters.Controllers.RawMaterialDetailController.GetPartPurchasesForPartId(Int32 partId, Int64 tenantId) in D:\DockerTestCWB\CWB-Latest\CWB\CWB.Masters\Controllers\RawMaterialDetailController.cs:line 353
   at lambda_method(Closure , Object , Object[] )
   at Microsoft.AspNetCore.Mvc.Infrastructure.ActionMethodExecutor.SyncActionResultExecutor.Execute(IActionResultTypeMapper mapper, ObjectMethodExecutor executor, Object controller, Object[] arguments)
   at Microsoft.AspNetCore.Mvc.Infrastructure.ControllerActionInvoker.InvokeActionMethodAsync()
   at Microsoft.AspNetCore.Mvc.Infrastructure.ControllerActionInvoker.Next(State& next, Scope& scope, Object& state, Boolean& isCompleted)
   at Microsoft.AspNetCore.Mvc.Infrastructure.ControllerActionInvoker.InvokeNextActionFilterAsync()
--- End of stack trace from previous location where exception was thrown ---
   at Microsoft.AspNetCore.Mvc.Infrastructure.ControllerActionInvoker.Rethrow(ActionExecutedContextSealed context)
   at Microsoft.AspNetCore.Mvc.Infrastructure.ControllerActionInvoker.Next(State& next, Scope& scope, Object& state, Boolean& isCompleted)
   at Microsoft.AspNetCore.Mvc.Infrastructure.ControllerActionInvoker.InvokeInnerFilterAsync()
--- End of stack trace from previous location where exception was thrown ---
   at Microsoft.AspNetCore.Mvc.Infrastructure.ResourceInvoker.<InvokeFilterPipelineAsync>g__Awaited|19_0(ResourceInvoker invoker, Task lastTask, State next, Scope scope, Object state, Boolean isCompleted)
   at Microsoft.AspNetCore.Mvc.Infrastructure.ResourceInvoker.<InvokeAsync>g__Awaited|17_0(ResourceInvoker invoker, Task task, IDisposable scope)
   at Microsoft.AspNetCore.Routing.EndpointMiddleware.<Invoke>g__AwaitRequestTask|6_0(Endpoint endpoint, Task requestTask, ILogger logger)
   at Microsoft.AspNetCore.Authorization.AuthorizationMiddleware.Invoke(HttpContext context)
   at Microsoft.AspNetCore.Authentication.AuthenticationMiddleware.Invoke(HttpContext context)
   at CWB.ExceptionHandling.ExceptionMiddleware.InvokeAsync(HttpContext httpContext) in D:\EvolutionSoftware\CWB-Latest\CWB\CWB.ExceptionHandling\ExceptionMiddleware.cs:line 26
2025-12-04 12:31:18.8230 ERROR Error: AutoMapper.AutoMapperMappingException: Error mapping types.

Mapping types:
EntityQueryable`1 -> IEnumerable`1
Microsoft.EntityFrameworkCore.Query.Internal.EntityQueryable`1[[CWB.Masters.Domain.ItemMaster.PartPurchaseDetails, CWB.Masters, Version=1.0.0.0, Culture=neutral, PublicKeyToken=null]] -> System.Collections.Generic.IEnumerable`1[[CWB.Masters.ViewModels.ItemMaster.PartPurchaseDetailsVM, CWB.Masters, Version=1.0.0.0, Culture=neutral, PublicKeyToken=null]]
 ---> System.InvalidOperationException: An exception has been raised that is likely due to a transient failure. Consider enabling transient error resiliency by adding 'EnableRetryOnFailure()' to the 'UseMySql' call.
 ---> MySqlConnector.MySqlException (0x80004005): Connect Timeout expired. All pooled connections are in use.
   at MySqlConnector.MySqlConnection.CreateSessionAsync(ConnectionPool pool, Int32 startTickCount, Nullable`1 ioBehavior, CancellationToken cancellationToken) in /_/src/MySqlConnector/MySqlConnection.cs:line 902
   at MySqlConnector.MySqlConnection.OpenAsync(Nullable`1 ioBehavior, CancellationToken cancellationToken) in /_/src/MySqlConnector/MySqlConnection.cs:line 435
   at MySqlConnector.MySqlConnection.Open() in /_/src/MySqlConnector/MySqlConnection.cs:line 380
   at Microsoft.EntityFrameworkCore.Storage.RelationalConnection.OpenInternal(Boolean errorsExpected)
   at Microsoft.EntityFrameworkCore.Storage.RelationalConnection.Open(Boolean errorsExpected)
   at Pomelo.EntityFrameworkCore.MySql.Storage.Internal.MySqlRelationalConnection.Open(Boolean errorsExpected)
   at Microsoft.EntityFrameworkCore.Storage.RelationalCommand.ExecuteReader(RelationalCommandParameterObject parameterObject)
   at Microsoft.EntityFrameworkCore.Query.Internal.SingleQueryingEnumerable`1.Enumerator.InitializeReader(DbContext _, Boolean result)
   at Pomelo.EntityFrameworkCore.MySql.Storage.Internal.MySqlExecutionStrategy.Execute[TState,TResult](TState state, Func`3 operation, Func`3 verifySucceeded)
   --- End of inner exception stack trace ---
   at Pomelo.EntityFrameworkCore.MySql.Storage.Internal.MySqlExecutionStrategy.Execute[TState,TResult](TState state, Func`3 operation, Func`3 verifySucceeded)
   at Microsoft.EntityFrameworkCore.Query.Internal.SingleQueryingEnumerable`1.Enumerator.MoveNext()
   at lambda_method(Closure , Object , IEnumerable`1 , ResolutionContext )
   --- End of inner exception stack trace ---
   at lambda_method(Closure , Object , IEnumerable`1 , ResolutionContext )
   at CWB.Masters.Services.ItemMaster.RawMaterialDetailService.GetPartPurchasesForPartNo(Int32 partId, Int64 tenantId) in D:\DockerTestCWB\CWB-Latest\CWB\CWB.Masters\Services\ItemMaster\RawMaterialDetailService.cs:line 262
   at CWB.Masters.Controllers.RawMaterialDetailController.GetPartPurchasesForPartId(Int32 partId, Int64 tenantId) in D:\DockerTestCWB\CWB-Latest\CWB\CWB.Masters\Controllers\RawMaterialDetailController.cs:line 353
   at lambda_method(Closure , Object , Object[] )
   at Microsoft.AspNetCore.Mvc.Infrastructure.ActionMethodExecutor.SyncActionResultExecutor.Execute(IActionResultTypeMapper mapper, ObjectMethodExecutor executor, Object controller, Object[] arguments)
   at Microsoft.AspNetCore.Mvc.Infrastructure.ControllerActionInvoker.InvokeActionMethodAsync()
   at Microsoft.AspNetCore.Mvc.Infrastructure.ControllerActionInvoker.Next(State& next, Scope& scope, Object& state, Boolean& isCompleted)
   at Microsoft.AspNetCore.Mvc.Infrastructure.ControllerActionInvoker.InvokeNextActionFilterAsync()
--- End of stack trace from previous location where exception was thrown ---
   at Microsoft.AspNetCore.Mvc.Infrastructure.ControllerActionInvoker.Rethrow(ActionExecutedContextSealed context)
   at Microsoft.AspNetCore.Mvc.Infrastructure.ControllerActionInvoker.Next(State& next, Scope& scope, Object& state, Boolean& isCompleted)
   at Microsoft.AspNetCore.Mvc.Infrastructure.ControllerActionInvoker.InvokeInnerFilterAsync()
--- End of stack trace from previous location where exception was thrown ---
   at Microsoft.AspNetCore.Mvc.Infrastructure.ResourceInvoker.<InvokeFilterPipelineAsync>g__Awaited|19_0(ResourceInvoker invoker, Task lastTask, State next, Scope scope, Object state, Boolean isCompleted)
   at Microsoft.AspNetCore.Mvc.Infrastructure.ResourceInvoker.<InvokeAsync>g__Awaited|17_0(ResourceInvoker invoker, Task task, IDisposable scope)
   at Microsoft.AspNetCore.Routing.EndpointMiddleware.<Invoke>g__AwaitRequestTask|6_0(Endpoint endpoint, Task requestTask, ILogger logger)
   at Microsoft.AspNetCore.Authorization.AuthorizationMiddleware.Invoke(HttpContext context)
   at Microsoft.AspNetCore.Authentication.AuthenticationMiddleware.Invoke(HttpContext context)
   at CWB.ExceptionHandling.ExceptionMiddleware.InvokeAsync(HttpContext httpContext) in D:\EvolutionSoftware\CWB-Latest\CWB\CWB.ExceptionHandling\ExceptionMiddleware.cs:line 26
2025-12-04 12:31:18.8230 ERROR Error: AutoMapper.AutoMapperMappingException: Error mapping types.

Mapping types:
EntityQueryable`1 -> IEnumerable`1
Microsoft.EntityFrameworkCore.Query.Internal.EntityQueryable`1[[CWB.Masters.Domain.ItemMaster.PartPurchaseDetails, CWB.Masters, Version=1.0.0.0, Culture=neutral, PublicKeyToken=null]] -> System.Collections.Generic.IEnumerable`1[[CWB.Masters.ViewModels.ItemMaster.PartPurchaseDetailsVM, CWB.Masters, Version=1.0.0.0, Culture=neutral, PublicKeyToken=null]]
 ---> System.InvalidOperationException: An exception has been raised that is likely due to a transient failure. Consider enabling transient error resiliency by adding 'EnableRetryOnFailure()' to the 'UseMySql' call.
 ---> MySqlConnector.MySqlException (0x80004005): Connect Timeout expired. All pooled connections are in use.
   at MySqlConnector.MySqlConnection.CreateSessionAsync(ConnectionPool pool, Int32 startTickCount, Nullable`1 ioBehavior, CancellationToken cancellationToken) in /_/src/MySqlConnector/MySqlConnection.cs:line 902
   at MySqlConnector.MySqlConnection.OpenAsync(Nullable`1 ioBehavior, CancellationToken cancellationToken) in /_/src/MySqlConnector/MySqlConnection.cs:line 435
   at MySqlConnector.MySqlConnection.Open() in /_/src/MySqlConnector/MySqlConnection.cs:line 380
   at Microsoft.EntityFrameworkCore.Storage.RelationalConnection.OpenInternal(Boolean errorsExpected)
   at Microsoft.EntityFrameworkCore.Storage.RelationalConnection.Open(Boolean errorsExpected)
   at Pomelo.EntityFrameworkCore.MySql.Storage.Internal.MySqlRelationalConnection.Open(Boolean errorsExpected)
   at Microsoft.EntityFrameworkCore.Storage.RelationalCommand.ExecuteReader(RelationalCommandParameterObject parameterObject)
   at Microsoft.EntityFrameworkCore.Query.Internal.SingleQueryingEnumerable`1.Enumerator.InitializeReader(DbContext _, Boolean result)
   at Pomelo.EntityFrameworkCore.MySql.Storage.Internal.MySqlExecutionStrategy.Execute[TState,TResult](TState state, Func`3 operation, Func`3 verifySucceeded)
   --- End of inner exception stack trace ---
   at Pomelo.EntityFrameworkCore.MySql.Storage.Internal.MySqlExecutionStrategy.Execute[TState,TResult](TState state, Func`3 operation, Func`3 verifySucceeded)
   at Microsoft.EntityFrameworkCore.Query.Internal.SingleQueryingEnumerable`1.Enumerator.MoveNext()
   at lambda_method(Closure , Object , IEnumerable`1 , ResolutionContext )
   --- End of inner exception stack trace ---
   at lambda_method(Closure , Object , IEnumerable`1 , ResolutionContext )
   at CWB.Masters.Services.ItemMaster.RawMaterialDetailService.GetPartPurchasesForPartNo(Int32 partId, Int64 tenantId) in D:\DockerTestCWB\CWB-Latest\CWB\CWB.Masters\Services\ItemMaster\RawMaterialDetailService.cs:line 262
   at CWB.Masters.Controllers.RawMaterialDetailController.GetPartPurchasesForPartId(Int32 partId, Int64 tenantId) in D:\DockerTestCWB\CWB-Latest\CWB\CWB.Masters\Controllers\RawMaterialDetailController.cs:line 353
   at lambda_method(Closure , Object , Object[] )
   at Microsoft.AspNetCore.Mvc.Infrastructure.ActionMethodExecutor.SyncActionResultExecutor.Execute(IActionResultTypeMapper mapper, ObjectMethodExecutor executor, Object controller, Object[] arguments)
   at Microsoft.AspNetCore.Mvc.Infrastructure.ControllerActionInvoker.InvokeActionMethodAsync()
   at Microsoft.AspNetCore.Mvc.Infrastructure.ControllerActionInvoker.Next(State& next, Scope& scope, Object& state, Boolean& isCompleted)
   at Microsoft.AspNetCore.Mvc.Infrastructure.ControllerActionInvoker.InvokeNextActionFilterAsync()
--- End of stack trace from previous location where exception was thrown ---
   at Microsoft.AspNetCore.Mvc.Infrastructure.ControllerActionInvoker.Rethrow(ActionExecutedContextSealed context)
   at Microsoft.AspNetCore.Mvc.Infrastructure.ControllerActionInvoker.Next(State& next, Scope& scope, Object& state, Boolean& isCompleted)
   at Microsoft.AspNetCore.Mvc.Infrastructure.ControllerActionInvoker.InvokeInnerFilterAsync()
--- End of stack trace from previous location where exception was thrown ---
   at Microsoft.AspNetCore.Mvc.Infrastructure.ResourceInvoker.<InvokeFilterPipelineAsync>g__Awaited|19_0(ResourceInvoker invoker, Task lastTask, State next, Scope scope, Object state, Boolean isCompleted)
   at Microsoft.AspNetCore.Mvc.Infrastructure.ResourceInvoker.<InvokeAsync>g__Awaited|17_0(ResourceInvoker invoker, Task task, IDisposable scope)
   at Microsoft.AspNetCore.Routing.EndpointMiddleware.<Invoke>g__AwaitRequestTask|6_0(Endpoint endpoint, Task requestTask, ILogger logger)
   at Microsoft.AspNetCore.Authorization.AuthorizationMiddleware.Invoke(HttpContext context)
   at Microsoft.AspNetCore.Authentication.AuthenticationMiddleware.Invoke(HttpContext context)
   at CWB.ExceptionHandling.ExceptionMiddleware.InvokeAsync(HttpContext httpContext) in D:\EvolutionSoftware\CWB-Latest\CWB\CWB.ExceptionHandling\ExceptionMiddleware.cs:line 26
2025-12-04 12:31:18.8230 ERROR Error: AutoMapper.AutoMapperMappingException: Error mapping types.

Mapping types:
EntityQueryable`1 -> IEnumerable`1
Microsoft.EntityFrameworkCore.Query.Internal.EntityQueryable`1[[CWB.Masters.Domain.ItemMaster.PartPurchaseDetails, CWB.Masters, Version=1.0.0.0, Culture=neutral, PublicKeyToken=null]] -> System.Collections.Generic.IEnumerable`1[[CWB.Masters.ViewModels.ItemMaster.PartPurchaseDetailsVM, CWB.Masters, Version=1.0.0.0, Culture=neutral, PublicKeyToken=null]]
 ---> System.InvalidOperationException: An exception has been raised that is likely due to a transient failure. Consider enabling transient error resiliency by adding 'EnableRetryOnFailure()' to the 'UseMySql' call.
 ---> MySqlConnector.MySqlException (0x80004005): Connect Timeout expired. All pooled connections are in use.
   at MySqlConnector.MySqlConnection.CreateSessionAsync(ConnectionPool pool, Int32 startTickCount, Nullable`1 ioBehavior, CancellationToken cancellationToken) in /_/src/MySqlConnector/MySqlConnection.cs:line 902
   at MySqlConnector.MySqlConnection.OpenAsync(Nullable`1 ioBehavior, CancellationToken cancellationToken) in /_/src/MySqlConnector/MySqlConnection.cs:line 435
   at MySqlConnector.MySqlConnection.Open() in /_/src/MySqlConnector/MySqlConnection.cs:line 380
   at Microsoft.EntityFrameworkCore.Storage.RelationalConnection.OpenInternal(Boolean errorsExpected)
   at Microsoft.EntityFrameworkCore.Storage.RelationalConnection.Open(Boolean errorsExpected)
   at Pomelo.EntityFrameworkCore.MySql.Storage.Internal.MySqlRelationalConnection.Open(Boolean errorsExpected)
   at Microsoft.EntityFrameworkCore.Storage.RelationalCommand.ExecuteReader(RelationalCommandParameterObject parameterObject)
   at Microsoft.EntityFrameworkCore.Query.Internal.SingleQueryingEnumerable`1.Enumerator.InitializeReader(DbContext _, Boolean result)
   at Pomelo.EntityFrameworkCore.MySql.Storage.Internal.MySqlExecutionStrategy.Execute[TState,TResult](TState state, Func`3 operation, Func`3 verifySucceeded)
   --- End of inner exception stack trace ---
   at Pomelo.EntityFrameworkCore.MySql.Storage.Internal.MySqlExecutionStrategy.Execute[TState,TResult](TState state, Func`3 operation, Func`3 verifySucceeded)
   at Microsoft.EntityFrameworkCore.Query.Internal.SingleQueryingEnumerable`1.Enumerator.MoveNext()
   at lambda_method(Closure , Object , IEnumerable`1 , ResolutionContext )
   --- End of inner exception stack trace ---
   at lambda_method(Closure , Object , IEnumerable`1 , ResolutionContext )
   at CWB.Masters.Services.ItemMaster.RawMaterialDetailService.GetPartPurchasesForPartNo(Int32 partId, Int64 tenantId) in D:\DockerTestCWB\CWB-Latest\CWB\CWB.Masters\Services\ItemMaster\RawMaterialDetailService.cs:line 262
   at CWB.Masters.Controllers.RawMaterialDetailController.GetPartPurchasesForPartId(Int32 partId, Int64 tenantId) in D:\DockerTestCWB\CWB-Latest\CWB\CWB.Masters\Controllers\RawMaterialDetailController.cs:line 353
   at lambda_method(Closure , Object , Object[] )
   at Microsoft.AspNetCore.Mvc.Infrastructure.ActionMethodExecutor.SyncActionResultExecutor.Execute(IActionResultTypeMapper mapper, ObjectMethodExecutor executor, Object controller, Object[] arguments)
   at Microsoft.AspNetCore.Mvc.Infrastructure.ControllerActionInvoker.InvokeActionMethodAsync()
   at Microsoft.AspNetCore.Mvc.Infrastructure.ControllerActionInvoker.Next(State& next, Scope& scope, Object& state, Boolean& isCompleted)
   at Microsoft.AspNetCore.Mvc.Infrastructure.ControllerActionInvoker.InvokeNextActionFilterAsync()
--- End of stack trace from previous location where exception was thrown ---
   at Microsoft.AspNetCore.Mvc.Infrastructure.ControllerActionInvoker.Rethrow(ActionExecutedContextSealed context)
   at Microsoft.AspNetCore.Mvc.Infrastructure.ControllerActionInvoker.Next(State& next, Scope& scope, Object& state, Boolean& isCompleted)
   at Microsoft.AspNetCore.Mvc.Infrastructure.ControllerActionInvoker.InvokeInnerFilterAsync()
--- End of stack trace from previous location where exception was thrown ---
   at Microsoft.AspNetCore.Mvc.Infrastructure.ResourceInvoker.<InvokeFilterPipelineAsync>g__Awaited|19_0(ResourceInvoker invoker, Task lastTask, State next, Scope scope, Object state, Boolean isCompleted)
   at Microsoft.AspNetCore.Mvc.Infrastructure.ResourceInvoker.<InvokeAsync>g__Awaited|17_0(ResourceInvoker invoker, Task task, IDisposable scope)
   at Microsoft.AspNetCore.Routing.EndpointMiddleware.<Invoke>g__AwaitRequestTask|6_0(Endpoint endpoint, Task requestTask, ILogger logger)
   at Microsoft.AspNetCore.Authorization.AuthorizationMiddleware.Invoke(HttpContext context)
   at Microsoft.AspNetCore.Authentication.AuthenticationMiddleware.Invoke(HttpContext context)
   at CWB.ExceptionHandling.ExceptionMiddleware.InvokeAsync(HttpContext httpContext) in D:\EvolutionSoftware\CWB-Latest\CWB\CWB.ExceptionHandling\ExceptionMiddleware.cs:line 26
2025-12-04 12:31:21.4098 ERROR Error: AutoMapper.AutoMapperMappingException: Error mapping types.

Mapping types:
EntityQueryable`1 -> IEnumerable`1
Microsoft.EntityFrameworkCore.Query.Internal.EntityQueryable`1[[CWB.Masters.Domain.ItemMaster.PartPurchaseDetails, CWB.Masters, Version=1.0.0.0, Culture=neutral, PublicKeyToken=null]] -> System.Collections.Generic.IEnumerable`1[[CWB.Masters.ViewModels.ItemMaster.PartPurchaseDetailsVM, CWB.Masters, Version=1.0.0.0, Culture=neutral, PublicKeyToken=null]]
 ---> System.InvalidOperationException: An exception has been raised that is likely due to a transient failure. Consider enabling transient error resiliency by adding 'EnableRetryOnFailure()' to the 'UseMySql' call.
 ---> MySqlConnector.MySqlException (0x80004005): Connect Timeout expired. All pooled connections are in use.
   at MySqlConnector.MySqlConnection.CreateSessionAsync(ConnectionPool pool, Int32 startTickCount, Nullable`1 ioBehavior, CancellationToken cancellationToken) in /_/src/MySqlConnector/MySqlConnection.cs:line 902
   at MySqlConnector.MySqlConnection.OpenAsync(Nullable`1 ioBehavior, CancellationToken cancellationToken) in /_/src/MySqlConnector/MySqlConnection.cs:line 435
   at MySqlConnector.MySqlConnection.Open() in /_/src/MySqlConnector/MySqlConnection.cs:line 380
   at Microsoft.EntityFrameworkCore.Storage.RelationalConnection.OpenInternal(Boolean errorsExpected)
   at Microsoft.EntityFrameworkCore.Storage.RelationalConnection.Open(Boolean errorsExpected)
   at Pomelo.EntityFrameworkCore.MySql.Storage.Internal.MySqlRelationalConnection.Open(Boolean errorsExpected)
   at Microsoft.EntityFrameworkCore.Storage.RelationalCommand.ExecuteReader(RelationalCommandParameterObject parameterObject)
   at Microsoft.EntityFrameworkCore.Query.Internal.SingleQueryingEnumerable`1.Enumerator.InitializeReader(DbContext _, Boolean result)
   at Pomelo.EntityFrameworkCore.MySql.Storage.Internal.MySqlExecutionStrategy.Execute[TState,TResult](TState state, Func`3 operation, Func`3 verifySucceeded)
   --- End of inner exception stack trace ---
   at Pomelo.EntityFrameworkCore.MySql.Storage.Internal.MySqlExecutionStrategy.Execute[TState,TResult](TState state, Func`3 operation, Func`3 verifySucceeded)
   at Microsoft.EntityFrameworkCore.Query.Internal.SingleQueryingEnumerable`1.Enumerator.MoveNext()
   at lambda_method(Closure , Object , IEnumerable`1 , ResolutionContext )
   --- End of inner exception stack trace ---
   at lambda_method(Closure , Object , IEnumerable`1 , ResolutionContext )
   at CWB.Masters.Services.ItemMaster.RawMaterialDetailService.GetPartPurchasesForPartNo(Int32 partId, Int64 tenantId) in D:\DockerTestCWB\CWB-Latest\CWB\CWB.Masters\Services\ItemMaster\RawMaterialDetailService.cs:line 262
   at CWB.Masters.Controllers.RawMaterialDetailController.GetPartPurchasesForPartId(Int32 partId, Int64 tenantId) in D:\DockerTestCWB\CWB-Latest\CWB\CWB.Masters\Controllers\RawMaterialDetailController.cs:line 353
   at lambda_method(Closure , Object , Object[] )
   at Microsoft.AspNetCore.Mvc.Infrastructure.ActionMethodExecutor.SyncActionResultExecutor.Execute(IActionResultTypeMapper mapper, ObjectMethodExecutor executor, Object controller, Object[] arguments)
   at Microsoft.AspNetCore.Mvc.Infrastructure.ControllerActionInvoker.InvokeActionMethodAsync()
   at Microsoft.AspNetCore.Mvc.Infrastructure.ControllerActionInvoker.Next(State& next, Scope& scope, Object& state, Boolean& isCompleted)
   at Microsoft.AspNetCore.Mvc.Infrastructure.ControllerActionInvoker.InvokeNextActionFilterAsync()
--- End of stack trace from previous location where exception was thrown ---
   at Microsoft.AspNetCore.Mvc.Infrastructure.ControllerActionInvoker.Rethrow(ActionExecutedContextSealed context)
   at Microsoft.AspNetCore.Mvc.Infrastructure.ControllerActionInvoker.Next(State& next, Scope& scope, Object& state, Boolean& isCompleted)
   at Microsoft.AspNetCore.Mvc.Infrastructure.ControllerActionInvoker.InvokeInnerFilterAsync()
--- End of stack trace from previous location where exception was thrown ---
   at Microsoft.AspNetCore.Mvc.Infrastructure.ResourceInvoker.<InvokeFilterPipelineAsync>g__Awaited|19_0(ResourceInvoker invoker, Task lastTask, State next, Scope scope, Object state, Boolean isCompleted)
   at Microsoft.AspNetCore.Mvc.Infrastructure.ResourceInvoker.<InvokeAsync>g__Awaited|17_0(ResourceInvoker invoker, Task task, IDisposable scope)
   at Microsoft.AspNetCore.Routing.EndpointMiddleware.<Invoke>g__AwaitRequestTask|6_0(Endpoint endpoint, Task requestTask, ILogger logger)
   at Microsoft.AspNetCore.Authorization.AuthorizationMiddleware.Invoke(HttpContext context)
   at Microsoft.AspNetCore.Authentication.AuthenticationMiddleware.Invoke(HttpContext context)
   at CWB.ExceptionHandling.ExceptionMiddleware.InvokeAsync(HttpContext httpContext) in D:\EvolutionSoftware\CWB-Latest\CWB\CWB.ExceptionHandling\ExceptionMiddleware.cs:line 26
2025-12-04 12:31:21.4098 ERROR Error: AutoMapper.AutoMapperMappingException: Error mapping types.

Mapping types:
EntityQueryable`1 -> IEnumerable`1
Microsoft.EntityFrameworkCore.Query.Internal.EntityQueryable`1[[CWB.Masters.Domain.ItemMaster.PartPurchaseDetails, CWB.Masters, Version=1.0.0.0, Culture=neutral, PublicKeyToken=null]] -> System.Collections.Generic.IEnumerable`1[[CWB.Masters.ViewModels.ItemMaster.PartPurchaseDetailsVM, CWB.Masters, Version=1.0.0.0, Culture=neutral, PublicKeyToken=null]]
 ---> System.InvalidOperationException: An exception has been raised that is likely due to a transient failure. Consider enabling transient error resiliency by adding 'EnableRetryOnFailure()' to the 'UseMySql' call.
 ---> MySqlConnector.MySqlException (0x80004005): Connect Timeout expired. All pooled connections are in use.
   at MySqlConnector.MySqlConnection.CreateSessionAsync(ConnectionPool pool, Int32 startTickCount, Nullable`1 ioBehavior, CancellationToken cancellationToken) in /_/src/MySqlConnector/MySqlConnection.cs:line 902
   at MySqlConnector.MySqlConnection.OpenAsync(Nullable`1 ioBehavior, CancellationToken cancellationToken) in /_/src/MySqlConnector/MySqlConnection.cs:line 435
   at MySqlConnector.MySqlConnection.Open() in /_/src/MySqlConnector/MySqlConnection.cs:line 380
   at Microsoft.EntityFrameworkCore.Storage.RelationalConnection.OpenInternal(Boolean errorsExpected)
   at Microsoft.EntityFrameworkCore.Storage.RelationalConnection.Open(Boolean errorsExpected)
   at Pomelo.EntityFrameworkCore.MySql.Storage.Internal.MySqlRelationalConnection.Open(Boolean errorsExpected)
   at Microsoft.EntityFrameworkCore.Storage.RelationalCommand.ExecuteReader(RelationalCommandParameterObject parameterObject)
   at Microsoft.EntityFrameworkCore.Query.Internal.SingleQueryingEnumerable`1.Enumerator.InitializeReader(DbContext _, Boolean result)
   at Pomelo.EntityFrameworkCore.MySql.Storage.Internal.MySqlExecutionStrategy.Execute[TState,TResult](TState state, Func`3 operation, Func`3 verifySucceeded)
   --- End of inner exception stack trace ---
   at Pomelo.EntityFrameworkCore.MySql.Storage.Internal.MySqlExecutionStrategy.Execute[TState,TResult](TState state, Func`3 operation, Func`3 verifySucceeded)
   at Microsoft.EntityFrameworkCore.Query.Internal.SingleQueryingEnumerable`1.Enumerator.MoveNext()
   at lambda_method(Closure , Object , IEnumerable`1 , ResolutionContext )
   --- End of inner exception stack trace ---
   at lambda_method(Closure , Object , IEnumerable`1 , ResolutionContext )
   at CWB.Masters.Services.ItemMaster.RawMaterialDetailService.GetPartPurchasesForPartNo(Int32 partId, Int64 tenantId) in D:\DockerTestCWB\CWB-Latest\CWB\CWB.Masters\Services\ItemMaster\RawMaterialDetailService.cs:line 262
   at CWB.Masters.Controllers.RawMaterialDetailController.GetPartPurchasesForPartId(Int32 partId, Int64 tenantId) in D:\DockerTestCWB\CWB-Latest\CWB\CWB.Masters\Controllers\RawMaterialDetailController.cs:line 353
   at lambda_method(Closure , Object , Object[] )
   at Microsoft.AspNetCore.Mvc.Infrastructure.ActionMethodExecutor.SyncActionResultExecutor.Execute(IActionResultTypeMapper mapper, ObjectMethodExecutor executor, Object controller, Object[] arguments)
   at Microsoft.AspNetCore.Mvc.Infrastructure.ControllerActionInvoker.InvokeActionMethodAsync()
   at Microsoft.AspNetCore.Mvc.Infrastructure.ControllerActionInvoker.Next(State& next, Scope& scope, Object& state, Boolean& isCompleted)
   at Microsoft.AspNetCore.Mvc.Infrastructure.ControllerActionInvoker.InvokeNextActionFilterAsync()
--- End of stack trace from previous location where exception was thrown ---
   at Microsoft.AspNetCore.Mvc.Infrastructure.ControllerActionInvoker.Rethrow(ActionExecutedContextSealed context)
   at Microsoft.AspNetCore.Mvc.Infrastructure.ControllerActionInvoker.Next(State& next, Scope& scope, Object& state, Boolean& isCompleted)
   at Microsoft.AspNetCore.Mvc.Infrastructure.ControllerActionInvoker.InvokeInnerFilterAsync()
--- End of stack trace from previous location where exception was thrown ---
   at Microsoft.AspNetCore.Mvc.Infrastructure.ResourceInvoker.<InvokeFilterPipelineAsync>g__Awaited|19_0(ResourceInvoker invoker, Task lastTask, State next, Scope scope, Object state, Boolean isCompleted)
   at Microsoft.AspNetCore.Mvc.Infrastructure.ResourceInvoker.<InvokeAsync>g__Awaited|17_0(ResourceInvoker invoker, Task task, IDisposable scope)
   at Microsoft.AspNetCore.Routing.EndpointMiddleware.<Invoke>g__AwaitRequestTask|6_0(Endpoint endpoint, Task requestTask, ILogger logger)
   at Microsoft.AspNetCore.Authorization.AuthorizationMiddleware.Invoke(HttpContext context)
   at Microsoft.AspNetCore.Authentication.AuthenticationMiddleware.Invoke(HttpContext context)
   at CWB.ExceptionHandling.ExceptionMiddleware.InvokeAsync(HttpContext httpContext) in D:\EvolutionSoftware\CWB-Latest\CWB\CWB.ExceptionHandling\ExceptionMiddleware.cs:line 26
2025-12-04 12:31:21.4098 ERROR Error: AutoMapper.AutoMapperMappingException: Error mapping types.

Mapping types:
EntityQueryable`1 -> IEnumerable`1
Microsoft.EntityFrameworkCore.Query.Internal.EntityQueryable`1[[CWB.Masters.Domain.ItemMaster.PartPurchaseDetails, CWB.Masters, Version=1.0.0.0, Culture=neutral, PublicKeyToken=null]] -> System.Collections.Generic.IEnumerable`1[[CWB.Masters.ViewModels.ItemMaster.PartPurchaseDetailsVM, CWB.Masters, Version=1.0.0.0, Culture=neutral, PublicKeyToken=null]]
 ---> System.InvalidOperationException: An exception has been raised that is likely due to a transient failure. Consider enabling transient error resiliency by adding 'EnableRetryOnFailure()' to the 'UseMySql' call.
 ---> MySqlConnector.MySqlException (0x80004005): Connect Timeout expired. All pooled connections are in use.
   at MySqlConnector.MySqlConnection.CreateSessionAsync(ConnectionPool pool, Int32 startTickCount, Nullable`1 ioBehavior, CancellationToken cancellationToken) in /_/src/MySqlConnector/MySqlConnection.cs:line 902
   at MySqlConnector.MySqlConnection.OpenAsync(Nullable`1 ioBehavior, CancellationToken cancellationToken) in /_/src/MySqlConnector/MySqlConnection.cs:line 435
   at MySqlConnector.MySqlConnection.Open() in /_/src/MySqlConnector/MySqlConnection.cs:line 380
   at Microsoft.EntityFrameworkCore.Storage.RelationalConnection.OpenInternal(Boolean errorsExpected)
   at Microsoft.EntityFrameworkCore.Storage.RelationalConnection.Open(Boolean errorsExpected)
   at Pomelo.EntityFrameworkCore.MySql.Storage.Internal.MySqlRelationalConnection.Open(Boolean errorsExpected)
   at Microsoft.EntityFrameworkCore.Storage.RelationalCommand.ExecuteReader(RelationalCommandParameterObject parameterObject)
   at Microsoft.EntityFrameworkCore.Query.Internal.SingleQueryingEnumerable`1.Enumerator.InitializeReader(DbContext _, Boolean result)
   at Pomelo.EntityFrameworkCore.MySql.Storage.Internal.MySqlExecutionStrategy.Execute[TState,TResult](TState state, Func`3 operation, Func`3 verifySucceeded)
   --- End of inner exception stack trace ---
   at Pomelo.EntityFrameworkCore.MySql.Storage.Internal.MySqlExecutionStrategy.Execute[TState,TResult](TState state, Func`3 operation, Func`3 verifySucceeded)
   at Microsoft.EntityFrameworkCore.Query.Internal.SingleQueryingEnumerable`1.Enumerator.MoveNext()
   at lambda_method(Closure , Object , IEnumerable`1 , ResolutionContext )
   --- End of inner exception stack trace ---
   at lambda_method(Closure , Object , IEnumerable`1 , ResolutionContext )
   at CWB.Masters.Services.ItemMaster.RawMaterialDetailService.GetPartPurchasesForPartNo(Int32 partId, Int64 tenantId) in D:\DockerTestCWB\CWB-Latest\CWB\CWB.Masters\Services\ItemMaster\RawMaterialDetailService.cs:line 262
   at CWB.Masters.Controllers.RawMaterialDetailController.GetPartPurchasesForPartId(Int32 partId, Int64 tenantId) in D:\DockerTestCWB\CWB-Latest\CWB\CWB.Masters\Controllers\RawMaterialDetailController.cs:line 353
   at lambda_method(Closure , Object , Object[] )
   at Microsoft.AspNetCore.Mvc.Infrastructure.ActionMethodExecutor.SyncActionResultExecutor.Execute(IActionResultTypeMapper mapper, ObjectMethodExecutor executor, Object controller, Object[] arguments)
   at Microsoft.AspNetCore.Mvc.Infrastructure.ControllerActionInvoker.InvokeActionMethodAsync()
   at Microsoft.AspNetCore.Mvc.Infrastructure.ControllerActionInvoker.Next(State& next, Scope& scope, Object& state, Boolean& isCompleted)
   at Microsoft.AspNetCore.Mvc.Infrastructure.ControllerActionInvoker.InvokeNextActionFilterAsync()
--- End of stack trace from previous location where exception was thrown ---
   at Microsoft.AspNetCore.Mvc.Infrastructure.ControllerActionInvoker.Rethrow(ActionExecutedContextSealed context)
   at Microsoft.AspNetCore.Mvc.Infrastructure.ControllerActionInvoker.Next(State& next, Scope& scope, Object& state, Boolean& isCompleted)
   at Microsoft.AspNetCore.Mvc.Infrastructure.ControllerActionInvoker.InvokeInnerFilterAsync()
--- End of stack trace from previous location where exception was thrown ---
   at Microsoft.AspNetCore.Mvc.Infrastructure.ResourceInvoker.<InvokeFilterPipelineAsync>g__Awaited|19_0(ResourceInvoker invoker, Task lastTask, State next, Scope scope, Object state, Boolean isCompleted)
   at Microsoft.AspNetCore.Mvc.Infrastructure.ResourceInvoker.<InvokeAsync>g__Awaited|17_0(ResourceInvoker invoker, Task task, IDisposable scope)
   at Microsoft.AspNetCore.Routing.EndpointMiddleware.<Invoke>g__AwaitRequestTask|6_0(Endpoint endpoint, Task requestTask, ILogger logger)
   at Microsoft.AspNetCore.Authorization.AuthorizationMiddleware.Invoke(HttpContext context)
   at Microsoft.AspNetCore.Authentication.AuthenticationMiddleware.Invoke(HttpContext context)
   at CWB.ExceptionHandling.ExceptionMiddleware.InvokeAsync(HttpContext httpContext) in D:\EvolutionSoftware\CWB-Latest\CWB\CWB.ExceptionHandling\ExceptionMiddleware.cs:line 26
2025-12-04 12:31:22.3686 ERROR Error: AutoMapper.AutoMapperMappingException: Error mapping types.

Mapping types:
EntityQueryable`1 -> IEnumerable`1
Microsoft.EntityFrameworkCore.Query.Internal.EntityQueryable`1[[CWB.Masters.Domain.ItemMaster.PartPurchaseDetails, CWB.Masters, Version=1.0.0.0, Culture=neutral, PublicKeyToken=null]] -> System.Collections.Generic.IEnumerable`1[[CWB.Masters.ViewModels.ItemMaster.PartPurchaseDetailsVM, CWB.Masters, Version=1.0.0.0, Culture=neutral, PublicKeyToken=null]]
 ---> System.InvalidOperationException: An exception has been raised that is likely due to a transient failure. Consider enabling transient error resiliency by adding 'EnableRetryOnFailure()' to the 'UseMySql' call.
 ---> MySqlConnector.MySqlException (0x80004005): Connect Timeout expired. All pooled connections are in use.
   at MySqlConnector.MySqlConnection.CreateSessionAsync(ConnectionPool pool, Int32 startTickCount, Nullable`1 ioBehavior, CancellationToken cancellationToken) in /_/src/MySqlConnector/MySqlConnection.cs:line 902
   at MySqlConnector.MySqlConnection.OpenAsync(Nullable`1 ioBehavior, CancellationToken cancellationToken) in /_/src/MySqlConnector/MySqlConnection.cs:line 435
   at MySqlConnector.MySqlConnection.Open() in /_/src/MySqlConnector/MySqlConnection.cs:line 380
   at Microsoft.EntityFrameworkCore.Storage.RelationalConnection.OpenInternal(Boolean errorsExpected)
   at Microsoft.EntityFrameworkCore.Storage.RelationalConnection.Open(Boolean errorsExpected)
   at Pomelo.EntityFrameworkCore.MySql.Storage.Internal.MySqlRelationalConnection.Open(Boolean errorsExpected)
   at Microsoft.EntityFrameworkCore.Storage.RelationalCommand.ExecuteReader(RelationalCommandParameterObject parameterObject)
   at Microsoft.EntityFrameworkCore.Query.Internal.SingleQueryingEnumerable`1.Enumerator.InitializeReader(DbContext _, Boolean result)
   at Pomelo.EntityFrameworkCore.MySql.Storage.Internal.MySqlExecutionStrategy.Execute[TState,TResult](TState state, Func`3 operation, Func`3 verifySucceeded)
   --- End of inner exception stack trace ---
   at Pomelo.EntityFrameworkCore.MySql.Storage.Internal.MySqlExecutionStrategy.Execute[TState,TResult](TState state, Func`3 operation, Func`3 verifySucceeded)
   at Microsoft.EntityFrameworkCore.Query.Internal.SingleQueryingEnumerable`1.Enumerator.MoveNext()
   at lambda_method(Closure , Object , IEnumerable`1 , ResolutionContext )
   --- End of inner exception stack trace ---
   at lambda_method(Closure , Object , IEnumerable`1 , ResolutionContext )
   at CWB.Masters.Services.ItemMaster.RawMaterialDetailService.GetPartPurchasesForPartNo(Int32 partId, Int64 tenantId) in D:\DockerTestCWB\CWB-Latest\CWB\CWB.Masters\Services\ItemMaster\RawMaterialDetailService.cs:line 262
   at CWB.Masters.Controllers.RawMaterialDetailController.GetPartPurchasesForPartId(Int32 partId, Int64 tenantId) in D:\DockerTestCWB\CWB-Latest\CWB\CWB.Masters\Controllers\RawMaterialDetailController.cs:line 353
   at lambda_method(Closure , Object , Object[] )
   at Microsoft.AspNetCore.Mvc.Infrastructure.ActionMethodExecutor.SyncActionResultExecutor.Execute(IActionResultTypeMapper mapper, ObjectMethodExecutor executor, Object controller, Object[] arguments)
   at Microsoft.AspNetCore.Mvc.Infrastructure.ControllerActionInvoker.InvokeActionMethodAsync()
   at Microsoft.AspNetCore.Mvc.Infrastructure.ControllerActionInvoker.Next(State& next, Scope& scope, Object& state, Boolean& isCompleted)
   at Microsoft.AspNetCore.Mvc.Infrastructure.ControllerActionInvoker.InvokeNextActionFilterAsync()
--- End of stack trace from previous location where exception was thrown ---
   at Microsoft.AspNetCore.Mvc.Infrastructure.ControllerActionInvoker.Rethrow(ActionExecutedContextSealed context)
   at Microsoft.AspNetCore.Mvc.Infrastructure.ControllerActionInvoker.Next(State& next, Scope& scope, Object& state, Boolean& isCompleted)
   at Microsoft.AspNetCore.Mvc.Infrastructure.ControllerActionInvoker.InvokeInnerFilterAsync()
--- End of stack trace from previous location where exception was thrown ---
   at Microsoft.AspNetCore.Mvc.Infrastructure.ResourceInvoker.<InvokeFilterPipelineAsync>g__Awaited|19_0(ResourceInvoker invoker, Task lastTask, State next, Scope scope, Object state, Boolean isCompleted)
   at Microsoft.AspNetCore.Mvc.Infrastructure.ResourceInvoker.<InvokeAsync>g__Awaited|17_0(ResourceInvoker invoker, Task task, IDisposable scope)
   at Microsoft.AspNetCore.Routing.EndpointMiddleware.<Invoke>g__AwaitRequestTask|6_0(Endpoint endpoint, Task requestTask, ILogger logger)
   at Microsoft.AspNetCore.Authorization.AuthorizationMiddleware.Invoke(HttpContext context)
   at Microsoft.AspNetCore.Authentication.AuthenticationMiddleware.Invoke(HttpContext context)
   at CWB.ExceptionHandling.ExceptionMiddleware.InvokeAsync(HttpContext httpContext) in D:\EvolutionSoftware\CWB-Latest\CWB\CWB.ExceptionHandling\ExceptionMiddleware.cs:line 26
2025-12-04 12:31:26.3802 ERROR Error: AutoMapper.AutoMapperMappingException: Error mapping types.

Mapping types:
EntityQueryable`1 -> IEnumerable`1
Microsoft.EntityFrameworkCore.Query.Internal.EntityQueryable`1[[CWB.Masters.Domain.ItemMaster.PartPurchaseDetails, CWB.Masters, Version=1.0.0.0, Culture=neutral, PublicKeyToken=null]] -> System.Collections.Generic.IEnumerable`1[[CWB.Masters.ViewModels.ItemMaster.PartPurchaseDetailsVM, CWB.Masters, Version=1.0.0.0, Culture=neutral, PublicKeyToken=null]]
 ---> System.InvalidOperationException: An exception has been raised that is likely due to a transient failure. Consider enabling transient error resiliency by adding 'EnableRetryOnFailure()' to the 'UseMySql' call.
 ---> MySqlConnector.MySqlException (0x80004005): Connect Timeout expired. All pooled connections are in use.
   at MySqlConnector.MySqlConnection.CreateSessionAsync(ConnectionPool pool, Int32 startTickCount, Nullable`1 ioBehavior, CancellationToken cancellationToken) in /_/src/MySqlConnector/MySqlConnection.cs:line 902
   at MySqlConnector.MySqlConnection.OpenAsync(Nullable`1 ioBehavior, CancellationToken cancellationToken) in /_/src/MySqlConnector/MySqlConnection.cs:line 435
   at MySqlConnector.MySqlConnection.Open() in /_/src/MySqlConnector/MySqlConnection.cs:line 380
   at Microsoft.EntityFrameworkCore.Storage.RelationalConnection.OpenInternal(Boolean errorsExpected)
   at Microsoft.EntityFrameworkCore.Storage.RelationalConnection.Open(Boolean errorsExpected)
   at Pomelo.EntityFrameworkCore.MySql.Storage.Internal.MySqlRelationalConnection.Open(Boolean errorsExpected)
   at Microsoft.EntityFrameworkCore.Storage.RelationalCommand.ExecuteReader(RelationalCommandParameterObject parameterObject)
   at Microsoft.EntityFrameworkCore.Query.Internal.SingleQueryingEnumerable`1.Enumerator.InitializeReader(DbContext _, Boolean result)
   at Pomelo.EntityFrameworkCore.MySql.Storage.Internal.MySqlExecutionStrategy.Execute[TState,TResult](TState state, Func`3 operation, Func`3 verifySucceeded)
   --- End of inner exception stack trace ---
   at Pomelo.EntityFrameworkCore.MySql.Storage.Internal.MySqlExecutionStrategy.Execute[TState,TResult](TState state, Func`3 operation, Func`3 verifySucceeded)
   at Microsoft.EntityFrameworkCore.Query.Internal.SingleQueryingEnumerable`1.Enumerator.MoveNext()
   at lambda_method(Closure , Object , IEnumerable`1 , ResolutionContext )
   --- End of inner exception stack trace ---
   at lambda_method(Closure , Object , IEnumerable`1 , ResolutionContext )
   at CWB.Masters.Services.ItemMaster.RawMaterialDetailService.GetPartPurchasesForPartNo(Int32 partId, Int64 tenantId) in D:\DockerTestCWB\CWB-Latest\CWB\CWB.Masters\Services\ItemMaster\RawMaterialDetailService.cs:line 262
   at CWB.Masters.Controllers.RawMaterialDetailController.GetPartPurchasesForPartId(Int32 partId, Int64 tenantId) in D:\DockerTestCWB\CWB-Latest\CWB\CWB.Masters\Controllers\RawMaterialDetailController.cs:line 353
   at lambda_method(Closure , Object , Object[] )
   at Microsoft.AspNetCore.Mvc.Infrastructure.ActionMethodExecutor.SyncActionResultExecutor.Execute(IActionResultTypeMapper mapper, ObjectMethodExecutor executor, Object controller, Object[] arguments)
   at Microsoft.AspNetCore.Mvc.Infrastructure.ControllerActionInvoker.InvokeActionMethodAsync()
   at Microsoft.AspNetCore.Mvc.Infrastructure.ControllerActionInvoker.Next(State& next, Scope& scope, Object& state, Boolean& isCompleted)
   at Microsoft.AspNetCore.Mvc.Infrastructure.ControllerActionInvoker.InvokeNextActionFilterAsync()
--- End of stack trace from previous location where exception was thrown ---
   at Microsoft.AspNetCore.Mvc.Infrastructure.ControllerActionInvoker.Rethrow(ActionExecutedContextSealed context)
   at Microsoft.AspNetCore.Mvc.Infrastructure.ControllerActionInvoker.Next(State& next, Scope& scope, Object& state, Boolean& isCompleted)
   at Microsoft.AspNetCore.Mvc.Infrastructure.ControllerActionInvoker.InvokeInnerFilterAsync()
--- End of stack trace from previous location where exception was thrown ---
   at Microsoft.AspNetCore.Mvc.Infrastructure.ResourceInvoker.<InvokeFilterPipelineAsync>g__Awaited|19_0(ResourceInvoker invoker, Task lastTask, State next, Scope scope, Object state, Boolean isCompleted)
   at Microsoft.AspNetCore.Mvc.Infrastructure.ResourceInvoker.<InvokeAsync>g__Awaited|17_0(ResourceInvoker invoker, Task task, IDisposable scope)
   at Microsoft.AspNetCore.Routing.EndpointMiddleware.<Invoke>g__AwaitRequestTask|6_0(Endpoint endpoint, Task requestTask, ILogger logger)
   at Microsoft.AspNetCore.Authorization.AuthorizationMiddleware.Invoke(HttpContext context)
   at Microsoft.AspNetCore.Authentication.AuthenticationMiddleware.Invoke(HttpContext context)
   at CWB.ExceptionHandling.ExceptionMiddleware.InvokeAsync(HttpContext httpContext) in D:\EvolutionSoftware\CWB-Latest\CWB\CWB.ExceptionHandling\ExceptionMiddleware.cs:line 26
2025-12-04 12:31:26.3802 ERROR Error: AutoMapper.AutoMapperMappingException: Error mapping types.

Mapping types:
EntityQueryable`1 -> IEnumerable`1
Microsoft.EntityFrameworkCore.Query.Internal.EntityQueryable`1[[CWB.Masters.Domain.ItemMaster.PartPurchaseDetails, CWB.Masters, Version=1.0.0.0, Culture=neutral, PublicKeyToken=null]] -> System.Collections.Generic.IEnumerable`1[[CWB.Masters.ViewModels.ItemMaster.PartPurchaseDetailsVM, CWB.Masters, Version=1.0.0.0, Culture=neutral, PublicKeyToken=null]]
 ---> System.InvalidOperationException: An exception has been raised that is likely due to a transient failure. Consider enabling transient error resiliency by adding 'EnableRetryOnFailure()' to the 'UseMySql' call.
 ---> MySqlConnector.MySqlException (0x80004005): Connect Timeout expired. All pooled connections are in use.
   at MySqlConnector.MySqlConnection.CreateSessionAsync(ConnectionPool pool, Int32 startTickCount, Nullable`1 ioBehavior, CancellationToken cancellationToken) in /_/src/MySqlConnector/MySqlConnection.cs:line 902
   at MySqlConnector.MySqlConnection.OpenAsync(Nullable`1 ioBehavior, CancellationToken cancellationToken) in /_/src/MySqlConnector/MySqlConnection.cs:line 435
   at MySqlConnector.MySqlConnection.Open() in /_/src/MySqlConnector/MySqlConnection.cs:line 380
   at Microsoft.EntityFrameworkCore.Storage.RelationalConnection.OpenInternal(Boolean errorsExpected)
   at Microsoft.EntityFrameworkCore.Storage.RelationalConnection.Open(Boolean errorsExpected)
   at Pomelo.EntityFrameworkCore.MySql.Storage.Internal.MySqlRelationalConnection.Open(Boolean errorsExpected)
   at Microsoft.EntityFrameworkCore.Storage.RelationalCommand.ExecuteReader(RelationalCommandParameterObject parameterObject)
   at Microsoft.EntityFrameworkCore.Query.Internal.SingleQueryingEnumerable`1.Enumerator.InitializeReader(DbContext _, Boolean result)
   at Pomelo.EntityFrameworkCore.MySql.Storage.Internal.MySqlExecutionStrategy.Execute[TState,TResult](TState state, Func`3 operation, Func`3 verifySucceeded)
   --- End of inner exception stack trace ---
   at Pomelo.EntityFrameworkCore.MySql.Storage.Internal.MySqlExecutionStrategy.Execute[TState,TResult](TState state, Func`3 operation, Func`3 verifySucceeded)
   at Microsoft.EntityFrameworkCore.Query.Internal.SingleQueryingEnumerable`1.Enumerator.MoveNext()
   at lambda_method(Closure , Object , IEnumerable`1 , ResolutionContext )
   --- End of inner exception stack trace ---
   at lambda_method(Closure , Object , IEnumerable`1 , ResolutionContext )
   at CWB.Masters.Services.ItemMaster.RawMaterialDetailService.GetPartPurchasesForPartNo(Int32 partId, Int64 tenantId) in D:\DockerTestCWB\CWB-Latest\CWB\CWB.Masters\Services\ItemMaster\RawMaterialDetailService.cs:line 262
   at CWB.Masters.Controllers.RawMaterialDetailController.GetPartPurchasesForPartId(Int32 partId, Int64 tenantId) in D:\DockerTestCWB\CWB-Latest\CWB\CWB.Masters\Controllers\RawMaterialDetailController.cs:line 353
   at lambda_method(Closure , Object , Object[] )
   at Microsoft.AspNetCore.Mvc.Infrastructure.ActionMethodExecutor.SyncActionResultExecutor.Execute(IActionResultTypeMapper mapper, ObjectMethodExecutor executor, Object controller, Object[] arguments)
   at Microsoft.AspNetCore.Mvc.Infrastructure.ControllerActionInvoker.InvokeActionMethodAsync()
   at Microsoft.AspNetCore.Mvc.Infrastructure.ControllerActionInvoker.Next(State& next, Scope& scope, Object& state, Boolean& isCompleted)
   at Microsoft.AspNetCore.Mvc.Infrastructure.ControllerActionInvoker.InvokeNextActionFilterAsync()
--- End of stack trace from previous location where exception was thrown ---
   at Microsoft.AspNetCore.Mvc.Infrastructure.ControllerActionInvoker.Rethrow(ActionExecutedContextSealed context)
   at Microsoft.AspNetCore.Mvc.Infrastructure.ControllerActionInvoker.Next(State& next, Scope& scope, Object& state, Boolean& isCompleted)
   at Microsoft.AspNetCore.Mvc.Infrastructure.ControllerActionInvoker.InvokeInnerFilterAsync()
--- End of stack trace from previous location where exception was thrown ---
   at Microsoft.AspNetCore.Mvc.Infrastructure.ResourceInvoker.<InvokeFilterPipelineAsync>g__Awaited|19_0(ResourceInvoker invoker, Task lastTask, State next, Scope scope, Object state, Boolean isCompleted)
   at Microsoft.AspNetCore.Mvc.Infrastructure.ResourceInvoker.<InvokeAsync>g__Awaited|17_0(ResourceInvoker invoker, Task task, IDisposable scope)
   at Microsoft.AspNetCore.Routing.EndpointMiddleware.<Invoke>g__AwaitRequestTask|6_0(Endpoint endpoint, Task requestTask, ILogger logger)
   at Microsoft.AspNetCore.Authorization.AuthorizationMiddleware.Invoke(HttpContext context)
   at Microsoft.AspNetCore.Authentication.AuthenticationMiddleware.Invoke(HttpContext context)
   at CWB.ExceptionHandling.ExceptionMiddleware.InvokeAsync(HttpContext httpContext) in D:\EvolutionSoftware\CWB-Latest\CWB\CWB.ExceptionHandling\ExceptionMiddleware.cs:line 26
2025-12-04 12:31:29.6616 ERROR Error: AutoMapper.AutoMapperMappingException: Error mapping types.

Mapping types:
EntityQueryable`1 -> IEnumerable`1
Microsoft.EntityFrameworkCore.Query.Internal.EntityQueryable`1[[CWB.Masters.Domain.ItemMaster.PartPurchaseDetails, CWB.Masters, Version=1.0.0.0, Culture=neutral, PublicKeyToken=null]] -> System.Collections.Generic.IEnumerable`1[[CWB.Masters.ViewModels.ItemMaster.PartPurchaseDetailsVM, CWB.Masters, Version=1.0.0.0, Culture=neutral, PublicKeyToken=null]]
 ---> System.InvalidOperationException: An exception has been raised that is likely due to a transient failure. Consider enabling transient error resiliency by adding 'EnableRetryOnFailure()' to the 'UseMySql' call.
 ---> MySqlConnector.MySqlException (0x80004005): Connect Timeout expired. All pooled connections are in use.
   at MySqlConnector.MySqlConnection.CreateSessionAsync(ConnectionPool pool, Int32 startTickCount, Nullable`1 ioBehavior, CancellationToken cancellationToken) in /_/src/MySqlConnector/MySqlConnection.cs:line 902
   at MySqlConnector.MySqlConnection.OpenAsync(Nullable`1 ioBehavior, CancellationToken cancellationToken) in /_/src/MySqlConnector/MySqlConnection.cs:line 435
   at MySqlConnector.MySqlConnection.Open() in /_/src/MySqlConnector/MySqlConnection.cs:line 380
   at Microsoft.EntityFrameworkCore.Storage.RelationalConnection.OpenInternal(Boolean errorsExpected)
   at Microsoft.EntityFrameworkCore.Storage.RelationalConnection.Open(Boolean errorsExpected)
   at Pomelo.EntityFrameworkCore.MySql.Storage.Internal.MySqlRelationalConnection.Open(Boolean errorsExpected)
   at Microsoft.EntityFrameworkCore.Storage.RelationalCommand.ExecuteReader(RelationalCommandParameterObject parameterObject)
   at Microsoft.EntityFrameworkCore.Query.Internal.SingleQueryingEnumerable`1.Enumerator.InitializeReader(DbContext _, Boolean result)
   at Pomelo.EntityFrameworkCore.MySql.Storage.Internal.MySqlExecutionStrategy.Execute[TState,TResult](TState state, Func`3 operation, Func`3 verifySucceeded)
   --- End of inner exception stack trace ---
   at Pomelo.EntityFrameworkCore.MySql.Storage.Internal.MySqlExecutionStrategy.Execute[TState,TResult](TState state, Func`3 operation, Func`3 verifySucceeded)
   at Microsoft.EntityFrameworkCore.Query.Internal.SingleQueryingEnumerable`1.Enumerator.MoveNext()
   at lambda_method(Closure , Object , IEnumerable`1 , ResolutionContext )
   --- End of inner exception stack trace ---
   at lambda_method(Closure , Object , IEnumerable`1 , ResolutionContext )
   at CWB.Masters.Services.ItemMaster.RawMaterialDetailService.GetPartPurchasesForPartNo(Int32 partId, Int64 tenantId) in D:\DockerTestCWB\CWB-Latest\CWB\CWB.Masters\Services\ItemMaster\RawMaterialDetailService.cs:line 262
   at CWB.Masters.Controllers.RawMaterialDetailController.GetPartPurchasesForPartId(Int32 partId, Int64 tenantId) in D:\DockerTestCWB\CWB-Latest\CWB\CWB.Masters\Controllers\RawMaterialDetailController.cs:line 353
   at lambda_method(Closure , Object , Object[] )
   at Microsoft.AspNetCore.Mvc.Infrastructure.ActionMethodExecutor.SyncActionResultExecutor.Execute(IActionResultTypeMapper mapper, ObjectMethodExecutor executor, Object controller, Object[] arguments)
   at Microsoft.AspNetCore.Mvc.Infrastructure.ControllerActionInvoker.InvokeActionMethodAsync()
   at Microsoft.AspNetCore.Mvc.Infrastructure.ControllerActionInvoker.Next(State& next, Scope& scope, Object& state, Boolean& isCompleted)
   at Microsoft.AspNetCore.Mvc.Infrastructure.ControllerActionInvoker.InvokeNextActionFilterAsync()
--- End of stack trace from previous location where exception was thrown ---
   at Microsoft.AspNetCore.Mvc.Infrastructure.ControllerActionInvoker.Rethrow(ActionExecutedContextSealed context)
   at Microsoft.AspNetCore.Mvc.Infrastructure.ControllerActionInvoker.Next(State& next, Scope& scope, Object& state, Boolean& isCompleted)
   at Microsoft.AspNetCore.Mvc.Infrastructure.ControllerActionInvoker.InvokeInnerFilterAsync()
--- End of stack trace from previous location where exception was thrown ---
   at Microsoft.AspNetCore.Mvc.Infrastructure.ResourceInvoker.<InvokeFilterPipelineAsync>g__Awaited|19_0(ResourceInvoker invoker, Task lastTask, State next, Scope scope, Object state, Boolean isCompleted)
   at Microsoft.AspNetCore.Mvc.Infrastructure.ResourceInvoker.<InvokeAsync>g__Awaited|17_0(ResourceInvoker invoker, Task task, IDisposable scope)
   at Microsoft.AspNetCore.Routing.EndpointMiddleware.<Invoke>g__AwaitRequestTask|6_0(Endpoint endpoint, Task requestTask, ILogger logger)
   at Microsoft.AspNetCore.Authorization.AuthorizationMiddleware.Invoke(HttpContext context)
   at Microsoft.AspNetCore.Authentication.AuthenticationMiddleware.Invoke(HttpContext context)
   at CWB.ExceptionHandling.ExceptionMiddleware.InvokeAsync(HttpContext httpContext) in D:\EvolutionSoftware\CWB-Latest\CWB\CWB.ExceptionHandling\ExceptionMiddleware.cs:line 26
2025-12-04 12:31:32.3310 ERROR Error: AutoMapper.AutoMapperMappingException: Error mapping types.

Mapping types:
EntityQueryable`1 -> IEnumerable`1
Microsoft.EntityFrameworkCore.Query.Internal.EntityQueryable`1[[CWB.Masters.Domain.ItemMaster.PartPurchaseDetails, CWB.Masters, Version=1.0.0.0, Culture=neutral, PublicKeyToken=null]] -> System.Collections.Generic.IEnumerable`1[[CWB.Masters.ViewModels.ItemMaster.PartPurchaseDetailsVM, CWB.Masters, Version=1.0.0.0, Culture=neutral, PublicKeyToken=null]]
 ---> System.InvalidOperationException: An exception has been raised that is likely due to a transient failure. Consider enabling transient error resiliency by adding 'EnableRetryOnFailure()' to the 'UseMySql' call.
 ---> MySqlConnector.MySqlException (0x80004005): Connect Timeout expired. All pooled connections are in use.
   at MySqlConnector.MySqlConnection.CreateSessionAsync(ConnectionPool pool, Int32 startTickCount, Nullable`1 ioBehavior, CancellationToken cancellationToken) in /_/src/MySqlConnector/MySqlConnection.cs:line 902
   at MySqlConnector.MySqlConnection.OpenAsync(Nullable`1 ioBehavior, CancellationToken cancellationToken) in /_/src/MySqlConnector/MySqlConnection.cs:line 435
   at MySqlConnector.MySqlConnection.Open() in /_/src/MySqlConnector/MySqlConnection.cs:line 380
   at Microsoft.EntityFrameworkCore.Storage.RelationalConnection.OpenInternal(Boolean errorsExpected)
   at Microsoft.EntityFrameworkCore.Storage.RelationalConnection.Open(Boolean errorsExpected)
   at Pomelo.EntityFrameworkCore.MySql.Storage.Internal.MySqlRelationalConnection.Open(Boolean errorsExpected)
   at Microsoft.EntityFrameworkCore.Storage.RelationalCommand.ExecuteReader(RelationalCommandParameterObject parameterObject)
   at Microsoft.EntityFrameworkCore.Query.Internal.SingleQueryingEnumerable`1.Enumerator.InitializeReader(DbContext _, Boolean result)
   at Pomelo.EntityFrameworkCore.MySql.Storage.Internal.MySqlExecutionStrategy.Execute[TState,TResult](TState state, Func`3 operation, Func`3 verifySucceeded)
   --- End of inner exception stack trace ---
   at Pomelo.EntityFrameworkCore.MySql.Storage.Internal.MySqlExecutionStrategy.Execute[TState,TResult](TState state, Func`3 operation, Func`3 verifySucceeded)
   at Microsoft.EntityFrameworkCore.Query.Internal.SingleQueryingEnumerable`1.Enumerator.MoveNext()
   at lambda_method(Closure , Object , IEnumerable`1 , ResolutionContext )
   --- End of inner exception stack trace ---
   at lambda_method(Closure , Object , IEnumerable`1 , ResolutionContext )
   at CWB.Masters.Services.ItemMaster.RawMaterialDetailService.GetPartPurchasesForPartNo(Int32 partId, Int64 tenantId) in D:\DockerTestCWB\CWB-Latest\CWB\CWB.Masters\Services\ItemMaster\RawMaterialDetailService.cs:line 262
   at CWB.Masters.Controllers.RawMaterialDetailController.GetPartPurchasesForPartId(Int32 partId, Int64 tenantId) in D:\DockerTestCWB\CWB-Latest\CWB\CWB.Masters\Controllers\RawMaterialDetailController.cs:line 353
   at lambda_method(Closure , Object , Object[] )
   at Microsoft.AspNetCore.Mvc.Infrastructure.ActionMethodExecutor.SyncActionResultExecutor.Execute(IActionResultTypeMapper mapper, ObjectMethodExecutor executor, Object controller, Object[] arguments)
   at Microsoft.AspNetCore.Mvc.Infrastructure.ControllerActionInvoker.InvokeActionMethodAsync()
   at Microsoft.AspNetCore.Mvc.Infrastructure.ControllerActionInvoker.Next(State& next, Scope& scope, Object& state, Boolean& isCompleted)
   at Microsoft.AspNetCore.Mvc.Infrastructure.ControllerActionInvoker.InvokeNextActionFilterAsync()
--- End of stack trace from previous location where exception was thrown ---
   at Microsoft.AspNetCore.Mvc.Infrastructure.ControllerActionInvoker.Rethrow(ActionExecutedContextSealed context)
   at Microsoft.AspNetCore.Mvc.Infrastructure.ControllerActionInvoker.Next(State& next, Scope& scope, Object& state, Boolean& isCompleted)
   at Microsoft.AspNetCore.Mvc.Infrastructure.ControllerActionInvoker.InvokeInnerFilterAsync()
--- End of stack trace from previous location where exception was thrown ---
   at Microsoft.AspNetCore.Mvc.Infrastructure.ResourceInvoker.<InvokeFilterPipelineAsync>g__Awaited|19_0(ResourceInvoker invoker, Task lastTask, State next, Scope scope, Object state, Boolean isCompleted)
   at Microsoft.AspNetCore.Mvc.Infrastructure.ResourceInvoker.<InvokeAsync>g__Awaited|17_0(ResourceInvoker invoker, Task task, IDisposable scope)
   at Microsoft.AspNetCore.Routing.EndpointMiddleware.<Invoke>g__AwaitRequestTask|6_0(Endpoint endpoint, Task requestTask, ILogger logger)
   at Microsoft.AspNetCore.Authorization.AuthorizationMiddleware.Invoke(HttpContext context)
   at Microsoft.AspNetCore.Authentication.AuthenticationMiddleware.Invoke(HttpContext context)
   at CWB.ExceptionHandling.ExceptionMiddleware.InvokeAsync(HttpContext httpContext) in D:\EvolutionSoftware\CWB-Latest\CWB\CWB.ExceptionHandling\ExceptionMiddleware.cs:line 26
2025-12-04 12:31:32.3777 ERROR Error: AutoMapper.AutoMapperMappingException: Error mapping types.

Mapping types:
EntityQueryable`1 -> IEnumerable`1
Microsoft.EntityFrameworkCore.Query.Internal.EntityQueryable`1[[CWB.Masters.Domain.ItemMaster.PartPurchaseDetails, CWB.Masters, Version=1.0.0.0, Culture=neutral, PublicKeyToken=null]] -> System.Collections.Generic.IEnumerable`1[[CWB.Masters.ViewModels.ItemMaster.PartPurchaseDetailsVM, CWB.Masters, Version=1.0.0.0, Culture=neutral, PublicKeyToken=null]]
 ---> System.InvalidOperationException: An exception has been raised that is likely due to a transient failure. Consider enabling transient error resiliency by adding 'EnableRetryOnFailure()' to the 'UseMySql' call.
 ---> MySqlConnector.MySqlException (0x80004005): Connect Timeout expired. All pooled connections are in use.
   at MySqlConnector.MySqlConnection.CreateSessionAsync(ConnectionPool pool, Int32 startTickCount, Nullable`1 ioBehavior, CancellationToken cancellationToken) in /_/src/MySqlConnector/MySqlConnection.cs:line 902
   at MySqlConnector.MySqlConnection.OpenAsync(Nullable`1 ioBehavior, CancellationToken cancellationToken) in /_/src/MySqlConnector/MySqlConnection.cs:line 435
   at MySqlConnector.MySqlConnection.Open() in /_/src/MySqlConnector/MySqlConnection.cs:line 380
   at Microsoft.EntityFrameworkCore.Storage.RelationalConnection.OpenInternal(Boolean errorsExpected)
   at Microsoft.EntityFrameworkCore.Storage.RelationalConnection.Open(Boolean errorsExpected)
   at Pomelo.EntityFrameworkCore.MySql.Storage.Internal.MySqlRelationalConnection.Open(Boolean errorsExpected)
   at Microsoft.EntityFrameworkCore.Storage.RelationalCommand.ExecuteReader(RelationalCommandParameterObject parameterObject)
   at Microsoft.EntityFrameworkCore.Query.Internal.SingleQueryingEnumerable`1.Enumerator.InitializeReader(DbContext _, Boolean result)
   at Pomelo.EntityFrameworkCore.MySql.Storage.Internal.MySqlExecutionStrategy.Execute[TState,TResult](TState state, Func`3 operation, Func`3 verifySucceeded)
   --- End of inner exception stack trace ---
   at Pomelo.EntityFrameworkCore.MySql.Storage.Internal.MySqlExecutionStrategy.Execute[TState,TResult](TState state, Func`3 operation, Func`3 verifySucceeded)
   at Microsoft.EntityFrameworkCore.Query.Internal.SingleQueryingEnumerable`1.Enumerator.MoveNext()
   at lambda_method(Closure , Object , IEnumerable`1 , ResolutionContext )
   --- End of inner exception stack trace ---
   at lambda_method(Closure , Object , IEnumerable`1 , ResolutionContext )
   at CWB.Masters.Services.ItemMaster.RawMaterialDetailService.GetPartPurchasesForPartNo(Int32 partId, Int64 tenantId) in D:\DockerTestCWB\CWB-Latest\CWB\CWB.Masters\Services\ItemMaster\RawMaterialDetailService.cs:line 262
   at CWB.Masters.Controllers.RawMaterialDetailController.GetPartPurchasesForPartId(Int32 partId, Int64 tenantId) in D:\DockerTestCWB\CWB-Latest\CWB\CWB.Masters\Controllers\RawMaterialDetailController.cs:line 353
   at lambda_method(Closure , Object , Object[] )
   at Microsoft.AspNetCore.Mvc.Infrastructure.ActionMethodExecutor.SyncActionResultExecutor.Execute(IActionResultTypeMapper mapper, ObjectMethodExecutor executor, Object controller, Object[] arguments)
   at Microsoft.AspNetCore.Mvc.Infrastructure.ControllerActionInvoker.InvokeActionMethodAsync()
   at Microsoft.AspNetCore.Mvc.Infrastructure.ControllerActionInvoker.Next(State& next, Scope& scope, Object& state, Boolean& isCompleted)
   at Microsoft.AspNetCore.Mvc.Infrastructure.ControllerActionInvoker.InvokeNextActionFilterAsync()
--- End of stack trace from previous location where exception was thrown ---
   at Microsoft.AspNetCore.Mvc.Infrastructure.ControllerActionInvoker.Rethrow(ActionExecutedContextSealed context)
   at Microsoft.AspNetCore.Mvc.Infrastructure.ControllerActionInvoker.Next(State& next, Scope& scope, Object& state, Boolean& isCompleted)
   at Microsoft.AspNetCore.Mvc.Infrastructure.ControllerActionInvoker.InvokeInnerFilterAsync()
--- End of stack trace from previous location where exception was thrown ---
   at Microsoft.AspNetCore.Mvc.Infrastructure.ResourceInvoker.<InvokeFilterPipelineAsync>g__Awaited|19_0(ResourceInvoker invoker, Task lastTask, State next, Scope scope, Object state, Boolean isCompleted)
   at Microsoft.AspNetCore.Mvc.Infrastructure.ResourceInvoker.<InvokeAsync>g__Awaited|17_0(ResourceInvoker invoker, Task task, IDisposable scope)
   at Microsoft.AspNetCore.Routing.EndpointMiddleware.<Invoke>g__AwaitRequestTask|6_0(Endpoint endpoint, Task requestTask, ILogger logger)
   at Microsoft.AspNetCore.Authorization.AuthorizationMiddleware.Invoke(HttpContext context)
   at Microsoft.AspNetCore.Authentication.AuthenticationMiddleware.Invoke(HttpContext context)
   at CWB.ExceptionHandling.ExceptionMiddleware.InvokeAsync(HttpContext httpContext) in D:\EvolutionSoftware\CWB-Latest\CWB\CWB.ExceptionHandling\ExceptionMiddleware.cs:line 26
2025-12-04 12:31:32.3777 ERROR Error: AutoMapper.AutoMapperMappingException: Error mapping types.

Mapping types:
EntityQueryable`1 -> IEnumerable`1
Microsoft.EntityFrameworkCore.Query.Internal.EntityQueryable`1[[CWB.Masters.Domain.ItemMaster.PartPurchaseDetails, CWB.Masters, Version=1.0.0.0, Culture=neutral, PublicKeyToken=null]] -> System.Collections.Generic.IEnumerable`1[[CWB.Masters.ViewModels.ItemMaster.PartPurchaseDetailsVM, CWB.Masters, Version=1.0.0.0, Culture=neutral, PublicKeyToken=null]]
 ---> System.InvalidOperationException: An exception has been raised that is likely due to a transient failure. Consider enabling transient error resiliency by adding 'EnableRetryOnFailure()' to the 'UseMySql' call.
 ---> MySqlConnector.MySqlException (0x80004005): Connect Timeout expired. All pooled connections are in use.
   at MySqlConnector.MySqlConnection.CreateSessionAsync(ConnectionPool pool, Int32 startTickCount, Nullable`1 ioBehavior, CancellationToken cancellationToken) in /_/src/MySqlConnector/MySqlConnection.cs:line 902
   at MySqlConnector.MySqlConnection.OpenAsync(Nullable`1 ioBehavior, CancellationToken cancellationToken) in /_/src/MySqlConnector/MySqlConnection.cs:line 435
   at MySqlConnector.MySqlConnection.Open() in /_/src/MySqlConnector/MySqlConnection.cs:line 380
   at Microsoft.EntityFrameworkCore.Storage.RelationalConnection.OpenInternal(Boolean errorsExpected)
   at Microsoft.EntityFrameworkCore.Storage.RelationalConnection.Open(Boolean errorsExpected)
   at Pomelo.EntityFrameworkCore.MySql.Storage.Internal.MySqlRelationalConnection.Open(Boolean errorsExpected)
   at Microsoft.EntityFrameworkCore.Storage.RelationalCommand.ExecuteReader(RelationalCommandParameterObject parameterObject)
   at Microsoft.EntityFrameworkCore.Query.Internal.SingleQueryingEnumerable`1.Enumerator.InitializeReader(DbContext _, Boolean result)
   at Pomelo.EntityFrameworkCore.MySql.Storage.Internal.MySqlExecutionStrategy.Execute[TState,TResult](TState state, Func`3 operation, Func`3 verifySucceeded)
   --- End of inner exception stack trace ---
   at Pomelo.EntityFrameworkCore.MySql.Storage.Internal.MySqlExecutionStrategy.Execute[TState,TResult](TState state, Func`3 operation, Func`3 verifySucceeded)
   at Microsoft.EntityFrameworkCore.Query.Internal.SingleQueryingEnumerable`1.Enumerator.MoveNext()
   at lambda_method(Closure , Object , IEnumerable`1 , ResolutionContext )
   --- End of inner exception stack trace ---
   at lambda_method(Closure , Object , IEnumerable`1 , ResolutionContext )
   at CWB.Masters.Services.ItemMaster.RawMaterialDetailService.GetPartPurchasesForPartNo(Int32 partId, Int64 tenantId) in D:\DockerTestCWB\CWB-Latest\CWB\CWB.Masters\Services\ItemMaster\RawMaterialDetailService.cs:line 262
   at CWB.Masters.Controllers.RawMaterialDetailController.GetPartPurchasesForPartId(Int32 partId, Int64 tenantId) in D:\DockerTestCWB\CWB-Latest\CWB\CWB.Masters\Controllers\RawMaterialDetailController.cs:line 353
   at lambda_method(Closure , Object , Object[] )
   at Microsoft.AspNetCore.Mvc.Infrastructure.ActionMethodExecutor.SyncActionResultExecutor.Execute(IActionResultTypeMapper mapper, ObjectMethodExecutor executor, Object controller, Object[] arguments)
   at Microsoft.AspNetCore.Mvc.Infrastructure.ControllerActionInvoker.InvokeActionMethodAsync()
   at Microsoft.AspNetCore.Mvc.Infrastructure.ControllerActionInvoker.Next(State& next, Scope& scope, Object& state, Boolean& isCompleted)
   at Microsoft.AspNetCore.Mvc.Infrastructure.ControllerActionInvoker.InvokeNextActionFilterAsync()
--- End of stack trace from previous location where exception was thrown ---
   at Microsoft.AspNetCore.Mvc.Infrastructure.ControllerActionInvoker.Rethrow(ActionExecutedContextSealed context)
   at Microsoft.AspNetCore.Mvc.Infrastructure.ControllerActionInvoker.Next(State& next, Scope& scope, Object& state, Boolean& isCompleted)
   at Microsoft.AspNetCore.Mvc.Infrastructure.ControllerActionInvoker.InvokeInnerFilterAsync()
--- End of stack trace from previous location where exception was thrown ---
   at Microsoft.AspNetCore.Mvc.Infrastructure.ResourceInvoker.<InvokeFilterPipelineAsync>g__Awaited|19_0(ResourceInvoker invoker, Task lastTask, State next, Scope scope, Object state, Boolean isCompleted)
   at Microsoft.AspNetCore.Mvc.Infrastructure.ResourceInvoker.<InvokeAsync>g__Awaited|17_0(ResourceInvoker invoker, Task task, IDisposable scope)
   at Microsoft.AspNetCore.Routing.EndpointMiddleware.<Invoke>g__AwaitRequestTask|6_0(Endpoint endpoint, Task requestTask, ILogger logger)
   at Microsoft.AspNetCore.Authorization.AuthorizationMiddleware.Invoke(HttpContext context)
   at Microsoft.AspNetCore.Authentication.AuthenticationMiddleware.Invoke(HttpContext context)
   at CWB.ExceptionHandling.ExceptionMiddleware.InvokeAsync(HttpContext httpContext) in D:\EvolutionSoftware\CWB-Latest\CWB\CWB.ExceptionHandling\ExceptionMiddleware.cs:line 26
2025-12-04 12:31:36.8128 ERROR Error: AutoMapper.AutoMapperMappingException: Error mapping types.

Mapping types:
EntityQueryable`1 -> IEnumerable`1
Microsoft.EntityFrameworkCore.Query.Internal.EntityQueryable`1[[CWB.Masters.Domain.ItemMaster.PartPurchaseDetails, CWB.Masters, Version=1.0.0.0, Culture=neutral, PublicKeyToken=null]] -> System.Collections.Generic.IEnumerable`1[[CWB.Masters.ViewModels.ItemMaster.PartPurchaseDetailsVM, CWB.Masters, Version=1.0.0.0, Culture=neutral, PublicKeyToken=null]]
 ---> System.InvalidOperationException: An exception has been raised that is likely due to a transient failure. Consider enabling transient error resiliency by adding 'EnableRetryOnFailure()' to the 'UseMySql' call.
 ---> MySqlConnector.MySqlException (0x80004005): Connect Timeout expired. All pooled connections are in use.
   at MySqlConnector.MySqlConnection.CreateSessionAsync(ConnectionPool pool, Int32 startTickCount, Nullable`1 ioBehavior, CancellationToken cancellationToken) in /_/src/MySqlConnector/MySqlConnection.cs:line 902
   at MySqlConnector.MySqlConnection.OpenAsync(Nullable`1 ioBehavior, CancellationToken cancellationToken) in /_/src/MySqlConnector/MySqlConnection.cs:line 435
   at MySqlConnector.MySqlConnection.Open() in /_/src/MySqlConnector/MySqlConnection.cs:line 380
   at Microsoft.EntityFrameworkCore.Storage.RelationalConnection.OpenInternal(Boolean errorsExpected)
   at Microsoft.EntityFrameworkCore.Storage.RelationalConnection.Open(Boolean errorsExpected)
   at Pomelo.EntityFrameworkCore.MySql.Storage.Internal.MySqlRelationalConnection.Open(Boolean errorsExpected)
   at Microsoft.EntityFrameworkCore.Storage.RelationalCommand.ExecuteReader(RelationalCommandParameterObject parameterObject)
   at Microsoft.EntityFrameworkCore.Query.Internal.SingleQueryingEnumerable`1.Enumerator.InitializeReader(DbContext _, Boolean result)
   at Pomelo.EntityFrameworkCore.MySql.Storage.Internal.MySqlExecutionStrategy.Execute[TState,TResult](TState state, Func`3 operation, Func`3 verifySucceeded)
   --- End of inner exception stack trace ---
   at Pomelo.EntityFrameworkCore.MySql.Storage.Internal.MySqlExecutionStrategy.Execute[TState,TResult](TState state, Func`3 operation, Func`3 verifySucceeded)
   at Microsoft.EntityFrameworkCore.Query.Internal.SingleQueryingEnumerable`1.Enumerator.MoveNext()
   at lambda_method(Closure , Object , IEnumerable`1 , ResolutionContext )
   --- End of inner exception stack trace ---
   at lambda_method(Closure , Object , IEnumerable`1 , ResolutionContext )
   at CWB.Masters.Services.ItemMaster.RawMaterialDetailService.GetPartPurchasesForPartNo(Int32 partId, Int64 tenantId) in D:\DockerTestCWB\CWB-Latest\CWB\CWB.Masters\Services\ItemMaster\RawMaterialDetailService.cs:line 262
   at CWB.Masters.Controllers.RawMaterialDetailController.GetPartPurchasesForPartId(Int32 partId, Int64 tenantId) in D:\DockerTestCWB\CWB-Latest\CWB\CWB.Masters\Controllers\RawMaterialDetailController.cs:line 353
   at lambda_method(Closure , Object , Object[] )
   at Microsoft.AspNetCore.Mvc.Infrastructure.ActionMethodExecutor.SyncActionResultExecutor.Execute(IActionResultTypeMapper mapper, ObjectMethodExecutor executor, Object controller, Object[] arguments)
   at Microsoft.AspNetCore.Mvc.Infrastructure.ControllerActionInvoker.InvokeActionMethodAsync()
   at Microsoft.AspNetCore.Mvc.Infrastructure.ControllerActionInvoker.Next(State& next, Scope& scope, Object& state, Boolean& isCompleted)
   at Microsoft.AspNetCore.Mvc.Infrastructure.ControllerActionInvoker.InvokeNextActionFilterAsync()
--- End of stack trace from previous location where exception was thrown ---
   at Microsoft.AspNetCore.Mvc.Infrastructure.ControllerActionInvoker.Rethrow(ActionExecutedContextSealed context)
   at Microsoft.AspNetCore.Mvc.Infrastructure.ControllerActionInvoker.Next(State& next, Scope& scope, Object& state, Boolean& isCompleted)
   at Microsoft.AspNetCore.Mvc.Infrastructure.ControllerActionInvoker.InvokeInnerFilterAsync()
--- End of stack trace from previous location where exception was thrown ---
   at Microsoft.AspNetCore.Mvc.Infrastructure.ResourceInvoker.<InvokeFilterPipelineAsync>g__Awaited|19_0(ResourceInvoker invoker, Task lastTask, State next, Scope scope, Object state, Boolean isCompleted)
   at Microsoft.AspNetCore.Mvc.Infrastructure.ResourceInvoker.<InvokeAsync>g__Awaited|17_0(ResourceInvoker invoker, Task task, IDisposable scope)
   at Microsoft.AspNetCore.Routing.EndpointMiddleware.<Invoke>g__AwaitRequestTask|6_0(Endpoint endpoint, Task requestTask, ILogger logger)
   at Microsoft.AspNetCore.Authorization.AuthorizationMiddleware.Invoke(HttpContext context)
   at Microsoft.AspNetCore.Authentication.AuthenticationMiddleware.Invoke(HttpContext context)
   at CWB.ExceptionHandling.ExceptionMiddleware.InvokeAsync(HttpContext httpContext) in D:\EvolutionSoftware\CWB-Latest\CWB\CWB.ExceptionHandling\ExceptionMiddleware.cs:line 26
2025-12-04 12:31:36.8128 ERROR Error: AutoMapper.AutoMapperMappingException: Error mapping types.

Mapping types:
EntityQueryable`1 -> IEnumerable`1
Microsoft.EntityFrameworkCore.Query.Internal.EntityQueryable`1[[CWB.Masters.Domain.ItemMaster.PartPurchaseDetails, CWB.Masters, Version=1.0.0.0, Culture=neutral, PublicKeyToken=null]] -> System.Collections.Generic.IEnumerable`1[[CWB.Masters.ViewModels.ItemMaster.PartPurchaseDetailsVM, CWB.Masters, Version=1.0.0.0, Culture=neutral, PublicKeyToken=null]]
 ---> System.InvalidOperationException: An exception has been raised that is likely due to a transient failure. Consider enabling transient error resiliency by adding 'EnableRetryOnFailure()' to the 'UseMySql' call.
 ---> MySqlConnector.MySqlException (0x80004005): Connect Timeout expired. All pooled connections are in use.
   at MySqlConnector.MySqlConnection.CreateSessionAsync(ConnectionPool pool, Int32 startTickCount, Nullable`1 ioBehavior, CancellationToken cancellationToken) in /_/src/MySqlConnector/MySqlConnection.cs:line 902
   at MySqlConnector.MySqlConnection.OpenAsync(Nullable`1 ioBehavior, CancellationToken cancellationToken) in /_/src/MySqlConnector/MySqlConnection.cs:line 435
   at MySqlConnector.MySqlConnection.Open() in /_/src/MySqlConnector/MySqlConnection.cs:line 380
   at Microsoft.EntityFrameworkCore.Storage.RelationalConnection.OpenInternal(Boolean errorsExpected)
   at Microsoft.EntityFrameworkCore.Storage.RelationalConnection.Open(Boolean errorsExpected)
   at Pomelo.EntityFrameworkCore.MySql.Storage.Internal.MySqlRelationalConnection.Open(Boolean errorsExpected)
   at Microsoft.EntityFrameworkCore.Storage.RelationalCommand.ExecuteReader(RelationalCommandParameterObject parameterObject)
   at Microsoft.EntityFrameworkCore.Query.Internal.SingleQueryingEnumerable`1.Enumerator.InitializeReader(DbContext _, Boolean result)
   at Pomelo.EntityFrameworkCore.MySql.Storage.Internal.MySqlExecutionStrategy.Execute[TState,TResult](TState state, Func`3 operation, Func`3 verifySucceeded)
   --- End of inner exception stack trace ---
   at Pomelo.EntityFrameworkCore.MySql.Storage.Internal.MySqlExecutionStrategy.Execute[TState,TResult](TState state, Func`3 operation, Func`3 verifySucceeded)
   at Microsoft.EntityFrameworkCore.Query.Internal.SingleQueryingEnumerable`1.Enumerator.MoveNext()
   at lambda_method(Closure , Object , IEnumerable`1 , ResolutionContext )
   --- End of inner exception stack trace ---
   at lambda_method(Closure , Object , IEnumerable`1 , ResolutionContext )
   at CWB.Masters.Services.ItemMaster.RawMaterialDetailService.GetPartPurchasesForPartNo(Int32 partId, Int64 tenantId) in D:\DockerTestCWB\CWB-Latest\CWB\CWB.Masters\Services\ItemMaster\RawMaterialDetailService.cs:line 262
   at CWB.Masters.Controllers.RawMaterialDetailController.GetPartPurchasesForPartId(Int32 partId, Int64 tenantId) in D:\DockerTestCWB\CWB-Latest\CWB\CWB.Masters\Controllers\RawMaterialDetailController.cs:line 353
   at lambda_method(Closure , Object , Object[] )
   at Microsoft.AspNetCore.Mvc.Infrastructure.ActionMethodExecutor.SyncActionResultExecutor.Execute(IActionResultTypeMapper mapper, ObjectMethodExecutor executor, Object controller, Object[] arguments)
   at Microsoft.AspNetCore.Mvc.Infrastructure.ControllerActionInvoker.InvokeActionMethodAsync()
   at Microsoft.AspNetCore.Mvc.Infrastructure.ControllerActionInvoker.Next(State& next, Scope& scope, Object& state, Boolean& isCompleted)
   at Microsoft.AspNetCore.Mvc.Infrastructure.ControllerActionInvoker.InvokeNextActionFilterAsync()
--- End of stack trace from previous location where exception was thrown ---
   at Microsoft.AspNetCore.Mvc.Infrastructure.ControllerActionInvoker.Rethrow(ActionExecutedContextSealed context)
   at Microsoft.AspNetCore.Mvc.Infrastructure.ControllerActionInvoker.Next(State& next, Scope& scope, Object& state, Boolean& isCompleted)
   at Microsoft.AspNetCore.Mvc.Infrastructure.ControllerActionInvoker.InvokeInnerFilterAsync()
--- End of stack trace from previous location where exception was thrown ---
   at Microsoft.AspNetCore.Mvc.Infrastructure.ResourceInvoker.<InvokeFilterPipelineAsync>g__Awaited|19_0(ResourceInvoker invoker, Task lastTask, State next, Scope scope, Object state, Boolean isCompleted)
   at Microsoft.AspNetCore.Mvc.Infrastructure.ResourceInvoker.<InvokeAsync>g__Awaited|17_0(ResourceInvoker invoker, Task task, IDisposable scope)
   at Microsoft.AspNetCore.Routing.EndpointMiddleware.<Invoke>g__AwaitRequestTask|6_0(Endpoint endpoint, Task requestTask, ILogger logger)
   at Microsoft.AspNetCore.Authorization.AuthorizationMiddleware.Invoke(HttpContext context)
   at Microsoft.AspNetCore.Authentication.AuthenticationMiddleware.Invoke(HttpContext context)
   at CWB.ExceptionHandling.ExceptionMiddleware.InvokeAsync(HttpContext httpContext) in D:\EvolutionSoftware\CWB-Latest\CWB\CWB.ExceptionHandling\ExceptionMiddleware.cs:line 26
2025-12-04 12:31:39.2465 ERROR Error: AutoMapper.AutoMapperMappingException: Error mapping types.

Mapping types:
EntityQueryable`1 -> IEnumerable`1
Microsoft.EntityFrameworkCore.Query.Internal.EntityQueryable`1[[CWB.Masters.Domain.ItemMaster.PartPurchaseDetails, CWB.Masters, Version=1.0.0.0, Culture=neutral, PublicKeyToken=null]] -> System.Collections.Generic.IEnumerable`1[[CWB.Masters.ViewModels.ItemMaster.PartPurchaseDetailsVM, CWB.Masters, Version=1.0.0.0, Culture=neutral, PublicKeyToken=null]]
 ---> System.InvalidOperationException: An exception has been raised that is likely due to a transient failure. Consider enabling transient error resiliency by adding 'EnableRetryOnFailure()' to the 'UseMySql' call.
 ---> MySqlConnector.MySqlException (0x80004005): Connect Timeout expired. All pooled connections are in use.
   at MySqlConnector.MySqlConnection.CreateSessionAsync(ConnectionPool pool, Int32 startTickCount, Nullable`1 ioBehavior, CancellationToken cancellationToken) in /_/src/MySqlConnector/MySqlConnection.cs:line 902
   at MySqlConnector.MySqlConnection.OpenAsync(Nullable`1 ioBehavior, CancellationToken cancellationToken) in /_/src/MySqlConnector/MySqlConnection.cs:line 435
   at MySqlConnector.MySqlConnection.Open() in /_/src/MySqlConnector/MySqlConnection.cs:line 380
   at Microsoft.EntityFrameworkCore.Storage.RelationalConnection.OpenInternal(Boolean errorsExpected)
   at Microsoft.EntityFrameworkCore.Storage.RelationalConnection.Open(Boolean errorsExpected)
   at Pomelo.EntityFrameworkCore.MySql.Storage.Internal.MySqlRelationalConnection.Open(Boolean errorsExpected)
   at Microsoft.EntityFrameworkCore.Storage.RelationalCommand.ExecuteReader(RelationalCommandParameterObject parameterObject)
   at Microsoft.EntityFrameworkCore.Query.Internal.SingleQueryingEnumerable`1.Enumerator.InitializeReader(DbContext _, Boolean result)
   at Pomelo.EntityFrameworkCore.MySql.Storage.Internal.MySqlExecutionStrategy.Execute[TState,TResult](TState state, Func`3 operation, Func`3 verifySucceeded)
   --- End of inner exception stack trace ---
   at Pomelo.EntityFrameworkCore.MySql.Storage.Internal.MySqlExecutionStrategy.Execute[TState,TResult](TState state, Func`3 operation, Func`3 verifySucceeded)
   at Microsoft.EntityFrameworkCore.Query.Internal.SingleQueryingEnumerable`1.Enumerator.MoveNext()
   at lambda_method(Closure , Object , IEnumerable`1 , ResolutionContext )
   --- End of inner exception stack trace ---
   at lambda_method(Closure , Object , IEnumerable`1 , ResolutionContext )
   at CWB.Masters.Services.ItemMaster.RawMaterialDetailService.GetPartPurchasesForPartNo(Int32 partId, Int64 tenantId) in D:\DockerTestCWB\CWB-Latest\CWB\CWB.Masters\Services\ItemMaster\RawMaterialDetailService.cs:line 262
   at CWB.Masters.Controllers.RawMaterialDetailController.GetPartPurchasesForPartId(Int32 partId, Int64 tenantId) in D:\DockerTestCWB\CWB-Latest\CWB\CWB.Masters\Controllers\RawMaterialDetailController.cs:line 353
   at lambda_method(Closure , Object , Object[] )
   at Microsoft.AspNetCore.Mvc.Infrastructure.ActionMethodExecutor.SyncActionResultExecutor.Execute(IActionResultTypeMapper mapper, ObjectMethodExecutor executor, Object controller, Object[] arguments)
   at Microsoft.AspNetCore.Mvc.Infrastructure.ControllerActionInvoker.InvokeActionMethodAsync()
   at Microsoft.AspNetCore.Mvc.Infrastructure.ControllerActionInvoker.Next(State& next, Scope& scope, Object& state, Boolean& isCompleted)
   at Microsoft.AspNetCore.Mvc.Infrastructure.ControllerActionInvoker.InvokeNextActionFilterAsync()
--- End of stack trace from previous location where exception was thrown ---
   at Microsoft.AspNetCore.Mvc.Infrastructure.ControllerActionInvoker.Rethrow(ActionExecutedContextSealed context)
   at Microsoft.AspNetCore.Mvc.Infrastructure.ControllerActionInvoker.Next(State& next, Scope& scope, Object& state, Boolean& isCompleted)
   at Microsoft.AspNetCore.Mvc.Infrastructure.ControllerActionInvoker.InvokeInnerFilterAsync()
--- End of stack trace from previous location where exception was thrown ---
   at Microsoft.AspNetCore.Mvc.Infrastructure.ResourceInvoker.<InvokeFilterPipelineAsync>g__Awaited|19_0(ResourceInvoker invoker, Task lastTask, State next, Scope scope, Object state, Boolean isCompleted)
   at Microsoft.AspNetCore.Mvc.Infrastructure.ResourceInvoker.<InvokeAsync>g__Awaited|17_0(ResourceInvoker invoker, Task task, IDisposable scope)
   at Microsoft.AspNetCore.Routing.EndpointMiddleware.<Invoke>g__AwaitRequestTask|6_0(Endpoint endpoint, Task requestTask, ILogger logger)
   at Microsoft.AspNetCore.Authorization.AuthorizationMiddleware.Invoke(HttpContext context)
   at Microsoft.AspNetCore.Authentication.AuthenticationMiddleware.Invoke(HttpContext context)
   at CWB.ExceptionHandling.ExceptionMiddleware.InvokeAsync(HttpContext httpContext) in D:\EvolutionSoftware\CWB-Latest\CWB\CWB.ExceptionHandling\ExceptionMiddleware.cs:line 26
2025-12-04 12:31:39.2465 ERROR Error: AutoMapper.AutoMapperMappingException: Error mapping types.

Mapping types:
EntityQueryable`1 -> IEnumerable`1
Microsoft.EntityFrameworkCore.Query.Internal.EntityQueryable`1[[CWB.Masters.Domain.ItemMaster.PartPurchaseDetails, CWB.Masters, Version=1.0.0.0, Culture=neutral, PublicKeyToken=null]] -> System.Collections.Generic.IEnumerable`1[[CWB.Masters.ViewModels.ItemMaster.PartPurchaseDetailsVM, CWB.Masters, Version=1.0.0.0, Culture=neutral, PublicKeyToken=null]]
 ---> System.InvalidOperationException: An exception has been raised that is likely due to a transient failure. Consider enabling transient error resiliency by adding 'EnableRetryOnFailure()' to the 'UseMySql' call.
 ---> MySqlConnector.MySqlException (0x80004005): Connect Timeout expired. All pooled connections are in use.
   at MySqlConnector.MySqlConnection.CreateSessionAsync(ConnectionPool pool, Int32 startTickCount, Nullable`1 ioBehavior, CancellationToken cancellationToken) in /_/src/MySqlConnector/MySqlConnection.cs:line 902
   at MySqlConnector.MySqlConnection.OpenAsync(Nullable`1 ioBehavior, CancellationToken cancellationToken) in /_/src/MySqlConnector/MySqlConnection.cs:line 435
   at MySqlConnector.MySqlConnection.Open() in /_/src/MySqlConnector/MySqlConnection.cs:line 380
   at Microsoft.EntityFrameworkCore.Storage.RelationalConnection.OpenInternal(Boolean errorsExpected)
   at Microsoft.EntityFrameworkCore.Storage.RelationalConnection.Open(Boolean errorsExpected)
   at Pomelo.EntityFrameworkCore.MySql.Storage.Internal.MySqlRelationalConnection.Open(Boolean errorsExpected)
   at Microsoft.EntityFrameworkCore.Storage.RelationalCommand.ExecuteReader(RelationalCommandParameterObject parameterObject)
   at Microsoft.EntityFrameworkCore.Query.Internal.SingleQueryingEnumerable`1.Enumerator.InitializeReader(DbContext _, Boolean result)
   at Pomelo.EntityFrameworkCore.MySql.Storage.Internal.MySqlExecutionStrategy.Execute[TState,TResult](TState state, Func`3 operation, Func`3 verifySucceeded)
   --- End of inner exception stack trace ---
   at Pomelo.EntityFrameworkCore.MySql.Storage.Internal.MySqlExecutionStrategy.Execute[TState,TResult](TState state, Func`3 operation, Func`3 verifySucceeded)
   at Microsoft.EntityFrameworkCore.Query.Internal.SingleQueryingEnumerable`1.Enumerator.MoveNext()
   at lambda_method(Closure , Object , IEnumerable`1 , ResolutionContext )
   --- End of inner exception stack trace ---
   at lambda_method(Closure , Object , IEnumerable`1 , ResolutionContext )
   at CWB.Masters.Services.ItemMaster.RawMaterialDetailService.GetPartPurchasesForPartNo(Int32 partId, Int64 tenantId) in D:\DockerTestCWB\CWB-Latest\CWB\CWB.Masters\Services\ItemMaster\RawMaterialDetailService.cs:line 262
   at CWB.Masters.Controllers.RawMaterialDetailController.GetPartPurchasesForPartId(Int32 partId, Int64 tenantId) in D:\DockerTestCWB\CWB-Latest\CWB\CWB.Masters\Controllers\RawMaterialDetailController.cs:line 353
   at lambda_method(Closure , Object , Object[] )
   at Microsoft.AspNetCore.Mvc.Infrastructure.ActionMethodExecutor.SyncActionResultExecutor.Execute(IActionResultTypeMapper mapper, ObjectMethodExecutor executor, Object controller, Object[] arguments)
   at Microsoft.AspNetCore.Mvc.Infrastructure.ControllerActionInvoker.InvokeActionMethodAsync()
   at Microsoft.AspNetCore.Mvc.Infrastructure.ControllerActionInvoker.Next(State& next, Scope& scope, Object& state, Boolean& isCompleted)
   at Microsoft.AspNetCore.Mvc.Infrastructure.ControllerActionInvoker.InvokeNextActionFilterAsync()
--- End of stack trace from previous location where exception was thrown ---
   at Microsoft.AspNetCore.Mvc.Infrastructure.ControllerActionInvoker.Rethrow(ActionExecutedContextSealed context)
   at Microsoft.AspNetCore.Mvc.Infrastructure.ControllerActionInvoker.Next(State& next, Scope& scope, Object& state, Boolean& isCompleted)
   at Microsoft.AspNetCore.Mvc.Infrastructure.ControllerActionInvoker.InvokeInnerFilterAsync()
--- End of stack trace from previous location where exception was thrown ---
   at Microsoft.AspNetCore.Mvc.Infrastructure.ResourceInvoker.<InvokeFilterPipelineAsync>g__Awaited|19_0(ResourceInvoker invoker, Task lastTask, State next, Scope scope, Object state, Boolean isCompleted)
   at Microsoft.AspNetCore.Mvc.Infrastructure.ResourceInvoker.<InvokeAsync>g__Awaited|17_0(ResourceInvoker invoker, Task task, IDisposable scope)
   at Microsoft.AspNetCore.Routing.EndpointMiddleware.<Invoke>g__AwaitRequestTask|6_0(Endpoint endpoint, Task requestTask, ILogger logger)
   at Microsoft.AspNetCore.Authorization.AuthorizationMiddleware.Invoke(HttpContext context)
   at Microsoft.AspNetCore.Authentication.AuthenticationMiddleware.Invoke(HttpContext context)
   at CWB.ExceptionHandling.ExceptionMiddleware.InvokeAsync(HttpContext httpContext) in D:\EvolutionSoftware\CWB-Latest\CWB\CWB.ExceptionHandling\ExceptionMiddleware.cs:line 26
2025-12-04 12:31:39.2485 ERROR Error: AutoMapper.AutoMapperMappingException: Error mapping types.

Mapping types:
EntityQueryable`1 -> IEnumerable`1
Microsoft.EntityFrameworkCore.Query.Internal.EntityQueryable`1[[CWB.Masters.Domain.ItemMaster.PartPurchaseDetails, CWB.Masters, Version=1.0.0.0, Culture=neutral, PublicKeyToken=null]] -> System.Collections.Generic.IEnumerable`1[[CWB.Masters.ViewModels.ItemMaster.PartPurchaseDetailsVM, CWB.Masters, Version=1.0.0.0, Culture=neutral, PublicKeyToken=null]]
 ---> System.InvalidOperationException: An exception has been raised that is likely due to a transient failure. Consider enabling transient error resiliency by adding 'EnableRetryOnFailure()' to the 'UseMySql' call.
 ---> MySqlConnector.MySqlException (0x80004005): Connect Timeout expired. All pooled connections are in use.
   at MySqlConnector.MySqlConnection.CreateSessionAsync(ConnectionPool pool, Int32 startTickCount, Nullable`1 ioBehavior, CancellationToken cancellationToken) in /_/src/MySqlConnector/MySqlConnection.cs:line 902
   at MySqlConnector.MySqlConnection.OpenAsync(Nullable`1 ioBehavior, CancellationToken cancellationToken) in /_/src/MySqlConnector/MySqlConnection.cs:line 435
   at MySqlConnector.MySqlConnection.Open() in /_/src/MySqlConnector/MySqlConnection.cs:line 380
   at Microsoft.EntityFrameworkCore.Storage.RelationalConnection.OpenInternal(Boolean errorsExpected)
   at Microsoft.EntityFrameworkCore.Storage.RelationalConnection.Open(Boolean errorsExpected)
   at Pomelo.EntityFrameworkCore.MySql.Storage.Internal.MySqlRelationalConnection.Open(Boolean errorsExpected)
   at Microsoft.EntityFrameworkCore.Storage.RelationalCommand.ExecuteReader(RelationalCommandParameterObject parameterObject)
   at Microsoft.EntityFrameworkCore.Query.Internal.SingleQueryingEnumerable`1.Enumerator.InitializeReader(DbContext _, Boolean result)
   at Pomelo.EntityFrameworkCore.MySql.Storage.Internal.MySqlExecutionStrategy.Execute[TState,TResult](TState state, Func`3 operation, Func`3 verifySucceeded)
   --- End of inner exception stack trace ---
   at Pomelo.EntityFrameworkCore.MySql.Storage.Internal.MySqlExecutionStrategy.Execute[TState,TResult](TState state, Func`3 operation, Func`3 verifySucceeded)
   at Microsoft.EntityFrameworkCore.Query.Internal.SingleQueryingEnumerable`1.Enumerator.MoveNext()
   at lambda_method(Closure , Object , IEnumerable`1 , ResolutionContext )
   --- End of inner exception stack trace ---
   at lambda_method(Closure , Object , IEnumerable`1 , ResolutionContext )
   at CWB.Masters.Services.ItemMaster.RawMaterialDetailService.GetPartPurchasesForPartNo(Int32 partId, Int64 tenantId) in D:\DockerTestCWB\CWB-Latest\CWB\CWB.Masters\Services\ItemMaster\RawMaterialDetailService.cs:line 262
   at CWB.Masters.Controllers.RawMaterialDetailController.GetPartPurchasesForPartId(Int32 partId, Int64 tenantId) in D:\DockerTestCWB\CWB-Latest\CWB\CWB.Masters\Controllers\RawMaterialDetailController.cs:line 353
   at lambda_method(Closure , Object , Object[] )
   at Microsoft.AspNetCore.Mvc.Infrastructure.ActionMethodExecutor.SyncActionResultExecutor.Execute(IActionResultTypeMapper mapper, ObjectMethodExecutor executor, Object controller, Object[] arguments)
   at Microsoft.AspNetCore.Mvc.Infrastructure.ControllerActionInvoker.InvokeActionMethodAsync()
   at Microsoft.AspNetCore.Mvc.Infrastructure.ControllerActionInvoker.Next(State& next, Scope& scope, Object& state, Boolean& isCompleted)
   at Microsoft.AspNetCore.Mvc.Infrastructure.ControllerActionInvoker.InvokeNextActionFilterAsync()
--- End of stack trace from previous location where exception was thrown ---
   at Microsoft.AspNetCore.Mvc.Infrastructure.ControllerActionInvoker.Rethrow(ActionExecutedContextSealed context)
   at Microsoft.AspNetCore.Mvc.Infrastructure.ControllerActionInvoker.Next(State& next, Scope& scope, Object& state, Boolean& isCompleted)
   at Microsoft.AspNetCore.Mvc.Infrastructure.ControllerActionInvoker.InvokeInnerFilterAsync()
--- End of stack trace from previous location where exception was thrown ---
   at Microsoft.AspNetCore.Mvc.Infrastructure.ResourceInvoker.<InvokeFilterPipelineAsync>g__Awaited|19_0(ResourceInvoker invoker, Task lastTask, State next, Scope scope, Object state, Boolean isCompleted)
   at Microsoft.AspNetCore.Mvc.Infrastructure.ResourceInvoker.<InvokeAsync>g__Awaited|17_0(ResourceInvoker invoker, Task task, IDisposable scope)
   at Microsoft.AspNetCore.Routing.EndpointMiddleware.<Invoke>g__AwaitRequestTask|6_0(Endpoint endpoint, Task requestTask, ILogger logger)
   at Microsoft.AspNetCore.Authorization.AuthorizationMiddleware.Invoke(HttpContext context)
   at Microsoft.AspNetCore.Authentication.AuthenticationMiddleware.Invoke(HttpContext context)
   at CWB.ExceptionHandling.ExceptionMiddleware.InvokeAsync(HttpContext httpContext) in D:\EvolutionSoftware\CWB-Latest\CWB\CWB.ExceptionHandling\ExceptionMiddleware.cs:line 26
2025-12-04 12:31:43.4749 ERROR Error: AutoMapper.AutoMapperMappingException: Error mapping types.

Mapping types:
EntityQueryable`1 -> IEnumerable`1
Microsoft.EntityFrameworkCore.Query.Internal.EntityQueryable`1[[CWB.Masters.Domain.ItemMaster.PartPurchaseDetails, CWB.Masters, Version=1.0.0.0, Culture=neutral, PublicKeyToken=null]] -> System.Collections.Generic.IEnumerable`1[[CWB.Masters.ViewModels.ItemMaster.PartPurchaseDetailsVM, CWB.Masters, Version=1.0.0.0, Culture=neutral, PublicKeyToken=null]]
 ---> System.InvalidOperationException: An exception has been raised that is likely due to a transient failure. Consider enabling transient error resiliency by adding 'EnableRetryOnFailure()' to the 'UseMySql' call.
 ---> MySqlConnector.MySqlException (0x80004005): Connect Timeout expired. All pooled connections are in use.
   at MySqlConnector.MySqlConnection.CreateSessionAsync(ConnectionPool pool, Int32 startTickCount, Nullable`1 ioBehavior, CancellationToken cancellationToken) in /_/src/MySqlConnector/MySqlConnection.cs:line 902
   at MySqlConnector.MySqlConnection.OpenAsync(Nullable`1 ioBehavior, CancellationToken cancellationToken) in /_/src/MySqlConnector/MySqlConnection.cs:line 435
   at MySqlConnector.MySqlConnection.Open() in /_/src/MySqlConnector/MySqlConnection.cs:line 380
   at Microsoft.EntityFrameworkCore.Storage.RelationalConnection.OpenInternal(Boolean errorsExpected)
   at Microsoft.EntityFrameworkCore.Storage.RelationalConnection.Open(Boolean errorsExpected)
   at Pomelo.EntityFrameworkCore.MySql.Storage.Internal.MySqlRelationalConnection.Open(Boolean errorsExpected)
   at Microsoft.EntityFrameworkCore.Storage.RelationalCommand.ExecuteReader(RelationalCommandParameterObject parameterObject)
   at Microsoft.EntityFrameworkCore.Query.Internal.SingleQueryingEnumerable`1.Enumerator.InitializeReader(DbContext _, Boolean result)
   at Pomelo.EntityFrameworkCore.MySql.Storage.Internal.MySqlExecutionStrategy.Execute[TState,TResult](TState state, Func`3 operation, Func`3 verifySucceeded)
   --- End of inner exception stack trace ---
   at Pomelo.EntityFrameworkCore.MySql.Storage.Internal.MySqlExecutionStrategy.Execute[TState,TResult](TState state, Func`3 operation, Func`3 verifySucceeded)
   at Microsoft.EntityFrameworkCore.Query.Internal.SingleQueryingEnumerable`1.Enumerator.MoveNext()
   at lambda_method(Closure , Object , IEnumerable`1 , ResolutionContext )
   --- End of inner exception stack trace ---
   at lambda_method(Closure , Object , IEnumerable`1 , ResolutionContext )
   at CWB.Masters.Services.ItemMaster.RawMaterialDetailService.GetPartPurchasesForPartNo(Int32 partId, Int64 tenantId) in D:\DockerTestCWB\CWB-Latest\CWB\CWB.Masters\Services\ItemMaster\RawMaterialDetailService.cs:line 262
   at CWB.Masters.Controllers.RawMaterialDetailController.GetPartPurchasesForPartId(Int32 partId, Int64 tenantId) in D:\DockerTestCWB\CWB-Latest\CWB\CWB.Masters\Controllers\RawMaterialDetailController.cs:line 353
   at lambda_method(Closure , Object , Object[] )
   at Microsoft.AspNetCore.Mvc.Infrastructure.ActionMethodExecutor.SyncActionResultExecutor.Execute(IActionResultTypeMapper mapper, ObjectMethodExecutor executor, Object controller, Object[] arguments)
   at Microsoft.AspNetCore.Mvc.Infrastructure.ControllerActionInvoker.InvokeActionMethodAsync()
   at Microsoft.AspNetCore.Mvc.Infrastructure.ControllerActionInvoker.Next(State& next, Scope& scope, Object& state, Boolean& isCompleted)
   at Microsoft.AspNetCore.Mvc.Infrastructure.ControllerActionInvoker.InvokeNextActionFilterAsync()
--- End of stack trace from previous location where exception was thrown ---
   at Microsoft.AspNetCore.Mvc.Infrastructure.ControllerActionInvoker.Rethrow(ActionExecutedContextSealed context)
   at Microsoft.AspNetCore.Mvc.Infrastructure.ControllerActionInvoker.Next(State& next, Scope& scope, Object& state, Boolean& isCompleted)
   at Microsoft.AspNetCore.Mvc.Infrastructure.ControllerActionInvoker.InvokeInnerFilterAsync()
--- End of stack trace from previous location where exception was thrown ---
   at Microsoft.AspNetCore.Mvc.Infrastructure.ResourceInvoker.<InvokeFilterPipelineAsync>g__Awaited|19_0(ResourceInvoker invoker, Task lastTask, State next, Scope scope, Object state, Boolean isCompleted)
   at Microsoft.AspNetCore.Mvc.Infrastructure.ResourceInvoker.<InvokeAsync>g__Awaited|17_0(ResourceInvoker invoker, Task task, IDisposable scope)
   at Microsoft.AspNetCore.Routing.EndpointMiddleware.<Invoke>g__AwaitRequestTask|6_0(Endpoint endpoint, Task requestTask, ILogger logger)
   at Microsoft.AspNetCore.Authorization.AuthorizationMiddleware.Invoke(HttpContext context)
   at Microsoft.AspNetCore.Authentication.AuthenticationMiddleware.Invoke(HttpContext context)
   at CWB.ExceptionHandling.ExceptionMiddleware.InvokeAsync(HttpContext httpContext) in D:\EvolutionSoftware\CWB-Latest\CWB\CWB.ExceptionHandling\ExceptionMiddleware.cs:line 26
2025-12-04 12:31:43.4982 ERROR Error: AutoMapper.AutoMapperMappingException: Error mapping types.

Mapping types:
EntityQueryable`1 -> IEnumerable`1
Microsoft.EntityFrameworkCore.Query.Internal.EntityQueryable`1[[CWB.Masters.Domain.ItemMaster.PartPurchaseDetails, CWB.Masters, Version=1.0.0.0, Culture=neutral, PublicKeyToken=null]] -> System.Collections.Generic.IEnumerable`1[[CWB.Masters.ViewModels.ItemMaster.PartPurchaseDetailsVM, CWB.Masters, Version=1.0.0.0, Culture=neutral, PublicKeyToken=null]]
 ---> System.InvalidOperationException: An exception has been raised that is likely due to a transient failure. Consider enabling transient error resiliency by adding 'EnableRetryOnFailure()' to the 'UseMySql' call.
 ---> MySqlConnector.MySqlException (0x80004005): Connect Timeout expired. All pooled connections are in use.
   at MySqlConnector.MySqlConnection.CreateSessionAsync(ConnectionPool pool, Int32 startTickCount, Nullable`1 ioBehavior, CancellationToken cancellationToken) in /_/src/MySqlConnector/MySqlConnection.cs:line 902
   at MySqlConnector.MySqlConnection.OpenAsync(Nullable`1 ioBehavior, CancellationToken cancellationToken) in /_/src/MySqlConnector/MySqlConnection.cs:line 435
   at MySqlConnector.MySqlConnection.Open() in /_/src/MySqlConnector/MySqlConnection.cs:line 380
   at Microsoft.EntityFrameworkCore.Storage.RelationalConnection.OpenInternal(Boolean errorsExpected)
   at Microsoft.EntityFrameworkCore.Storage.RelationalConnection.Open(Boolean errorsExpected)
   at Pomelo.EntityFrameworkCore.MySql.Storage.Internal.MySqlRelationalConnection.Open(Boolean errorsExpected)
   at Microsoft.EntityFrameworkCore.Storage.RelationalCommand.ExecuteReader(RelationalCommandParameterObject parameterObject)
   at Microsoft.EntityFrameworkCore.Query.Internal.SingleQueryingEnumerable`1.Enumerator.InitializeReader(DbContext _, Boolean result)
   at Pomelo.EntityFrameworkCore.MySql.Storage.Internal.MySqlExecutionStrategy.Execute[TState,TResult](TState state, Func`3 operation, Func`3 verifySucceeded)
   --- End of inner exception stack trace ---
   at Pomelo.EntityFrameworkCore.MySql.Storage.Internal.MySqlExecutionStrategy.Execute[TState,TResult](TState state, Func`3 operation, Func`3 verifySucceeded)
   at Microsoft.EntityFrameworkCore.Query.Internal.SingleQueryingEnumerable`1.Enumerator.MoveNext()
   at lambda_method(Closure , Object , IEnumerable`1 , ResolutionContext )
   --- End of inner exception stack trace ---
   at lambda_method(Closure , Object , IEnumerable`1 , ResolutionContext )
   at CWB.Masters.Services.ItemMaster.RawMaterialDetailService.GetPartPurchasesForPartNo(Int32 partId, Int64 tenantId) in D:\DockerTestCWB\CWB-Latest\CWB\CWB.Masters\Services\ItemMaster\RawMaterialDetailService.cs:line 262
   at CWB.Masters.Controllers.RawMaterialDetailController.GetPartPurchasesForPartId(Int32 partId, Int64 tenantId) in D:\DockerTestCWB\CWB-Latest\CWB\CWB.Masters\Controllers\RawMaterialDetailController.cs:line 353
   at lambda_method(Closure , Object , Object[] )
   at Microsoft.AspNetCore.Mvc.Infrastructure.ActionMethodExecutor.SyncActionResultExecutor.Execute(IActionResultTypeMapper mapper, ObjectMethodExecutor executor, Object controller, Object[] arguments)
   at Microsoft.AspNetCore.Mvc.Infrastructure.ControllerActionInvoker.InvokeActionMethodAsync()
   at Microsoft.AspNetCore.Mvc.Infrastructure.ControllerActionInvoker.Next(State& next, Scope& scope, Object& state, Boolean& isCompleted)
   at Microsoft.AspNetCore.Mvc.Infrastructure.ControllerActionInvoker.InvokeNextActionFilterAsync()
--- End of stack trace from previous location where exception was thrown ---
   at Microsoft.AspNetCore.Mvc.Infrastructure.ControllerActionInvoker.Rethrow(ActionExecutedContextSealed context)
   at Microsoft.AspNetCore.Mvc.Infrastructure.ControllerActionInvoker.Next(State& next, Scope& scope, Object& state, Boolean& isCompleted)
   at Microsoft.AspNetCore.Mvc.Infrastructure.ControllerActionInvoker.InvokeInnerFilterAsync()
--- End of stack trace from previous location where exception was thrown ---
   at Microsoft.AspNetCore.Mvc.Infrastructure.ResourceInvoker.<InvokeFilterPipelineAsync>g__Awaited|19_0(ResourceInvoker invoker, Task lastTask, State next, Scope scope, Object state, Boolean isCompleted)
   at Microsoft.AspNetCore.Mvc.Infrastructure.ResourceInvoker.<InvokeAsync>g__Awaited|17_0(ResourceInvoker invoker, Task task, IDisposable scope)
   at Microsoft.AspNetCore.Routing.EndpointMiddleware.<Invoke>g__AwaitRequestTask|6_0(Endpoint endpoint, Task requestTask, ILogger logger)
   at Microsoft.AspNetCore.Authorization.AuthorizationMiddleware.Invoke(HttpContext context)
   at Microsoft.AspNetCore.Authentication.AuthenticationMiddleware.Invoke(HttpContext context)
   at CWB.ExceptionHandling.ExceptionMiddleware.InvokeAsync(HttpContext httpContext) in D:\EvolutionSoftware\CWB-Latest\CWB\CWB.ExceptionHandling\ExceptionMiddleware.cs:line 26
2025-12-04 12:31:43.5203 ERROR Error: AutoMapper.AutoMapperMappingException: Error mapping types.

Mapping types:
EntityQueryable`1 -> IEnumerable`1
Microsoft.EntityFrameworkCore.Query.Internal.EntityQueryable`1[[CWB.Masters.Domain.ItemMaster.PartPurchaseDetails, CWB.Masters, Version=1.0.0.0, Culture=neutral, PublicKeyToken=null]] -> System.Collections.Generic.IEnumerable`1[[CWB.Masters.ViewModels.ItemMaster.PartPurchaseDetailsVM, CWB.Masters, Version=1.0.0.0, Culture=neutral, PublicKeyToken=null]]
 ---> System.InvalidOperationException: An exception has been raised that is likely due to a transient failure. Consider enabling transient error resiliency by adding 'EnableRetryOnFailure()' to the 'UseMySql' call.
 ---> MySqlConnector.MySqlException (0x80004005): Connect Timeout expired. All pooled connections are in use.
   at MySqlConnector.MySqlConnection.CreateSessionAsync(ConnectionPool pool, Int32 startTickCount, Nullable`1 ioBehavior, CancellationToken cancellationToken) in /_/src/MySqlConnector/MySqlConnection.cs:line 902
   at MySqlConnector.MySqlConnection.OpenAsync(Nullable`1 ioBehavior, CancellationToken cancellationToken) in /_/src/MySqlConnector/MySqlConnection.cs:line 435
   at MySqlConnector.MySqlConnection.Open() in /_/src/MySqlConnector/MySqlConnection.cs:line 380
   at Microsoft.EntityFrameworkCore.Storage.RelationalConnection.OpenInternal(Boolean errorsExpected)
   at Microsoft.EntityFrameworkCore.Storage.RelationalConnection.Open(Boolean errorsExpected)
   at Pomelo.EntityFrameworkCore.MySql.Storage.Internal.MySqlRelationalConnection.Open(Boolean errorsExpected)
   at Microsoft.EntityFrameworkCore.Storage.RelationalCommand.ExecuteReader(RelationalCommandParameterObject parameterObject)
   at Microsoft.EntityFrameworkCore.Query.Internal.SingleQueryingEnumerable`1.Enumerator.InitializeReader(DbContext _, Boolean result)
   at Pomelo.EntityFrameworkCore.MySql.Storage.Internal.MySqlExecutionStrategy.Execute[TState,TResult](TState state, Func`3 operation, Func`3 verifySucceeded)
   --- End of inner exception stack trace ---
   at Pomelo.EntityFrameworkCore.MySql.Storage.Internal.MySqlExecutionStrategy.Execute[TState,TResult](TState state, Func`3 operation, Func`3 verifySucceeded)
   at Microsoft.EntityFrameworkCore.Query.Internal.SingleQueryingEnumerable`1.Enumerator.MoveNext()
   at lambda_method(Closure , Object , IEnumerable`1 , ResolutionContext )
   --- End of inner exception stack trace ---
   at lambda_method(Closure , Object , IEnumerable`1 , ResolutionContext )
   at CWB.Masters.Services.ItemMaster.RawMaterialDetailService.GetPartPurchasesForPartNo(Int32 partId, Int64 tenantId) in D:\DockerTestCWB\CWB-Latest\CWB\CWB.Masters\Services\ItemMaster\RawMaterialDetailService.cs:line 262
   at CWB.Masters.Controllers.RawMaterialDetailController.GetPartPurchasesForPartId(Int32 partId, Int64 tenantId) in D:\DockerTestCWB\CWB-Latest\CWB\CWB.Masters\Controllers\RawMaterialDetailController.cs:line 353
   at lambda_method(Closure , Object , Object[] )
   at Microsoft.AspNetCore.Mvc.Infrastructure.ActionMethodExecutor.SyncActionResultExecutor.Execute(IActionResultTypeMapper mapper, ObjectMethodExecutor executor, Object controller, Object[] arguments)
   at Microsoft.AspNetCore.Mvc.Infrastructure.ControllerActionInvoker.InvokeActionMethodAsync()
   at Microsoft.AspNetCore.Mvc.Infrastructure.ControllerActionInvoker.Next(State& next, Scope& scope, Object& state, Boolean& isCompleted)
   at Microsoft.AspNetCore.Mvc.Infrastructure.ControllerActionInvoker.InvokeNextActionFilterAsync()
--- End of stack trace from previous location where exception was thrown ---
   at Microsoft.AspNetCore.Mvc.Infrastructure.ControllerActionInvoker.Rethrow(ActionExecutedContextSealed context)
   at Microsoft.AspNetCore.Mvc.Infrastructure.ControllerActionInvoker.Next(State& next, Scope& scope, Object& state, Boolean& isCompleted)
   at Microsoft.AspNetCore.Mvc.Infrastructure.ControllerActionInvoker.InvokeInnerFilterAsync()
--- End of stack trace from previous location where exception was thrown ---
   at Microsoft.AspNetCore.Mvc.Infrastructure.ResourceInvoker.<InvokeFilterPipelineAsync>g__Awaited|19_0(ResourceInvoker invoker, Task lastTask, State next, Scope scope, Object state, Boolean isCompleted)
   at Microsoft.AspNetCore.Mvc.Infrastructure.ResourceInvoker.<InvokeAsync>g__Awaited|17_0(ResourceInvoker invoker, Task task, IDisposable scope)
   at Microsoft.AspNetCore.Routing.EndpointMiddleware.<Invoke>g__AwaitRequestTask|6_0(Endpoint endpoint, Task requestTask, ILogger logger)
   at Microsoft.AspNetCore.Authorization.AuthorizationMiddleware.Invoke(HttpContext context)
   at Microsoft.AspNetCore.Authentication.AuthenticationMiddleware.Invoke(HttpContext context)
   at CWB.ExceptionHandling.ExceptionMiddleware.InvokeAsync(HttpContext httpContext) in D:\EvolutionSoftware\CWB-Latest\CWB\CWB.ExceptionHandling\ExceptionMiddleware.cs:line 26
2025-12-04 12:31:43.5203 ERROR Error: AutoMapper.AutoMapperMappingException: Error mapping types.

Mapping types:
EntityQueryable`1 -> IEnumerable`1
Microsoft.EntityFrameworkCore.Query.Internal.EntityQueryable`1[[CWB.Masters.Domain.ItemMaster.PartPurchaseDetails, CWB.Masters, Version=1.0.0.0, Culture=neutral, PublicKeyToken=null]] -> System.Collections.Generic.IEnumerable`1[[CWB.Masters.ViewModels.ItemMaster.PartPurchaseDetailsVM, CWB.Masters, Version=1.0.0.0, Culture=neutral, PublicKeyToken=null]]
 ---> System.InvalidOperationException: An exception has been raised that is likely due to a transient failure. Consider enabling transient error resiliency by adding 'EnableRetryOnFailure()' to the 'UseMySql' call.
 ---> MySqlConnector.MySqlException (0x80004005): Connect Timeout expired. All pooled connections are in use.
   at MySqlConnector.MySqlConnection.CreateSessionAsync(ConnectionPool pool, Int32 startTickCount, Nullable`1 ioBehavior, CancellationToken cancellationToken) in /_/src/MySqlConnector/MySqlConnection.cs:line 902
   at MySqlConnector.MySqlConnection.OpenAsync(Nullable`1 ioBehavior, CancellationToken cancellationToken) in /_/src/MySqlConnector/MySqlConnection.cs:line 435
   at MySqlConnector.MySqlConnection.Open() in /_/src/MySqlConnector/MySqlConnection.cs:line 380
   at Microsoft.EntityFrameworkCore.Storage.RelationalConnection.OpenInternal(Boolean errorsExpected)
   at Microsoft.EntityFrameworkCore.Storage.RelationalConnection.Open(Boolean errorsExpected)
   at Pomelo.EntityFrameworkCore.MySql.Storage.Internal.MySqlRelationalConnection.Open(Boolean errorsExpected)
   at Microsoft.EntityFrameworkCore.Storage.RelationalCommand.ExecuteReader(RelationalCommandParameterObject parameterObject)
   at Microsoft.EntityFrameworkCore.Query.Internal.SingleQueryingEnumerable`1.Enumerator.InitializeReader(DbContext _, Boolean result)
   at Pomelo.EntityFrameworkCore.MySql.Storage.Internal.MySqlExecutionStrategy.Execute[TState,TResult](TState state, Func`3 operation, Func`3 verifySucceeded)
   --- End of inner exception stack trace ---
   at Pomelo.EntityFrameworkCore.MySql.Storage.Internal.MySqlExecutionStrategy.Execute[TState,TResult](TState state, Func`3 operation, Func`3 verifySucceeded)
   at Microsoft.EntityFrameworkCore.Query.Internal.SingleQueryingEnumerable`1.Enumerator.MoveNext()
   at lambda_method(Closure , Object , IEnumerable`1 , ResolutionContext )
   --- End of inner exception stack trace ---
   at lambda_method(Closure , Object , IEnumerable`1 , ResolutionContext )
   at CWB.Masters.Services.ItemMaster.RawMaterialDetailService.GetPartPurchasesForPartNo(Int32 partId, Int64 tenantId) in D:\DockerTestCWB\CWB-Latest\CWB\CWB.Masters\Services\ItemMaster\RawMaterialDetailService.cs:line 262
   at CWB.Masters.Controllers.RawMaterialDetailController.GetPartPurchasesForPartId(Int32 partId, Int64 tenantId) in D:\DockerTestCWB\CWB-Latest\CWB\CWB.Masters\Controllers\RawMaterialDetailController.cs:line 353
   at lambda_method(Closure , Object , Object[] )
   at Microsoft.AspNetCore.Mvc.Infrastructure.ActionMethodExecutor.SyncActionResultExecutor.Execute(IActionResultTypeMapper mapper, ObjectMethodExecutor executor, Object controller, Object[] arguments)
   at Microsoft.AspNetCore.Mvc.Infrastructure.ControllerActionInvoker.InvokeActionMethodAsync()
   at Microsoft.AspNetCore.Mvc.Infrastructure.ControllerActionInvoker.Next(State& next, Scope& scope, Object& state, Boolean& isCompleted)
   at Microsoft.AspNetCore.Mvc.Infrastructure.ControllerActionInvoker.InvokeNextActionFilterAsync()
--- End of stack trace from previous location where exception was thrown ---
   at Microsoft.AspNetCore.Mvc.Infrastructure.ControllerActionInvoker.Rethrow(ActionExecutedContextSealed context)
   at Microsoft.AspNetCore.Mvc.Infrastructure.ControllerActionInvoker.Next(State& next, Scope& scope, Object& state, Boolean& isCompleted)
   at Microsoft.AspNetCore.Mvc.Infrastructure.ControllerActionInvoker.InvokeInnerFilterAsync()
--- End of stack trace from previous location where exception was thrown ---
   at Microsoft.AspNetCore.Mvc.Infrastructure.ResourceInvoker.<InvokeFilterPipelineAsync>g__Awaited|19_0(ResourceInvoker invoker, Task lastTask, State next, Scope scope, Object state, Boolean isCompleted)
   at Microsoft.AspNetCore.Mvc.Infrastructure.ResourceInvoker.<InvokeAsync>g__Awaited|17_0(ResourceInvoker invoker, Task task, IDisposable scope)
   at Microsoft.AspNetCore.Routing.EndpointMiddleware.<Invoke>g__AwaitRequestTask|6_0(Endpoint endpoint, Task requestTask, ILogger logger)
   at Microsoft.AspNetCore.Authorization.AuthorizationMiddleware.Invoke(HttpContext context)
   at Microsoft.AspNetCore.Authentication.AuthenticationMiddleware.Invoke(HttpContext context)
   at CWB.ExceptionHandling.ExceptionMiddleware.InvokeAsync(HttpContext httpContext) in D:\EvolutionSoftware\CWB-Latest\CWB\CWB.ExceptionHandling\ExceptionMiddleware.cs:line 26
2025-12-04 12:31:46.8818 ERROR Error: AutoMapper.AutoMapperMappingException: Error mapping types.

Mapping types:
EntityQueryable`1 -> IEnumerable`1
Microsoft.EntityFrameworkCore.Query.Internal.EntityQueryable`1[[CWB.Masters.Domain.ItemMaster.PartPurchaseDetails, CWB.Masters, Version=1.0.0.0, Culture=neutral, PublicKeyToken=null]] -> System.Collections.Generic.IEnumerable`1[[CWB.Masters.ViewModels.ItemMaster.PartPurchaseDetailsVM, CWB.Masters, Version=1.0.0.0, Culture=neutral, PublicKeyToken=null]]
 ---> System.InvalidOperationException: An exception has been raised that is likely due to a transient failure. Consider enabling transient error resiliency by adding 'EnableRetryOnFailure()' to the 'UseMySql' call.
 ---> MySqlConnector.MySqlException (0x80004005): Connect Timeout expired. All pooled connections are in use.
   at MySqlConnector.MySqlConnection.CreateSessionAsync(ConnectionPool pool, Int32 startTickCount, Nullable`1 ioBehavior, CancellationToken cancellationToken) in /_/src/MySqlConnector/MySqlConnection.cs:line 902
   at MySqlConnector.MySqlConnection.OpenAsync(Nullable`1 ioBehavior, CancellationToken cancellationToken) in /_/src/MySqlConnector/MySqlConnection.cs:line 435
   at MySqlConnector.MySqlConnection.Open() in /_/src/MySqlConnector/MySqlConnection.cs:line 380
   at Microsoft.EntityFrameworkCore.Storage.RelationalConnection.OpenInternal(Boolean errorsExpected)
   at Microsoft.EntityFrameworkCore.Storage.RelationalConnection.Open(Boolean errorsExpected)
   at Pomelo.EntityFrameworkCore.MySql.Storage.Internal.MySqlRelationalConnection.Open(Boolean errorsExpected)
   at Microsoft.EntityFrameworkCore.Storage.RelationalCommand.ExecuteReader(RelationalCommandParameterObject parameterObject)
   at Microsoft.EntityFrameworkCore.Query.Internal.SingleQueryingEnumerable`1.Enumerator.InitializeReader(DbContext _, Boolean result)
   at Pomelo.EntityFrameworkCore.MySql.Storage.Internal.MySqlExecutionStrategy.Execute[TState,TResult](TState state, Func`3 operation, Func`3 verifySucceeded)
   --- End of inner exception stack trace ---
   at Pomelo.EntityFrameworkCore.MySql.Storage.Internal.MySqlExecutionStrategy.Execute[TState,TResult](TState state, Func`3 operation, Func`3 verifySucceeded)
   at Microsoft.EntityFrameworkCore.Query.Internal.SingleQueryingEnumerable`1.Enumerator.MoveNext()
   at lambda_method(Closure , Object , IEnumerable`1 , ResolutionContext )
   --- End of inner exception stack trace ---
   at lambda_method(Closure , Object , IEnumerable`1 , ResolutionContext )
   at CWB.Masters.Services.ItemMaster.RawMaterialDetailService.GetPartPurchasesForPartNo(Int32 partId, Int64 tenantId) in D:\DockerTestCWB\CWB-Latest\CWB\CWB.Masters\Services\ItemMaster\RawMaterialDetailService.cs:line 262
   at CWB.Masters.Controllers.RawMaterialDetailController.GetPartPurchasesForPartId(Int32 partId, Int64 tenantId) in D:\DockerTestCWB\CWB-Latest\CWB\CWB.Masters\Controllers\RawMaterialDetailController.cs:line 353
   at lambda_method(Closure , Object , Object[] )
   at Microsoft.AspNetCore.Mvc.Infrastructure.ActionMethodExecutor.SyncActionResultExecutor.Execute(IActionResultTypeMapper mapper, ObjectMethodExecutor executor, Object controller, Object[] arguments)
   at Microsoft.AspNetCore.Mvc.Infrastructure.ControllerActionInvoker.InvokeActionMethodAsync()
   at Microsoft.AspNetCore.Mvc.Infrastructure.ControllerActionInvoker.Next(State& next, Scope& scope, Object& state, Boolean& isCompleted)
   at Microsoft.AspNetCore.Mvc.Infrastructure.ControllerActionInvoker.InvokeNextActionFilterAsync()
--- End of stack trace from previous location where exception was thrown ---
   at Microsoft.AspNetCore.Mvc.Infrastructure.ControllerActionInvoker.Rethrow(ActionExecutedContextSealed context)
   at Microsoft.AspNetCore.Mvc.Infrastructure.ControllerActionInvoker.Next(State& next, Scope& scope, Object& state, Boolean& isCompleted)
   at Microsoft.AspNetCore.Mvc.Infrastructure.ControllerActionInvoker.InvokeInnerFilterAsync()
--- End of stack trace from previous location where exception was thrown ---
   at Microsoft.AspNetCore.Mvc.Infrastructure.ResourceInvoker.<InvokeFilterPipelineAsync>g__Awaited|19_0(ResourceInvoker invoker, Task lastTask, State next, Scope scope, Object state, Boolean isCompleted)
   at Microsoft.AspNetCore.Mvc.Infrastructure.ResourceInvoker.<InvokeAsync>g__Awaited|17_0(ResourceInvoker invoker, Task task, IDisposable scope)
   at Microsoft.AspNetCore.Routing.EndpointMiddleware.<Invoke>g__AwaitRequestTask|6_0(Endpoint endpoint, Task requestTask, ILogger logger)
   at Microsoft.AspNetCore.Authorization.AuthorizationMiddleware.Invoke(HttpContext context)
   at Microsoft.AspNetCore.Authentication.AuthenticationMiddleware.Invoke(HttpContext context)
   at CWB.ExceptionHandling.ExceptionMiddleware.InvokeAsync(HttpContext httpContext) in D:\EvolutionSoftware\CWB-Latest\CWB\CWB.ExceptionHandling\ExceptionMiddleware.cs:line 26
2025-12-04 12:31:46.9029 ERROR Error: AutoMapper.AutoMapperMappingException: Error mapping types.

Mapping types:
EntityQueryable`1 -> IEnumerable`1
Microsoft.EntityFrameworkCore.Query.Internal.EntityQueryable`1[[CWB.Masters.Domain.ItemMaster.PartPurchaseDetails, CWB.Masters, Version=1.0.0.0, Culture=neutral, PublicKeyToken=null]] -> System.Collections.Generic.IEnumerable`1[[CWB.Masters.ViewModels.ItemMaster.PartPurchaseDetailsVM, CWB.Masters, Version=1.0.0.0, Culture=neutral, PublicKeyToken=null]]
 ---> System.InvalidOperationException: An exception has been raised that is likely due to a transient failure. Consider enabling transient error resiliency by adding 'EnableRetryOnFailure()' to the 'UseMySql' call.
 ---> MySqlConnector.MySqlException (0x80004005): Connect Timeout expired. All pooled connections are in use.
   at MySqlConnector.MySqlConnection.CreateSessionAsync(ConnectionPool pool, Int32 startTickCount, Nullable`1 ioBehavior, CancellationToken cancellationToken) in /_/src/MySqlConnector/MySqlConnection.cs:line 902
   at MySqlConnector.MySqlConnection.OpenAsync(Nullable`1 ioBehavior, CancellationToken cancellationToken) in /_/src/MySqlConnector/MySqlConnection.cs:line 435
   at MySqlConnector.MySqlConnection.Open() in /_/src/MySqlConnector/MySqlConnection.cs:line 380
   at Microsoft.EntityFrameworkCore.Storage.RelationalConnection.OpenInternal(Boolean errorsExpected)
   at Microsoft.EntityFrameworkCore.Storage.RelationalConnection.Open(Boolean errorsExpected)
   at Pomelo.EntityFrameworkCore.MySql.Storage.Internal.MySqlRelationalConnection.Open(Boolean errorsExpected)
   at Microsoft.EntityFrameworkCore.Storage.RelationalCommand.ExecuteReader(RelationalCommandParameterObject parameterObject)
   at Microsoft.EntityFrameworkCore.Query.Internal.SingleQueryingEnumerable`1.Enumerator.InitializeReader(DbContext _, Boolean result)
   at Pomelo.EntityFrameworkCore.MySql.Storage.Internal.MySqlExecutionStrategy.Execute[TState,TResult](TState state, Func`3 operation, Func`3 verifySucceeded)
   --- End of inner exception stack trace ---
   at Pomelo.EntityFrameworkCore.MySql.Storage.Internal.MySqlExecutionStrategy.Execute[TState,TResult](TState state, Func`3 operation, Func`3 verifySucceeded)
   at Microsoft.EntityFrameworkCore.Query.Internal.SingleQueryingEnumerable`1.Enumerator.MoveNext()
   at lambda_method(Closure , Object , IEnumerable`1 , ResolutionContext )
   --- End of inner exception stack trace ---
   at lambda_method(Closure , Object , IEnumerable`1 , ResolutionContext )
   at CWB.Masters.Services.ItemMaster.RawMaterialDetailService.GetPartPurchasesForPartNo(Int32 partId, Int64 tenantId) in D:\DockerTestCWB\CWB-Latest\CWB\CWB.Masters\Services\ItemMaster\RawMaterialDetailService.cs:line 262
   at CWB.Masters.Controllers.RawMaterialDetailController.GetPartPurchasesForPartId(Int32 partId, Int64 tenantId) in D:\DockerTestCWB\CWB-Latest\CWB\CWB.Masters\Controllers\RawMaterialDetailController.cs:line 353
   at lambda_method(Closure , Object , Object[] )
   at Microsoft.AspNetCore.Mvc.Infrastructure.ActionMethodExecutor.SyncActionResultExecutor.Execute(IActionResultTypeMapper mapper, ObjectMethodExecutor executor, Object controller, Object[] arguments)
   at Microsoft.AspNetCore.Mvc.Infrastructure.ControllerActionInvoker.InvokeActionMethodAsync()
   at Microsoft.AspNetCore.Mvc.Infrastructure.ControllerActionInvoker.Next(State& next, Scope& scope, Object& state, Boolean& isCompleted)
   at Microsoft.AspNetCore.Mvc.Infrastructure.ControllerActionInvoker.InvokeNextActionFilterAsync()
--- End of stack trace from previous location where exception was thrown ---
   at Microsoft.AspNetCore.Mvc.Infrastructure.ControllerActionInvoker.Rethrow(ActionExecutedContextSealed context)
   at Microsoft.AspNetCore.Mvc.Infrastructure.ControllerActionInvoker.Next(State& next, Scope& scope, Object& state, Boolean& isCompleted)
   at Microsoft.AspNetCore.Mvc.Infrastructure.ControllerActionInvoker.InvokeInnerFilterAsync()
--- End of stack trace from previous location where exception was thrown ---
   at Microsoft.AspNetCore.Mvc.Infrastructure.ResourceInvoker.<InvokeFilterPipelineAsync>g__Awaited|19_0(ResourceInvoker invoker, Task lastTask, State next, Scope scope, Object state, Boolean isCompleted)
   at Microsoft.AspNetCore.Mvc.Infrastructure.ResourceInvoker.<InvokeAsync>g__Awaited|17_0(ResourceInvoker invoker, Task task, IDisposable scope)
   at Microsoft.AspNetCore.Routing.EndpointMiddleware.<Invoke>g__AwaitRequestTask|6_0(Endpoint endpoint, Task requestTask, ILogger logger)
   at Microsoft.AspNetCore.Authorization.AuthorizationMiddleware.Invoke(HttpContext context)
   at Microsoft.AspNetCore.Authentication.AuthenticationMiddleware.Invoke(HttpContext context)
   at CWB.ExceptionHandling.ExceptionMiddleware.InvokeAsync(HttpContext httpContext) in D:\EvolutionSoftware\CWB-Latest\CWB\CWB.ExceptionHandling\ExceptionMiddleware.cs:line 26
2025-12-04 12:31:46.9029 ERROR Error: AutoMapper.AutoMapperMappingException: Error mapping types.

Mapping types:
EntityQueryable`1 -> IEnumerable`1
Microsoft.EntityFrameworkCore.Query.Internal.EntityQueryable`1[[CWB.Masters.Domain.ItemMaster.PartPurchaseDetails, CWB.Masters, Version=1.0.0.0, Culture=neutral, PublicKeyToken=null]] -> System.Collections.Generic.IEnumerable`1[[CWB.Masters.ViewModels.ItemMaster.PartPurchaseDetailsVM, CWB.Masters, Version=1.0.0.0, Culture=neutral, PublicKeyToken=null]]
 ---> System.InvalidOperationException: An exception has been raised that is likely due to a transient failure. Consider enabling transient error resiliency by adding 'EnableRetryOnFailure()' to the 'UseMySql' call.
 ---> MySqlConnector.MySqlException (0x80004005): Connect Timeout expired. All pooled connections are in use.
   at MySqlConnector.MySqlConnection.CreateSessionAsync(ConnectionPool pool, Int32 startTickCount, Nullable`1 ioBehavior, CancellationToken cancellationToken) in /_/src/MySqlConnector/MySqlConnection.cs:line 902
   at MySqlConnector.MySqlConnection.OpenAsync(Nullable`1 ioBehavior, CancellationToken cancellationToken) in /_/src/MySqlConnector/MySqlConnection.cs:line 435
   at MySqlConnector.MySqlConnection.Open() in /_/src/MySqlConnector/MySqlConnection.cs:line 380
   at Microsoft.EntityFrameworkCore.Storage.RelationalConnection.OpenInternal(Boolean errorsExpected)
   at Microsoft.EntityFrameworkCore.Storage.RelationalConnection.Open(Boolean errorsExpected)
   at Pomelo.EntityFrameworkCore.MySql.Storage.Internal.MySqlRelationalConnection.Open(Boolean errorsExpected)
   at Microsoft.EntityFrameworkCore.Storage.RelationalCommand.ExecuteReader(RelationalCommandParameterObject parameterObject)
   at Microsoft.EntityFrameworkCore.Query.Internal.SingleQueryingEnumerable`1.Enumerator.InitializeReader(DbContext _, Boolean result)
   at Pomelo.EntityFrameworkCore.MySql.Storage.Internal.MySqlExecutionStrategy.Execute[TState,TResult](TState state, Func`3 operation, Func`3 verifySucceeded)
   --- End of inner exception stack trace ---
   at Pomelo.EntityFrameworkCore.MySql.Storage.Internal.MySqlExecutionStrategy.Execute[TState,TResult](TState state, Func`3 operation, Func`3 verifySucceeded)
   at Microsoft.EntityFrameworkCore.Query.Internal.SingleQueryingEnumerable`1.Enumerator.MoveNext()
   at lambda_method(Closure , Object , IEnumerable`1 , ResolutionContext )
   --- End of inner exception stack trace ---
   at lambda_method(Closure , Object , IEnumerable`1 , ResolutionContext )
   at CWB.Masters.Services.ItemMaster.RawMaterialDetailService.GetPartPurchasesForPartNo(Int32 partId, Int64 tenantId) in D:\DockerTestCWB\CWB-Latest\CWB\CWB.Masters\Services\ItemMaster\RawMaterialDetailService.cs:line 262
   at CWB.Masters.Controllers.RawMaterialDetailController.GetPartPurchasesForPartId(Int32 partId, Int64 tenantId) in D:\DockerTestCWB\CWB-Latest\CWB\CWB.Masters\Controllers\RawMaterialDetailController.cs:line 353
   at lambda_method(Closure , Object , Object[] )
   at Microsoft.AspNetCore.Mvc.Infrastructure.ActionMethodExecutor.SyncActionResultExecutor.Execute(IActionResultTypeMapper mapper, ObjectMethodExecutor executor, Object controller, Object[] arguments)
   at Microsoft.AspNetCore.Mvc.Infrastructure.ControllerActionInvoker.InvokeActionMethodAsync()
   at Microsoft.AspNetCore.Mvc.Infrastructure.ControllerActionInvoker.Next(State& next, Scope& scope, Object& state, Boolean& isCompleted)
   at Microsoft.AspNetCore.Mvc.Infrastructure.ControllerActionInvoker.InvokeNextActionFilterAsync()
--- End of stack trace from previous location where exception was thrown ---
   at Microsoft.AspNetCore.Mvc.Infrastructure.ControllerActionInvoker.Rethrow(ActionExecutedContextSealed context)
   at Microsoft.AspNetCore.Mvc.Infrastructure.ControllerActionInvoker.Next(State& next, Scope& scope, Object& state, Boolean& isCompleted)
   at Microsoft.AspNetCore.Mvc.Infrastructure.ControllerActionInvoker.InvokeInnerFilterAsync()
--- End of stack trace from previous location where exception was thrown ---
   at Microsoft.AspNetCore.Mvc.Infrastructure.ResourceInvoker.<InvokeFilterPipelineAsync>g__Awaited|19_0(ResourceInvoker invoker, Task lastTask, State next, Scope scope, Object state, Boolean isCompleted)
   at Microsoft.AspNetCore.Mvc.Infrastructure.ResourceInvoker.<InvokeAsync>g__Awaited|17_0(ResourceInvoker invoker, Task task, IDisposable scope)
   at Microsoft.AspNetCore.Routing.EndpointMiddleware.<Invoke>g__AwaitRequestTask|6_0(Endpoint endpoint, Task requestTask, ILogger logger)
   at Microsoft.AspNetCore.Authorization.AuthorizationMiddleware.Invoke(HttpContext context)
   at Microsoft.AspNetCore.Authentication.AuthenticationMiddleware.Invoke(HttpContext context)
   at CWB.ExceptionHandling.ExceptionMiddleware.InvokeAsync(HttpContext httpContext) in D:\EvolutionSoftware\CWB-Latest\CWB\CWB.ExceptionHandling\ExceptionMiddleware.cs:line 26
2025-12-04 12:31:46.9029 ERROR Error: AutoMapper.AutoMapperMappingException: Error mapping types.

Mapping types:
EntityQueryable`1 -> IEnumerable`1
Microsoft.EntityFrameworkCore.Query.Internal.EntityQueryable`1[[CWB.Masters.Domain.ItemMaster.PartPurchaseDetails, CWB.Masters, Version=1.0.0.0, Culture=neutral, PublicKeyToken=null]] -> System.Collections.Generic.IEnumerable`1[[CWB.Masters.ViewModels.ItemMaster.PartPurchaseDetailsVM, CWB.Masters, Version=1.0.0.0, Culture=neutral, PublicKeyToken=null]]
 ---> System.InvalidOperationException: An exception has been raised that is likely due to a transient failure. Consider enabling transient error resiliency by adding 'EnableRetryOnFailure()' to the 'UseMySql' call.
 ---> MySqlConnector.MySqlException (0x80004005): Connect Timeout expired. All pooled connections are in use.
   at MySqlConnector.MySqlConnection.CreateSessionAsync(ConnectionPool pool, Int32 startTickCount, Nullable`1 ioBehavior, CancellationToken cancellationToken) in /_/src/MySqlConnector/MySqlConnection.cs:line 902
   at MySqlConnector.MySqlConnection.OpenAsync(Nullable`1 ioBehavior, CancellationToken cancellationToken) in /_/src/MySqlConnector/MySqlConnection.cs:line 435
   at MySqlConnector.MySqlConnection.Open() in /_/src/MySqlConnector/MySqlConnection.cs:line 380
   at Microsoft.EntityFrameworkCore.Storage.RelationalConnection.OpenInternal(Boolean errorsExpected)
   at Microsoft.EntityFrameworkCore.Storage.RelationalConnection.Open(Boolean errorsExpected)
   at Pomelo.EntityFrameworkCore.MySql.Storage.Internal.MySqlRelationalConnection.Open(Boolean errorsExpected)
   at Microsoft.EntityFrameworkCore.Storage.RelationalCommand.ExecuteReader(RelationalCommandParameterObject parameterObject)
   at Microsoft.EntityFrameworkCore.Query.Internal.SingleQueryingEnumerable`1.Enumerator.InitializeReader(DbContext _, Boolean result)
   at Pomelo.EntityFrameworkCore.MySql.Storage.Internal.MySqlExecutionStrategy.Execute[TState,TResult](TState state, Func`3 operation, Func`3 verifySucceeded)
   --- End of inner exception stack trace ---
   at Pomelo.EntityFrameworkCore.MySql.Storage.Internal.MySqlExecutionStrategy.Execute[TState,TResult](TState state, Func`3 operation, Func`3 verifySucceeded)
   at Microsoft.EntityFrameworkCore.Query.Internal.SingleQueryingEnumerable`1.Enumerator.MoveNext()
   at lambda_method(Closure , Object , IEnumerable`1 , ResolutionContext )
   --- End of inner exception stack trace ---
   at lambda_method(Closure , Object , IEnumerable`1 , ResolutionContext )
   at CWB.Masters.Services.ItemMaster.RawMaterialDetailService.GetPartPurchasesForPartNo(Int32 partId, Int64 tenantId) in D:\DockerTestCWB\CWB-Latest\CWB\CWB.Masters\Services\ItemMaster\RawMaterialDetailService.cs:line 262
   at CWB.Masters.Controllers.RawMaterialDetailController.GetPartPurchasesForPartId(Int32 partId, Int64 tenantId) in D:\DockerTestCWB\CWB-Latest\CWB\CWB.Masters\Controllers\RawMaterialDetailController.cs:line 353
   at lambda_method(Closure , Object , Object[] )
   at Microsoft.AspNetCore.Mvc.Infrastructure.ActionMethodExecutor.SyncActionResultExecutor.Execute(IActionResultTypeMapper mapper, ObjectMethodExecutor executor, Object controller, Object[] arguments)
   at Microsoft.AspNetCore.Mvc.Infrastructure.ControllerActionInvoker.InvokeActionMethodAsync()
   at Microsoft.AspNetCore.Mvc.Infrastructure.ControllerActionInvoker.Next(State& next, Scope& scope, Object& state, Boolean& isCompleted)
   at Microsoft.AspNetCore.Mvc.Infrastructure.ControllerActionInvoker.InvokeNextActionFilterAsync()
--- End of stack trace from previous location where exception was thrown ---
   at Microsoft.AspNetCore.Mvc.Infrastructure.ControllerActionInvoker.Rethrow(ActionExecutedContextSealed context)
   at Microsoft.AspNetCore.Mvc.Infrastructure.ControllerActionInvoker.Next(State& next, Scope& scope, Object& state, Boolean& isCompleted)
   at Microsoft.AspNetCore.Mvc.Infrastructure.ControllerActionInvoker.InvokeInnerFilterAsync()
--- End of stack trace from previous location where exception was thrown ---
   at Microsoft.AspNetCore.Mvc.Infrastructure.ResourceInvoker.<InvokeFilterPipelineAsync>g__Awaited|19_0(ResourceInvoker invoker, Task lastTask, State next, Scope scope, Object state, Boolean isCompleted)
   at Microsoft.AspNetCore.Mvc.Infrastructure.ResourceInvoker.<InvokeAsync>g__Awaited|17_0(ResourceInvoker invoker, Task task, IDisposable scope)
   at Microsoft.AspNetCore.Routing.EndpointMiddleware.<Invoke>g__AwaitRequestTask|6_0(Endpoint endpoint, Task requestTask, ILogger logger)
   at Microsoft.AspNetCore.Authorization.AuthorizationMiddleware.Invoke(HttpContext context)
   at Microsoft.AspNetCore.Authentication.AuthenticationMiddleware.Invoke(HttpContext context)
   at CWB.ExceptionHandling.ExceptionMiddleware.InvokeAsync(HttpContext httpContext) in D:\EvolutionSoftware\CWB-Latest\CWB\CWB.ExceptionHandling\ExceptionMiddleware.cs:line 26
2025-12-04 12:31:47.7773 ERROR Error: AutoMapper.AutoMapperMappingException: Error mapping types.

Mapping types:
EntityQueryable`1 -> IEnumerable`1
Microsoft.EntityFrameworkCore.Query.Internal.EntityQueryable`1[[CWB.Masters.Domain.ItemMaster.PartPurchaseDetails, CWB.Masters, Version=1.0.0.0, Culture=neutral, PublicKeyToken=null]] -> System.Collections.Generic.IEnumerable`1[[CWB.Masters.ViewModels.ItemMaster.PartPurchaseDetailsVM, CWB.Masters, Version=1.0.0.0, Culture=neutral, PublicKeyToken=null]]
 ---> System.InvalidOperationException: An exception has been raised that is likely due to a transient failure. Consider enabling transient error resiliency by adding 'EnableRetryOnFailure()' to the 'UseMySql' call.
 ---> MySqlConnector.MySqlException (0x80004005): Connect Timeout expired. All pooled connections are in use.
   at MySqlConnector.MySqlConnection.CreateSessionAsync(ConnectionPool pool, Int32 startTickCount, Nullable`1 ioBehavior, CancellationToken cancellationToken) in /_/src/MySqlConnector/MySqlConnection.cs:line 902
   at MySqlConnector.MySqlConnection.OpenAsync(Nullable`1 ioBehavior, CancellationToken cancellationToken) in /_/src/MySqlConnector/MySqlConnection.cs:line 435
   at MySqlConnector.MySqlConnection.Open() in /_/src/MySqlConnector/MySqlConnection.cs:line 380
   at Microsoft.EntityFrameworkCore.Storage.RelationalConnection.OpenInternal(Boolean errorsExpected)
   at Microsoft.EntityFrameworkCore.Storage.RelationalConnection.Open(Boolean errorsExpected)
   at Pomelo.EntityFrameworkCore.MySql.Storage.Internal.MySqlRelationalConnection.Open(Boolean errorsExpected)
   at Microsoft.EntityFrameworkCore.Storage.RelationalCommand.ExecuteReader(RelationalCommandParameterObject parameterObject)
   at Microsoft.EntityFrameworkCore.Query.Internal.SingleQueryingEnumerable`1.Enumerator.InitializeReader(DbContext _, Boolean result)
   at Pomelo.EntityFrameworkCore.MySql.Storage.Internal.MySqlExecutionStrategy.Execute[TState,TResult](TState state, Func`3 operation, Func`3 verifySucceeded)
   --- End of inner exception stack trace ---
   at Pomelo.EntityFrameworkCore.MySql.Storage.Internal.MySqlExecutionStrategy.Execute[TState,TResult](TState state, Func`3 operation, Func`3 verifySucceeded)
   at Microsoft.EntityFrameworkCore.Query.Internal.SingleQueryingEnumerable`1.Enumerator.MoveNext()
   at lambda_method(Closure , Object , IEnumerable`1 , ResolutionContext )
   --- End of inner exception stack trace ---
   at lambda_method(Closure , Object , IEnumerable`1 , ResolutionContext )
   at CWB.Masters.Services.ItemMaster.RawMaterialDetailService.GetPartPurchasesForPartNo(Int32 partId, Int64 tenantId) in D:\DockerTestCWB\CWB-Latest\CWB\CWB.Masters\Services\ItemMaster\RawMaterialDetailService.cs:line 262
   at CWB.Masters.Controllers.RawMaterialDetailController.GetPartPurchasesForPartId(Int32 partId, Int64 tenantId) in D:\DockerTestCWB\CWB-Latest\CWB\CWB.Masters\Controllers\RawMaterialDetailController.cs:line 353
   at lambda_method(Closure , Object , Object[] )
   at Microsoft.AspNetCore.Mvc.Infrastructure.ActionMethodExecutor.SyncActionResultExecutor.Execute(IActionResultTypeMapper mapper, ObjectMethodExecutor executor, Object controller, Object[] arguments)
   at Microsoft.AspNetCore.Mvc.Infrastructure.ControllerActionInvoker.InvokeActionMethodAsync()
   at Microsoft.AspNetCore.Mvc.Infrastructure.ControllerActionInvoker.Next(State& next, Scope& scope, Object& state, Boolean& isCompleted)
   at Microsoft.AspNetCore.Mvc.Infrastructure.ControllerActionInvoker.InvokeNextActionFilterAsync()
--- End of stack trace from previous location where exception was thrown ---
   at Microsoft.AspNetCore.Mvc.Infrastructure.ControllerActionInvoker.Rethrow(ActionExecutedContextSealed context)
   at Microsoft.AspNetCore.Mvc.Infrastructure.ControllerActionInvoker.Next(State& next, Scope& scope, Object& state, Boolean& isCompleted)
   at Microsoft.AspNetCore.Mvc.Infrastructure.ControllerActionInvoker.InvokeInnerFilterAsync()
--- End of stack trace from previous location where exception was thrown ---
   at Microsoft.AspNetCore.Mvc.Infrastructure.ResourceInvoker.<InvokeFilterPipelineAsync>g__Awaited|19_0(ResourceInvoker invoker, Task lastTask, State next, Scope scope, Object state, Boolean isCompleted)
   at Microsoft.AspNetCore.Mvc.Infrastructure.ResourceInvoker.<InvokeAsync>g__Awaited|17_0(ResourceInvoker invoker, Task task, IDisposable scope)
   at Microsoft.AspNetCore.Routing.EndpointMiddleware.<Invoke>g__AwaitRequestTask|6_0(Endpoint endpoint, Task requestTask, ILogger logger)
   at Microsoft.AspNetCore.Authorization.AuthorizationMiddleware.Invoke(HttpContext context)
   at Microsoft.AspNetCore.Authentication.AuthenticationMiddleware.Invoke(HttpContext context)
   at CWB.ExceptionHandling.ExceptionMiddleware.InvokeAsync(HttpContext httpContext) in D:\EvolutionSoftware\CWB-Latest\CWB\CWB.ExceptionHandling\ExceptionMiddleware.cs:line 26
2025-12-04 12:31:50.0305 ERROR Error: AutoMapper.AutoMapperMappingException: Error mapping types.

Mapping types:
EntityQueryable`1 -> IEnumerable`1
Microsoft.EntityFrameworkCore.Query.Internal.EntityQueryable`1[[CWB.Masters.Domain.ItemMaster.PartPurchaseDetails, CWB.Masters, Version=1.0.0.0, Culture=neutral, PublicKeyToken=null]] -> System.Collections.Generic.IEnumerable`1[[CWB.Masters.ViewModels.ItemMaster.PartPurchaseDetailsVM, CWB.Masters, Version=1.0.0.0, Culture=neutral, PublicKeyToken=null]]
 ---> System.InvalidOperationException: An exception has been raised that is likely due to a transient failure. Consider enabling transient error resiliency by adding 'EnableRetryOnFailure()' to the 'UseMySql' call.
 ---> MySqlConnector.MySqlException (0x80004005): Connect Timeout expired. All pooled connections are in use.
   at MySqlConnector.MySqlConnection.CreateSessionAsync(ConnectionPool pool, Int32 startTickCount, Nullable`1 ioBehavior, CancellationToken cancellationToken) in /_/src/MySqlConnector/MySqlConnection.cs:line 902
   at MySqlConnector.MySqlConnection.OpenAsync(Nullable`1 ioBehavior, CancellationToken cancellationToken) in /_/src/MySqlConnector/MySqlConnection.cs:line 435
   at MySqlConnector.MySqlConnection.Open() in /_/src/MySqlConnector/MySqlConnection.cs:line 380
   at Microsoft.EntityFrameworkCore.Storage.RelationalConnection.OpenInternal(Boolean errorsExpected)
   at Microsoft.EntityFrameworkCore.Storage.RelationalConnection.Open(Boolean errorsExpected)
   at Pomelo.EntityFrameworkCore.MySql.Storage.Internal.MySqlRelationalConnection.Open(Boolean errorsExpected)
   at Microsoft.EntityFrameworkCore.Storage.RelationalCommand.ExecuteReader(RelationalCommandParameterObject parameterObject)
   at Microsoft.EntityFrameworkCore.Query.Internal.SingleQueryingEnumerable`1.Enumerator.InitializeReader(DbContext _, Boolean result)
   at Pomelo.EntityFrameworkCore.MySql.Storage.Internal.MySqlExecutionStrategy.Execute[TState,TResult](TState state, Func`3 operation, Func`3 verifySucceeded)
   --- End of inner exception stack trace ---
   at Pomelo.EntityFrameworkCore.MySql.Storage.Internal.MySqlExecutionStrategy.Execute[TState,TResult](TState state, Func`3 operation, Func`3 verifySucceeded)
   at Microsoft.EntityFrameworkCore.Query.Internal.SingleQueryingEnumerable`1.Enumerator.MoveNext()
   at lambda_method(Closure , Object , IEnumerable`1 , ResolutionContext )
   --- End of inner exception stack trace ---
   at lambda_method(Closure , Object , IEnumerable`1 , ResolutionContext )
   at CWB.Masters.Services.ItemMaster.RawMaterialDetailService.GetPartPurchasesForPartNo(Int32 partId, Int64 tenantId) in D:\DockerTestCWB\CWB-Latest\CWB\CWB.Masters\Services\ItemMaster\RawMaterialDetailService.cs:line 262
   at CWB.Masters.Controllers.RawMaterialDetailController.GetPartPurchasesForPartId(Int32 partId, Int64 tenantId) in D:\DockerTestCWB\CWB-Latest\CWB\CWB.Masters\Controllers\RawMaterialDetailController.cs:line 353
   at lambda_method(Closure , Object , Object[] )
   at Microsoft.AspNetCore.Mvc.Infrastructure.ActionMethodExecutor.SyncActionResultExecutor.Execute(IActionResultTypeMapper mapper, ObjectMethodExecutor executor, Object controller, Object[] arguments)
   at Microsoft.AspNetCore.Mvc.Infrastructure.ControllerActionInvoker.InvokeActionMethodAsync()
   at Microsoft.AspNetCore.Mvc.Infrastructure.ControllerActionInvoker.Next(State& next, Scope& scope, Object& state, Boolean& isCompleted)
   at Microsoft.AspNetCore.Mvc.Infrastructure.ControllerActionInvoker.InvokeNextActionFilterAsync()
--- End of stack trace from previous location where exception was thrown ---
   at Microsoft.AspNetCore.Mvc.Infrastructure.ControllerActionInvoker.Rethrow(ActionExecutedContextSealed context)
   at Microsoft.AspNetCore.Mvc.Infrastructure.ControllerActionInvoker.Next(State& next, Scope& scope, Object& state, Boolean& isCompleted)
   at Microsoft.AspNetCore.Mvc.Infrastructure.ControllerActionInvoker.InvokeInnerFilterAsync()
--- End of stack trace from previous location where exception was thrown ---
   at Microsoft.AspNetCore.Mvc.Infrastructure.ResourceInvoker.<InvokeFilterPipelineAsync>g__Awaited|19_0(ResourceInvoker invoker, Task lastTask, State next, Scope scope, Object state, Boolean isCompleted)
   at Microsoft.AspNetCore.Mvc.Infrastructure.ResourceInvoker.<InvokeAsync>g__Awaited|17_0(ResourceInvoker invoker, Task task, IDisposable scope)
   at Microsoft.AspNetCore.Routing.EndpointMiddleware.<Invoke>g__AwaitRequestTask|6_0(Endpoint endpoint, Task requestTask, ILogger logger)
   at Microsoft.AspNetCore.Authorization.AuthorizationMiddleware.Invoke(HttpContext context)
   at Microsoft.AspNetCore.Authentication.AuthenticationMiddleware.Invoke(HttpContext context)
   at CWB.ExceptionHandling.ExceptionMiddleware.InvokeAsync(HttpContext httpContext) in D:\EvolutionSoftware\CWB-Latest\CWB\CWB.ExceptionHandling\ExceptionMiddleware.cs:line 26
2025-12-04 12:31:50.0305 ERROR Error: AutoMapper.AutoMapperMappingException: Error mapping types.

Mapping types:
EntityQueryable`1 -> IEnumerable`1
Microsoft.EntityFrameworkCore.Query.Internal.EntityQueryable`1[[CWB.Masters.Domain.ItemMaster.PartPurchaseDetails, CWB.Masters, Version=1.0.0.0, Culture=neutral, PublicKeyToken=null]] -> System.Collections.Generic.IEnumerable`1[[CWB.Masters.ViewModels.ItemMaster.PartPurchaseDetailsVM, CWB.Masters, Version=1.0.0.0, Culture=neutral, PublicKeyToken=null]]
 ---> System.InvalidOperationException: An exception has been raised that is likely due to a transient failure. Consider enabling transient error resiliency by adding 'EnableRetryOnFailure()' to the 'UseMySql' call.
 ---> MySqlConnector.MySqlException (0x80004005): Connect Timeout expired. All pooled connections are in use.
   at MySqlConnector.MySqlConnection.CreateSessionAsync(ConnectionPool pool, Int32 startTickCount, Nullable`1 ioBehavior, CancellationToken cancellationToken) in /_/src/MySqlConnector/MySqlConnection.cs:line 902
   at MySqlConnector.MySqlConnection.OpenAsync(Nullable`1 ioBehavior, CancellationToken cancellationToken) in /_/src/MySqlConnector/MySqlConnection.cs:line 435
   at MySqlConnector.MySqlConnection.Open() in /_/src/MySqlConnector/MySqlConnection.cs:line 380
   at Microsoft.EntityFrameworkCore.Storage.RelationalConnection.OpenInternal(Boolean errorsExpected)
   at Microsoft.EntityFrameworkCore.Storage.RelationalConnection.Open(Boolean errorsExpected)
   at Pomelo.EntityFrameworkCore.MySql.Storage.Internal.MySqlRelationalConnection.Open(Boolean errorsExpected)
   at Microsoft.EntityFrameworkCore.Storage.RelationalCommand.ExecuteReader(RelationalCommandParameterObject parameterObject)
   at Microsoft.EntityFrameworkCore.Query.Internal.SingleQueryingEnumerable`1.Enumerator.InitializeReader(DbContext _, Boolean result)
   at Pomelo.EntityFrameworkCore.MySql.Storage.Internal.MySqlExecutionStrategy.Execute[TState,TResult](TState state, Func`3 operation, Func`3 verifySucceeded)
   --- End of inner exception stack trace ---
   at Pomelo.EntityFrameworkCore.MySql.Storage.Internal.MySqlExecutionStrategy.Execute[TState,TResult](TState state, Func`3 operation, Func`3 verifySucceeded)
   at Microsoft.EntityFrameworkCore.Query.Internal.SingleQueryingEnumerable`1.Enumerator.MoveNext()
   at lambda_method(Closure , Object , IEnumerable`1 , ResolutionContext )
   --- End of inner exception stack trace ---
   at lambda_method(Closure , Object , IEnumerable`1 , ResolutionContext )
   at CWB.Masters.Services.ItemMaster.RawMaterialDetailService.GetPartPurchasesForPartNo(Int32 partId, Int64 tenantId) in D:\DockerTestCWB\CWB-Latest\CWB\CWB.Masters\Services\ItemMaster\RawMaterialDetailService.cs:line 262
   at CWB.Masters.Controllers.RawMaterialDetailController.GetPartPurchasesForPartId(Int32 partId, Int64 tenantId) in D:\DockerTestCWB\CWB-Latest\CWB\CWB.Masters\Controllers\RawMaterialDetailController.cs:line 353
   at lambda_method(Closure , Object , Object[] )
   at Microsoft.AspNetCore.Mvc.Infrastructure.ActionMethodExecutor.SyncActionResultExecutor.Execute(IActionResultTypeMapper mapper, ObjectMethodExecutor executor, Object controller, Object[] arguments)
   at Microsoft.AspNetCore.Mvc.Infrastructure.ControllerActionInvoker.InvokeActionMethodAsync()
   at Microsoft.AspNetCore.Mvc.Infrastructure.ControllerActionInvoker.Next(State& next, Scope& scope, Object& state, Boolean& isCompleted)
   at Microsoft.AspNetCore.Mvc.Infrastructure.ControllerActionInvoker.InvokeNextActionFilterAsync()
--- End of stack trace from previous location where exception was thrown ---
   at Microsoft.AspNetCore.Mvc.Infrastructure.ControllerActionInvoker.Rethrow(ActionExecutedContextSealed context)
   at Microsoft.AspNetCore.Mvc.Infrastructure.ControllerActionInvoker.Next(State& next, Scope& scope, Object& state, Boolean& isCompleted)
   at Microsoft.AspNetCore.Mvc.Infrastructure.ControllerActionInvoker.InvokeInnerFilterAsync()
--- End of stack trace from previous location where exception was thrown ---
   at Microsoft.AspNetCore.Mvc.Infrastructure.ResourceInvoker.<InvokeFilterPipelineAsync>g__Awaited|19_0(ResourceInvoker invoker, Task lastTask, State next, Scope scope, Object state, Boolean isCompleted)
   at Microsoft.AspNetCore.Mvc.Infrastructure.ResourceInvoker.<InvokeAsync>g__Awaited|17_0(ResourceInvoker invoker, Task task, IDisposable scope)
   at Microsoft.AspNetCore.Routing.EndpointMiddleware.<Invoke>g__AwaitRequestTask|6_0(Endpoint endpoint, Task requestTask, ILogger logger)
   at Microsoft.AspNetCore.Authorization.AuthorizationMiddleware.Invoke(HttpContext context)
   at Microsoft.AspNetCore.Authentication.AuthenticationMiddleware.Invoke(HttpContext context)
   at CWB.ExceptionHandling.ExceptionMiddleware.InvokeAsync(HttpContext httpContext) in D:\EvolutionSoftware\CWB-Latest\CWB\CWB.ExceptionHandling\ExceptionMiddleware.cs:line 26
2025-12-04 12:31:50.0305 ERROR Error: AutoMapper.AutoMapperMappingException: Error mapping types.

Mapping types:
EntityQueryable`1 -> IEnumerable`1
Microsoft.EntityFrameworkCore.Query.Internal.EntityQueryable`1[[CWB.Masters.Domain.ItemMaster.PartPurchaseDetails, CWB.Masters, Version=1.0.0.0, Culture=neutral, PublicKeyToken=null]] -> System.Collections.Generic.IEnumerable`1[[CWB.Masters.ViewModels.ItemMaster.PartPurchaseDetailsVM, CWB.Masters, Version=1.0.0.0, Culture=neutral, PublicKeyToken=null]]
 ---> System.InvalidOperationException: An exception has been raised that is likely due to a transient failure. Consider enabling transient error resiliency by adding 'EnableRetryOnFailure()' to the 'UseMySql' call.
 ---> MySqlConnector.MySqlException (0x80004005): Connect Timeout expired. All pooled connections are in use.
   at MySqlConnector.MySqlConnection.CreateSessionAsync(ConnectionPool pool, Int32 startTickCount, Nullable`1 ioBehavior, CancellationToken cancellationToken) in /_/src/MySqlConnector/MySqlConnection.cs:line 902
   at MySqlConnector.MySqlConnection.OpenAsync(Nullable`1 ioBehavior, CancellationToken cancellationToken) in /_/src/MySqlConnector/MySqlConnection.cs:line 435
   at MySqlConnector.MySqlConnection.Open() in /_/src/MySqlConnector/MySqlConnection.cs:line 380
   at Microsoft.EntityFrameworkCore.Storage.RelationalConnection.OpenInternal(Boolean errorsExpected)
   at Microsoft.EntityFrameworkCore.Storage.RelationalConnection.Open(Boolean errorsExpected)
   at Pomelo.EntityFrameworkCore.MySql.Storage.Internal.MySqlRelationalConnection.Open(Boolean errorsExpected)
   at Microsoft.EntityFrameworkCore.Storage.RelationalCommand.ExecuteReader(RelationalCommandParameterObject parameterObject)
   at Microsoft.EntityFrameworkCore.Query.Internal.SingleQueryingEnumerable`1.Enumerator.InitializeReader(DbContext _, Boolean result)
   at Pomelo.EntityFrameworkCore.MySql.Storage.Internal.MySqlExecutionStrategy.Execute[TState,TResult](TState state, Func`3 operation, Func`3 verifySucceeded)
   --- End of inner exception stack trace ---
   at Pomelo.EntityFrameworkCore.MySql.Storage.Internal.MySqlExecutionStrategy.Execute[TState,TResult](TState state, Func`3 operation, Func`3 verifySucceeded)
   at Microsoft.EntityFrameworkCore.Query.Internal.SingleQueryingEnumerable`1.Enumerator.MoveNext()
   at lambda_method(Closure , Object , IEnumerable`1 , ResolutionContext )
   --- End of inner exception stack trace ---
   at lambda_method(Closure , Object , IEnumerable`1 , ResolutionContext )
   at CWB.Masters.Services.ItemMaster.RawMaterialDetailService.GetPartPurchasesForPartNo(Int32 partId, Int64 tenantId) in D:\DockerTestCWB\CWB-Latest\CWB\CWB.Masters\Services\ItemMaster\RawMaterialDetailService.cs:line 262
   at CWB.Masters.Controllers.RawMaterialDetailController.GetPartPurchasesForPartId(Int32 partId, Int64 tenantId) in D:\DockerTestCWB\CWB-Latest\CWB\CWB.Masters\Controllers\RawMaterialDetailController.cs:line 353
   at lambda_method(Closure , Object , Object[] )
   at Microsoft.AspNetCore.Mvc.Infrastructure.ActionMethodExecutor.SyncActionResultExecutor.Execute(IActionResultTypeMapper mapper, ObjectMethodExecutor executor, Object controller, Object[] arguments)
   at Microsoft.AspNetCore.Mvc.Infrastructure.ControllerActionInvoker.InvokeActionMethodAsync()
   at Microsoft.AspNetCore.Mvc.Infrastructure.ControllerActionInvoker.Next(State& next, Scope& scope, Object& state, Boolean& isCompleted)
   at Microsoft.AspNetCore.Mvc.Infrastructure.ControllerActionInvoker.InvokeNextActionFilterAsync()
--- End of stack trace from previous location where exception was thrown ---
   at Microsoft.AspNetCore.Mvc.Infrastructure.ControllerActionInvoker.Rethrow(ActionExecutedContextSealed context)
   at Microsoft.AspNetCore.Mvc.Infrastructure.ControllerActionInvoker.Next(State& next, Scope& scope, Object& state, Boolean& isCompleted)
   at Microsoft.AspNetCore.Mvc.Infrastructure.ControllerActionInvoker.InvokeInnerFilterAsync()
--- End of stack trace from previous location where exception was thrown ---
   at Microsoft.AspNetCore.Mvc.Infrastructure.ResourceInvoker.<InvokeFilterPipelineAsync>g__Awaited|19_0(ResourceInvoker invoker, Task lastTask, State next, Scope scope, Object state, Boolean isCompleted)
   at Microsoft.AspNetCore.Mvc.Infrastructure.ResourceInvoker.<InvokeAsync>g__Awaited|17_0(ResourceInvoker invoker, Task task, IDisposable scope)
   at Microsoft.AspNetCore.Routing.EndpointMiddleware.<Invoke>g__AwaitRequestTask|6_0(Endpoint endpoint, Task requestTask, ILogger logger)
   at Microsoft.AspNetCore.Authorization.AuthorizationMiddleware.Invoke(HttpContext context)
   at Microsoft.AspNetCore.Authentication.AuthenticationMiddleware.Invoke(HttpContext context)
   at CWB.ExceptionHandling.ExceptionMiddleware.InvokeAsync(HttpContext httpContext) in D:\EvolutionSoftware\CWB-Latest\CWB\CWB.ExceptionHandling\ExceptionMiddleware.cs:line 26
2025-12-04 12:31:51.0160 ERROR Error: AutoMapper.AutoMapperMappingException: Error mapping types.

Mapping types:
EntityQueryable`1 -> IEnumerable`1
Microsoft.EntityFrameworkCore.Query.Internal.EntityQueryable`1[[CWB.Masters.Domain.ItemMaster.PartPurchaseDetails, CWB.Masters, Version=1.0.0.0, Culture=neutral, PublicKeyToken=null]] -> System.Collections.Generic.IEnumerable`1[[CWB.Masters.ViewModels.ItemMaster.PartPurchaseDetailsVM, CWB.Masters, Version=1.0.0.0, Culture=neutral, PublicKeyToken=null]]
 ---> System.InvalidOperationException: An exception has been raised that is likely due to a transient failure. Consider enabling transient error resiliency by adding 'EnableRetryOnFailure()' to the 'UseMySql' call.
 ---> MySqlConnector.MySqlException (0x80004005): Connect Timeout expired. All pooled connections are in use.
   at MySqlConnector.MySqlConnection.CreateSessionAsync(ConnectionPool pool, Int32 startTickCount, Nullable`1 ioBehavior, CancellationToken cancellationToken) in /_/src/MySqlConnector/MySqlConnection.cs:line 902
   at MySqlConnector.MySqlConnection.OpenAsync(Nullable`1 ioBehavior, CancellationToken cancellationToken) in /_/src/MySqlConnector/MySqlConnection.cs:line 435
   at MySqlConnector.MySqlConnection.Open() in /_/src/MySqlConnector/MySqlConnection.cs:line 380
   at Microsoft.EntityFrameworkCore.Storage.RelationalConnection.OpenInternal(Boolean errorsExpected)
   at Microsoft.EntityFrameworkCore.Storage.RelationalConnection.Open(Boolean errorsExpected)
   at Pomelo.EntityFrameworkCore.MySql.Storage.Internal.MySqlRelationalConnection.Open(Boolean errorsExpected)
   at Microsoft.EntityFrameworkCore.Storage.RelationalCommand.ExecuteReader(RelationalCommandParameterObject parameterObject)
   at Microsoft.EntityFrameworkCore.Query.Internal.SingleQueryingEnumerable`1.Enumerator.InitializeReader(DbContext _, Boolean result)
   at Pomelo.EntityFrameworkCore.MySql.Storage.Internal.MySqlExecutionStrategy.Execute[TState,TResult](TState state, Func`3 operation, Func`3 verifySucceeded)
   --- End of inner exception stack trace ---
   at Pomelo.EntityFrameworkCore.MySql.Storage.Internal.MySqlExecutionStrategy.Execute[TState,TResult](TState state, Func`3 operation, Func`3 verifySucceeded)
   at Microsoft.EntityFrameworkCore.Query.Internal.SingleQueryingEnumerable`1.Enumerator.MoveNext()
   at lambda_method(Closure , Object , IEnumerable`1 , ResolutionContext )
   --- End of inner exception stack trace ---
   at lambda_method(Closure , Object , IEnumerable`1 , ResolutionContext )
   at CWB.Masters.Services.ItemMaster.RawMaterialDetailService.GetPartPurchasesForPartNo(Int32 partId, Int64 tenantId) in D:\DockerTestCWB\CWB-Latest\CWB\CWB.Masters\Services\ItemMaster\RawMaterialDetailService.cs:line 262
   at CWB.Masters.Controllers.RawMaterialDetailController.GetPartPurchasesForPartId(Int32 partId, Int64 tenantId) in D:\DockerTestCWB\CWB-Latest\CWB\CWB.Masters\Controllers\RawMaterialDetailController.cs:line 353
   at lambda_method(Closure , Object , Object[] )
   at Microsoft.AspNetCore.Mvc.Infrastructure.ActionMethodExecutor.SyncActionResultExecutor.Execute(IActionResultTypeMapper mapper, ObjectMethodExecutor executor, Object controller, Object[] arguments)
   at Microsoft.AspNetCore.Mvc.Infrastructure.ControllerActionInvoker.InvokeActionMethodAsync()
   at Microsoft.AspNetCore.Mvc.Infrastructure.ControllerActionInvoker.Next(State& next, Scope& scope, Object& state, Boolean& isCompleted)
   at Microsoft.AspNetCore.Mvc.Infrastructure.ControllerActionInvoker.InvokeNextActionFilterAsync()
--- End of stack trace from previous location where exception was thrown ---
   at Microsoft.AspNetCore.Mvc.Infrastructure.ControllerActionInvoker.Rethrow(ActionExecutedContextSealed context)
   at Microsoft.AspNetCore.Mvc.Infrastructure.ControllerActionInvoker.Next(State& next, Scope& scope, Object& state, Boolean& isCompleted)
   at Microsoft.AspNetCore.Mvc.Infrastructure.ControllerActionInvoker.InvokeInnerFilterAsync()
--- End of stack trace from previous location where exception was thrown ---
   at Microsoft.AspNetCore.Mvc.Infrastructure.ResourceInvoker.<InvokeFilterPipelineAsync>g__Awaited|19_0(ResourceInvoker invoker, Task lastTask, State next, Scope scope, Object state, Boolean isCompleted)
   at Microsoft.AspNetCore.Mvc.Infrastructure.ResourceInvoker.<InvokeAsync>g__Awaited|17_0(ResourceInvoker invoker, Task task, IDisposable scope)
   at Microsoft.AspNetCore.Routing.EndpointMiddleware.<Invoke>g__AwaitRequestTask|6_0(Endpoint endpoint, Task requestTask, ILogger logger)
   at Microsoft.AspNetCore.Authorization.AuthorizationMiddleware.Invoke(HttpContext context)
   at Microsoft.AspNetCore.Authentication.AuthenticationMiddleware.Invoke(HttpContext context)
   at CWB.ExceptionHandling.ExceptionMiddleware.InvokeAsync(HttpContext httpContext) in D:\EvolutionSoftware\CWB-Latest\CWB\CWB.ExceptionHandling\ExceptionMiddleware.cs:line 26
2025-12-04 12:31:52.0759 ERROR Error: AutoMapper.AutoMapperMappingException: Error mapping types.

Mapping types:
EntityQueryable`1 -> IEnumerable`1
Microsoft.EntityFrameworkCore.Query.Internal.EntityQueryable`1[[CWB.Masters.Domain.ItemMaster.PartPurchaseDetails, CWB.Masters, Version=1.0.0.0, Culture=neutral, PublicKeyToken=null]] -> System.Collections.Generic.IEnumerable`1[[CWB.Masters.ViewModels.ItemMaster.PartPurchaseDetailsVM, CWB.Masters, Version=1.0.0.0, Culture=neutral, PublicKeyToken=null]]
 ---> System.InvalidOperationException: An exception has been raised that is likely due to a transient failure. Consider enabling transient error resiliency by adding 'EnableRetryOnFailure()' to the 'UseMySql' call.
 ---> MySqlConnector.MySqlException (0x80004005): Connect Timeout expired. All pooled connections are in use.
   at MySqlConnector.MySqlConnection.CreateSessionAsync(ConnectionPool pool, Int32 startTickCount, Nullable`1 ioBehavior, CancellationToken cancellationToken) in /_/src/MySqlConnector/MySqlConnection.cs:line 902
   at MySqlConnector.MySqlConnection.OpenAsync(Nullable`1 ioBehavior, CancellationToken cancellationToken) in /_/src/MySqlConnector/MySqlConnection.cs:line 435
   at MySqlConnector.MySqlConnection.Open() in /_/src/MySqlConnector/MySqlConnection.cs:line 380
   at Microsoft.EntityFrameworkCore.Storage.RelationalConnection.OpenInternal(Boolean errorsExpected)
   at Microsoft.EntityFrameworkCore.Storage.RelationalConnection.Open(Boolean errorsExpected)
   at Pomelo.EntityFrameworkCore.MySql.Storage.Internal.MySqlRelationalConnection.Open(Boolean errorsExpected)
   at Microsoft.EntityFrameworkCore.Storage.RelationalCommand.ExecuteReader(RelationalCommandParameterObject parameterObject)
   at Microsoft.EntityFrameworkCore.Query.Internal.SingleQueryingEnumerable`1.Enumerator.InitializeReader(DbContext _, Boolean result)
   at Pomelo.EntityFrameworkCore.MySql.Storage.Internal.MySqlExecutionStrategy.Execute[TState,TResult](TState state, Func`3 operation, Func`3 verifySucceeded)
   --- End of inner exception stack trace ---
   at Pomelo.EntityFrameworkCore.MySql.Storage.Internal.MySqlExecutionStrategy.Execute[TState,TResult](TState state, Func`3 operation, Func`3 verifySucceeded)
   at Microsoft.EntityFrameworkCore.Query.Internal.SingleQueryingEnumerable`1.Enumerator.MoveNext()
   at lambda_method(Closure , Object , IEnumerable`1 , ResolutionContext )
   --- End of inner exception stack trace ---
   at lambda_method(Closure , Object , IEnumerable`1 , ResolutionContext )
   at CWB.Masters.Services.ItemMaster.RawMaterialDetailService.GetPartPurchasesForPartNo(Int32 partId, Int64 tenantId) in D:\DockerTestCWB\CWB-Latest\CWB\CWB.Masters\Services\ItemMaster\RawMaterialDetailService.cs:line 262
   at CWB.Masters.Controllers.RawMaterialDetailController.GetPartPurchasesForPartId(Int32 partId, Int64 tenantId) in D:\DockerTestCWB\CWB-Latest\CWB\CWB.Masters\Controllers\RawMaterialDetailController.cs:line 353
   at lambda_method(Closure , Object , Object[] )
   at Microsoft.AspNetCore.Mvc.Infrastructure.ActionMethodExecutor.SyncActionResultExecutor.Execute(IActionResultTypeMapper mapper, ObjectMethodExecutor executor, Object controller, Object[] arguments)
   at Microsoft.AspNetCore.Mvc.Infrastructure.ControllerActionInvoker.InvokeActionMethodAsync()
   at Microsoft.AspNetCore.Mvc.Infrastructure.ControllerActionInvoker.Next(State& next, Scope& scope, Object& state, Boolean& isCompleted)
   at Microsoft.AspNetCore.Mvc.Infrastructure.ControllerActionInvoker.InvokeNextActionFilterAsync()
--- End of stack trace from previous location where exception was thrown ---
   at Microsoft.AspNetCore.Mvc.Infrastructure.ControllerActionInvoker.Rethrow(ActionExecutedContextSealed context)
   at Microsoft.AspNetCore.Mvc.Infrastructure.ControllerActionInvoker.Next(State& next, Scope& scope, Object& state, Boolean& isCompleted)
   at Microsoft.AspNetCore.Mvc.Infrastructure.ControllerActionInvoker.InvokeInnerFilterAsync()
--- End of stack trace from previous location where exception was thrown ---
   at Microsoft.AspNetCore.Mvc.Infrastructure.ResourceInvoker.<InvokeFilterPipelineAsync>g__Awaited|19_0(ResourceInvoker invoker, Task lastTask, State next, Scope scope, Object state, Boolean isCompleted)
   at Microsoft.AspNetCore.Mvc.Infrastructure.ResourceInvoker.<InvokeAsync>g__Awaited|17_0(ResourceInvoker invoker, Task task, IDisposable scope)
   at Microsoft.AspNetCore.Routing.EndpointMiddleware.<Invoke>g__AwaitRequestTask|6_0(Endpoint endpoint, Task requestTask, ILogger logger)
   at Microsoft.AspNetCore.Authorization.AuthorizationMiddleware.Invoke(HttpContext context)
   at Microsoft.AspNetCore.Authentication.AuthenticationMiddleware.Invoke(HttpContext context)
   at CWB.ExceptionHandling.ExceptionMiddleware.InvokeAsync(HttpContext httpContext) in D:\EvolutionSoftware\CWB-Latest\CWB\CWB.ExceptionHandling\ExceptionMiddleware.cs:line 26
2025-12-04 12:32:03.0525 ERROR Error: AutoMapper.AutoMapperMappingException: Error mapping types.

Mapping types:
EntityQueryable`1 -> IEnumerable`1
Microsoft.EntityFrameworkCore.Query.Internal.EntityQueryable`1[[CWB.Masters.Domain.ItemMaster.PartPurchaseDetails, CWB.Masters, Version=1.0.0.0, Culture=neutral, PublicKeyToken=null]] -> System.Collections.Generic.IEnumerable`1[[CWB.Masters.ViewModels.ItemMaster.PartPurchaseDetailsVM, CWB.Masters, Version=1.0.0.0, Culture=neutral, PublicKeyToken=null]]
 ---> System.InvalidOperationException: An exception has been raised that is likely due to a transient failure. Consider enabling transient error resiliency by adding 'EnableRetryOnFailure()' to the 'UseMySql' call.
 ---> MySqlConnector.MySqlException (0x80004005): Connect Timeout expired. All pooled connections are in use.
   at MySqlConnector.MySqlConnection.CreateSessionAsync(ConnectionPool pool, Int32 startTickCount, Nullable`1 ioBehavior, CancellationToken cancellationToken) in /_/src/MySqlConnector/MySqlConnection.cs:line 902
   at MySqlConnector.MySqlConnection.OpenAsync(Nullable`1 ioBehavior, CancellationToken cancellationToken) in /_/src/MySqlConnector/MySqlConnection.cs:line 435
   at MySqlConnector.MySqlConnection.Open() in /_/src/MySqlConnector/MySqlConnection.cs:line 380
   at Microsoft.EntityFrameworkCore.Storage.RelationalConnection.OpenInternal(Boolean errorsExpected)
   at Microsoft.EntityFrameworkCore.Storage.RelationalConnection.Open(Boolean errorsExpected)
   at Pomelo.EntityFrameworkCore.MySql.Storage.Internal.MySqlRelationalConnection.Open(Boolean errorsExpected)
   at Microsoft.EntityFrameworkCore.Storage.RelationalCommand.ExecuteReader(RelationalCommandParameterObject parameterObject)
   at Microsoft.EntityFrameworkCore.Query.Internal.SingleQueryingEnumerable`1.Enumerator.InitializeReader(DbContext _, Boolean result)
   at Pomelo.EntityFrameworkCore.MySql.Storage.Internal.MySqlExecutionStrategy.Execute[TState,TResult](TState state, Func`3 operation, Func`3 verifySucceeded)
   --- End of inner exception stack trace ---
   at Pomelo.EntityFrameworkCore.MySql.Storage.Internal.MySqlExecutionStrategy.Execute[TState,TResult](TState state, Func`3 operation, Func`3 verifySucceeded)
   at Microsoft.EntityFrameworkCore.Query.Internal.SingleQueryingEnumerable`1.Enumerator.MoveNext()
   at lambda_method(Closure , Object , IEnumerable`1 , ResolutionContext )
   --- End of inner exception stack trace ---
   at lambda_method(Closure , Object , IEnumerable`1 , ResolutionContext )
   at CWB.Masters.Services.ItemMaster.RawMaterialDetailService.GetPartPurchasesForPartNo(Int32 partId, Int64 tenantId) in D:\DockerTestCWB\CWB-Latest\CWB\CWB.Masters\Services\ItemMaster\RawMaterialDetailService.cs:line 262
   at CWB.Masters.Controllers.RawMaterialDetailController.GetPartPurchasesForPartId(Int32 partId, Int64 tenantId) in D:\DockerTestCWB\CWB-Latest\CWB\CWB.Masters\Controllers\RawMaterialDetailController.cs:line 353
   at lambda_method(Closure , Object , Object[] )
   at Microsoft.AspNetCore.Mvc.Infrastructure.ActionMethodExecutor.SyncActionResultExecutor.Execute(IActionResultTypeMapper mapper, ObjectMethodExecutor executor, Object controller, Object[] arguments)
   at Microsoft.AspNetCore.Mvc.Infrastructure.ControllerActionInvoker.InvokeActionMethodAsync()
   at Microsoft.AspNetCore.Mvc.Infrastructure.ControllerActionInvoker.Next(State& next, Scope& scope, Object& state, Boolean& isCompleted)
   at Microsoft.AspNetCore.Mvc.Infrastructure.ControllerActionInvoker.InvokeNextActionFilterAsync()
--- End of stack trace from previous location where exception was thrown ---
   at Microsoft.AspNetCore.Mvc.Infrastructure.ControllerActionInvoker.Rethrow(ActionExecutedContextSealed context)
   at Microsoft.AspNetCore.Mvc.Infrastructure.ControllerActionInvoker.Next(State& next, Scope& scope, Object& state, Boolean& isCompleted)
   at Microsoft.AspNetCore.Mvc.Infrastructure.ControllerActionInvoker.InvokeInnerFilterAsync()
--- End of stack trace from previous location where exception was thrown ---
   at Microsoft.AspNetCore.Mvc.Infrastructure.ResourceInvoker.<InvokeFilterPipelineAsync>g__Awaited|19_0(ResourceInvoker invoker, Task lastTask, State next, Scope scope, Object state, Boolean isCompleted)
   at Microsoft.AspNetCore.Mvc.Infrastructure.ResourceInvoker.<InvokeAsync>g__Awaited|17_0(ResourceInvoker invoker, Task task, IDisposable scope)
   at Microsoft.AspNetCore.Routing.EndpointMiddleware.<Invoke>g__AwaitRequestTask|6_0(Endpoint endpoint, Task requestTask, ILogger logger)
   at Microsoft.AspNetCore.Authorization.AuthorizationMiddleware.Invoke(HttpContext context)
   at Microsoft.AspNetCore.Authentication.AuthenticationMiddleware.Invoke(HttpContext context)
   at CWB.ExceptionHandling.ExceptionMiddleware.InvokeAsync(HttpContext httpContext) in D:\EvolutionSoftware\CWB-Latest\CWB\CWB.ExceptionHandling\ExceptionMiddleware.cs:line 26
2025-12-04 12:32:03.0783 ERROR Error: AutoMapper.AutoMapperMappingException: Error mapping types.

Mapping types:
EntityQueryable`1 -> IEnumerable`1
Microsoft.EntityFrameworkCore.Query.Internal.EntityQueryable`1[[CWB.Masters.Domain.ItemMaster.PartPurchaseDetails, CWB.Masters, Version=1.0.0.0, Culture=neutral, PublicKeyToken=null]] -> System.Collections.Generic.IEnumerable`1[[CWB.Masters.ViewModels.ItemMaster.PartPurchaseDetailsVM, CWB.Masters, Version=1.0.0.0, Culture=neutral, PublicKeyToken=null]]
 ---> System.InvalidOperationException: An exception has been raised that is likely due to a transient failure. Consider enabling transient error resiliency by adding 'EnableRetryOnFailure()' to the 'UseMySql' call.
 ---> MySqlConnector.MySqlException (0x80004005): Connect Timeout expired. All pooled connections are in use.
   at MySqlConnector.MySqlConnection.CreateSessionAsync(ConnectionPool pool, Int32 startTickCount, Nullable`1 ioBehavior, CancellationToken cancellationToken) in /_/src/MySqlConnector/MySqlConnection.cs:line 902
   at MySqlConnector.MySqlConnection.OpenAsync(Nullable`1 ioBehavior, CancellationToken cancellationToken) in /_/src/MySqlConnector/MySqlConnection.cs:line 435
   at MySqlConnector.MySqlConnection.Open() in /_/src/MySqlConnector/MySqlConnection.cs:line 380
   at Microsoft.EntityFrameworkCore.Storage.RelationalConnection.OpenInternal(Boolean errorsExpected)
   at Microsoft.EntityFrameworkCore.Storage.RelationalConnection.Open(Boolean errorsExpected)
   at Pomelo.EntityFrameworkCore.MySql.Storage.Internal.MySqlRelationalConnection.Open(Boolean errorsExpected)
   at Microsoft.EntityFrameworkCore.Storage.RelationalCommand.ExecuteReader(RelationalCommandParameterObject parameterObject)
   at Microsoft.EntityFrameworkCore.Query.Internal.SingleQueryingEnumerable`1.Enumerator.InitializeReader(DbContext _, Boolean result)
   at Pomelo.EntityFrameworkCore.MySql.Storage.Internal.MySqlExecutionStrategy.Execute[TState,TResult](TState state, Func`3 operation, Func`3 verifySucceeded)
   --- End of inner exception stack trace ---
   at Pomelo.EntityFrameworkCore.MySql.Storage.Internal.MySqlExecutionStrategy.Execute[TState,TResult](TState state, Func`3 operation, Func`3 verifySucceeded)
   at Microsoft.EntityFrameworkCore.Query.Internal.SingleQueryingEnumerable`1.Enumerator.MoveNext()
   at lambda_method(Closure , Object , IEnumerable`1 , ResolutionContext )
   --- End of inner exception stack trace ---
   at lambda_method(Closure , Object , IEnumerable`1 , ResolutionContext )
   at CWB.Masters.Services.ItemMaster.RawMaterialDetailService.GetPartPurchasesForPartNo(Int32 partId, Int64 tenantId) in D:\DockerTestCWB\CWB-Latest\CWB\CWB.Masters\Services\ItemMaster\RawMaterialDetailService.cs:line 262
   at CWB.Masters.Controllers.RawMaterialDetailController.GetPartPurchasesForPartId(Int32 partId, Int64 tenantId) in D:\DockerTestCWB\CWB-Latest\CWB\CWB.Masters\Controllers\RawMaterialDetailController.cs:line 353
   at lambda_method(Closure , Object , Object[] )
   at Microsoft.AspNetCore.Mvc.Infrastructure.ActionMethodExecutor.SyncActionResultExecutor.Execute(IActionResultTypeMapper mapper, ObjectMethodExecutor executor, Object controller, Object[] arguments)
   at Microsoft.AspNetCore.Mvc.Infrastructure.ControllerActionInvoker.InvokeActionMethodAsync()
   at Microsoft.AspNetCore.Mvc.Infrastructure.ControllerActionInvoker.Next(State& next, Scope& scope, Object& state, Boolean& isCompleted)
   at Microsoft.AspNetCore.Mvc.Infrastructure.ControllerActionInvoker.InvokeNextActionFilterAsync()
--- End of stack trace from previous location where exception was thrown ---
   at Microsoft.AspNetCore.Mvc.Infrastructure.ControllerActionInvoker.Rethrow(ActionExecutedContextSealed context)
   at Microsoft.AspNetCore.Mvc.Infrastructure.ControllerActionInvoker.Next(State& next, Scope& scope, Object& state, Boolean& isCompleted)
   at Microsoft.AspNetCore.Mvc.Infrastructure.ControllerActionInvoker.InvokeInnerFilterAsync()
--- End of stack trace from previous location where exception was thrown ---
   at Microsoft.AspNetCore.Mvc.Infrastructure.ResourceInvoker.<InvokeFilterPipelineAsync>g__Awaited|19_0(ResourceInvoker invoker, Task lastTask, State next, Scope scope, Object state, Boolean isCompleted)
   at Microsoft.AspNetCore.Mvc.Infrastructure.ResourceInvoker.<InvokeAsync>g__Awaited|17_0(ResourceInvoker invoker, Task task, IDisposable scope)
   at Microsoft.AspNetCore.Routing.EndpointMiddleware.<Invoke>g__AwaitRequestTask|6_0(Endpoint endpoint, Task requestTask, ILogger logger)
   at Microsoft.AspNetCore.Authorization.AuthorizationMiddleware.Invoke(HttpContext context)
   at Microsoft.AspNetCore.Authentication.AuthenticationMiddleware.Invoke(HttpContext context)
   at CWB.ExceptionHandling.ExceptionMiddleware.InvokeAsync(HttpContext httpContext) in D:\EvolutionSoftware\CWB-Latest\CWB\CWB.ExceptionHandling\ExceptionMiddleware.cs:line 26
2025-12-04 12:32:13.5160 ERROR Error: AutoMapper.AutoMapperMappingException: Error mapping types.

Mapping types:
EntityQueryable`1 -> IEnumerable`1
Microsoft.EntityFrameworkCore.Query.Internal.EntityQueryable`1[[CWB.Masters.Domain.ItemMaster.PartPurchaseDetails, CWB.Masters, Version=1.0.0.0, Culture=neutral, PublicKeyToken=null]] -> System.Collections.Generic.IEnumerable`1[[CWB.Masters.ViewModels.ItemMaster.PartPurchaseDetailsVM, CWB.Masters, Version=1.0.0.0, Culture=neutral, PublicKeyToken=null]]
 ---> System.InvalidOperationException: An exception has been raised that is likely due to a transient failure. Consider enabling transient error resiliency by adding 'EnableRetryOnFailure()' to the 'UseMySql' call.
 ---> MySqlConnector.MySqlException (0x80004005): Connect Timeout expired. All pooled connections are in use.
   at MySqlConnector.MySqlConnection.CreateSessionAsync(ConnectionPool pool, Int32 startTickCount, Nullable`1 ioBehavior, CancellationToken cancellationToken) in /_/src/MySqlConnector/MySqlConnection.cs:line 902
   at MySqlConnector.MySqlConnection.OpenAsync(Nullable`1 ioBehavior, CancellationToken cancellationToken) in /_/src/MySqlConnector/MySqlConnection.cs:line 435
   at MySqlConnector.MySqlConnection.Open() in /_/src/MySqlConnector/MySqlConnection.cs:line 380
   at Microsoft.EntityFrameworkCore.Storage.RelationalConnection.OpenInternal(Boolean errorsExpected)
   at Microsoft.EntityFrameworkCore.Storage.RelationalConnection.Open(Boolean errorsExpected)
   at Pomelo.EntityFrameworkCore.MySql.Storage.Internal.MySqlRelationalConnection.Open(Boolean errorsExpected)
   at Microsoft.EntityFrameworkCore.Storage.RelationalCommand.ExecuteReader(RelationalCommandParameterObject parameterObject)
   at Microsoft.EntityFrameworkCore.Query.Internal.SingleQueryingEnumerable`1.Enumerator.InitializeReader(DbContext _, Boolean result)
   at Pomelo.EntityFrameworkCore.MySql.Storage.Internal.MySqlExecutionStrategy.Execute[TState,TResult](TState state, Func`3 operation, Func`3 verifySucceeded)
   --- End of inner exception stack trace ---
   at Pomelo.EntityFrameworkCore.MySql.Storage.Internal.MySqlExecutionStrategy.Execute[TState,TResult](TState state, Func`3 operation, Func`3 verifySucceeded)
   at Microsoft.EntityFrameworkCore.Query.Internal.SingleQueryingEnumerable`1.Enumerator.MoveNext()
   at lambda_method(Closure , Object , IEnumerable`1 , ResolutionContext )
   --- End of inner exception stack trace ---
   at lambda_method(Closure , Object , IEnumerable`1 , ResolutionContext )
   at CWB.Masters.Services.ItemMaster.RawMaterialDetailService.GetPartPurchasesForPartNo(Int32 partId, Int64 tenantId) in D:\DockerTestCWB\CWB-Latest\CWB\CWB.Masters\Services\ItemMaster\RawMaterialDetailService.cs:line 262
   at CWB.Masters.Controllers.RawMaterialDetailController.GetPartPurchasesForPartId(Int32 partId, Int64 tenantId) in D:\DockerTestCWB\CWB-Latest\CWB\CWB.Masters\Controllers\RawMaterialDetailController.cs:line 353
   at lambda_method(Closure , Object , Object[] )
   at Microsoft.AspNetCore.Mvc.Infrastructure.ActionMethodExecutor.SyncActionResultExecutor.Execute(IActionResultTypeMapper mapper, ObjectMethodExecutor executor, Object controller, Object[] arguments)
   at Microsoft.AspNetCore.Mvc.Infrastructure.ControllerActionInvoker.InvokeActionMethodAsync()
   at Microsoft.AspNetCore.Mvc.Infrastructure.ControllerActionInvoker.Next(State& next, Scope& scope, Object& state, Boolean& isCompleted)
   at Microsoft.AspNetCore.Mvc.Infrastructure.ControllerActionInvoker.InvokeNextActionFilterAsync()
--- End of stack trace from previous location where exception was thrown ---
   at Microsoft.AspNetCore.Mvc.Infrastructure.ControllerActionInvoker.Rethrow(ActionExecutedContextSealed context)
   at Microsoft.AspNetCore.Mvc.Infrastructure.ControllerActionInvoker.Next(State& next, Scope& scope, Object& state, Boolean& isCompleted)
   at Microsoft.AspNetCore.Mvc.Infrastructure.ControllerActionInvoker.InvokeInnerFilterAsync()
--- End of stack trace from previous location where exception was thrown ---
   at Microsoft.AspNetCore.Mvc.Infrastructure.ResourceInvoker.<InvokeFilterPipelineAsync>g__Awaited|19_0(ResourceInvoker invoker, Task lastTask, State next, Scope scope, Object state, Boolean isCompleted)
   at Microsoft.AspNetCore.Mvc.Infrastructure.ResourceInvoker.<InvokeAsync>g__Awaited|17_0(ResourceInvoker invoker, Task task, IDisposable scope)
   at Microsoft.AspNetCore.Routing.EndpointMiddleware.<Invoke>g__AwaitRequestTask|6_0(Endpoint endpoint, Task requestTask, ILogger logger)
   at Microsoft.AspNetCore.Authorization.AuthorizationMiddleware.Invoke(HttpContext context)
   at Microsoft.AspNetCore.Authentication.AuthenticationMiddleware.Invoke(HttpContext context)
   at CWB.ExceptionHandling.ExceptionMiddleware.InvokeAsync(HttpContext httpContext) in D:\EvolutionSoftware\CWB-Latest\CWB\CWB.ExceptionHandling\ExceptionMiddleware.cs:line 26
2025-12-04 12:32:14.3337 ERROR Error: AutoMapper.AutoMapperMappingException: Error mapping types.

Mapping types:
EntityQueryable`1 -> IEnumerable`1
Microsoft.EntityFrameworkCore.Query.Internal.EntityQueryable`1[[CWB.Masters.Domain.ItemMaster.PartPurchaseDetails, CWB.Masters, Version=1.0.0.0, Culture=neutral, PublicKeyToken=null]] -> System.Collections.Generic.IEnumerable`1[[CWB.Masters.ViewModels.ItemMaster.PartPurchaseDetailsVM, CWB.Masters, Version=1.0.0.0, Culture=neutral, PublicKeyToken=null]]
 ---> System.InvalidOperationException: An exception has been raised that is likely due to a transient failure. Consider enabling transient error resiliency by adding 'EnableRetryOnFailure()' to the 'UseMySql' call.
 ---> MySqlConnector.MySqlException (0x80004005): Connect Timeout expired. All pooled connections are in use.
   at MySqlConnector.MySqlConnection.CreateSessionAsync(ConnectionPool pool, Int32 startTickCount, Nullable`1 ioBehavior, CancellationToken cancellationToken) in /_/src/MySqlConnector/MySqlConnection.cs:line 902
   at MySqlConnector.MySqlConnection.OpenAsync(Nullable`1 ioBehavior, CancellationToken cancellationToken) in /_/src/MySqlConnector/MySqlConnection.cs:line 435
   at MySqlConnector.MySqlConnection.Open() in /_/src/MySqlConnector/MySqlConnection.cs:line 380
   at Microsoft.EntityFrameworkCore.Storage.RelationalConnection.OpenInternal(Boolean errorsExpected)
   at Microsoft.EntityFrameworkCore.Storage.RelationalConnection.Open(Boolean errorsExpected)
   at Pomelo.EntityFrameworkCore.MySql.Storage.Internal.MySqlRelationalConnection.Open(Boolean errorsExpected)
   at Microsoft.EntityFrameworkCore.Storage.RelationalCommand.ExecuteReader(RelationalCommandParameterObject parameterObject)
   at Microsoft.EntityFrameworkCore.Query.Internal.SingleQueryingEnumerable`1.Enumerator.InitializeReader(DbContext _, Boolean result)
   at Pomelo.EntityFrameworkCore.MySql.Storage.Internal.MySqlExecutionStrategy.Execute[TState,TResult](TState state, Func`3 operation, Func`3 verifySucceeded)
   --- End of inner exception stack trace ---
   at Pomelo.EntityFrameworkCore.MySql.Storage.Internal.MySqlExecutionStrategy.Execute[TState,TResult](TState state, Func`3 operation, Func`3 verifySucceeded)
   at Microsoft.EntityFrameworkCore.Query.Internal.SingleQueryingEnumerable`1.Enumerator.MoveNext()
   at lambda_method(Closure , Object , IEnumerable`1 , ResolutionContext )
   --- End of inner exception stack trace ---
   at lambda_method(Closure , Object , IEnumerable`1 , ResolutionContext )
   at CWB.Masters.Services.ItemMaster.RawMaterialDetailService.GetPartPurchasesForPartNo(Int32 partId, Int64 tenantId) in D:\DockerTestCWB\CWB-Latest\CWB\CWB.Masters\Services\ItemMaster\RawMaterialDetailService.cs:line 262
   at CWB.Masters.Controllers.RawMaterialDetailController.GetPartPurchasesForPartId(Int32 partId, Int64 tenantId) in D:\DockerTestCWB\CWB-Latest\CWB\CWB.Masters\Controllers\RawMaterialDetailController.cs:line 353
   at lambda_method(Closure , Object , Object[] )
   at Microsoft.AspNetCore.Mvc.Infrastructure.ActionMethodExecutor.SyncActionResultExecutor.Execute(IActionResultTypeMapper mapper, ObjectMethodExecutor executor, Object controller, Object[] arguments)
   at Microsoft.AspNetCore.Mvc.Infrastructure.ControllerActionInvoker.InvokeActionMethodAsync()
   at Microsoft.AspNetCore.Mvc.Infrastructure.ControllerActionInvoker.Next(State& next, Scope& scope, Object& state, Boolean& isCompleted)
   at Microsoft.AspNetCore.Mvc.Infrastructure.ControllerActionInvoker.InvokeNextActionFilterAsync()
--- End of stack trace from previous location where exception was thrown ---
   at Microsoft.AspNetCore.Mvc.Infrastructure.ControllerActionInvoker.Rethrow(ActionExecutedContextSealed context)
   at Microsoft.AspNetCore.Mvc.Infrastructure.ControllerActionInvoker.Next(State& next, Scope& scope, Object& state, Boolean& isCompleted)
   at Microsoft.AspNetCore.Mvc.Infrastructure.ControllerActionInvoker.InvokeInnerFilterAsync()
--- End of stack trace from previous location where exception was thrown ---
   at Microsoft.AspNetCore.Mvc.Infrastructure.ResourceInvoker.<InvokeFilterPipelineAsync>g__Awaited|19_0(ResourceInvoker invoker, Task lastTask, State next, Scope scope, Object state, Boolean isCompleted)
   at Microsoft.AspNetCore.Mvc.Infrastructure.ResourceInvoker.<InvokeAsync>g__Awaited|17_0(ResourceInvoker invoker, Task task, IDisposable scope)
   at Microsoft.AspNetCore.Routing.EndpointMiddleware.<Invoke>g__AwaitRequestTask|6_0(Endpoint endpoint, Task requestTask, ILogger logger)
   at Microsoft.AspNetCore.Authorization.AuthorizationMiddleware.Invoke(HttpContext context)
   at Microsoft.AspNetCore.Authentication.AuthenticationMiddleware.Invoke(HttpContext context)
   at CWB.ExceptionHandling.ExceptionMiddleware.InvokeAsync(HttpContext httpContext) in D:\EvolutionSoftware\CWB-Latest\CWB\CWB.ExceptionHandling\ExceptionMiddleware.cs:line 26
2025-12-04 12:32:14.4888 ERROR Error: AutoMapper.AutoMapperMappingException: Error mapping types.

Mapping types:
EntityQueryable`1 -> IEnumerable`1
Microsoft.EntityFrameworkCore.Query.Internal.EntityQueryable`1[[CWB.Masters.Domain.ItemMaster.PartPurchaseDetails, CWB.Masters, Version=1.0.0.0, Culture=neutral, PublicKeyToken=null]] -> System.Collections.Generic.IEnumerable`1[[CWB.Masters.ViewModels.ItemMaster.PartPurchaseDetailsVM, CWB.Masters, Version=1.0.0.0, Culture=neutral, PublicKeyToken=null]]
 ---> System.InvalidOperationException: An exception has been raised that is likely due to a transient failure. Consider enabling transient error resiliency by adding 'EnableRetryOnFailure()' to the 'UseMySql' call.
 ---> MySqlConnector.MySqlException (0x80004005): Connect Timeout expired. All pooled connections are in use.
   at MySqlConnector.MySqlConnection.CreateSessionAsync(ConnectionPool pool, Int32 startTickCount, Nullable`1 ioBehavior, CancellationToken cancellationToken) in /_/src/MySqlConnector/MySqlConnection.cs:line 902
   at MySqlConnector.MySqlConnection.OpenAsync(Nullable`1 ioBehavior, CancellationToken cancellationToken) in /_/src/MySqlConnector/MySqlConnection.cs:line 435
   at MySqlConnector.MySqlConnection.Open() in /_/src/MySqlConnector/MySqlConnection.cs:line 380
   at Microsoft.EntityFrameworkCore.Storage.RelationalConnection.OpenInternal(Boolean errorsExpected)
   at Microsoft.EntityFrameworkCore.Storage.RelationalConnection.Open(Boolean errorsExpected)
   at Pomelo.EntityFrameworkCore.MySql.Storage.Internal.MySqlRelationalConnection.Open(Boolean errorsExpected)
   at Microsoft.EntityFrameworkCore.Storage.RelationalCommand.ExecuteReader(RelationalCommandParameterObject parameterObject)
   at Microsoft.EntityFrameworkCore.Query.Internal.SingleQueryingEnumerable`1.Enumerator.InitializeReader(DbContext _, Boolean result)
   at Pomelo.EntityFrameworkCore.MySql.Storage.Internal.MySqlExecutionStrategy.Execute[TState,TResult](TState state, Func`3 operation, Func`3 verifySucceeded)
   --- End of inner exception stack trace ---
   at Pomelo.EntityFrameworkCore.MySql.Storage.Internal.MySqlExecutionStrategy.Execute[TState,TResult](TState state, Func`3 operation, Func`3 verifySucceeded)
   at Microsoft.EntityFrameworkCore.Query.Internal.SingleQueryingEnumerable`1.Enumerator.MoveNext()
   at lambda_method(Closure , Object , IEnumerable`1 , ResolutionContext )
   --- End of inner exception stack trace ---
   at lambda_method(Closure , Object , IEnumerable`1 , ResolutionContext )
   at CWB.Masters.Services.ItemMaster.RawMaterialDetailService.GetPartPurchasesForPartNo(Int32 partId, Int64 tenantId) in D:\DockerTestCWB\CWB-Latest\CWB\CWB.Masters\Services\ItemMaster\RawMaterialDetailService.cs:line 262
   at CWB.Masters.Controllers.RawMaterialDetailController.GetPartPurchasesForPartId(Int32 partId, Int64 tenantId) in D:\DockerTestCWB\CWB-Latest\CWB\CWB.Masters\Controllers\RawMaterialDetailController.cs:line 353
   at lambda_method(Closure , Object , Object[] )
   at Microsoft.AspNetCore.Mvc.Infrastructure.ActionMethodExecutor.SyncActionResultExecutor.Execute(IActionResultTypeMapper mapper, ObjectMethodExecutor executor, Object controller, Object[] arguments)
   at Microsoft.AspNetCore.Mvc.Infrastructure.ControllerActionInvoker.InvokeActionMethodAsync()
   at Microsoft.AspNetCore.Mvc.Infrastructure.ControllerActionInvoker.Next(State& next, Scope& scope, Object& state, Boolean& isCompleted)
   at Microsoft.AspNetCore.Mvc.Infrastructure.ControllerActionInvoker.InvokeNextActionFilterAsync()
--- End of stack trace from previous location where exception was thrown ---
   at Microsoft.AspNetCore.Mvc.Infrastructure.ControllerActionInvoker.Rethrow(ActionExecutedContextSealed context)
   at Microsoft.AspNetCore.Mvc.Infrastructure.ControllerActionInvoker.Next(State& next, Scope& scope, Object& state, Boolean& isCompleted)
   at Microsoft.AspNetCore.Mvc.Infrastructure.ControllerActionInvoker.InvokeInnerFilterAsync()
--- End of stack trace from previous location where exception was thrown ---
   at Microsoft.AspNetCore.Mvc.Infrastructure.ResourceInvoker.<InvokeFilterPipelineAsync>g__Awaited|19_0(ResourceInvoker invoker, Task lastTask, State next, Scope scope, Object state, Boolean isCompleted)
   at Microsoft.AspNetCore.Mvc.Infrastructure.ResourceInvoker.<InvokeAsync>g__Awaited|17_0(ResourceInvoker invoker, Task task, IDisposable scope)
   at Microsoft.AspNetCore.Routing.EndpointMiddleware.<Invoke>g__AwaitRequestTask|6_0(Endpoint endpoint, Task requestTask, ILogger logger)
   at Microsoft.AspNetCore.Authorization.AuthorizationMiddleware.Invoke(HttpContext context)
   at Microsoft.AspNetCore.Authentication.AuthenticationMiddleware.Invoke(HttpContext context)
   at CWB.ExceptionHandling.ExceptionMiddleware.InvokeAsync(HttpContext httpContext) in D:\EvolutionSoftware\CWB-Latest\CWB\CWB.ExceptionHandling\ExceptionMiddleware.cs:line 26
2025-12-04 12:32:14.4888 ERROR Error: AutoMapper.AutoMapperMappingException: Error mapping types.

Mapping types:
EntityQueryable`1 -> IEnumerable`1
Microsoft.EntityFrameworkCore.Query.Internal.EntityQueryable`1[[CWB.Masters.Domain.ItemMaster.PartPurchaseDetails, CWB.Masters, Version=1.0.0.0, Culture=neutral, PublicKeyToken=null]] -> System.Collections.Generic.IEnumerable`1[[CWB.Masters.ViewModels.ItemMaster.PartPurchaseDetailsVM, CWB.Masters, Version=1.0.0.0, Culture=neutral, PublicKeyToken=null]]
 ---> System.InvalidOperationException: An exception has been raised that is likely due to a transient failure. Consider enabling transient error resiliency by adding 'EnableRetryOnFailure()' to the 'UseMySql' call.
 ---> MySqlConnector.MySqlException (0x80004005): Connect Timeout expired. All pooled connections are in use.
   at MySqlConnector.MySqlConnection.CreateSessionAsync(ConnectionPool pool, Int32 startTickCount, Nullable`1 ioBehavior, CancellationToken cancellationToken) in /_/src/MySqlConnector/MySqlConnection.cs:line 902
   at MySqlConnector.MySqlConnection.OpenAsync(Nullable`1 ioBehavior, CancellationToken cancellationToken) in /_/src/MySqlConnector/MySqlConnection.cs:line 435
   at MySqlConnector.MySqlConnection.Open() in /_/src/MySqlConnector/MySqlConnection.cs:line 380
   at Microsoft.EntityFrameworkCore.Storage.RelationalConnection.OpenInternal(Boolean errorsExpected)
   at Microsoft.EntityFrameworkCore.Storage.RelationalConnection.Open(Boolean errorsExpected)
   at Pomelo.EntityFrameworkCore.MySql.Storage.Internal.MySqlRelationalConnection.Open(Boolean errorsExpected)
   at Microsoft.EntityFrameworkCore.Storage.RelationalCommand.ExecuteReader(RelationalCommandParameterObject parameterObject)
   at Microsoft.EntityFrameworkCore.Query.Internal.SingleQueryingEnumerable`1.Enumerator.InitializeReader(DbContext _, Boolean result)
   at Pomelo.EntityFrameworkCore.MySql.Storage.Internal.MySqlExecutionStrategy.Execute[TState,TResult](TState state, Func`3 operation, Func`3 verifySucceeded)
   --- End of inner exception stack trace ---
   at Pomelo.EntityFrameworkCore.MySql.Storage.Internal.MySqlExecutionStrategy.Execute[TState,TResult](TState state, Func`3 operation, Func`3 verifySucceeded)
   at Microsoft.EntityFrameworkCore.Query.Internal.SingleQueryingEnumerable`1.Enumerator.MoveNext()
   at lambda_method(Closure , Object , IEnumerable`1 , ResolutionContext )
   --- End of inner exception stack trace ---
   at lambda_method(Closure , Object , IEnumerable`1 , ResolutionContext )
   at CWB.Masters.Services.ItemMaster.RawMaterialDetailService.GetPartPurchasesForPartNo(Int32 partId, Int64 tenantId) in D:\DockerTestCWB\CWB-Latest\CWB\CWB.Masters\Services\ItemMaster\RawMaterialDetailService.cs:line 262
   at CWB.Masters.Controllers.RawMaterialDetailController.GetPartPurchasesForPartId(Int32 partId, Int64 tenantId) in D:\DockerTestCWB\CWB-Latest\CWB\CWB.Masters\Controllers\RawMaterialDetailController.cs:line 353
   at lambda_method(Closure , Object , Object[] )
   at Microsoft.AspNetCore.Mvc.Infrastructure.ActionMethodExecutor.SyncActionResultExecutor.Execute(IActionResultTypeMapper mapper, ObjectMethodExecutor executor, Object controller, Object[] arguments)
   at Microsoft.AspNetCore.Mvc.Infrastructure.ControllerActionInvoker.InvokeActionMethodAsync()
   at Microsoft.AspNetCore.Mvc.Infrastructure.ControllerActionInvoker.Next(State& next, Scope& scope, Object& state, Boolean& isCompleted)
   at Microsoft.AspNetCore.Mvc.Infrastructure.ControllerActionInvoker.InvokeNextActionFilterAsync()
--- End of stack trace from previous location where exception was thrown ---
   at Microsoft.AspNetCore.Mvc.Infrastructure.ControllerActionInvoker.Rethrow(ActionExecutedContextSealed context)
   at Microsoft.AspNetCore.Mvc.Infrastructure.ControllerActionInvoker.Next(State& next, Scope& scope, Object& state, Boolean& isCompleted)
   at Microsoft.AspNetCore.Mvc.Infrastructure.ControllerActionInvoker.InvokeInnerFilterAsync()
--- End of stack trace from previous location where exception was thrown ---
   at Microsoft.AspNetCore.Mvc.Infrastructure.ResourceInvoker.<InvokeFilterPipelineAsync>g__Awaited|19_0(ResourceInvoker invoker, Task lastTask, State next, Scope scope, Object state, Boolean isCompleted)
   at Microsoft.AspNetCore.Mvc.Infrastructure.ResourceInvoker.<InvokeAsync>g__Awaited|17_0(ResourceInvoker invoker, Task task, IDisposable scope)
   at Microsoft.AspNetCore.Routing.EndpointMiddleware.<Invoke>g__AwaitRequestTask|6_0(Endpoint endpoint, Task requestTask, ILogger logger)
   at Microsoft.AspNetCore.Authorization.AuthorizationMiddleware.Invoke(HttpContext context)
   at Microsoft.AspNetCore.Authentication.AuthenticationMiddleware.Invoke(HttpContext context)
   at CWB.ExceptionHandling.ExceptionMiddleware.InvokeAsync(HttpContext httpContext) in D:\EvolutionSoftware\CWB-Latest\CWB\CWB.ExceptionHandling\ExceptionMiddleware.cs:line 26
2025-12-04 12:32:14.4888 ERROR Error: AutoMapper.AutoMapperMappingException: Error mapping types.

Mapping types:
EntityQueryable`1 -> IEnumerable`1
Microsoft.EntityFrameworkCore.Query.Internal.EntityQueryable`1[[CWB.Masters.Domain.ItemMaster.PartPurchaseDetails, CWB.Masters, Version=1.0.0.0, Culture=neutral, PublicKeyToken=null]] -> System.Collections.Generic.IEnumerable`1[[CWB.Masters.ViewModels.ItemMaster.PartPurchaseDetailsVM, CWB.Masters, Version=1.0.0.0, Culture=neutral, PublicKeyToken=null]]
 ---> System.InvalidOperationException: An exception has been raised that is likely due to a transient failure. Consider enabling transient error resiliency by adding 'EnableRetryOnFailure()' to the 'UseMySql' call.
 ---> MySqlConnector.MySqlException (0x80004005): Connect Timeout expired. All pooled connections are in use.
   at MySqlConnector.MySqlConnection.CreateSessionAsync(ConnectionPool pool, Int32 startTickCount, Nullable`1 ioBehavior, CancellationToken cancellationToken) in /_/src/MySqlConnector/MySqlConnection.cs:line 902
   at MySqlConnector.MySqlConnection.OpenAsync(Nullable`1 ioBehavior, CancellationToken cancellationToken) in /_/src/MySqlConnector/MySqlConnection.cs:line 435
   at MySqlConnector.MySqlConnection.Open() in /_/src/MySqlConnector/MySqlConnection.cs:line 380
   at Microsoft.EntityFrameworkCore.Storage.RelationalConnection.OpenInternal(Boolean errorsExpected)
   at Microsoft.EntityFrameworkCore.Storage.RelationalConnection.Open(Boolean errorsExpected)
   at Pomelo.EntityFrameworkCore.MySql.Storage.Internal.MySqlRelationalConnection.Open(Boolean errorsExpected)
   at Microsoft.EntityFrameworkCore.Storage.RelationalCommand.ExecuteReader(RelationalCommandParameterObject parameterObject)
   at Microsoft.EntityFrameworkCore.Query.Internal.SingleQueryingEnumerable`1.Enumerator.InitializeReader(DbContext _, Boolean result)
   at Pomelo.EntityFrameworkCore.MySql.Storage.Internal.MySqlExecutionStrategy.Execute[TState,TResult](TState state, Func`3 operation, Func`3 verifySucceeded)
   --- End of inner exception stack trace ---
   at Pomelo.EntityFrameworkCore.MySql.Storage.Internal.MySqlExecutionStrategy.Execute[TState,TResult](TState state, Func`3 operation, Func`3 verifySucceeded)
   at Microsoft.EntityFrameworkCore.Query.Internal.SingleQueryingEnumerable`1.Enumerator.MoveNext()
   at lambda_method(Closure , Object , IEnumerable`1 , ResolutionContext )
   --- End of inner exception stack trace ---
   at lambda_method(Closure , Object , IEnumerable`1 , ResolutionContext )
   at CWB.Masters.Services.ItemMaster.RawMaterialDetailService.GetPartPurchasesForPartNo(Int32 partId, Int64 tenantId) in D:\DockerTestCWB\CWB-Latest\CWB\CWB.Masters\Services\ItemMaster\RawMaterialDetailService.cs:line 262
   at CWB.Masters.Controllers.RawMaterialDetailController.GetPartPurchasesForPartId(Int32 partId, Int64 tenantId) in D:\DockerTestCWB\CWB-Latest\CWB\CWB.Masters\Controllers\RawMaterialDetailController.cs:line 353
   at lambda_method(Closure , Object , Object[] )
   at Microsoft.AspNetCore.Mvc.Infrastructure.ActionMethodExecutor.SyncActionResultExecutor.Execute(IActionResultTypeMapper mapper, ObjectMethodExecutor executor, Object controller, Object[] arguments)
   at Microsoft.AspNetCore.Mvc.Infrastructure.ControllerActionInvoker.InvokeActionMethodAsync()
   at Microsoft.AspNetCore.Mvc.Infrastructure.ControllerActionInvoker.Next(State& next, Scope& scope, Object& state, Boolean& isCompleted)
   at Microsoft.AspNetCore.Mvc.Infrastructure.ControllerActionInvoker.InvokeNextActionFilterAsync()
--- End of stack trace from previous location where exception was thrown ---
   at Microsoft.AspNetCore.Mvc.Infrastructure.ControllerActionInvoker.Rethrow(ActionExecutedContextSealed context)
   at Microsoft.AspNetCore.Mvc.Infrastructure.ControllerActionInvoker.Next(State& next, Scope& scope, Object& state, Boolean& isCompleted)
   at Microsoft.AspNetCore.Mvc.Infrastructure.ControllerActionInvoker.InvokeInnerFilterAsync()
--- End of stack trace from previous location where exception was thrown ---
   at Microsoft.AspNetCore.Mvc.Infrastructure.ResourceInvoker.<InvokeFilterPipelineAsync>g__Awaited|19_0(ResourceInvoker invoker, Task lastTask, State next, Scope scope, Object state, Boolean isCompleted)
   at Microsoft.AspNetCore.Mvc.Infrastructure.ResourceInvoker.<InvokeAsync>g__Awaited|17_0(ResourceInvoker invoker, Task task, IDisposable scope)
   at Microsoft.AspNetCore.Routing.EndpointMiddleware.<Invoke>g__AwaitRequestTask|6_0(Endpoint endpoint, Task requestTask, ILogger logger)
   at Microsoft.AspNetCore.Authorization.AuthorizationMiddleware.Invoke(HttpContext context)
   at Microsoft.AspNetCore.Authentication.AuthenticationMiddleware.Invoke(HttpContext context)
   at CWB.ExceptionHandling.ExceptionMiddleware.InvokeAsync(HttpContext httpContext) in D:\EvolutionSoftware\CWB-Latest\CWB\CWB.ExceptionHandling\ExceptionMiddleware.cs:line 26
2025-12-04 12:32:15.2722 ERROR Error: AutoMapper.AutoMapperMappingException: Error mapping types.

Mapping types:
EntityQueryable`1 -> IEnumerable`1
Microsoft.EntityFrameworkCore.Query.Internal.EntityQueryable`1[[CWB.Masters.Domain.ItemMaster.PartPurchaseDetails, CWB.Masters, Version=1.0.0.0, Culture=neutral, PublicKeyToken=null]] -> System.Collections.Generic.IEnumerable`1[[CWB.Masters.ViewModels.ItemMaster.PartPurchaseDetailsVM, CWB.Masters, Version=1.0.0.0, Culture=neutral, PublicKeyToken=null]]
 ---> System.InvalidOperationException: An exception has been raised that is likely due to a transient failure. Consider enabling transient error resiliency by adding 'EnableRetryOnFailure()' to the 'UseMySql' call.
 ---> MySqlConnector.MySqlException (0x80004005): Connect Timeout expired. All pooled connections are in use.
   at MySqlConnector.MySqlConnection.CreateSessionAsync(ConnectionPool pool, Int32 startTickCount, Nullable`1 ioBehavior, CancellationToken cancellationToken) in /_/src/MySqlConnector/MySqlConnection.cs:line 902
   at MySqlConnector.MySqlConnection.OpenAsync(Nullable`1 ioBehavior, CancellationToken cancellationToken) in /_/src/MySqlConnector/MySqlConnection.cs:line 435
   at MySqlConnector.MySqlConnection.Open() in /_/src/MySqlConnector/MySqlConnection.cs:line 380
   at Microsoft.EntityFrameworkCore.Storage.RelationalConnection.OpenInternal(Boolean errorsExpected)
   at Microsoft.EntityFrameworkCore.Storage.RelationalConnection.Open(Boolean errorsExpected)
   at Pomelo.EntityFrameworkCore.MySql.Storage.Internal.MySqlRelationalConnection.Open(Boolean errorsExpected)
   at Microsoft.EntityFrameworkCore.Storage.RelationalCommand.ExecuteReader(RelationalCommandParameterObject parameterObject)
   at Microsoft.EntityFrameworkCore.Query.Internal.SingleQueryingEnumerable`1.Enumerator.InitializeReader(DbContext _, Boolean result)
   at Pomelo.EntityFrameworkCore.MySql.Storage.Internal.MySqlExecutionStrategy.Execute[TState,TResult](TState state, Func`3 operation, Func`3 verifySucceeded)
   --- End of inner exception stack trace ---
   at Pomelo.EntityFrameworkCore.MySql.Storage.Internal.MySqlExecutionStrategy.Execute[TState,TResult](TState state, Func`3 operation, Func`3 verifySucceeded)
   at Microsoft.EntityFrameworkCore.Query.Internal.SingleQueryingEnumerable`1.Enumerator.MoveNext()
   at lambda_method(Closure , Object , IEnumerable`1 , ResolutionContext )
   --- End of inner exception stack trace ---
   at lambda_method(Closure , Object , IEnumerable`1 , ResolutionContext )
   at CWB.Masters.Services.ItemMaster.RawMaterialDetailService.GetPartPurchasesForPartNo(Int32 partId, Int64 tenantId) in D:\DockerTestCWB\CWB-Latest\CWB\CWB.Masters\Services\ItemMaster\RawMaterialDetailService.cs:line 262
   at CWB.Masters.Controllers.RawMaterialDetailController.GetPartPurchasesForPartId(Int32 partId, Int64 tenantId) in D:\DockerTestCWB\CWB-Latest\CWB\CWB.Masters\Controllers\RawMaterialDetailController.cs:line 353
   at lambda_method(Closure , Object , Object[] )
   at Microsoft.AspNetCore.Mvc.Infrastructure.ActionMethodExecutor.SyncActionResultExecutor.Execute(IActionResultTypeMapper mapper, ObjectMethodExecutor executor, Object controller, Object[] arguments)
   at Microsoft.AspNetCore.Mvc.Infrastructure.ControllerActionInvoker.InvokeActionMethodAsync()
   at Microsoft.AspNetCore.Mvc.Infrastructure.ControllerActionInvoker.Next(State& next, Scope& scope, Object& state, Boolean& isCompleted)
   at Microsoft.AspNetCore.Mvc.Infrastructure.ControllerActionInvoker.InvokeNextActionFilterAsync()
--- End of stack trace from previous location where exception was thrown ---
   at Microsoft.AspNetCore.Mvc.Infrastructure.ControllerActionInvoker.Rethrow(ActionExecutedContextSealed context)
   at Microsoft.AspNetCore.Mvc.Infrastructure.ControllerActionInvoker.Next(State& next, Scope& scope, Object& state, Boolean& isCompleted)
   at Microsoft.AspNetCore.Mvc.Infrastructure.ControllerActionInvoker.InvokeInnerFilterAsync()
--- End of stack trace from previous location where exception was thrown ---
   at Microsoft.AspNetCore.Mvc.Infrastructure.ResourceInvoker.<InvokeFilterPipelineAsync>g__Awaited|19_0(ResourceInvoker invoker, Task lastTask, State next, Scope scope, Object state, Boolean isCompleted)
   at Microsoft.AspNetCore.Mvc.Infrastructure.ResourceInvoker.<InvokeAsync>g__Awaited|17_0(ResourceInvoker invoker, Task task, IDisposable scope)
   at Microsoft.AspNetCore.Routing.EndpointMiddleware.<Invoke>g__AwaitRequestTask|6_0(Endpoint endpoint, Task requestTask, ILogger logger)
   at Microsoft.AspNetCore.Authorization.AuthorizationMiddleware.Invoke(HttpContext context)
   at Microsoft.AspNetCore.Authentication.AuthenticationMiddleware.Invoke(HttpContext context)
   at CWB.ExceptionHandling.ExceptionMiddleware.InvokeAsync(HttpContext httpContext) in D:\EvolutionSoftware\CWB-Latest\CWB\CWB.ExceptionHandling\ExceptionMiddleware.cs:line 26
2025-12-04 12:32:16.8168 ERROR Error: AutoMapper.AutoMapperMappingException: Error mapping types.

Mapping types:
EntityQueryable`1 -> IEnumerable`1
Microsoft.EntityFrameworkCore.Query.Internal.EntityQueryable`1[[CWB.Masters.Domain.ItemMaster.PartPurchaseDetails, CWB.Masters, Version=1.0.0.0, Culture=neutral, PublicKeyToken=null]] -> System.Collections.Generic.IEnumerable`1[[CWB.Masters.ViewModels.ItemMaster.PartPurchaseDetailsVM, CWB.Masters, Version=1.0.0.0, Culture=neutral, PublicKeyToken=null]]
 ---> System.InvalidOperationException: An exception has been raised that is likely due to a transient failure. Consider enabling transient error resiliency by adding 'EnableRetryOnFailure()' to the 'UseMySql' call.
 ---> MySqlConnector.MySqlException (0x80004005): Connect Timeout expired. All pooled connections are in use.
   at MySqlConnector.MySqlConnection.CreateSessionAsync(ConnectionPool pool, Int32 startTickCount, Nullable`1 ioBehavior, CancellationToken cancellationToken) in /_/src/MySqlConnector/MySqlConnection.cs:line 902
   at MySqlConnector.MySqlConnection.OpenAsync(Nullable`1 ioBehavior, CancellationToken cancellationToken) in /_/src/MySqlConnector/MySqlConnection.cs:line 435
   at MySqlConnector.MySqlConnection.Open() in /_/src/MySqlConnector/MySqlConnection.cs:line 380
   at Microsoft.EntityFrameworkCore.Storage.RelationalConnection.OpenInternal(Boolean errorsExpected)
   at Microsoft.EntityFrameworkCore.Storage.RelationalConnection.Open(Boolean errorsExpected)
   at Pomelo.EntityFrameworkCore.MySql.Storage.Internal.MySqlRelationalConnection.Open(Boolean errorsExpected)
   at Microsoft.EntityFrameworkCore.Storage.RelationalCommand.ExecuteReader(RelationalCommandParameterObject parameterObject)
   at Microsoft.EntityFrameworkCore.Query.Internal.SingleQueryingEnumerable`1.Enumerator.InitializeReader(DbContext _, Boolean result)
   at Pomelo.EntityFrameworkCore.MySql.Storage.Internal.MySqlExecutionStrategy.Execute[TState,TResult](TState state, Func`3 operation, Func`3 verifySucceeded)
   --- End of inner exception stack trace ---
   at Pomelo.EntityFrameworkCore.MySql.Storage.Internal.MySqlExecutionStrategy.Execute[TState,TResult](TState state, Func`3 operation, Func`3 verifySucceeded)
   at Microsoft.EntityFrameworkCore.Query.Internal.SingleQueryingEnumerable`1.Enumerator.MoveNext()
   at lambda_method(Closure , Object , IEnumerable`1 , ResolutionContext )
   --- End of inner exception stack trace ---
   at lambda_method(Closure , Object , IEnumerable`1 , ResolutionContext )
   at CWB.Masters.Services.ItemMaster.RawMaterialDetailService.GetPartPurchasesForPartNo(Int32 partId, Int64 tenantId) in D:\DockerTestCWB\CWB-Latest\CWB\CWB.Masters\Services\ItemMaster\RawMaterialDetailService.cs:line 262
   at CWB.Masters.Controllers.RawMaterialDetailController.GetPartPurchasesForPartId(Int32 partId, Int64 tenantId) in D:\DockerTestCWB\CWB-Latest\CWB\CWB.Masters\Controllers\RawMaterialDetailController.cs:line 353
   at lambda_method(Closure , Object , Object[] )
   at Microsoft.AspNetCore.Mvc.Infrastructure.ActionMethodExecutor.SyncActionResultExecutor.Execute(IActionResultTypeMapper mapper, ObjectMethodExecutor executor, Object controller, Object[] arguments)
   at Microsoft.AspNetCore.Mvc.Infrastructure.ControllerActionInvoker.InvokeActionMethodAsync()
   at Microsoft.AspNetCore.Mvc.Infrastructure.ControllerActionInvoker.Next(State& next, Scope& scope, Object& state, Boolean& isCompleted)
   at Microsoft.AspNetCore.Mvc.Infrastructure.ControllerActionInvoker.InvokeNextActionFilterAsync()
--- End of stack trace from previous location where exception was thrown ---
   at Microsoft.AspNetCore.Mvc.Infrastructure.ControllerActionInvoker.Rethrow(ActionExecutedContextSealed context)
   at Microsoft.AspNetCore.Mvc.Infrastructure.ControllerActionInvoker.Next(State& next, Scope& scope, Object& state, Boolean& isCompleted)
   at Microsoft.AspNetCore.Mvc.Infrastructure.ControllerActionInvoker.InvokeInnerFilterAsync()
--- End of stack trace from previous location where exception was thrown ---
   at Microsoft.AspNetCore.Mvc.Infrastructure.ResourceInvoker.<InvokeFilterPipelineAsync>g__Awaited|19_0(ResourceInvoker invoker, Task lastTask, State next, Scope scope, Object state, Boolean isCompleted)
   at Microsoft.AspNetCore.Mvc.Infrastructure.ResourceInvoker.<InvokeAsync>g__Awaited|17_0(ResourceInvoker invoker, Task task, IDisposable scope)
   at Microsoft.AspNetCore.Routing.EndpointMiddleware.<Invoke>g__AwaitRequestTask|6_0(Endpoint endpoint, Task requestTask, ILogger logger)
   at Microsoft.AspNetCore.Authorization.AuthorizationMiddleware.Invoke(HttpContext context)
   at Microsoft.AspNetCore.Authentication.AuthenticationMiddleware.Invoke(HttpContext context)
   at CWB.ExceptionHandling.ExceptionMiddleware.InvokeAsync(HttpContext httpContext) in D:\EvolutionSoftware\CWB-Latest\CWB\CWB.ExceptionHandling\ExceptionMiddleware.cs:line 26
2025-12-04 12:32:16.8168 ERROR Error: AutoMapper.AutoMapperMappingException: Error mapping types.

Mapping types:
EntityQueryable`1 -> IEnumerable`1
Microsoft.EntityFrameworkCore.Query.Internal.EntityQueryable`1[[CWB.Masters.Domain.ItemMaster.PartPurchaseDetails, CWB.Masters, Version=1.0.0.0, Culture=neutral, PublicKeyToken=null]] -> System.Collections.Generic.IEnumerable`1[[CWB.Masters.ViewModels.ItemMaster.PartPurchaseDetailsVM, CWB.Masters, Version=1.0.0.0, Culture=neutral, PublicKeyToken=null]]
 ---> System.InvalidOperationException: An exception has been raised that is likely due to a transient failure. Consider enabling transient error resiliency by adding 'EnableRetryOnFailure()' to the 'UseMySql' call.
 ---> MySqlConnector.MySqlException (0x80004005): Connect Timeout expired. All pooled connections are in use.
   at MySqlConnector.MySqlConnection.CreateSessionAsync(ConnectionPool pool, Int32 startTickCount, Nullable`1 ioBehavior, CancellationToken cancellationToken) in /_/src/MySqlConnector/MySqlConnection.cs:line 902
   at MySqlConnector.MySqlConnection.OpenAsync(Nullable`1 ioBehavior, CancellationToken cancellationToken) in /_/src/MySqlConnector/MySqlConnection.cs:line 435
   at MySqlConnector.MySqlConnection.Open() in /_/src/MySqlConnector/MySqlConnection.cs:line 380
   at Microsoft.EntityFrameworkCore.Storage.RelationalConnection.OpenInternal(Boolean errorsExpected)
   at Microsoft.EntityFrameworkCore.Storage.RelationalConnection.Open(Boolean errorsExpected)
   at Pomelo.EntityFrameworkCore.MySql.Storage.Internal.MySqlRelationalConnection.Open(Boolean errorsExpected)
   at Microsoft.EntityFrameworkCore.Storage.RelationalCommand.ExecuteReader(RelationalCommandParameterObject parameterObject)
   at Microsoft.EntityFrameworkCore.Query.Internal.SingleQueryingEnumerable`1.Enumerator.InitializeReader(DbContext _, Boolean result)
   at Pomelo.EntityFrameworkCore.MySql.Storage.Internal.MySqlExecutionStrategy.Execute[TState,TResult](TState state, Func`3 operation, Func`3 verifySucceeded)
   --- End of inner exception stack trace ---
   at Pomelo.EntityFrameworkCore.MySql.Storage.Internal.MySqlExecutionStrategy.Execute[TState,TResult](TState state, Func`3 operation, Func`3 verifySucceeded)
   at Microsoft.EntityFrameworkCore.Query.Internal.SingleQueryingEnumerable`1.Enumerator.MoveNext()
   at lambda_method(Closure , Object , IEnumerable`1 , ResolutionContext )
   --- End of inner exception stack trace ---
   at lambda_method(Closure , Object , IEnumerable`1 , ResolutionContext )
   at CWB.Masters.Services.ItemMaster.RawMaterialDetailService.GetPartPurchasesForPartNo(Int32 partId, Int64 tenantId) in D:\DockerTestCWB\CWB-Latest\CWB\CWB.Masters\Services\ItemMaster\RawMaterialDetailService.cs:line 262
   at CWB.Masters.Controllers.RawMaterialDetailController.GetPartPurchasesForPartId(Int32 partId, Int64 tenantId) in D:\DockerTestCWB\CWB-Latest\CWB\CWB.Masters\Controllers\RawMaterialDetailController.cs:line 353
   at lambda_method(Closure , Object , Object[] )
   at Microsoft.AspNetCore.Mvc.Infrastructure.ActionMethodExecutor.SyncActionResultExecutor.Execute(IActionResultTypeMapper mapper, ObjectMethodExecutor executor, Object controller, Object[] arguments)
   at Microsoft.AspNetCore.Mvc.Infrastructure.ControllerActionInvoker.InvokeActionMethodAsync()
   at Microsoft.AspNetCore.Mvc.Infrastructure.ControllerActionInvoker.Next(State& next, Scope& scope, Object& state, Boolean& isCompleted)
   at Microsoft.AspNetCore.Mvc.Infrastructure.ControllerActionInvoker.InvokeNextActionFilterAsync()
--- End of stack trace from previous location where exception was thrown ---
   at Microsoft.AspNetCore.Mvc.Infrastructure.ControllerActionInvoker.Rethrow(ActionExecutedContextSealed context)
   at Microsoft.AspNetCore.Mvc.Infrastructure.ControllerActionInvoker.Next(State& next, Scope& scope, Object& state, Boolean& isCompleted)
   at Microsoft.AspNetCore.Mvc.Infrastructure.ControllerActionInvoker.InvokeInnerFilterAsync()
--- End of stack trace from previous location where exception was thrown ---
   at Microsoft.AspNetCore.Mvc.Infrastructure.ResourceInvoker.<InvokeFilterPipelineAsync>g__Awaited|19_0(ResourceInvoker invoker, Task lastTask, State next, Scope scope, Object state, Boolean isCompleted)
   at Microsoft.AspNetCore.Mvc.Infrastructure.ResourceInvoker.<InvokeAsync>g__Awaited|17_0(ResourceInvoker invoker, Task task, IDisposable scope)
   at Microsoft.AspNetCore.Routing.EndpointMiddleware.<Invoke>g__AwaitRequestTask|6_0(Endpoint endpoint, Task requestTask, ILogger logger)
   at Microsoft.AspNetCore.Authorization.AuthorizationMiddleware.Invoke(HttpContext context)
   at Microsoft.AspNetCore.Authentication.AuthenticationMiddleware.Invoke(HttpContext context)
   at CWB.ExceptionHandling.ExceptionMiddleware.InvokeAsync(HttpContext httpContext) in D:\EvolutionSoftware\CWB-Latest\CWB\CWB.ExceptionHandling\ExceptionMiddleware.cs:line 26
2025-12-04 12:32:16.8168 ERROR Error: AutoMapper.AutoMapperMappingException: Error mapping types.

Mapping types:
EntityQueryable`1 -> IEnumerable`1
Microsoft.EntityFrameworkCore.Query.Internal.EntityQueryable`1[[CWB.Masters.Domain.ItemMaster.PartPurchaseDetails, CWB.Masters, Version=1.0.0.0, Culture=neutral, PublicKeyToken=null]] -> System.Collections.Generic.IEnumerable`1[[CWB.Masters.ViewModels.ItemMaster.PartPurchaseDetailsVM, CWB.Masters, Version=1.0.0.0, Culture=neutral, PublicKeyToken=null]]
 ---> System.InvalidOperationException: An exception has been raised that is likely due to a transient failure. Consider enabling transient error resiliency by adding 'EnableRetryOnFailure()' to the 'UseMySql' call.
 ---> MySqlConnector.MySqlException (0x80004005): Connect Timeout expired. All pooled connections are in use.
   at MySqlConnector.MySqlConnection.CreateSessionAsync(ConnectionPool pool, Int32 startTickCount, Nullable`1 ioBehavior, CancellationToken cancellationToken) in /_/src/MySqlConnector/MySqlConnection.cs:line 902
   at MySqlConnector.MySqlConnection.OpenAsync(Nullable`1 ioBehavior, CancellationToken cancellationToken) in /_/src/MySqlConnector/MySqlConnection.cs:line 435
   at MySqlConnector.MySqlConnection.Open() in /_/src/MySqlConnector/MySqlConnection.cs:line 380
   at Microsoft.EntityFrameworkCore.Storage.RelationalConnection.OpenInternal(Boolean errorsExpected)
   at Microsoft.EntityFrameworkCore.Storage.RelationalConnection.Open(Boolean errorsExpected)
   at Pomelo.EntityFrameworkCore.MySql.Storage.Internal.MySqlRelationalConnection.Open(Boolean errorsExpected)
   at Microsoft.EntityFrameworkCore.Storage.RelationalCommand.ExecuteReader(RelationalCommandParameterObject parameterObject)
   at Microsoft.EntityFrameworkCore.Query.Internal.SingleQueryingEnumerable`1.Enumerator.InitializeReader(DbContext _, Boolean result)
   at Pomelo.EntityFrameworkCore.MySql.Storage.Internal.MySqlExecutionStrategy.Execute[TState,TResult](TState state, Func`3 operation, Func`3 verifySucceeded)
   --- End of inner exception stack trace ---
   at Pomelo.EntityFrameworkCore.MySql.Storage.Internal.MySqlExecutionStrategy.Execute[TState,TResult](TState state, Func`3 operation, Func`3 verifySucceeded)
   at Microsoft.EntityFrameworkCore.Query.Internal.SingleQueryingEnumerable`1.Enumerator.MoveNext()
   at lambda_method(Closure , Object , IEnumerable`1 , ResolutionContext )
   --- End of inner exception stack trace ---
   at lambda_method(Closure , Object , IEnumerable`1 , ResolutionContext )
   at CWB.Masters.Services.ItemMaster.RawMaterialDetailService.GetPartPurchasesForPartNo(Int32 partId, Int64 tenantId) in D:\DockerTestCWB\CWB-Latest\CWB\CWB.Masters\Services\ItemMaster\RawMaterialDetailService.cs:line 262
   at CWB.Masters.Controllers.RawMaterialDetailController.GetPartPurchasesForPartId(Int32 partId, Int64 tenantId) in D:\DockerTestCWB\CWB-Latest\CWB\CWB.Masters\Controllers\RawMaterialDetailController.cs:line 353
   at lambda_method(Closure , Object , Object[] )
   at Microsoft.AspNetCore.Mvc.Infrastructure.ActionMethodExecutor.SyncActionResultExecutor.Execute(IActionResultTypeMapper mapper, ObjectMethodExecutor executor, Object controller, Object[] arguments)
   at Microsoft.AspNetCore.Mvc.Infrastructure.ControllerActionInvoker.InvokeActionMethodAsync()
   at Microsoft.AspNetCore.Mvc.Infrastructure.ControllerActionInvoker.Next(State& next, Scope& scope, Object& state, Boolean& isCompleted)
   at Microsoft.AspNetCore.Mvc.Infrastructure.ControllerActionInvoker.InvokeNextActionFilterAsync()
--- End of stack trace from previous location where exception was thrown ---
   at Microsoft.AspNetCore.Mvc.Infrastructure.ControllerActionInvoker.Rethrow(ActionExecutedContextSealed context)
   at Microsoft.AspNetCore.Mvc.Infrastructure.ControllerActionInvoker.Next(State& next, Scope& scope, Object& state, Boolean& isCompleted)
   at Microsoft.AspNetCore.Mvc.Infrastructure.ControllerActionInvoker.InvokeInnerFilterAsync()
--- End of stack trace from previous location where exception was thrown ---
   at Microsoft.AspNetCore.Mvc.Infrastructure.ResourceInvoker.<InvokeFilterPipelineAsync>g__Awaited|19_0(ResourceInvoker invoker, Task lastTask, State next, Scope scope, Object state, Boolean isCompleted)
   at Microsoft.AspNetCore.Mvc.Infrastructure.ResourceInvoker.<InvokeAsync>g__Awaited|17_0(ResourceInvoker invoker, Task task, IDisposable scope)
   at Microsoft.AspNetCore.Routing.EndpointMiddleware.<Invoke>g__AwaitRequestTask|6_0(Endpoint endpoint, Task requestTask, ILogger logger)
   at Microsoft.AspNetCore.Authorization.AuthorizationMiddleware.Invoke(HttpContext context)
   at Microsoft.AspNetCore.Authentication.AuthenticationMiddleware.Invoke(HttpContext context)
   at CWB.ExceptionHandling.ExceptionMiddleware.InvokeAsync(HttpContext httpContext) in D:\EvolutionSoftware\CWB-Latest\CWB\CWB.ExceptionHandling\ExceptionMiddleware.cs:line 26
2025-12-04 14:40:11.2922 ERROR Error: AutoMapper.AutoMapperMappingException: Error mapping types.

Mapping types:
EntityQueryable`1 -> IEnumerable`1
Microsoft.EntityFrameworkCore.Query.Internal.EntityQueryable`1[[CWB.Masters.Domain.ItemMaster.PartPurchaseDetails, CWB.Masters, Version=1.0.0.0, Culture=neutral, PublicKeyToken=null]] -> System.Collections.Generic.IEnumerable`1[[CWB.Masters.ViewModels.ItemMaster.PartPurchaseDetailsVM, CWB.Masters, Version=1.0.0.0, Culture=neutral, PublicKeyToken=null]]
 ---> System.InvalidOperationException: An exception has been raised that is likely due to a transient failure. Consider enabling transient error resiliency by adding 'EnableRetryOnFailure()' to the 'UseMySql' call.
 ---> MySqlConnector.MySqlException (0x80004005): Connect Timeout expired. All pooled connections are in use.
   at MySqlConnector.MySqlConnection.CreateSessionAsync(ConnectionPool pool, Int32 startTickCount, Nullable`1 ioBehavior, CancellationToken cancellationToken) in /_/src/MySqlConnector/MySqlConnection.cs:line 902
   at MySqlConnector.MySqlConnection.OpenAsync(Nullable`1 ioBehavior, CancellationToken cancellationToken) in /_/src/MySqlConnector/MySqlConnection.cs:line 435
   at MySqlConnector.MySqlConnection.Open() in /_/src/MySqlConnector/MySqlConnection.cs:line 380
   at Microsoft.EntityFrameworkCore.Storage.RelationalConnection.OpenInternal(Boolean errorsExpected)
   at Microsoft.EntityFrameworkCore.Storage.RelationalConnection.Open(Boolean errorsExpected)
   at Pomelo.EntityFrameworkCore.MySql.Storage.Internal.MySqlRelationalConnection.Open(Boolean errorsExpected)
   at Microsoft.EntityFrameworkCore.Storage.RelationalCommand.ExecuteReader(RelationalCommandParameterObject parameterObject)
   at Microsoft.EntityFrameworkCore.Query.Internal.SingleQueryingEnumerable`1.Enumerator.InitializeReader(DbContext _, Boolean result)
   at Pomelo.EntityFrameworkCore.MySql.Storage.Internal.MySqlExecutionStrategy.Execute[TState,TResult](TState state, Func`3 operation, Func`3 verifySucceeded)
   --- End of inner exception stack trace ---
   at Pomelo.EntityFrameworkCore.MySql.Storage.Internal.MySqlExecutionStrategy.Execute[TState,TResult](TState state, Func`3 operation, Func`3 verifySucceeded)
   at Microsoft.EntityFrameworkCore.Query.Internal.SingleQueryingEnumerable`1.Enumerator.MoveNext()
   at lambda_method(Closure , Object , IEnumerable`1 , ResolutionContext )
   --- End of inner exception stack trace ---
   at lambda_method(Closure , Object , IEnumerable`1 , ResolutionContext )
   at CWB.Masters.Services.ItemMaster.RawMaterialDetailService.GetPartPurchasesForPartNo(Int32 partId, Int64 tenantId) in D:\DockerTestCWB\CWB-Latest\CWB\CWB.Masters\Services\ItemMaster\RawMaterialDetailService.cs:line 262
   at CWB.Masters.Controllers.RawMaterialDetailController.GetPartPurchasesForPartId(Int32 partId, Int64 tenantId) in D:\DockerTestCWB\CWB-Latest\CWB\CWB.Masters\Controllers\RawMaterialDetailController.cs:line 353
   at lambda_method(Closure , Object , Object[] )
   at Microsoft.AspNetCore.Mvc.Infrastructure.ActionMethodExecutor.SyncActionResultExecutor.Execute(IActionResultTypeMapper mapper, ObjectMethodExecutor executor, Object controller, Object[] arguments)
   at Microsoft.AspNetCore.Mvc.Infrastructure.ControllerActionInvoker.InvokeActionMethodAsync()
   at Microsoft.AspNetCore.Mvc.Infrastructure.ControllerActionInvoker.Next(State& next, Scope& scope, Object& state, Boolean& isCompleted)
   at Microsoft.AspNetCore.Mvc.Infrastructure.ControllerActionInvoker.InvokeNextActionFilterAsync()
--- End of stack trace from previous location where exception was thrown ---
   at Microsoft.AspNetCore.Mvc.Infrastructure.ControllerActionInvoker.Rethrow(ActionExecutedContextSealed context)
   at Microsoft.AspNetCore.Mvc.Infrastructure.ControllerActionInvoker.Next(State& next, Scope& scope, Object& state, Boolean& isCompleted)
   at Microsoft.AspNetCore.Mvc.Infrastructure.ControllerActionInvoker.InvokeInnerFilterAsync()
--- End of stack trace from previous location where exception was thrown ---
   at Microsoft.AspNetCore.Mvc.Infrastructure.ResourceInvoker.<InvokeFilterPipelineAsync>g__Awaited|19_0(ResourceInvoker invoker, Task lastTask, State next, Scope scope, Object state, Boolean isCompleted)
   at Microsoft.AspNetCore.Mvc.Infrastructure.ResourceInvoker.<InvokeAsync>g__Awaited|17_0(ResourceInvoker invoker, Task task, IDisposable scope)
   at Microsoft.AspNetCore.Routing.EndpointMiddleware.<Invoke>g__AwaitRequestTask|6_0(Endpoint endpoint, Task requestTask, ILogger logger)
   at Microsoft.AspNetCore.Authorization.AuthorizationMiddleware.Invoke(HttpContext context)
   at Microsoft.AspNetCore.Authentication.AuthenticationMiddleware.Invoke(HttpContext context)
   at CWB.ExceptionHandling.ExceptionMiddleware.InvokeAsync(HttpContext httpContext) in D:\EvolutionSoftware\CWB-Latest\CWB\CWB.ExceptionHandling\ExceptionMiddleware.cs:line 26
2025-12-04 14:40:11.2922 ERROR Error: AutoMapper.AutoMapperMappingException: Error mapping types.

Mapping types:
EntityQueryable`1 -> IEnumerable`1
Microsoft.EntityFrameworkCore.Query.Internal.EntityQueryable`1[[CWB.Masters.Domain.ItemMaster.PartPurchaseDetails, CWB.Masters, Version=1.0.0.0, Culture=neutral, PublicKeyToken=null]] -> System.Collections.Generic.IEnumerable`1[[CWB.Masters.ViewModels.ItemMaster.PartPurchaseDetailsVM, CWB.Masters, Version=1.0.0.0, Culture=neutral, PublicKeyToken=null]]
 ---> System.InvalidOperationException: An exception has been raised that is likely due to a transient failure. Consider enabling transient error resiliency by adding 'EnableRetryOnFailure()' to the 'UseMySql' call.
 ---> MySqlConnector.MySqlException (0x80004005): Connect Timeout expired. All pooled connections are in use.
   at MySqlConnector.MySqlConnection.CreateSessionAsync(ConnectionPool pool, Int32 startTickCount, Nullable`1 ioBehavior, CancellationToken cancellationToken) in /_/src/MySqlConnector/MySqlConnection.cs:line 902
   at MySqlConnector.MySqlConnection.OpenAsync(Nullable`1 ioBehavior, CancellationToken cancellationToken) in /_/src/MySqlConnector/MySqlConnection.cs:line 435
   at MySqlConnector.MySqlConnection.Open() in /_/src/MySqlConnector/MySqlConnection.cs:line 380
   at Microsoft.EntityFrameworkCore.Storage.RelationalConnection.OpenInternal(Boolean errorsExpected)
   at Microsoft.EntityFrameworkCore.Storage.RelationalConnection.Open(Boolean errorsExpected)
   at Pomelo.EntityFrameworkCore.MySql.Storage.Internal.MySqlRelationalConnection.Open(Boolean errorsExpected)
   at Microsoft.EntityFrameworkCore.Storage.RelationalCommand.ExecuteReader(RelationalCommandParameterObject parameterObject)
   at Microsoft.EntityFrameworkCore.Query.Internal.SingleQueryingEnumerable`1.Enumerator.InitializeReader(DbContext _, Boolean result)
   at Pomelo.EntityFrameworkCore.MySql.Storage.Internal.MySqlExecutionStrategy.Execute[TState,TResult](TState state, Func`3 operation, Func`3 verifySucceeded)
   --- End of inner exception stack trace ---
   at Pomelo.EntityFrameworkCore.MySql.Storage.Internal.MySqlExecutionStrategy.Execute[TState,TResult](TState state, Func`3 operation, Func`3 verifySucceeded)
   at Microsoft.EntityFrameworkCore.Query.Internal.SingleQueryingEnumerable`1.Enumerator.MoveNext()
   at lambda_method(Closure , Object , IEnumerable`1 , ResolutionContext )
   --- End of inner exception stack trace ---
   at lambda_method(Closure , Object , IEnumerable`1 , ResolutionContext )
   at CWB.Masters.Services.ItemMaster.RawMaterialDetailService.GetPartPurchasesForPartNo(Int32 partId, Int64 tenantId) in D:\DockerTestCWB\CWB-Latest\CWB\CWB.Masters\Services\ItemMaster\RawMaterialDetailService.cs:line 262
   at CWB.Masters.Controllers.RawMaterialDetailController.GetPartPurchasesForPartId(Int32 partId, Int64 tenantId) in D:\DockerTestCWB\CWB-Latest\CWB\CWB.Masters\Controllers\RawMaterialDetailController.cs:line 353
   at lambda_method(Closure , Object , Object[] )
   at Microsoft.AspNetCore.Mvc.Infrastructure.ActionMethodExecutor.SyncActionResultExecutor.Execute(IActionResultTypeMapper mapper, ObjectMethodExecutor executor, Object controller, Object[] arguments)
   at Microsoft.AspNetCore.Mvc.Infrastructure.ControllerActionInvoker.InvokeActionMethodAsync()
   at Microsoft.AspNetCore.Mvc.Infrastructure.ControllerActionInvoker.Next(State& next, Scope& scope, Object& state, Boolean& isCompleted)
   at Microsoft.AspNetCore.Mvc.Infrastructure.ControllerActionInvoker.InvokeNextActionFilterAsync()
--- End of stack trace from previous location where exception was thrown ---
   at Microsoft.AspNetCore.Mvc.Infrastructure.ControllerActionInvoker.Rethrow(ActionExecutedContextSealed context)
   at Microsoft.AspNetCore.Mvc.Infrastructure.ControllerActionInvoker.Next(State& next, Scope& scope, Object& state, Boolean& isCompleted)
   at Microsoft.AspNetCore.Mvc.Infrastructure.ControllerActionInvoker.InvokeInnerFilterAsync()
--- End of stack trace from previous location where exception was thrown ---
   at Microsoft.AspNetCore.Mvc.Infrastructure.ResourceInvoker.<InvokeFilterPipelineAsync>g__Awaited|19_0(ResourceInvoker invoker, Task lastTask, State next, Scope scope, Object state, Boolean isCompleted)
   at Microsoft.AspNetCore.Mvc.Infrastructure.ResourceInvoker.<InvokeAsync>g__Awaited|17_0(ResourceInvoker invoker, Task task, IDisposable scope)
   at Microsoft.AspNetCore.Routing.EndpointMiddleware.<Invoke>g__AwaitRequestTask|6_0(Endpoint endpoint, Task requestTask, ILogger logger)
   at Microsoft.AspNetCore.Authorization.AuthorizationMiddleware.Invoke(HttpContext context)
   at Microsoft.AspNetCore.Authentication.AuthenticationMiddleware.Invoke(HttpContext context)
   at CWB.ExceptionHandling.ExceptionMiddleware.InvokeAsync(HttpContext httpContext) in D:\EvolutionSoftware\CWB-Latest\CWB\CWB.ExceptionHandling\ExceptionMiddleware.cs:line 26
2025-12-04 14:40:11.7882 ERROR Error: System.InvalidOperationException: An exception has been raised that is likely due to a transient failure. Consider enabling transient error resiliency by adding 'EnableRetryOnFailure()' to the 'UseMySql' call.
 ---> MySqlConnector.MySqlException (0x80004005): Connect Timeout expired. All pooled connections are in use.
   at MySqlConnector.MySqlConnection.CreateSessionAsync(ConnectionPool pool, Int32 startTickCount, Nullable`1 ioBehavior, CancellationToken cancellationToken) in /_/src/MySqlConnector/MySqlConnection.cs:line 902
   at MySqlConnector.MySqlConnection.OpenAsync(Nullable`1 ioBehavior, CancellationToken cancellationToken) in /_/src/MySqlConnector/MySqlConnection.cs:line 435
   at Microsoft.EntityFrameworkCore.Storage.RelationalConnection.OpenInternalAsync(Boolean errorsExpected, CancellationToken cancellationToken)
   at Microsoft.EntityFrameworkCore.Storage.RelationalConnection.OpenInternalAsync(Boolean errorsExpected, CancellationToken cancellationToken)
   at Microsoft.EntityFrameworkCore.Storage.RelationalConnection.OpenAsync(CancellationToken cancellationToken, Boolean errorsExpected)
   at Pomelo.EntityFrameworkCore.MySql.Storage.Internal.MySqlRelationalConnection.OpenAsync(CancellationToken cancellationToken, Boolean errorsExpected)
   at Microsoft.EntityFrameworkCore.Storage.RelationalCommand.ExecuteReaderAsync(RelationalCommandParameterObject parameterObject, CancellationToken cancellationToken)
   at Microsoft.EntityFrameworkCore.Query.Internal.SingleQueryingEnumerable`1.AsyncEnumerator.InitializeReaderAsync(DbContext _, Boolean result, CancellationToken cancellationToken)
   at Pomelo.EntityFrameworkCore.MySql.Storage.Internal.MySqlExecutionStrategy.ExecuteAsync[TState,TResult](TState state, Func`4 operation, Func`4 verifySucceeded, CancellationToken cancellationToken)
   --- End of inner exception stack trace ---
   at Pomelo.EntityFrameworkCore.MySql.Storage.Internal.MySqlExecutionStrategy.ExecuteAsync[TState,TResult](TState state, Func`4 operation, Func`4 verifySucceeded, CancellationToken cancellationToken)
   at Microsoft.EntityFrameworkCore.Query.Internal.SingleQueryingEnumerable`1.AsyncEnumerator.MoveNextAsync()
   at Microsoft.EntityFrameworkCore.Query.ShapedQueryCompilingExpressionVisitor.SingleOrDefaultAsync[TSource](IAsyncEnumerable`1 asyncEnumerable, CancellationToken cancellationToken)
   at Microsoft.EntityFrameworkCore.Query.ShapedQueryCompilingExpressionVisitor.SingleOrDefaultAsync[TSource](IAsyncEnumerable`1 asyncEnumerable, CancellationToken cancellationToken)
   at CWB.Masters.Services.ItemMaster.RawMaterialDetailService.GetRMPart(Int32 partId, Int64 tenantId) in D:\DockerTestCWB\CWB-Latest\CWB\CWB.Masters\Services\ItemMaster\RawMaterialDetailService.cs:line 522
   at CWB.Masters.Services.ItemMaster.MasterPartService.GetRMPart(Int32 partId, Int64 tenantId) in D:\DockerTestCWB\CWB-Latest\CWB\CWB.Masters\Services\ItemMaster\MasterPartServer.cs:line 158
   at CWB.Masters.Controllers.RawMaterialDetailController.GetRMPart(Int32 partId, Int64 tenantId) in D:\DockerTestCWB\CWB-Latest\CWB\CWB.Masters\Controllers\RawMaterialDetailController.cs:line 62
   at Microsoft.AspNetCore.Mvc.Infrastructure.ActionMethodExecutor.TaskOfIActionResultExecutor.Execute(IActionResultTypeMapper mapper, ObjectMethodExecutor executor, Object controller, Object[] arguments)
   at Microsoft.AspNetCore.Mvc.Infrastructure.ControllerActionInvoker.<InvokeActionMethodAsync>g__Awaited|12_0(ControllerActionInvoker invoker, ValueTask`1 actionResultValueTask)
   at Microsoft.AspNetCore.Mvc.Infrastructure.ControllerActionInvoker.<InvokeNextActionFilterAsync>g__Awaited|10_0(ControllerActionInvoker invoker, Task lastTask, State next, Scope scope, Object state, Boolean isCompleted)
   at Microsoft.AspNetCore.Mvc.Infrastructure.ControllerActionInvoker.Rethrow(ActionExecutedContextSealed context)
   at Microsoft.AspNetCore.Mvc.Infrastructure.ControllerActionInvoker.Next(State& next, Scope& scope, Object& state, Boolean& isCompleted)
   at Microsoft.AspNetCore.Mvc.Infrastructure.ControllerActionInvoker.<InvokeInnerFilterAsync>g__Awaited|13_0(ControllerActionInvoker invoker, Task lastTask, State next, Scope scope, Object state, Boolean isCompleted)
   at Microsoft.AspNetCore.Mvc.Infrastructure.ResourceInvoker.<InvokeFilterPipelineAsync>g__Awaited|19_0(ResourceInvoker invoker, Task lastTask, State next, Scope scope, Object state, Boolean isCompleted)
   at Microsoft.AspNetCore.Mvc.Infrastructure.ResourceInvoker.<InvokeAsync>g__Awaited|17_0(ResourceInvoker invoker, Task task, IDisposable scope)
   at Microsoft.AspNetCore.Routing.EndpointMiddleware.<Invoke>g__AwaitRequestTask|6_0(Endpoint endpoint, Task requestTask, ILogger logger)
   at Microsoft.AspNetCore.Authorization.AuthorizationMiddleware.Invoke(HttpContext context)
   at Microsoft.AspNetCore.Authentication.AuthenticationMiddleware.Invoke(HttpContext context)
   at CWB.ExceptionHandling.ExceptionMiddleware.InvokeAsync(HttpContext httpContext) in D:\EvolutionSoftware\CWB-Latest\CWB\CWB.ExceptionHandling\ExceptionMiddleware.cs:line 26
2025-12-04 14:40:20.6352 ERROR Error: AutoMapper.AutoMapperMappingException: Error mapping types.

Mapping types:
EntityQueryable`1 -> IEnumerable`1
Microsoft.EntityFrameworkCore.Query.Internal.EntityQueryable`1[[CWB.Masters.Domain.ItemMaster.PartPurchaseDetails, CWB.Masters, Version=1.0.0.0, Culture=neutral, PublicKeyToken=null]] -> System.Collections.Generic.IEnumerable`1[[CWB.Masters.ViewModels.ItemMaster.PartPurchaseDetailsVM, CWB.Masters, Version=1.0.0.0, Culture=neutral, PublicKeyToken=null]]
 ---> System.InvalidOperationException: An exception has been raised that is likely due to a transient failure. Consider enabling transient error resiliency by adding 'EnableRetryOnFailure()' to the 'UseMySql' call.
 ---> MySqlConnector.MySqlException (0x80004005): Connect Timeout expired. All pooled connections are in use.
   at MySqlConnector.MySqlConnection.CreateSessionAsync(ConnectionPool pool, Int32 startTickCount, Nullable`1 ioBehavior, CancellationToken cancellationToken) in /_/src/MySqlConnector/MySqlConnection.cs:line 902
   at MySqlConnector.MySqlConnection.OpenAsync(Nullable`1 ioBehavior, CancellationToken cancellationToken) in /_/src/MySqlConnector/MySqlConnection.cs:line 435
   at MySqlConnector.MySqlConnection.Open() in /_/src/MySqlConnector/MySqlConnection.cs:line 380
   at Microsoft.EntityFrameworkCore.Storage.RelationalConnection.OpenInternal(Boolean errorsExpected)
   at Microsoft.EntityFrameworkCore.Storage.RelationalConnection.Open(Boolean errorsExpected)
   at Pomelo.EntityFrameworkCore.MySql.Storage.Internal.MySqlRelationalConnection.Open(Boolean errorsExpected)
   at Microsoft.EntityFrameworkCore.Storage.RelationalCommand.ExecuteReader(RelationalCommandParameterObject parameterObject)
   at Microsoft.EntityFrameworkCore.Query.Internal.SingleQueryingEnumerable`1.Enumerator.InitializeReader(DbContext _, Boolean result)
   at Pomelo.EntityFrameworkCore.MySql.Storage.Internal.MySqlExecutionStrategy.Execute[TState,TResult](TState state, Func`3 operation, Func`3 verifySucceeded)
   --- End of inner exception stack trace ---
   at Pomelo.EntityFrameworkCore.MySql.Storage.Internal.MySqlExecutionStrategy.Execute[TState,TResult](TState state, Func`3 operation, Func`3 verifySucceeded)
   at Microsoft.EntityFrameworkCore.Query.Internal.SingleQueryingEnumerable`1.Enumerator.MoveNext()
   at lambda_method(Closure , Object , IEnumerable`1 , ResolutionContext )
   --- End of inner exception stack trace ---
   at lambda_method(Closure , Object , IEnumerable`1 , ResolutionContext )
   at CWB.Masters.Services.ItemMaster.RawMaterialDetailService.GetPartPurchasesForPartNo(Int32 partId, Int64 tenantId) in D:\DockerTestCWB\CWB-Latest\CWB\CWB.Masters\Services\ItemMaster\RawMaterialDetailService.cs:line 262
   at CWB.Masters.Controllers.RawMaterialDetailController.GetPartPurchasesForPartId(Int32 partId, Int64 tenantId) in D:\DockerTestCWB\CWB-Latest\CWB\CWB.Masters\Controllers\RawMaterialDetailController.cs:line 353
   at lambda_method(Closure , Object , Object[] )
   at Microsoft.AspNetCore.Mvc.Infrastructure.ActionMethodExecutor.SyncActionResultExecutor.Execute(IActionResultTypeMapper mapper, ObjectMethodExecutor executor, Object controller, Object[] arguments)
   at Microsoft.AspNetCore.Mvc.Infrastructure.ControllerActionInvoker.InvokeActionMethodAsync()
   at Microsoft.AspNetCore.Mvc.Infrastructure.ControllerActionInvoker.Next(State& next, Scope& scope, Object& state, Boolean& isCompleted)
   at Microsoft.AspNetCore.Mvc.Infrastructure.ControllerActionInvoker.InvokeNextActionFilterAsync()
--- End of stack trace from previous location where exception was thrown ---
   at Microsoft.AspNetCore.Mvc.Infrastructure.ControllerActionInvoker.Rethrow(ActionExecutedContextSealed context)
   at Microsoft.AspNetCore.Mvc.Infrastructure.ControllerActionInvoker.Next(State& next, Scope& scope, Object& state, Boolean& isCompleted)
   at Microsoft.AspNetCore.Mvc.Infrastructure.ControllerActionInvoker.InvokeInnerFilterAsync()
--- End of stack trace from previous location where exception was thrown ---
   at Microsoft.AspNetCore.Mvc.Infrastructure.ResourceInvoker.<InvokeFilterPipelineAsync>g__Awaited|19_0(ResourceInvoker invoker, Task lastTask, State next, Scope scope, Object state, Boolean isCompleted)
   at Microsoft.AspNetCore.Mvc.Infrastructure.ResourceInvoker.<InvokeAsync>g__Awaited|17_0(ResourceInvoker invoker, Task task, IDisposable scope)
   at Microsoft.AspNetCore.Routing.EndpointMiddleware.<Invoke>g__AwaitRequestTask|6_0(Endpoint endpoint, Task requestTask, ILogger logger)
   at Microsoft.AspNetCore.Authorization.AuthorizationMiddleware.Invoke(HttpContext context)
   at Microsoft.AspNetCore.Authentication.AuthenticationMiddleware.Invoke(HttpContext context)
   at CWB.ExceptionHandling.ExceptionMiddleware.InvokeAsync(HttpContext httpContext) in D:\EvolutionSoftware\CWB-Latest\CWB\CWB.ExceptionHandling\ExceptionMiddleware.cs:line 26
2025-12-04 14:40:20.6352 ERROR Error: AutoMapper.AutoMapperMappingException: Error mapping types.

Mapping types:
EntityQueryable`1 -> IEnumerable`1
Microsoft.EntityFrameworkCore.Query.Internal.EntityQueryable`1[[CWB.Masters.Domain.ItemMaster.PartPurchaseDetails, CWB.Masters, Version=1.0.0.0, Culture=neutral, PublicKeyToken=null]] -> System.Collections.Generic.IEnumerable`1[[CWB.Masters.ViewModels.ItemMaster.PartPurchaseDetailsVM, CWB.Masters, Version=1.0.0.0, Culture=neutral, PublicKeyToken=null]]
 ---> System.InvalidOperationException: An exception has been raised that is likely due to a transient failure. Consider enabling transient error resiliency by adding 'EnableRetryOnFailure()' to the 'UseMySql' call.
 ---> MySqlConnector.MySqlException (0x80004005): Connect Timeout expired. All pooled connections are in use.
   at MySqlConnector.MySqlConnection.CreateSessionAsync(ConnectionPool pool, Int32 startTickCount, Nullable`1 ioBehavior, CancellationToken cancellationToken) in /_/src/MySqlConnector/MySqlConnection.cs:line 902
   at MySqlConnector.MySqlConnection.OpenAsync(Nullable`1 ioBehavior, CancellationToken cancellationToken) in /_/src/MySqlConnector/MySqlConnection.cs:line 435
   at MySqlConnector.MySqlConnection.Open() in /_/src/MySqlConnector/MySqlConnection.cs:line 380
   at Microsoft.EntityFrameworkCore.Storage.RelationalConnection.OpenInternal(Boolean errorsExpected)
   at Microsoft.EntityFrameworkCore.Storage.RelationalConnection.Open(Boolean errorsExpected)
   at Pomelo.EntityFrameworkCore.MySql.Storage.Internal.MySqlRelationalConnection.Open(Boolean errorsExpected)
   at Microsoft.EntityFrameworkCore.Storage.RelationalCommand.ExecuteReader(RelationalCommandParameterObject parameterObject)
   at Microsoft.EntityFrameworkCore.Query.Internal.SingleQueryingEnumerable`1.Enumerator.InitializeReader(DbContext _, Boolean result)
   at Pomelo.EntityFrameworkCore.MySql.Storage.Internal.MySqlExecutionStrategy.Execute[TState,TResult](TState state, Func`3 operation, Func`3 verifySucceeded)
   --- End of inner exception stack trace ---
   at Pomelo.EntityFrameworkCore.MySql.Storage.Internal.MySqlExecutionStrategy.Execute[TState,TResult](TState state, Func`3 operation, Func`3 verifySucceeded)
   at Microsoft.EntityFrameworkCore.Query.Internal.SingleQueryingEnumerable`1.Enumerator.MoveNext()
   at lambda_method(Closure , Object , IEnumerable`1 , ResolutionContext )
   --- End of inner exception stack trace ---
   at lambda_method(Closure , Object , IEnumerable`1 , ResolutionContext )
   at CWB.Masters.Services.ItemMaster.RawMaterialDetailService.GetPartPurchasesForPartNo(Int32 partId, Int64 tenantId) in D:\DockerTestCWB\CWB-Latest\CWB\CWB.Masters\Services\ItemMaster\RawMaterialDetailService.cs:line 262
   at CWB.Masters.Controllers.RawMaterialDetailController.GetPartPurchasesForPartId(Int32 partId, Int64 tenantId) in D:\DockerTestCWB\CWB-Latest\CWB\CWB.Masters\Controllers\RawMaterialDetailController.cs:line 353
   at lambda_method(Closure , Object , Object[] )
   at Microsoft.AspNetCore.Mvc.Infrastructure.ActionMethodExecutor.SyncActionResultExecutor.Execute(IActionResultTypeMapper mapper, ObjectMethodExecutor executor, Object controller, Object[] arguments)
   at Microsoft.AspNetCore.Mvc.Infrastructure.ControllerActionInvoker.InvokeActionMethodAsync()
   at Microsoft.AspNetCore.Mvc.Infrastructure.ControllerActionInvoker.Next(State& next, Scope& scope, Object& state, Boolean& isCompleted)
   at Microsoft.AspNetCore.Mvc.Infrastructure.ControllerActionInvoker.InvokeNextActionFilterAsync()
--- End of stack trace from previous location where exception was thrown ---
   at Microsoft.AspNetCore.Mvc.Infrastructure.ControllerActionInvoker.Rethrow(ActionExecutedContextSealed context)
   at Microsoft.AspNetCore.Mvc.Infrastructure.ControllerActionInvoker.Next(State& next, Scope& scope, Object& state, Boolean& isCompleted)
   at Microsoft.AspNetCore.Mvc.Infrastructure.ControllerActionInvoker.InvokeInnerFilterAsync()
--- End of stack trace from previous location where exception was thrown ---
   at Microsoft.AspNetCore.Mvc.Infrastructure.ResourceInvoker.<InvokeFilterPipelineAsync>g__Awaited|19_0(ResourceInvoker invoker, Task lastTask, State next, Scope scope, Object state, Boolean isCompleted)
   at Microsoft.AspNetCore.Mvc.Infrastructure.ResourceInvoker.<InvokeAsync>g__Awaited|17_0(ResourceInvoker invoker, Task task, IDisposable scope)
   at Microsoft.AspNetCore.Routing.EndpointMiddleware.<Invoke>g__AwaitRequestTask|6_0(Endpoint endpoint, Task requestTask, ILogger logger)
   at Microsoft.AspNetCore.Authorization.AuthorizationMiddleware.Invoke(HttpContext context)
   at Microsoft.AspNetCore.Authentication.AuthenticationMiddleware.Invoke(HttpContext context)
   at CWB.ExceptionHandling.ExceptionMiddleware.InvokeAsync(HttpContext httpContext) in D:\EvolutionSoftware\CWB-Latest\CWB\CWB.ExceptionHandling\ExceptionMiddleware.cs:line 26
2025-12-04 14:40:20.9021 ERROR Error: AutoMapper.AutoMapperMappingException: Error mapping types.

Mapping types:
EntityQueryable`1 -> IEnumerable`1
Microsoft.EntityFrameworkCore.Query.Internal.EntityQueryable`1[[CWB.Masters.Domain.ItemMaster.PartPurchaseDetails, CWB.Masters, Version=1.0.0.0, Culture=neutral, PublicKeyToken=null]] -> System.Collections.Generic.IEnumerable`1[[CWB.Masters.ViewModels.ItemMaster.PartPurchaseDetailsVM, CWB.Masters, Version=1.0.0.0, Culture=neutral, PublicKeyToken=null]]
 ---> System.InvalidOperationException: An exception has been raised that is likely due to a transient failure. Consider enabling transient error resiliency by adding 'EnableRetryOnFailure()' to the 'UseMySql' call.
 ---> MySqlConnector.MySqlException (0x80004005): Connect Timeout expired. All pooled connections are in use.
   at MySqlConnector.MySqlConnection.CreateSessionAsync(ConnectionPool pool, Int32 startTickCount, Nullable`1 ioBehavior, CancellationToken cancellationToken) in /_/src/MySqlConnector/MySqlConnection.cs:line 902
   at MySqlConnector.MySqlConnection.OpenAsync(Nullable`1 ioBehavior, CancellationToken cancellationToken) in /_/src/MySqlConnector/MySqlConnection.cs:line 435
   at MySqlConnector.MySqlConnection.Open() in /_/src/MySqlConnector/MySqlConnection.cs:line 380
   at Microsoft.EntityFrameworkCore.Storage.RelationalConnection.OpenInternal(Boolean errorsExpected)
   at Microsoft.EntityFrameworkCore.Storage.RelationalConnection.Open(Boolean errorsExpected)
   at Pomelo.EntityFrameworkCore.MySql.Storage.Internal.MySqlRelationalConnection.Open(Boolean errorsExpected)
   at Microsoft.EntityFrameworkCore.Storage.RelationalCommand.ExecuteReader(RelationalCommandParameterObject parameterObject)
   at Microsoft.EntityFrameworkCore.Query.Internal.SingleQueryingEnumerable`1.Enumerator.InitializeReader(DbContext _, Boolean result)
   at Pomelo.EntityFrameworkCore.MySql.Storage.Internal.MySqlExecutionStrategy.Execute[TState,TResult](TState state, Func`3 operation, Func`3 verifySucceeded)
   --- End of inner exception stack trace ---
   at Pomelo.EntityFrameworkCore.MySql.Storage.Internal.MySqlExecutionStrategy.Execute[TState,TResult](TState state, Func`3 operation, Func`3 verifySucceeded)
   at Microsoft.EntityFrameworkCore.Query.Internal.SingleQueryingEnumerable`1.Enumerator.MoveNext()
   at lambda_method(Closure , Object , IEnumerable`1 , ResolutionContext )
   --- End of inner exception stack trace ---
   at lambda_method(Closure , Object , IEnumerable`1 , ResolutionContext )
   at CWB.Masters.Services.ItemMaster.RawMaterialDetailService.GetPartPurchasesForPartNo(Int32 partId, Int64 tenantId) in D:\DockerTestCWB\CWB-Latest\CWB\CWB.Masters\Services\ItemMaster\RawMaterialDetailService.cs:line 262
   at CWB.Masters.Controllers.RawMaterialDetailController.GetPartPurchasesForPartId(Int32 partId, Int64 tenantId) in D:\DockerTestCWB\CWB-Latest\CWB\CWB.Masters\Controllers\RawMaterialDetailController.cs:line 353
   at lambda_method(Closure , Object , Object[] )
   at Microsoft.AspNetCore.Mvc.Infrastructure.ActionMethodExecutor.SyncActionResultExecutor.Execute(IActionResultTypeMapper mapper, ObjectMethodExecutor executor, Object controller, Object[] arguments)
   at Microsoft.AspNetCore.Mvc.Infrastructure.ControllerActionInvoker.InvokeActionMethodAsync()
   at Microsoft.AspNetCore.Mvc.Infrastructure.ControllerActionInvoker.Next(State& next, Scope& scope, Object& state, Boolean& isCompleted)
   at Microsoft.AspNetCore.Mvc.Infrastructure.ControllerActionInvoker.InvokeNextActionFilterAsync()
--- End of stack trace from previous location where exception was thrown ---
   at Microsoft.AspNetCore.Mvc.Infrastructure.ControllerActionInvoker.Rethrow(ActionExecutedContextSealed context)
   at Microsoft.AspNetCore.Mvc.Infrastructure.ControllerActionInvoker.Next(State& next, Scope& scope, Object& state, Boolean& isCompleted)
   at Microsoft.AspNetCore.Mvc.Infrastructure.ControllerActionInvoker.InvokeInnerFilterAsync()
--- End of stack trace from previous location where exception was thrown ---
   at Microsoft.AspNetCore.Mvc.Infrastructure.ResourceInvoker.<InvokeFilterPipelineAsync>g__Awaited|19_0(ResourceInvoker invoker, Task lastTask, State next, Scope scope, Object state, Boolean isCompleted)
   at Microsoft.AspNetCore.Mvc.Infrastructure.ResourceInvoker.<InvokeAsync>g__Awaited|17_0(ResourceInvoker invoker, Task task, IDisposable scope)
   at Microsoft.AspNetCore.Routing.EndpointMiddleware.<Invoke>g__AwaitRequestTask|6_0(Endpoint endpoint, Task requestTask, ILogger logger)
   at Microsoft.AspNetCore.Authorization.AuthorizationMiddleware.Invoke(HttpContext context)
   at Microsoft.AspNetCore.Authentication.AuthenticationMiddleware.Invoke(HttpContext context)
   at CWB.ExceptionHandling.ExceptionMiddleware.InvokeAsync(HttpContext httpContext) in D:\EvolutionSoftware\CWB-Latest\CWB\CWB.ExceptionHandling\ExceptionMiddleware.cs:line 26
2025-12-04 14:40:20.9245 ERROR Error: AutoMapper.AutoMapperMappingException: Error mapping types.

Mapping types:
EntityQueryable`1 -> IEnumerable`1
Microsoft.EntityFrameworkCore.Query.Internal.EntityQueryable`1[[CWB.Masters.Domain.ItemMaster.PartPurchaseDetails, CWB.Masters, Version=1.0.0.0, Culture=neutral, PublicKeyToken=null]] -> System.Collections.Generic.IEnumerable`1[[CWB.Masters.ViewModels.ItemMaster.PartPurchaseDetailsVM, CWB.Masters, Version=1.0.0.0, Culture=neutral, PublicKeyToken=null]]
 ---> System.InvalidOperationException: An exception has been raised that is likely due to a transient failure. Consider enabling transient error resiliency by adding 'EnableRetryOnFailure()' to the 'UseMySql' call.
 ---> MySqlConnector.MySqlException (0x80004005): Connect Timeout expired. All pooled connections are in use.
   at MySqlConnector.MySqlConnection.CreateSessionAsync(ConnectionPool pool, Int32 startTickCount, Nullable`1 ioBehavior, CancellationToken cancellationToken) in /_/src/MySqlConnector/MySqlConnection.cs:line 902
   at MySqlConnector.MySqlConnection.OpenAsync(Nullable`1 ioBehavior, CancellationToken cancellationToken) in /_/src/MySqlConnector/MySqlConnection.cs:line 435
   at MySqlConnector.MySqlConnection.Open() in /_/src/MySqlConnector/MySqlConnection.cs:line 380
   at Microsoft.EntityFrameworkCore.Storage.RelationalConnection.OpenInternal(Boolean errorsExpected)
   at Microsoft.EntityFrameworkCore.Storage.RelationalConnection.Open(Boolean errorsExpected)
   at Pomelo.EntityFrameworkCore.MySql.Storage.Internal.MySqlRelationalConnection.Open(Boolean errorsExpected)
   at Microsoft.EntityFrameworkCore.Storage.RelationalCommand.ExecuteReader(RelationalCommandParameterObject parameterObject)
   at Microsoft.EntityFrameworkCore.Query.Internal.SingleQueryingEnumerable`1.Enumerator.InitializeReader(DbContext _, Boolean result)
   at Pomelo.EntityFrameworkCore.MySql.Storage.Internal.MySqlExecutionStrategy.Execute[TState,TResult](TState state, Func`3 operation, Func`3 verifySucceeded)
   --- End of inner exception stack trace ---
   at Pomelo.EntityFrameworkCore.MySql.Storage.Internal.MySqlExecutionStrategy.Execute[TState,TResult](TState state, Func`3 operation, Func`3 verifySucceeded)
   at Microsoft.EntityFrameworkCore.Query.Internal.SingleQueryingEnumerable`1.Enumerator.MoveNext()
   at lambda_method(Closure , Object , IEnumerable`1 , ResolutionContext )
   --- End of inner exception stack trace ---
   at lambda_method(Closure , Object , IEnumerable`1 , ResolutionContext )
   at CWB.Masters.Services.ItemMaster.RawMaterialDetailService.GetPartPurchasesForPartNo(Int32 partId, Int64 tenantId) in D:\DockerTestCWB\CWB-Latest\CWB\CWB.Masters\Services\ItemMaster\RawMaterialDetailService.cs:line 262
   at CWB.Masters.Controllers.RawMaterialDetailController.GetPartPurchasesForPartId(Int32 partId, Int64 tenantId) in D:\DockerTestCWB\CWB-Latest\CWB\CWB.Masters\Controllers\RawMaterialDetailController.cs:line 353
   at lambda_method(Closure , Object , Object[] )
   at Microsoft.AspNetCore.Mvc.Infrastructure.ActionMethodExecutor.SyncActionResultExecutor.Execute(IActionResultTypeMapper mapper, ObjectMethodExecutor executor, Object controller, Object[] arguments)
   at Microsoft.AspNetCore.Mvc.Infrastructure.ControllerActionInvoker.InvokeActionMethodAsync()
   at Microsoft.AspNetCore.Mvc.Infrastructure.ControllerActionInvoker.Next(State& next, Scope& scope, Object& state, Boolean& isCompleted)
   at Microsoft.AspNetCore.Mvc.Infrastructure.ControllerActionInvoker.InvokeNextActionFilterAsync()
--- End of stack trace from previous location where exception was thrown ---
   at Microsoft.AspNetCore.Mvc.Infrastructure.ControllerActionInvoker.Rethrow(ActionExecutedContextSealed context)
   at Microsoft.AspNetCore.Mvc.Infrastructure.ControllerActionInvoker.Next(State& next, Scope& scope, Object& state, Boolean& isCompleted)
   at Microsoft.AspNetCore.Mvc.Infrastructure.ControllerActionInvoker.InvokeInnerFilterAsync()
--- End of stack trace from previous location where exception was thrown ---
   at Microsoft.AspNetCore.Mvc.Infrastructure.ResourceInvoker.<InvokeFilterPipelineAsync>g__Awaited|19_0(ResourceInvoker invoker, Task lastTask, State next, Scope scope, Object state, Boolean isCompleted)
   at Microsoft.AspNetCore.Mvc.Infrastructure.ResourceInvoker.<InvokeAsync>g__Awaited|17_0(ResourceInvoker invoker, Task task, IDisposable scope)
   at Microsoft.AspNetCore.Routing.EndpointMiddleware.<Invoke>g__AwaitRequestTask|6_0(Endpoint endpoint, Task requestTask, ILogger logger)
   at Microsoft.AspNetCore.Authorization.AuthorizationMiddleware.Invoke(HttpContext context)
   at Microsoft.AspNetCore.Authentication.AuthenticationMiddleware.Invoke(HttpContext context)
   at CWB.ExceptionHandling.ExceptionMiddleware.InvokeAsync(HttpContext httpContext) in D:\EvolutionSoftware\CWB-Latest\CWB\CWB.ExceptionHandling\ExceptionMiddleware.cs:line 26
2025-12-04 14:40:20.9245 ERROR Error: AutoMapper.AutoMapperMappingException: Error mapping types.

Mapping types:
EntityQueryable`1 -> IEnumerable`1
Microsoft.EntityFrameworkCore.Query.Internal.EntityQueryable`1[[CWB.Masters.Domain.ItemMaster.PartPurchaseDetails, CWB.Masters, Version=1.0.0.0, Culture=neutral, PublicKeyToken=null]] -> System.Collections.Generic.IEnumerable`1[[CWB.Masters.ViewModels.ItemMaster.PartPurchaseDetailsVM, CWB.Masters, Version=1.0.0.0, Culture=neutral, PublicKeyToken=null]]
 ---> System.InvalidOperationException: An exception has been raised that is likely due to a transient failure. Consider enabling transient error resiliency by adding 'EnableRetryOnFailure()' to the 'UseMySql' call.
 ---> MySqlConnector.MySqlException (0x80004005): Connect Timeout expired. All pooled connections are in use.
   at MySqlConnector.MySqlConnection.CreateSessionAsync(ConnectionPool pool, Int32 startTickCount, Nullable`1 ioBehavior, CancellationToken cancellationToken) in /_/src/MySqlConnector/MySqlConnection.cs:line 902
   at MySqlConnector.MySqlConnection.OpenAsync(Nullable`1 ioBehavior, CancellationToken cancellationToken) in /_/src/MySqlConnector/MySqlConnection.cs:line 435
   at MySqlConnector.MySqlConnection.Open() in /_/src/MySqlConnector/MySqlConnection.cs:line 380
   at Microsoft.EntityFrameworkCore.Storage.RelationalConnection.OpenInternal(Boolean errorsExpected)
   at Microsoft.EntityFrameworkCore.Storage.RelationalConnection.Open(Boolean errorsExpected)
   at Pomelo.EntityFrameworkCore.MySql.Storage.Internal.MySqlRelationalConnection.Open(Boolean errorsExpected)
   at Microsoft.EntityFrameworkCore.Storage.RelationalCommand.ExecuteReader(RelationalCommandParameterObject parameterObject)
   at Microsoft.EntityFrameworkCore.Query.Internal.SingleQueryingEnumerable`1.Enumerator.InitializeReader(DbContext _, Boolean result)
   at Pomelo.EntityFrameworkCore.MySql.Storage.Internal.MySqlExecutionStrategy.Execute[TState,TResult](TState state, Func`3 operation, Func`3 verifySucceeded)
   --- End of inner exception stack trace ---
   at Pomelo.EntityFrameworkCore.MySql.Storage.Internal.MySqlExecutionStrategy.Execute[TState,TResult](TState state, Func`3 operation, Func`3 verifySucceeded)
   at Microsoft.EntityFrameworkCore.Query.Internal.SingleQueryingEnumerable`1.Enumerator.MoveNext()
   at lambda_method(Closure , Object , IEnumerable`1 , ResolutionContext )
   --- End of inner exception stack trace ---
   at lambda_method(Closure , Object , IEnumerable`1 , ResolutionContext )
   at CWB.Masters.Services.ItemMaster.RawMaterialDetailService.GetPartPurchasesForPartNo(Int32 partId, Int64 tenantId) in D:\DockerTestCWB\CWB-Latest\CWB\CWB.Masters\Services\ItemMaster\RawMaterialDetailService.cs:line 262
   at CWB.Masters.Controllers.RawMaterialDetailController.GetPartPurchasesForPartId(Int32 partId, Int64 tenantId) in D:\DockerTestCWB\CWB-Latest\CWB\CWB.Masters\Controllers\RawMaterialDetailController.cs:line 353
   at lambda_method(Closure , Object , Object[] )
   at Microsoft.AspNetCore.Mvc.Infrastructure.ActionMethodExecutor.SyncActionResultExecutor.Execute(IActionResultTypeMapper mapper, ObjectMethodExecutor executor, Object controller, Object[] arguments)
   at Microsoft.AspNetCore.Mvc.Infrastructure.ControllerActionInvoker.InvokeActionMethodAsync()
   at Microsoft.AspNetCore.Mvc.Infrastructure.ControllerActionInvoker.Next(State& next, Scope& scope, Object& state, Boolean& isCompleted)
   at Microsoft.AspNetCore.Mvc.Infrastructure.ControllerActionInvoker.InvokeNextActionFilterAsync()
--- End of stack trace from previous location where exception was thrown ---
   at Microsoft.AspNetCore.Mvc.Infrastructure.ControllerActionInvoker.Rethrow(ActionExecutedContextSealed context)
   at Microsoft.AspNetCore.Mvc.Infrastructure.ControllerActionInvoker.Next(State& next, Scope& scope, Object& state, Boolean& isCompleted)
   at Microsoft.AspNetCore.Mvc.Infrastructure.ControllerActionInvoker.InvokeInnerFilterAsync()
--- End of stack trace from previous location where exception was thrown ---
   at Microsoft.AspNetCore.Mvc.Infrastructure.ResourceInvoker.<InvokeFilterPipelineAsync>g__Awaited|19_0(ResourceInvoker invoker, Task lastTask, State next, Scope scope, Object state, Boolean isCompleted)
   at Microsoft.AspNetCore.Mvc.Infrastructure.ResourceInvoker.<InvokeAsync>g__Awaited|17_0(ResourceInvoker invoker, Task task, IDisposable scope)
   at Microsoft.AspNetCore.Routing.EndpointMiddleware.<Invoke>g__AwaitRequestTask|6_0(Endpoint endpoint, Task requestTask, ILogger logger)
   at Microsoft.AspNetCore.Authorization.AuthorizationMiddleware.Invoke(HttpContext context)
   at Microsoft.AspNetCore.Authentication.AuthenticationMiddleware.Invoke(HttpContext context)
   at CWB.ExceptionHandling.ExceptionMiddleware.InvokeAsync(HttpContext httpContext) in D:\EvolutionSoftware\CWB-Latest\CWB\CWB.ExceptionHandling\ExceptionMiddleware.cs:line 26
2025-12-04 14:40:20.9245 ERROR Error: AutoMapper.AutoMapperMappingException: Error mapping types.

Mapping types:
EntityQueryable`1 -> IEnumerable`1
Microsoft.EntityFrameworkCore.Query.Internal.EntityQueryable`1[[CWB.Masters.Domain.ItemMaster.PartPurchaseDetails, CWB.Masters, Version=1.0.0.0, Culture=neutral, PublicKeyToken=null]] -> System.Collections.Generic.IEnumerable`1[[CWB.Masters.ViewModels.ItemMaster.PartPurchaseDetailsVM, CWB.Masters, Version=1.0.0.0, Culture=neutral, PublicKeyToken=null]]
 ---> System.InvalidOperationException: An exception has been raised that is likely due to a transient failure. Consider enabling transient error resiliency by adding 'EnableRetryOnFailure()' to the 'UseMySql' call.
 ---> MySqlConnector.MySqlException (0x80004005): Connect Timeout expired. All pooled connections are in use.
   at MySqlConnector.MySqlConnection.CreateSessionAsync(ConnectionPool pool, Int32 startTickCount, Nullable`1 ioBehavior, CancellationToken cancellationToken) in /_/src/MySqlConnector/MySqlConnection.cs:line 902
   at MySqlConnector.MySqlConnection.OpenAsync(Nullable`1 ioBehavior, CancellationToken cancellationToken) in /_/src/MySqlConnector/MySqlConnection.cs:line 435
   at MySqlConnector.MySqlConnection.Open() in /_/src/MySqlConnector/MySqlConnection.cs:line 380
   at Microsoft.EntityFrameworkCore.Storage.RelationalConnection.OpenInternal(Boolean errorsExpected)
   at Microsoft.EntityFrameworkCore.Storage.RelationalConnection.Open(Boolean errorsExpected)
   at Pomelo.EntityFrameworkCore.MySql.Storage.Internal.MySqlRelationalConnection.Open(Boolean errorsExpected)
   at Microsoft.EntityFrameworkCore.Storage.RelationalCommand.ExecuteReader(RelationalCommandParameterObject parameterObject)
   at Microsoft.EntityFrameworkCore.Query.Internal.SingleQueryingEnumerable`1.Enumerator.InitializeReader(DbContext _, Boolean result)
   at Pomelo.EntityFrameworkCore.MySql.Storage.Internal.MySqlExecutionStrategy.Execute[TState,TResult](TState state, Func`3 operation, Func`3 verifySucceeded)
   --- End of inner exception stack trace ---
   at Pomelo.EntityFrameworkCore.MySql.Storage.Internal.MySqlExecutionStrategy.Execute[TState,TResult](TState state, Func`3 operation, Func`3 verifySucceeded)
   at Microsoft.EntityFrameworkCore.Query.Internal.SingleQueryingEnumerable`1.Enumerator.MoveNext()
   at lambda_method(Closure , Object , IEnumerable`1 , ResolutionContext )
   --- End of inner exception stack trace ---
   at lambda_method(Closure , Object , IEnumerable`1 , ResolutionContext )
   at CWB.Masters.Services.ItemMaster.RawMaterialDetailService.GetPartPurchasesForPartNo(Int32 partId, Int64 tenantId) in D:\DockerTestCWB\CWB-Latest\CWB\CWB.Masters\Services\ItemMaster\RawMaterialDetailService.cs:line 262
   at CWB.Masters.Controllers.RawMaterialDetailController.GetPartPurchasesForPartId(Int32 partId, Int64 tenantId) in D:\DockerTestCWB\CWB-Latest\CWB\CWB.Masters\Controllers\RawMaterialDetailController.cs:line 353
   at lambda_method(Closure , Object , Object[] )
   at Microsoft.AspNetCore.Mvc.Infrastructure.ActionMethodExecutor.SyncActionResultExecutor.Execute(IActionResultTypeMapper mapper, ObjectMethodExecutor executor, Object controller, Object[] arguments)
   at Microsoft.AspNetCore.Mvc.Infrastructure.ControllerActionInvoker.InvokeActionMethodAsync()
   at Microsoft.AspNetCore.Mvc.Infrastructure.ControllerActionInvoker.Next(State& next, Scope& scope, Object& state, Boolean& isCompleted)
   at Microsoft.AspNetCore.Mvc.Infrastructure.ControllerActionInvoker.InvokeNextActionFilterAsync()
--- End of stack trace from previous location where exception was thrown ---
   at Microsoft.AspNetCore.Mvc.Infrastructure.ControllerActionInvoker.Rethrow(ActionExecutedContextSealed context)
   at Microsoft.AspNetCore.Mvc.Infrastructure.ControllerActionInvoker.Next(State& next, Scope& scope, Object& state, Boolean& isCompleted)
   at Microsoft.AspNetCore.Mvc.Infrastructure.ControllerActionInvoker.InvokeInnerFilterAsync()
--- End of stack trace from previous location where exception was thrown ---
   at Microsoft.AspNetCore.Mvc.Infrastructure.ResourceInvoker.<InvokeFilterPipelineAsync>g__Awaited|19_0(ResourceInvoker invoker, Task lastTask, State next, Scope scope, Object state, Boolean isCompleted)
   at Microsoft.AspNetCore.Mvc.Infrastructure.ResourceInvoker.<InvokeAsync>g__Awaited|17_0(ResourceInvoker invoker, Task task, IDisposable scope)
   at Microsoft.AspNetCore.Routing.EndpointMiddleware.<Invoke>g__AwaitRequestTask|6_0(Endpoint endpoint, Task requestTask, ILogger logger)
   at Microsoft.AspNetCore.Authorization.AuthorizationMiddleware.Invoke(HttpContext context)
   at Microsoft.AspNetCore.Authentication.AuthenticationMiddleware.Invoke(HttpContext context)
   at CWB.ExceptionHandling.ExceptionMiddleware.InvokeAsync(HttpContext httpContext) in D:\EvolutionSoftware\CWB-Latest\CWB\CWB.ExceptionHandling\ExceptionMiddleware.cs:line 26
