2025-12-05 04:44:19.5907 ERROR Error: AutoMapper.AutoMapperMappingException: Error mapping types.

Mapping types:
EntityQueryable`1 -> IEnumerable`1
Microsoft.EntityFrameworkCore.Query.Internal.EntityQueryable`1[[CWB.Masters.Domain.ItemMaster.PartPurchaseDetails, CWB.Masters, Version=1.0.0.0, Culture=neutral, PublicKeyToken=null]] -> System.Collections.Generic.IEnumerable`1[[CWB.Masters.ViewModels.ItemMaster.PartPurchaseDetailsVM, CWB.Masters, Version=1.0.0.0, Culture=neutral, PublicKeyToken=null]]
 ---> System.InvalidOperationException: An exception has been raised that is likely due to a transient failure. Consider enabling transient error resiliency by adding 'EnableRetryOnFailure()' to the 'UseMySql' call.
 ---> MySqlConnector.MySqlException (0x80004005): Connect Timeout expired. All pooled connections are in use.
   at MySqlConnector.MySqlConnection.CreateSessionAsync(ConnectionPool pool, Int32 startTickCount, Nullable`1 ioBehavior, CancellationToken cancellationToken) in /_/src/MySqlConnector/MySqlConnection.cs:line 902
   at MySqlConnector.MySqlConnection.OpenAsync(Nullable`1 ioBehavior, CancellationToken cancellationToken) in /_/src/MySqlConnector/MySqlConnection.cs:line 435
   at MySqlConnector.MySqlConnection.Open() in /_/src/MySqlConnector/MySqlConnection.cs:line 380
   at Microsoft.EntityFrameworkCore.Storage.RelationalConnection.OpenInternal(Boolean errorsExpected)
   at Microsoft.EntityFrameworkCore.Storage.RelationalConnection.Open(Boolean errorsExpected)
   at Pomelo.EntityFrameworkCore.MySql.Storage.Internal.MySqlRelationalConnection.Open(Boolean errorsExpected)
   at Microsoft.EntityFrameworkCore.Storage.RelationalCommand.ExecuteReader(RelationalCommandParameterObject parameterObject)
   at Microsoft.EntityFrameworkCore.Query.Internal.SingleQueryingEnumerable`1.Enumerator.InitializeReader(DbContext _, Boolean result)
   at Pomelo.EntityFrameworkCore.MySql.Storage.Internal.MySqlExecutionStrategy.Execute[TState,TResult](TState state, Func`3 operation, Func`3 verifySucceeded)
   --- End of inner exception stack trace ---
   at Pomelo.EntityFrameworkCore.MySql.Storage.Internal.MySqlExecutionStrategy.Execute[TState,TResult](TState state, Func`3 operation, Func`3 verifySucceeded)
   at Microsoft.EntityFrameworkCore.Query.Internal.SingleQueryingEnumerable`1.Enumerator.MoveNext()
   at lambda_method(Closure , Object , IEnumerable`1 , ResolutionContext )
   --- End of inner exception stack trace ---
   at lambda_method(Closure , Object , IEnumerable`1 , ResolutionContext )
   at CWB.Masters.Services.ItemMaster.RawMaterialDetailService.GetPartPurchasesForPartNo(Int32 partId, Int64 tenantId) in D:\DockerTestCWB\CWB-Latest\CWB\CWB.Masters\Services\ItemMaster\RawMaterialDetailService.cs:line 262
   at CWB.Masters.Controllers.RawMaterialDetailController.GetPartPurchasesForPartId(Int32 partId, Int64 tenantId) in D:\DockerTestCWB\CWB-Latest\CWB\CWB.Masters\Controllers\RawMaterialDetailController.cs:line 353
   at lambda_method(Closure , Object , Object[] )
   at Microsoft.AspNetCore.Mvc.Infrastructure.ActionMethodExecutor.SyncActionResultExecutor.Execute(IActionResultTypeMapper mapper, ObjectMethodExecutor executor, Object controller, Object[] arguments)
   at Microsoft.AspNetCore.Mvc.Infrastructure.ControllerActionInvoker.InvokeActionMethodAsync()
   at Microsoft.AspNetCore.Mvc.Infrastructure.ControllerActionInvoker.Next(State& next, Scope& scope, Object& state, Boolean& isCompleted)
   at Microsoft.AspNetCore.Mvc.Infrastructure.ControllerActionInvoker.InvokeNextActionFilterAsync()
--- End of stack trace from previous location where exception was thrown ---
   at Microsoft.AspNetCore.Mvc.Infrastructure.ControllerActionInvoker.Rethrow(ActionExecutedContextSealed context)
   at Microsoft.AspNetCore.Mvc.Infrastructure.ControllerActionInvoker.Next(State& next, Scope& scope, Object& state, Boolean& isCompleted)
   at Microsoft.AspNetCore.Mvc.Infrastructure.ControllerActionInvoker.InvokeInnerFilterAsync()
--- End of stack trace from previous location where exception was thrown ---
   at Microsoft.AspNetCore.Mvc.Infrastructure.ResourceInvoker.<InvokeFilterPipelineAsync>g__Awaited|19_0(ResourceInvoker invoker, Task lastTask, State next, Scope scope, Object state, Boolean isCompleted)
   at Microsoft.AspNetCore.Mvc.Infrastructure.ResourceInvoker.<InvokeAsync>g__Awaited|17_0(ResourceInvoker invoker, Task task, IDisposable scope)
   at Microsoft.AspNetCore.Routing.EndpointMiddleware.<Invoke>g__AwaitRequestTask|6_0(Endpoint endpoint, Task requestTask, ILogger logger)
   at Microsoft.AspNetCore.Authorization.AuthorizationMiddleware.Invoke(HttpContext context)
   at Microsoft.AspNetCore.Authentication.AuthenticationMiddleware.Invoke(HttpContext context)
   at CWB.ExceptionHandling.ExceptionMiddleware.InvokeAsync(HttpContext httpContext) in D:\EvolutionSoftware\CWB-Latest\CWB\CWB.ExceptionHandling\ExceptionMiddleware.cs:line 26
2025-12-05 04:44:19.5907 ERROR Error: AutoMapper.AutoMapperMappingException: Error mapping types.

Mapping types:
EntityQueryable`1 -> IEnumerable`1
Microsoft.EntityFrameworkCore.Query.Internal.EntityQueryable`1[[CWB.Masters.Domain.ItemMaster.PartPurchaseDetails, CWB.Masters, Version=1.0.0.0, Culture=neutral, PublicKeyToken=null]] -> System.Collections.Generic.IEnumerable`1[[CWB.Masters.ViewModels.ItemMaster.PartPurchaseDetailsVM, CWB.Masters, Version=1.0.0.0, Culture=neutral, PublicKeyToken=null]]
 ---> System.InvalidOperationException: An exception has been raised that is likely due to a transient failure. Consider enabling transient error resiliency by adding 'EnableRetryOnFailure()' to the 'UseMySql' call.
 ---> MySqlConnector.MySqlException (0x80004005): Connect Timeout expired. All pooled connections are in use.
   at MySqlConnector.MySqlConnection.CreateSessionAsync(ConnectionPool pool, Int32 startTickCount, Nullable`1 ioBehavior, CancellationToken cancellationToken) in /_/src/MySqlConnector/MySqlConnection.cs:line 902
   at MySqlConnector.MySqlConnection.OpenAsync(Nullable`1 ioBehavior, CancellationToken cancellationToken) in /_/src/MySqlConnector/MySqlConnection.cs:line 435
   at MySqlConnector.MySqlConnection.Open() in /_/src/MySqlConnector/MySqlConnection.cs:line 380
   at Microsoft.EntityFrameworkCore.Storage.RelationalConnection.OpenInternal(Boolean errorsExpected)
   at Microsoft.EntityFrameworkCore.Storage.RelationalConnection.Open(Boolean errorsExpected)
   at Pomelo.EntityFrameworkCore.MySql.Storage.Internal.MySqlRelationalConnection.Open(Boolean errorsExpected)
   at Microsoft.EntityFrameworkCore.Storage.RelationalCommand.ExecuteReader(RelationalCommandParameterObject parameterObject)
   at Microsoft.EntityFrameworkCore.Query.Internal.SingleQueryingEnumerable`1.Enumerator.InitializeReader(DbContext _, Boolean result)
   at Pomelo.EntityFrameworkCore.MySql.Storage.Internal.MySqlExecutionStrategy.Execute[TState,TResult](TState state, Func`3 operation, Func`3 verifySucceeded)
   --- End of inner exception stack trace ---
   at Pomelo.EntityFrameworkCore.MySql.Storage.Internal.MySqlExecutionStrategy.Execute[TState,TResult](TState state, Func`3 operation, Func`3 verifySucceeded)
   at Microsoft.EntityFrameworkCore.Query.Internal.SingleQueryingEnumerable`1.Enumerator.MoveNext()
   at lambda_method(Closure , Object , IEnumerable`1 , ResolutionContext )
   --- End of inner exception stack trace ---
   at lambda_method(Closure , Object , IEnumerable`1 , ResolutionContext )
   at CWB.Masters.Services.ItemMaster.RawMaterialDetailService.GetPartPurchasesForPartNo(Int32 partId, Int64 tenantId) in D:\DockerTestCWB\CWB-Latest\CWB\CWB.Masters\Services\ItemMaster\RawMaterialDetailService.cs:line 262
   at CWB.Masters.Controllers.RawMaterialDetailController.GetPartPurchasesForPartId(Int32 partId, Int64 tenantId) in D:\DockerTestCWB\CWB-Latest\CWB\CWB.Masters\Controllers\RawMaterialDetailController.cs:line 353
   at lambda_method(Closure , Object , Object[] )
   at Microsoft.AspNetCore.Mvc.Infrastructure.ActionMethodExecutor.SyncActionResultExecutor.Execute(IActionResultTypeMapper mapper, ObjectMethodExecutor executor, Object controller, Object[] arguments)
   at Microsoft.AspNetCore.Mvc.Infrastructure.ControllerActionInvoker.InvokeActionMethodAsync()
   at Microsoft.AspNetCore.Mvc.Infrastructure.ControllerActionInvoker.Next(State& next, Scope& scope, Object& state, Boolean& isCompleted)
   at Microsoft.AspNetCore.Mvc.Infrastructure.ControllerActionInvoker.InvokeNextActionFilterAsync()
--- End of stack trace from previous location where exception was thrown ---
   at Microsoft.AspNetCore.Mvc.Infrastructure.ControllerActionInvoker.Rethrow(ActionExecutedContextSealed context)
   at Microsoft.AspNetCore.Mvc.Infrastructure.ControllerActionInvoker.Next(State& next, Scope& scope, Object& state, Boolean& isCompleted)
   at Microsoft.AspNetCore.Mvc.Infrastructure.ControllerActionInvoker.InvokeInnerFilterAsync()
--- End of stack trace from previous location where exception was thrown ---
   at Microsoft.AspNetCore.Mvc.Infrastructure.ResourceInvoker.<InvokeFilterPipelineAsync>g__Awaited|19_0(ResourceInvoker invoker, Task lastTask, State next, Scope scope, Object state, Boolean isCompleted)
   at Microsoft.AspNetCore.Mvc.Infrastructure.ResourceInvoker.<InvokeAsync>g__Awaited|17_0(ResourceInvoker invoker, Task task, IDisposable scope)
   at Microsoft.AspNetCore.Routing.EndpointMiddleware.<Invoke>g__AwaitRequestTask|6_0(Endpoint endpoint, Task requestTask, ILogger logger)
   at Microsoft.AspNetCore.Authorization.AuthorizationMiddleware.Invoke(HttpContext context)
   at Microsoft.AspNetCore.Authentication.AuthenticationMiddleware.Invoke(HttpContext context)
   at CWB.ExceptionHandling.ExceptionMiddleware.InvokeAsync(HttpContext httpContext) in D:\EvolutionSoftware\CWB-Latest\CWB\CWB.ExceptionHandling\ExceptionMiddleware.cs:line 26
2025-12-05 04:44:24.7238 ERROR Error: AutoMapper.AutoMapperMappingException: Error mapping types.

Mapping types:
EntityQueryable`1 -> IEnumerable`1
Microsoft.EntityFrameworkCore.Query.Internal.EntityQueryable`1[[CWB.Masters.Domain.ItemMaster.PartPurchaseDetails, CWB.Masters, Version=1.0.0.0, Culture=neutral, PublicKeyToken=null]] -> System.Collections.Generic.IEnumerable`1[[CWB.Masters.ViewModels.ItemMaster.PartPurchaseDetailsVM, CWB.Masters, Version=1.0.0.0, Culture=neutral, PublicKeyToken=null]]
 ---> System.InvalidOperationException: An exception has been raised that is likely due to a transient failure. Consider enabling transient error resiliency by adding 'EnableRetryOnFailure()' to the 'UseMySql' call.
 ---> MySqlConnector.MySqlException (0x80004005): Connect Timeout expired. All pooled connections are in use.
   at MySqlConnector.MySqlConnection.CreateSessionAsync(ConnectionPool pool, Int32 startTickCount, Nullable`1 ioBehavior, CancellationToken cancellationToken) in /_/src/MySqlConnector/MySqlConnection.cs:line 902
   at MySqlConnector.MySqlConnection.OpenAsync(Nullable`1 ioBehavior, CancellationToken cancellationToken) in /_/src/MySqlConnector/MySqlConnection.cs:line 435
   at MySqlConnector.MySqlConnection.Open() in /_/src/MySqlConnector/MySqlConnection.cs:line 380
   at Microsoft.EntityFrameworkCore.Storage.RelationalConnection.OpenInternal(Boolean errorsExpected)
   at Microsoft.EntityFrameworkCore.Storage.RelationalConnection.Open(Boolean errorsExpected)
   at Pomelo.EntityFrameworkCore.MySql.Storage.Internal.MySqlRelationalConnection.Open(Boolean errorsExpected)
   at Microsoft.EntityFrameworkCore.Storage.RelationalCommand.ExecuteReader(RelationalCommandParameterObject parameterObject)
   at Microsoft.EntityFrameworkCore.Query.Internal.SingleQueryingEnumerable`1.Enumerator.InitializeReader(DbContext _, Boolean result)
   at Pomelo.EntityFrameworkCore.MySql.Storage.Internal.MySqlExecutionStrategy.Execute[TState,TResult](TState state, Func`3 operation, Func`3 verifySucceeded)
   --- End of inner exception stack trace ---
   at Pomelo.EntityFrameworkCore.MySql.Storage.Internal.MySqlExecutionStrategy.Execute[TState,TResult](TState state, Func`3 operation, Func`3 verifySucceeded)
   at Microsoft.EntityFrameworkCore.Query.Internal.SingleQueryingEnumerable`1.Enumerator.MoveNext()
   at lambda_method(Closure , Object , IEnumerable`1 , ResolutionContext )
   --- End of inner exception stack trace ---
   at lambda_method(Closure , Object , IEnumerable`1 , ResolutionContext )
   at CWB.Masters.Services.ItemMaster.RawMaterialDetailService.GetPartPurchasesForPartNo(Int32 partId, Int64 tenantId) in D:\DockerTestCWB\CWB-Latest\CWB\CWB.Masters\Services\ItemMaster\RawMaterialDetailService.cs:line 262
   at CWB.Masters.Controllers.RawMaterialDetailController.GetPartPurchasesForPartId(Int32 partId, Int64 tenantId) in D:\DockerTestCWB\CWB-Latest\CWB\CWB.Masters\Controllers\RawMaterialDetailController.cs:line 353
   at lambda_method(Closure , Object , Object[] )
   at Microsoft.AspNetCore.Mvc.Infrastructure.ActionMethodExecutor.SyncActionResultExecutor.Execute(IActionResultTypeMapper mapper, ObjectMethodExecutor executor, Object controller, Object[] arguments)
   at Microsoft.AspNetCore.Mvc.Infrastructure.ControllerActionInvoker.InvokeActionMethodAsync()
   at Microsoft.AspNetCore.Mvc.Infrastructure.ControllerActionInvoker.Next(State& next, Scope& scope, Object& state, Boolean& isCompleted)
   at Microsoft.AspNetCore.Mvc.Infrastructure.ControllerActionInvoker.InvokeNextActionFilterAsync()
--- End of stack trace from previous location where exception was thrown ---
   at Microsoft.AspNetCore.Mvc.Infrastructure.ControllerActionInvoker.Rethrow(ActionExecutedContextSealed context)
   at Microsoft.AspNetCore.Mvc.Infrastructure.ControllerActionInvoker.Next(State& next, Scope& scope, Object& state, Boolean& isCompleted)
   at Microsoft.AspNetCore.Mvc.Infrastructure.ControllerActionInvoker.InvokeInnerFilterAsync()
--- End of stack trace from previous location where exception was thrown ---
   at Microsoft.AspNetCore.Mvc.Infrastructure.ResourceInvoker.<InvokeFilterPipelineAsync>g__Awaited|19_0(ResourceInvoker invoker, Task lastTask, State next, Scope scope, Object state, Boolean isCompleted)
   at Microsoft.AspNetCore.Mvc.Infrastructure.ResourceInvoker.<InvokeAsync>g__Awaited|17_0(ResourceInvoker invoker, Task task, IDisposable scope)
   at Microsoft.AspNetCore.Routing.EndpointMiddleware.<Invoke>g__AwaitRequestTask|6_0(Endpoint endpoint, Task requestTask, ILogger logger)
   at Microsoft.AspNetCore.Authorization.AuthorizationMiddleware.Invoke(HttpContext context)
   at Microsoft.AspNetCore.Authentication.AuthenticationMiddleware.Invoke(HttpContext context)
   at CWB.ExceptionHandling.ExceptionMiddleware.InvokeAsync(HttpContext httpContext) in D:\EvolutionSoftware\CWB-Latest\CWB\CWB.ExceptionHandling\ExceptionMiddleware.cs:line 26
2025-12-05 04:44:51.1232 ERROR Error: AutoMapper.AutoMapperMappingException: Error mapping types.

Mapping types:
EntityQueryable`1 -> IEnumerable`1
Microsoft.EntityFrameworkCore.Query.Internal.EntityQueryable`1[[CWB.Masters.Domain.ItemMaster.PartPurchaseDetails, CWB.Masters, Version=1.0.0.0, Culture=neutral, PublicKeyToken=null]] -> System.Collections.Generic.IEnumerable`1[[CWB.Masters.ViewModels.ItemMaster.PartPurchaseDetailsVM, CWB.Masters, Version=1.0.0.0, Culture=neutral, PublicKeyToken=null]]
 ---> System.InvalidOperationException: An exception has been raised that is likely due to a transient failure. Consider enabling transient error resiliency by adding 'EnableRetryOnFailure()' to the 'UseMySql' call.
 ---> MySqlConnector.MySqlException (0x80004005): Connect Timeout expired. All pooled connections are in use.
   at MySqlConnector.MySqlConnection.CreateSessionAsync(ConnectionPool pool, Int32 startTickCount, Nullable`1 ioBehavior, CancellationToken cancellationToken) in /_/src/MySqlConnector/MySqlConnection.cs:line 902
   at MySqlConnector.MySqlConnection.OpenAsync(Nullable`1 ioBehavior, CancellationToken cancellationToken) in /_/src/MySqlConnector/MySqlConnection.cs:line 435
   at MySqlConnector.MySqlConnection.Open() in /_/src/MySqlConnector/MySqlConnection.cs:line 380
   at Microsoft.EntityFrameworkCore.Storage.RelationalConnection.OpenInternal(Boolean errorsExpected)
   at Microsoft.EntityFrameworkCore.Storage.RelationalConnection.Open(Boolean errorsExpected)
   at Pomelo.EntityFrameworkCore.MySql.Storage.Internal.MySqlRelationalConnection.Open(Boolean errorsExpected)
   at Microsoft.EntityFrameworkCore.Storage.RelationalCommand.ExecuteReader(RelationalCommandParameterObject parameterObject)
   at Microsoft.EntityFrameworkCore.Query.Internal.SingleQueryingEnumerable`1.Enumerator.InitializeReader(DbContext _, Boolean result)
   at Pomelo.EntityFrameworkCore.MySql.Storage.Internal.MySqlExecutionStrategy.Execute[TState,TResult](TState state, Func`3 operation, Func`3 verifySucceeded)
   --- End of inner exception stack trace ---
   at Pomelo.EntityFrameworkCore.MySql.Storage.Internal.MySqlExecutionStrategy.Execute[TState,TResult](TState state, Func`3 operation, Func`3 verifySucceeded)
   at Microsoft.EntityFrameworkCore.Query.Internal.SingleQueryingEnumerable`1.Enumerator.MoveNext()
   at lambda_method(Closure , Object , IEnumerable`1 , ResolutionContext )
   --- End of inner exception stack trace ---
   at lambda_method(Closure , Object , IEnumerable`1 , ResolutionContext )
   at CWB.Masters.Services.ItemMaster.RawMaterialDetailService.GetPartPurchasesForPartNo(Int32 partId, Int64 tenantId) in D:\DockerTestCWB\CWB-Latest\CWB\CWB.Masters\Services\ItemMaster\RawMaterialDetailService.cs:line 262
   at CWB.Masters.Controllers.RawMaterialDetailController.GetPartPurchasesForPartId(Int32 partId, Int64 tenantId) in D:\DockerTestCWB\CWB-Latest\CWB\CWB.Masters\Controllers\RawMaterialDetailController.cs:line 353
   at lambda_method(Closure , Object , Object[] )
   at Microsoft.AspNetCore.Mvc.Infrastructure.ActionMethodExecutor.SyncActionResultExecutor.Execute(IActionResultTypeMapper mapper, ObjectMethodExecutor executor, Object controller, Object[] arguments)
   at Microsoft.AspNetCore.Mvc.Infrastructure.ControllerActionInvoker.InvokeActionMethodAsync()
   at Microsoft.AspNetCore.Mvc.Infrastructure.ControllerActionInvoker.Next(State& next, Scope& scope, Object& state, Boolean& isCompleted)
   at Microsoft.AspNetCore.Mvc.Infrastructure.ControllerActionInvoker.InvokeNextActionFilterAsync()
--- End of stack trace from previous location where exception was thrown ---
   at Microsoft.AspNetCore.Mvc.Infrastructure.ControllerActionInvoker.Rethrow(ActionExecutedContextSealed context)
   at Microsoft.AspNetCore.Mvc.Infrastructure.ControllerActionInvoker.Next(State& next, Scope& scope, Object& state, Boolean& isCompleted)
   at Microsoft.AspNetCore.Mvc.Infrastructure.ControllerActionInvoker.InvokeInnerFilterAsync()
--- End of stack trace from previous location where exception was thrown ---
   at Microsoft.AspNetCore.Mvc.Infrastructure.ResourceInvoker.<InvokeFilterPipelineAsync>g__Awaited|19_0(ResourceInvoker invoker, Task lastTask, State next, Scope scope, Object state, Boolean isCompleted)
   at Microsoft.AspNetCore.Mvc.Infrastructure.ResourceInvoker.<InvokeAsync>g__Awaited|17_0(ResourceInvoker invoker, Task task, IDisposable scope)
   at Microsoft.AspNetCore.Routing.EndpointMiddleware.<Invoke>g__AwaitRequestTask|6_0(Endpoint endpoint, Task requestTask, ILogger logger)
   at Microsoft.AspNetCore.Authorization.AuthorizationMiddleware.Invoke(HttpContext context)
   at Microsoft.AspNetCore.Authentication.AuthenticationMiddleware.Invoke(HttpContext context)
   at CWB.ExceptionHandling.ExceptionMiddleware.InvokeAsync(HttpContext httpContext) in D:\EvolutionSoftware\CWB-Latest\CWB\CWB.ExceptionHandling\ExceptionMiddleware.cs:line 26
2025-12-05 04:44:51.1232 ERROR Error: AutoMapper.AutoMapperMappingException: Error mapping types.

Mapping types:
EntityQueryable`1 -> IEnumerable`1
Microsoft.EntityFrameworkCore.Query.Internal.EntityQueryable`1[[CWB.Masters.Domain.ItemMaster.PartPurchaseDetails, CWB.Masters, Version=1.0.0.0, Culture=neutral, PublicKeyToken=null]] -> System.Collections.Generic.IEnumerable`1[[CWB.Masters.ViewModels.ItemMaster.PartPurchaseDetailsVM, CWB.Masters, Version=1.0.0.0, Culture=neutral, PublicKeyToken=null]]
 ---> System.InvalidOperationException: An exception has been raised that is likely due to a transient failure. Consider enabling transient error resiliency by adding 'EnableRetryOnFailure()' to the 'UseMySql' call.
 ---> MySqlConnector.MySqlException (0x80004005): Connect Timeout expired. All pooled connections are in use.
   at MySqlConnector.MySqlConnection.CreateSessionAsync(ConnectionPool pool, Int32 startTickCount, Nullable`1 ioBehavior, CancellationToken cancellationToken) in /_/src/MySqlConnector/MySqlConnection.cs:line 902
   at MySqlConnector.MySqlConnection.OpenAsync(Nullable`1 ioBehavior, CancellationToken cancellationToken) in /_/src/MySqlConnector/MySqlConnection.cs:line 435
   at MySqlConnector.MySqlConnection.Open() in /_/src/MySqlConnector/MySqlConnection.cs:line 380
   at Microsoft.EntityFrameworkCore.Storage.RelationalConnection.OpenInternal(Boolean errorsExpected)
   at Microsoft.EntityFrameworkCore.Storage.RelationalConnection.Open(Boolean errorsExpected)
   at Pomelo.EntityFrameworkCore.MySql.Storage.Internal.MySqlRelationalConnection.Open(Boolean errorsExpected)
   at Microsoft.EntityFrameworkCore.Storage.RelationalCommand.ExecuteReader(RelationalCommandParameterObject parameterObject)
   at Microsoft.EntityFrameworkCore.Query.Internal.SingleQueryingEnumerable`1.Enumerator.InitializeReader(DbContext _, Boolean result)
   at Pomelo.EntityFrameworkCore.MySql.Storage.Internal.MySqlExecutionStrategy.Execute[TState,TResult](TState state, Func`3 operation, Func`3 verifySucceeded)
   --- End of inner exception stack trace ---
   at Pomelo.EntityFrameworkCore.MySql.Storage.Internal.MySqlExecutionStrategy.Execute[TState,TResult](TState state, Func`3 operation, Func`3 verifySucceeded)
   at Microsoft.EntityFrameworkCore.Query.Internal.SingleQueryingEnumerable`1.Enumerator.MoveNext()
   at lambda_method(Closure , Object , IEnumerable`1 , ResolutionContext )
   --- End of inner exception stack trace ---
   at lambda_method(Closure , Object , IEnumerable`1 , ResolutionContext )
   at CWB.Masters.Services.ItemMaster.RawMaterialDetailService.GetPartPurchasesForPartNo(Int32 partId, Int64 tenantId) in D:\DockerTestCWB\CWB-Latest\CWB\CWB.Masters\Services\ItemMaster\RawMaterialDetailService.cs:line 262
   at CWB.Masters.Controllers.RawMaterialDetailController.GetPartPurchasesForPartId(Int32 partId, Int64 tenantId) in D:\DockerTestCWB\CWB-Latest\CWB\CWB.Masters\Controllers\RawMaterialDetailController.cs:line 353
   at lambda_method(Closure , Object , Object[] )
   at Microsoft.AspNetCore.Mvc.Infrastructure.ActionMethodExecutor.SyncActionResultExecutor.Execute(IActionResultTypeMapper mapper, ObjectMethodExecutor executor, Object controller, Object[] arguments)
   at Microsoft.AspNetCore.Mvc.Infrastructure.ControllerActionInvoker.InvokeActionMethodAsync()
   at Microsoft.AspNetCore.Mvc.Infrastructure.ControllerActionInvoker.Next(State& next, Scope& scope, Object& state, Boolean& isCompleted)
   at Microsoft.AspNetCore.Mvc.Infrastructure.ControllerActionInvoker.InvokeNextActionFilterAsync()
--- End of stack trace from previous location where exception was thrown ---
   at Microsoft.AspNetCore.Mvc.Infrastructure.ControllerActionInvoker.Rethrow(ActionExecutedContextSealed context)
   at Microsoft.AspNetCore.Mvc.Infrastructure.ControllerActionInvoker.Next(State& next, Scope& scope, Object& state, Boolean& isCompleted)
   at Microsoft.AspNetCore.Mvc.Infrastructure.ControllerActionInvoker.InvokeInnerFilterAsync()
--- End of stack trace from previous location where exception was thrown ---
   at Microsoft.AspNetCore.Mvc.Infrastructure.ResourceInvoker.<InvokeFilterPipelineAsync>g__Awaited|19_0(ResourceInvoker invoker, Task lastTask, State next, Scope scope, Object state, Boolean isCompleted)
   at Microsoft.AspNetCore.Mvc.Infrastructure.ResourceInvoker.<InvokeAsync>g__Awaited|17_0(ResourceInvoker invoker, Task task, IDisposable scope)
   at Microsoft.AspNetCore.Routing.EndpointMiddleware.<Invoke>g__AwaitRequestTask|6_0(Endpoint endpoint, Task requestTask, ILogger logger)
   at Microsoft.AspNetCore.Authorization.AuthorizationMiddleware.Invoke(HttpContext context)
   at Microsoft.AspNetCore.Authentication.AuthenticationMiddleware.Invoke(HttpContext context)
   at CWB.ExceptionHandling.ExceptionMiddleware.InvokeAsync(HttpContext httpContext) in D:\EvolutionSoftware\CWB-Latest\CWB\CWB.ExceptionHandling\ExceptionMiddleware.cs:line 26
2025-12-05 04:44:51.1257 ERROR Error: AutoMapper.AutoMapperMappingException: Error mapping types.

Mapping types:
EntityQueryable`1 -> IEnumerable`1
Microsoft.EntityFrameworkCore.Query.Internal.EntityQueryable`1[[CWB.Masters.Domain.ItemMaster.PartPurchaseDetails, CWB.Masters, Version=1.0.0.0, Culture=neutral, PublicKeyToken=null]] -> System.Collections.Generic.IEnumerable`1[[CWB.Masters.ViewModels.ItemMaster.PartPurchaseDetailsVM, CWB.Masters, Version=1.0.0.0, Culture=neutral, PublicKeyToken=null]]
 ---> System.InvalidOperationException: An exception has been raised that is likely due to a transient failure. Consider enabling transient error resiliency by adding 'EnableRetryOnFailure()' to the 'UseMySql' call.
 ---> MySqlConnector.MySqlException (0x80004005): Connect Timeout expired. All pooled connections are in use.
   at MySqlConnector.MySqlConnection.CreateSessionAsync(ConnectionPool pool, Int32 startTickCount, Nullable`1 ioBehavior, CancellationToken cancellationToken) in /_/src/MySqlConnector/MySqlConnection.cs:line 902
   at MySqlConnector.MySqlConnection.OpenAsync(Nullable`1 ioBehavior, CancellationToken cancellationToken) in /_/src/MySqlConnector/MySqlConnection.cs:line 435
   at MySqlConnector.MySqlConnection.Open() in /_/src/MySqlConnector/MySqlConnection.cs:line 380
   at Microsoft.EntityFrameworkCore.Storage.RelationalConnection.OpenInternal(Boolean errorsExpected)
   at Microsoft.EntityFrameworkCore.Storage.RelationalConnection.Open(Boolean errorsExpected)
   at Pomelo.EntityFrameworkCore.MySql.Storage.Internal.MySqlRelationalConnection.Open(Boolean errorsExpected)
   at Microsoft.EntityFrameworkCore.Storage.RelationalCommand.ExecuteReader(RelationalCommandParameterObject parameterObject)
   at Microsoft.EntityFrameworkCore.Query.Internal.SingleQueryingEnumerable`1.Enumerator.InitializeReader(DbContext _, Boolean result)
   at Pomelo.EntityFrameworkCore.MySql.Storage.Internal.MySqlExecutionStrategy.Execute[TState,TResult](TState state, Func`3 operation, Func`3 verifySucceeded)
   --- End of inner exception stack trace ---
   at Pomelo.EntityFrameworkCore.MySql.Storage.Internal.MySqlExecutionStrategy.Execute[TState,TResult](TState state, Func`3 operation, Func`3 verifySucceeded)
   at Microsoft.EntityFrameworkCore.Query.Internal.SingleQueryingEnumerable`1.Enumerator.MoveNext()
   at lambda_method(Closure , Object , IEnumerable`1 , ResolutionContext )
   --- End of inner exception stack trace ---
   at lambda_method(Closure , Object , IEnumerable`1 , ResolutionContext )
   at CWB.Masters.Services.ItemMaster.RawMaterialDetailService.GetPartPurchasesForPartNo(Int32 partId, Int64 tenantId) in D:\DockerTestCWB\CWB-Latest\CWB\CWB.Masters\Services\ItemMaster\RawMaterialDetailService.cs:line 262
   at CWB.Masters.Controllers.RawMaterialDetailController.GetPartPurchasesForPartId(Int32 partId, Int64 tenantId) in D:\DockerTestCWB\CWB-Latest\CWB\CWB.Masters\Controllers\RawMaterialDetailController.cs:line 353
   at lambda_method(Closure , Object , Object[] )
   at Microsoft.AspNetCore.Mvc.Infrastructure.ActionMethodExecutor.SyncActionResultExecutor.Execute(IActionResultTypeMapper mapper, ObjectMethodExecutor executor, Object controller, Object[] arguments)
   at Microsoft.AspNetCore.Mvc.Infrastructure.ControllerActionInvoker.InvokeActionMethodAsync()
   at Microsoft.AspNetCore.Mvc.Infrastructure.ControllerActionInvoker.Next(State& next, Scope& scope, Object& state, Boolean& isCompleted)
   at Microsoft.AspNetCore.Mvc.Infrastructure.ControllerActionInvoker.InvokeNextActionFilterAsync()
--- End of stack trace from previous location where exception was thrown ---
   at Microsoft.AspNetCore.Mvc.Infrastructure.ControllerActionInvoker.Rethrow(ActionExecutedContextSealed context)
   at Microsoft.AspNetCore.Mvc.Infrastructure.ControllerActionInvoker.Next(State& next, Scope& scope, Object& state, Boolean& isCompleted)
   at Microsoft.AspNetCore.Mvc.Infrastructure.ControllerActionInvoker.InvokeInnerFilterAsync()
--- End of stack trace from previous location where exception was thrown ---
   at Microsoft.AspNetCore.Mvc.Infrastructure.ResourceInvoker.<InvokeFilterPipelineAsync>g__Awaited|19_0(ResourceInvoker invoker, Task lastTask, State next, Scope scope, Object state, Boolean isCompleted)
   at Microsoft.AspNetCore.Mvc.Infrastructure.ResourceInvoker.<InvokeAsync>g__Awaited|17_0(ResourceInvoker invoker, Task task, IDisposable scope)
   at Microsoft.AspNetCore.Routing.EndpointMiddleware.<Invoke>g__AwaitRequestTask|6_0(Endpoint endpoint, Task requestTask, ILogger logger)
   at Microsoft.AspNetCore.Authorization.AuthorizationMiddleware.Invoke(HttpContext context)
   at Microsoft.AspNetCore.Authentication.AuthenticationMiddleware.Invoke(HttpContext context)
   at CWB.ExceptionHandling.ExceptionMiddleware.InvokeAsync(HttpContext httpContext) in D:\EvolutionSoftware\CWB-Latest\CWB\CWB.ExceptionHandling\ExceptionMiddleware.cs:line 26
2025-12-05 04:44:53.8778 ERROR Error: AutoMapper.AutoMapperMappingException: Error mapping types.

Mapping types:
EntityQueryable`1 -> IEnumerable`1
Microsoft.EntityFrameworkCore.Query.Internal.EntityQueryable`1[[CWB.Masters.Domain.ItemMaster.PartPurchaseDetails, CWB.Masters, Version=1.0.0.0, Culture=neutral, PublicKeyToken=null]] -> System.Collections.Generic.IEnumerable`1[[CWB.Masters.ViewModels.ItemMaster.PartPurchaseDetailsVM, CWB.Masters, Version=1.0.0.0, Culture=neutral, PublicKeyToken=null]]
 ---> System.InvalidOperationException: An exception has been raised that is likely due to a transient failure. Consider enabling transient error resiliency by adding 'EnableRetryOnFailure()' to the 'UseMySql' call.
 ---> MySqlConnector.MySqlException (0x80004005): Connect Timeout expired. All pooled connections are in use.
   at MySqlConnector.MySqlConnection.CreateSessionAsync(ConnectionPool pool, Int32 startTickCount, Nullable`1 ioBehavior, CancellationToken cancellationToken) in /_/src/MySqlConnector/MySqlConnection.cs:line 902
   at MySqlConnector.MySqlConnection.OpenAsync(Nullable`1 ioBehavior, CancellationToken cancellationToken) in /_/src/MySqlConnector/MySqlConnection.cs:line 435
   at MySqlConnector.MySqlConnection.Open() in /_/src/MySqlConnector/MySqlConnection.cs:line 380
   at Microsoft.EntityFrameworkCore.Storage.RelationalConnection.OpenInternal(Boolean errorsExpected)
   at Microsoft.EntityFrameworkCore.Storage.RelationalConnection.Open(Boolean errorsExpected)
   at Pomelo.EntityFrameworkCore.MySql.Storage.Internal.MySqlRelationalConnection.Open(Boolean errorsExpected)
   at Microsoft.EntityFrameworkCore.Storage.RelationalCommand.ExecuteReader(RelationalCommandParameterObject parameterObject)
   at Microsoft.EntityFrameworkCore.Query.Internal.SingleQueryingEnumerable`1.Enumerator.InitializeReader(DbContext _, Boolean result)
   at Pomelo.EntityFrameworkCore.MySql.Storage.Internal.MySqlExecutionStrategy.Execute[TState,TResult](TState state, Func`3 operation, Func`3 verifySucceeded)
   --- End of inner exception stack trace ---
   at Pomelo.EntityFrameworkCore.MySql.Storage.Internal.MySqlExecutionStrategy.Execute[TState,TResult](TState state, Func`3 operation, Func`3 verifySucceeded)
   at Microsoft.EntityFrameworkCore.Query.Internal.SingleQueryingEnumerable`1.Enumerator.MoveNext()
   at lambda_method(Closure , Object , IEnumerable`1 , ResolutionContext )
   --- End of inner exception stack trace ---
   at lambda_method(Closure , Object , IEnumerable`1 , ResolutionContext )
   at CWB.Masters.Services.ItemMaster.RawMaterialDetailService.GetPartPurchasesForPartNo(Int32 partId, Int64 tenantId) in D:\DockerTestCWB\CWB-Latest\CWB\CWB.Masters\Services\ItemMaster\RawMaterialDetailService.cs:line 262
   at CWB.Masters.Controllers.RawMaterialDetailController.GetPartPurchasesForPartId(Int32 partId, Int64 tenantId) in D:\DockerTestCWB\CWB-Latest\CWB\CWB.Masters\Controllers\RawMaterialDetailController.cs:line 353
   at lambda_method(Closure , Object , Object[] )
   at Microsoft.AspNetCore.Mvc.Infrastructure.ActionMethodExecutor.SyncActionResultExecutor.Execute(IActionResultTypeMapper mapper, ObjectMethodExecutor executor, Object controller, Object[] arguments)
   at Microsoft.AspNetCore.Mvc.Infrastructure.ControllerActionInvoker.InvokeActionMethodAsync()
   at Microsoft.AspNetCore.Mvc.Infrastructure.ControllerActionInvoker.Next(State& next, Scope& scope, Object& state, Boolean& isCompleted)
   at Microsoft.AspNetCore.Mvc.Infrastructure.ControllerActionInvoker.InvokeNextActionFilterAsync()
--- End of stack trace from previous location where exception was thrown ---
   at Microsoft.AspNetCore.Mvc.Infrastructure.ControllerActionInvoker.Rethrow(ActionExecutedContextSealed context)
   at Microsoft.AspNetCore.Mvc.Infrastructure.ControllerActionInvoker.Next(State& next, Scope& scope, Object& state, Boolean& isCompleted)
   at Microsoft.AspNetCore.Mvc.Infrastructure.ControllerActionInvoker.InvokeInnerFilterAsync()
--- End of stack trace from previous location where exception was thrown ---
   at Microsoft.AspNetCore.Mvc.Infrastructure.ResourceInvoker.<InvokeFilterPipelineAsync>g__Awaited|19_0(ResourceInvoker invoker, Task lastTask, State next, Scope scope, Object state, Boolean isCompleted)
   at Microsoft.AspNetCore.Mvc.Infrastructure.ResourceInvoker.<InvokeAsync>g__Awaited|17_0(ResourceInvoker invoker, Task task, IDisposable scope)
   at Microsoft.AspNetCore.Routing.EndpointMiddleware.<Invoke>g__AwaitRequestTask|6_0(Endpoint endpoint, Task requestTask, ILogger logger)
   at Microsoft.AspNetCore.Authorization.AuthorizationMiddleware.Invoke(HttpContext context)
   at Microsoft.AspNetCore.Authentication.AuthenticationMiddleware.Invoke(HttpContext context)
   at CWB.ExceptionHandling.ExceptionMiddleware.InvokeAsync(HttpContext httpContext) in D:\EvolutionSoftware\CWB-Latest\CWB\CWB.ExceptionHandling\ExceptionMiddleware.cs:line 26
2025-12-05 04:44:56.2262 ERROR Error: AutoMapper.AutoMapperMappingException: Error mapping types.

Mapping types:
EntityQueryable`1 -> IEnumerable`1
Microsoft.EntityFrameworkCore.Query.Internal.EntityQueryable`1[[CWB.Masters.Domain.ItemMaster.PartPurchaseDetails, CWB.Masters, Version=1.0.0.0, Culture=neutral, PublicKeyToken=null]] -> System.Collections.Generic.IEnumerable`1[[CWB.Masters.ViewModels.ItemMaster.PartPurchaseDetailsVM, CWB.Masters, Version=1.0.0.0, Culture=neutral, PublicKeyToken=null]]
 ---> System.InvalidOperationException: An exception has been raised that is likely due to a transient failure. Consider enabling transient error resiliency by adding 'EnableRetryOnFailure()' to the 'UseMySql' call.
 ---> MySqlConnector.MySqlException (0x80004005): Connect Timeout expired. All pooled connections are in use.
   at MySqlConnector.MySqlConnection.CreateSessionAsync(ConnectionPool pool, Int32 startTickCount, Nullable`1 ioBehavior, CancellationToken cancellationToken) in /_/src/MySqlConnector/MySqlConnection.cs:line 902
   at MySqlConnector.MySqlConnection.OpenAsync(Nullable`1 ioBehavior, CancellationToken cancellationToken) in /_/src/MySqlConnector/MySqlConnection.cs:line 435
   at MySqlConnector.MySqlConnection.Open() in /_/src/MySqlConnector/MySqlConnection.cs:line 380
   at Microsoft.EntityFrameworkCore.Storage.RelationalConnection.OpenInternal(Boolean errorsExpected)
   at Microsoft.EntityFrameworkCore.Storage.RelationalConnection.Open(Boolean errorsExpected)
   at Pomelo.EntityFrameworkCore.MySql.Storage.Internal.MySqlRelationalConnection.Open(Boolean errorsExpected)
   at Microsoft.EntityFrameworkCore.Storage.RelationalCommand.ExecuteReader(RelationalCommandParameterObject parameterObject)
   at Microsoft.EntityFrameworkCore.Query.Internal.SingleQueryingEnumerable`1.Enumerator.InitializeReader(DbContext _, Boolean result)
   at Pomelo.EntityFrameworkCore.MySql.Storage.Internal.MySqlExecutionStrategy.Execute[TState,TResult](TState state, Func`3 operation, Func`3 verifySucceeded)
   --- End of inner exception stack trace ---
   at Pomelo.EntityFrameworkCore.MySql.Storage.Internal.MySqlExecutionStrategy.Execute[TState,TResult](TState state, Func`3 operation, Func`3 verifySucceeded)
   at Microsoft.EntityFrameworkCore.Query.Internal.SingleQueryingEnumerable`1.Enumerator.MoveNext()
   at lambda_method(Closure , Object , IEnumerable`1 , ResolutionContext )
   --- End of inner exception stack trace ---
   at lambda_method(Closure , Object , IEnumerable`1 , ResolutionContext )
   at CWB.Masters.Services.ItemMaster.RawMaterialDetailService.GetPartPurchasesForPartNo(Int32 partId, Int64 tenantId) in D:\DockerTestCWB\CWB-Latest\CWB\CWB.Masters\Services\ItemMaster\RawMaterialDetailService.cs:line 262
   at CWB.Masters.Controllers.RawMaterialDetailController.GetPartPurchasesForPartId(Int32 partId, Int64 tenantId) in D:\DockerTestCWB\CWB-Latest\CWB\CWB.Masters\Controllers\RawMaterialDetailController.cs:line 353
   at lambda_method(Closure , Object , Object[] )
   at Microsoft.AspNetCore.Mvc.Infrastructure.ActionMethodExecutor.SyncActionResultExecutor.Execute(IActionResultTypeMapper mapper, ObjectMethodExecutor executor, Object controller, Object[] arguments)
   at Microsoft.AspNetCore.Mvc.Infrastructure.ControllerActionInvoker.InvokeActionMethodAsync()
   at Microsoft.AspNetCore.Mvc.Infrastructure.ControllerActionInvoker.Next(State& next, Scope& scope, Object& state, Boolean& isCompleted)
   at Microsoft.AspNetCore.Mvc.Infrastructure.ControllerActionInvoker.InvokeNextActionFilterAsync()
--- End of stack trace from previous location where exception was thrown ---
   at Microsoft.AspNetCore.Mvc.Infrastructure.ControllerActionInvoker.Rethrow(ActionExecutedContextSealed context)
   at Microsoft.AspNetCore.Mvc.Infrastructure.ControllerActionInvoker.Next(State& next, Scope& scope, Object& state, Boolean& isCompleted)
   at Microsoft.AspNetCore.Mvc.Infrastructure.ControllerActionInvoker.InvokeInnerFilterAsync()
--- End of stack trace from previous location where exception was thrown ---
   at Microsoft.AspNetCore.Mvc.Infrastructure.ResourceInvoker.<InvokeFilterPipelineAsync>g__Awaited|19_0(ResourceInvoker invoker, Task lastTask, State next, Scope scope, Object state, Boolean isCompleted)
   at Microsoft.AspNetCore.Mvc.Infrastructure.ResourceInvoker.<InvokeAsync>g__Awaited|17_0(ResourceInvoker invoker, Task task, IDisposable scope)
   at Microsoft.AspNetCore.Routing.EndpointMiddleware.<Invoke>g__AwaitRequestTask|6_0(Endpoint endpoint, Task requestTask, ILogger logger)
   at Microsoft.AspNetCore.Authorization.AuthorizationMiddleware.Invoke(HttpContext context)
   at Microsoft.AspNetCore.Authentication.AuthenticationMiddleware.Invoke(HttpContext context)
   at CWB.ExceptionHandling.ExceptionMiddleware.InvokeAsync(HttpContext httpContext) in D:\EvolutionSoftware\CWB-Latest\CWB\CWB.ExceptionHandling\ExceptionMiddleware.cs:line 26
2025-12-05 04:44:56.3021 ERROR Error: AutoMapper.AutoMapperMappingException: Error mapping types.

Mapping types:
EntityQueryable`1 -> IEnumerable`1
Microsoft.EntityFrameworkCore.Query.Internal.EntityQueryable`1[[CWB.Masters.Domain.ItemMaster.PartPurchaseDetails, CWB.Masters, Version=1.0.0.0, Culture=neutral, PublicKeyToken=null]] -> System.Collections.Generic.IEnumerable`1[[CWB.Masters.ViewModels.ItemMaster.PartPurchaseDetailsVM, CWB.Masters, Version=1.0.0.0, Culture=neutral, PublicKeyToken=null]]
 ---> System.InvalidOperationException: An exception has been raised that is likely due to a transient failure. Consider enabling transient error resiliency by adding 'EnableRetryOnFailure()' to the 'UseMySql' call.
 ---> MySqlConnector.MySqlException (0x80004005): Connect Timeout expired. All pooled connections are in use.
   at MySqlConnector.MySqlConnection.CreateSessionAsync(ConnectionPool pool, Int32 startTickCount, Nullable`1 ioBehavior, CancellationToken cancellationToken) in /_/src/MySqlConnector/MySqlConnection.cs:line 902
   at MySqlConnector.MySqlConnection.OpenAsync(Nullable`1 ioBehavior, CancellationToken cancellationToken) in /_/src/MySqlConnector/MySqlConnection.cs:line 435
   at MySqlConnector.MySqlConnection.Open() in /_/src/MySqlConnector/MySqlConnection.cs:line 380
   at Microsoft.EntityFrameworkCore.Storage.RelationalConnection.OpenInternal(Boolean errorsExpected)
   at Microsoft.EntityFrameworkCore.Storage.RelationalConnection.Open(Boolean errorsExpected)
   at Pomelo.EntityFrameworkCore.MySql.Storage.Internal.MySqlRelationalConnection.Open(Boolean errorsExpected)
   at Microsoft.EntityFrameworkCore.Storage.RelationalCommand.ExecuteReader(RelationalCommandParameterObject parameterObject)
   at Microsoft.EntityFrameworkCore.Query.Internal.SingleQueryingEnumerable`1.Enumerator.InitializeReader(DbContext _, Boolean result)
   at Pomelo.EntityFrameworkCore.MySql.Storage.Internal.MySqlExecutionStrategy.Execute[TState,TResult](TState state, Func`3 operation, Func`3 verifySucceeded)
   --- End of inner exception stack trace ---
   at Pomelo.EntityFrameworkCore.MySql.Storage.Internal.MySqlExecutionStrategy.Execute[TState,TResult](TState state, Func`3 operation, Func`3 verifySucceeded)
   at Microsoft.EntityFrameworkCore.Query.Internal.SingleQueryingEnumerable`1.Enumerator.MoveNext()
   at lambda_method(Closure , Object , IEnumerable`1 , ResolutionContext )
   --- End of inner exception stack trace ---
   at lambda_method(Closure , Object , IEnumerable`1 , ResolutionContext )
   at CWB.Masters.Services.ItemMaster.RawMaterialDetailService.GetPartPurchasesForPartNo(Int32 partId, Int64 tenantId) in D:\DockerTestCWB\CWB-Latest\CWB\CWB.Masters\Services\ItemMaster\RawMaterialDetailService.cs:line 262
   at CWB.Masters.Controllers.RawMaterialDetailController.GetPartPurchasesForPartId(Int32 partId, Int64 tenantId) in D:\DockerTestCWB\CWB-Latest\CWB\CWB.Masters\Controllers\RawMaterialDetailController.cs:line 353
   at lambda_method(Closure , Object , Object[] )
   at Microsoft.AspNetCore.Mvc.Infrastructure.ActionMethodExecutor.SyncActionResultExecutor.Execute(IActionResultTypeMapper mapper, ObjectMethodExecutor executor, Object controller, Object[] arguments)
   at Microsoft.AspNetCore.Mvc.Infrastructure.ControllerActionInvoker.InvokeActionMethodAsync()
   at Microsoft.AspNetCore.Mvc.Infrastructure.ControllerActionInvoker.Next(State& next, Scope& scope, Object& state, Boolean& isCompleted)
   at Microsoft.AspNetCore.Mvc.Infrastructure.ControllerActionInvoker.InvokeNextActionFilterAsync()
--- End of stack trace from previous location where exception was thrown ---
   at Microsoft.AspNetCore.Mvc.Infrastructure.ControllerActionInvoker.Rethrow(ActionExecutedContextSealed context)
   at Microsoft.AspNetCore.Mvc.Infrastructure.ControllerActionInvoker.Next(State& next, Scope& scope, Object& state, Boolean& isCompleted)
   at Microsoft.AspNetCore.Mvc.Infrastructure.ControllerActionInvoker.InvokeInnerFilterAsync()
--- End of stack trace from previous location where exception was thrown ---
   at Microsoft.AspNetCore.Mvc.Infrastructure.ResourceInvoker.<InvokeFilterPipelineAsync>g__Awaited|19_0(ResourceInvoker invoker, Task lastTask, State next, Scope scope, Object state, Boolean isCompleted)
   at Microsoft.AspNetCore.Mvc.Infrastructure.ResourceInvoker.<InvokeAsync>g__Awaited|17_0(ResourceInvoker invoker, Task task, IDisposable scope)
   at Microsoft.AspNetCore.Routing.EndpointMiddleware.<Invoke>g__AwaitRequestTask|6_0(Endpoint endpoint, Task requestTask, ILogger logger)
   at Microsoft.AspNetCore.Authorization.AuthorizationMiddleware.Invoke(HttpContext context)
   at Microsoft.AspNetCore.Authentication.AuthenticationMiddleware.Invoke(HttpContext context)
   at CWB.ExceptionHandling.ExceptionMiddleware.InvokeAsync(HttpContext httpContext) in D:\EvolutionSoftware\CWB-Latest\CWB\CWB.ExceptionHandling\ExceptionMiddleware.cs:line 26
2025-12-05 04:44:56.3021 ERROR Error: AutoMapper.AutoMapperMappingException: Error mapping types.

Mapping types:
EntityQueryable`1 -> IEnumerable`1
Microsoft.EntityFrameworkCore.Query.Internal.EntityQueryable`1[[CWB.Masters.Domain.ItemMaster.PartPurchaseDetails, CWB.Masters, Version=1.0.0.0, Culture=neutral, PublicKeyToken=null]] -> System.Collections.Generic.IEnumerable`1[[CWB.Masters.ViewModels.ItemMaster.PartPurchaseDetailsVM, CWB.Masters, Version=1.0.0.0, Culture=neutral, PublicKeyToken=null]]
 ---> System.InvalidOperationException: An exception has been raised that is likely due to a transient failure. Consider enabling transient error resiliency by adding 'EnableRetryOnFailure()' to the 'UseMySql' call.
 ---> MySqlConnector.MySqlException (0x80004005): Connect Timeout expired. All pooled connections are in use.
   at MySqlConnector.MySqlConnection.CreateSessionAsync(ConnectionPool pool, Int32 startTickCount, Nullable`1 ioBehavior, CancellationToken cancellationToken) in /_/src/MySqlConnector/MySqlConnection.cs:line 902
   at MySqlConnector.MySqlConnection.OpenAsync(Nullable`1 ioBehavior, CancellationToken cancellationToken) in /_/src/MySqlConnector/MySqlConnection.cs:line 435
   at MySqlConnector.MySqlConnection.Open() in /_/src/MySqlConnector/MySqlConnection.cs:line 380
   at Microsoft.EntityFrameworkCore.Storage.RelationalConnection.OpenInternal(Boolean errorsExpected)
   at Microsoft.EntityFrameworkCore.Storage.RelationalConnection.Open(Boolean errorsExpected)
   at Pomelo.EntityFrameworkCore.MySql.Storage.Internal.MySqlRelationalConnection.Open(Boolean errorsExpected)
   at Microsoft.EntityFrameworkCore.Storage.RelationalCommand.ExecuteReader(RelationalCommandParameterObject parameterObject)
   at Microsoft.EntityFrameworkCore.Query.Internal.SingleQueryingEnumerable`1.Enumerator.InitializeReader(DbContext _, Boolean result)
   at Pomelo.EntityFrameworkCore.MySql.Storage.Internal.MySqlExecutionStrategy.Execute[TState,TResult](TState state, Func`3 operation, Func`3 verifySucceeded)
   --- End of inner exception stack trace ---
   at Pomelo.EntityFrameworkCore.MySql.Storage.Internal.MySqlExecutionStrategy.Execute[TState,TResult](TState state, Func`3 operation, Func`3 verifySucceeded)
   at Microsoft.EntityFrameworkCore.Query.Internal.SingleQueryingEnumerable`1.Enumerator.MoveNext()
   at lambda_method(Closure , Object , IEnumerable`1 , ResolutionContext )
   --- End of inner exception stack trace ---
   at lambda_method(Closure , Object , IEnumerable`1 , ResolutionContext )
   at CWB.Masters.Services.ItemMaster.RawMaterialDetailService.GetPartPurchasesForPartNo(Int32 partId, Int64 tenantId) in D:\DockerTestCWB\CWB-Latest\CWB\CWB.Masters\Services\ItemMaster\RawMaterialDetailService.cs:line 262
   at CWB.Masters.Controllers.RawMaterialDetailController.GetPartPurchasesForPartId(Int32 partId, Int64 tenantId) in D:\DockerTestCWB\CWB-Latest\CWB\CWB.Masters\Controllers\RawMaterialDetailController.cs:line 353
   at lambda_method(Closure , Object , Object[] )
   at Microsoft.AspNetCore.Mvc.Infrastructure.ActionMethodExecutor.SyncActionResultExecutor.Execute(IActionResultTypeMapper mapper, ObjectMethodExecutor executor, Object controller, Object[] arguments)
   at Microsoft.AspNetCore.Mvc.Infrastructure.ControllerActionInvoker.InvokeActionMethodAsync()
   at Microsoft.AspNetCore.Mvc.Infrastructure.ControllerActionInvoker.Next(State& next, Scope& scope, Object& state, Boolean& isCompleted)
   at Microsoft.AspNetCore.Mvc.Infrastructure.ControllerActionInvoker.InvokeNextActionFilterAsync()
--- End of stack trace from previous location where exception was thrown ---
   at Microsoft.AspNetCore.Mvc.Infrastructure.ControllerActionInvoker.Rethrow(ActionExecutedContextSealed context)
   at Microsoft.AspNetCore.Mvc.Infrastructure.ControllerActionInvoker.Next(State& next, Scope& scope, Object& state, Boolean& isCompleted)
   at Microsoft.AspNetCore.Mvc.Infrastructure.ControllerActionInvoker.InvokeInnerFilterAsync()
--- End of stack trace from previous location where exception was thrown ---
   at Microsoft.AspNetCore.Mvc.Infrastructure.ResourceInvoker.<InvokeFilterPipelineAsync>g__Awaited|19_0(ResourceInvoker invoker, Task lastTask, State next, Scope scope, Object state, Boolean isCompleted)
   at Microsoft.AspNetCore.Mvc.Infrastructure.ResourceInvoker.<InvokeAsync>g__Awaited|17_0(ResourceInvoker invoker, Task task, IDisposable scope)
   at Microsoft.AspNetCore.Routing.EndpointMiddleware.<Invoke>g__AwaitRequestTask|6_0(Endpoint endpoint, Task requestTask, ILogger logger)
   at Microsoft.AspNetCore.Authorization.AuthorizationMiddleware.Invoke(HttpContext context)
   at Microsoft.AspNetCore.Authentication.AuthenticationMiddleware.Invoke(HttpContext context)
   at CWB.ExceptionHandling.ExceptionMiddleware.InvokeAsync(HttpContext httpContext) in D:\EvolutionSoftware\CWB-Latest\CWB\CWB.ExceptionHandling\ExceptionMiddleware.cs:line 26
2025-12-05 04:50:41.2833 ERROR Error: AutoMapper.AutoMapperMappingException: Error mapping types.

Mapping types:
EntityQueryable`1 -> IEnumerable`1
Microsoft.EntityFrameworkCore.Query.Internal.EntityQueryable`1[[CWB.Masters.Domain.ItemMaster.PartPurchaseDetails, CWB.Masters, Version=1.0.0.0, Culture=neutral, PublicKeyToken=null]] -> System.Collections.Generic.IEnumerable`1[[CWB.Masters.ViewModels.ItemMaster.PartPurchaseDetailsVM, CWB.Masters, Version=1.0.0.0, Culture=neutral, PublicKeyToken=null]]
 ---> System.InvalidOperationException: An exception has been raised that is likely due to a transient failure. Consider enabling transient error resiliency by adding 'EnableRetryOnFailure()' to the 'UseMySql' call.
 ---> MySqlConnector.MySqlException (0x80004005): Connect Timeout expired. All pooled connections are in use.
   at MySqlConnector.MySqlConnection.CreateSessionAsync(ConnectionPool pool, Int32 startTickCount, Nullable`1 ioBehavior, CancellationToken cancellationToken) in /_/src/MySqlConnector/MySqlConnection.cs:line 902
   at MySqlConnector.MySqlConnection.OpenAsync(Nullable`1 ioBehavior, CancellationToken cancellationToken) in /_/src/MySqlConnector/MySqlConnection.cs:line 435
   at MySqlConnector.MySqlConnection.Open() in /_/src/MySqlConnector/MySqlConnection.cs:line 380
   at Microsoft.EntityFrameworkCore.Storage.RelationalConnection.OpenInternal(Boolean errorsExpected)
   at Microsoft.EntityFrameworkCore.Storage.RelationalConnection.Open(Boolean errorsExpected)
   at Pomelo.EntityFrameworkCore.MySql.Storage.Internal.MySqlRelationalConnection.Open(Boolean errorsExpected)
   at Microsoft.EntityFrameworkCore.Storage.RelationalCommand.ExecuteReader(RelationalCommandParameterObject parameterObject)
   at Microsoft.EntityFrameworkCore.Query.Internal.SingleQueryingEnumerable`1.Enumerator.InitializeReader(DbContext _, Boolean result)
   at Pomelo.EntityFrameworkCore.MySql.Storage.Internal.MySqlExecutionStrategy.Execute[TState,TResult](TState state, Func`3 operation, Func`3 verifySucceeded)
   --- End of inner exception stack trace ---
   at Pomelo.EntityFrameworkCore.MySql.Storage.Internal.MySqlExecutionStrategy.Execute[TState,TResult](TState state, Func`3 operation, Func`3 verifySucceeded)
   at Microsoft.EntityFrameworkCore.Query.Internal.SingleQueryingEnumerable`1.Enumerator.MoveNext()
   at lambda_method(Closure , Object , IEnumerable`1 , ResolutionContext )
   --- End of inner exception stack trace ---
   at lambda_method(Closure , Object , IEnumerable`1 , ResolutionContext )
   at CWB.Masters.Services.ItemMaster.RawMaterialDetailService.GetPartPurchasesForPartNo(Int32 partId, Int64 tenantId) in D:\DockerTestCWB\CWB-Latest\CWB\CWB.Masters\Services\ItemMaster\RawMaterialDetailService.cs:line 262
   at CWB.Masters.Controllers.RawMaterialDetailController.GetPartPurchasesForPartId(Int32 partId, Int64 tenantId) in D:\DockerTestCWB\CWB-Latest\CWB\CWB.Masters\Controllers\RawMaterialDetailController.cs:line 353
   at lambda_method(Closure , Object , Object[] )
   at Microsoft.AspNetCore.Mvc.Infrastructure.ActionMethodExecutor.SyncActionResultExecutor.Execute(IActionResultTypeMapper mapper, ObjectMethodExecutor executor, Object controller, Object[] arguments)
   at Microsoft.AspNetCore.Mvc.Infrastructure.ControllerActionInvoker.InvokeActionMethodAsync()
   at Microsoft.AspNetCore.Mvc.Infrastructure.ControllerActionInvoker.Next(State& next, Scope& scope, Object& state, Boolean& isCompleted)
   at Microsoft.AspNetCore.Mvc.Infrastructure.ControllerActionInvoker.InvokeNextActionFilterAsync()
--- End of stack trace from previous location where exception was thrown ---
   at Microsoft.AspNetCore.Mvc.Infrastructure.ControllerActionInvoker.Rethrow(ActionExecutedContextSealed context)
   at Microsoft.AspNetCore.Mvc.Infrastructure.ControllerActionInvoker.Next(State& next, Scope& scope, Object& state, Boolean& isCompleted)
   at Microsoft.AspNetCore.Mvc.Infrastructure.ControllerActionInvoker.InvokeInnerFilterAsync()
--- End of stack trace from previous location where exception was thrown ---
   at Microsoft.AspNetCore.Mvc.Infrastructure.ResourceInvoker.<InvokeFilterPipelineAsync>g__Awaited|19_0(ResourceInvoker invoker, Task lastTask, State next, Scope scope, Object state, Boolean isCompleted)
   at Microsoft.AspNetCore.Mvc.Infrastructure.ResourceInvoker.<InvokeAsync>g__Awaited|17_0(ResourceInvoker invoker, Task task, IDisposable scope)
   at Microsoft.AspNetCore.Routing.EndpointMiddleware.<Invoke>g__AwaitRequestTask|6_0(Endpoint endpoint, Task requestTask, ILogger logger)
   at Microsoft.AspNetCore.Authorization.AuthorizationMiddleware.Invoke(HttpContext context)
   at Microsoft.AspNetCore.Authentication.AuthenticationMiddleware.Invoke(HttpContext context)
   at CWB.ExceptionHandling.ExceptionMiddleware.InvokeAsync(HttpContext httpContext) in D:\EvolutionSoftware\CWB-Latest\CWB\CWB.ExceptionHandling\ExceptionMiddleware.cs:line 26
2025-12-05 04:50:48.3035 ERROR Error: AutoMapper.AutoMapperMappingException: Error mapping types.

Mapping types:
EntityQueryable`1 -> IEnumerable`1
Microsoft.EntityFrameworkCore.Query.Internal.EntityQueryable`1[[CWB.Masters.Domain.ItemMaster.PartPurchaseDetails, CWB.Masters, Version=1.0.0.0, Culture=neutral, PublicKeyToken=null]] -> System.Collections.Generic.IEnumerable`1[[CWB.Masters.ViewModels.ItemMaster.PartPurchaseDetailsVM, CWB.Masters, Version=1.0.0.0, Culture=neutral, PublicKeyToken=null]]
 ---> System.InvalidOperationException: An exception has been raised that is likely due to a transient failure. Consider enabling transient error resiliency by adding 'EnableRetryOnFailure()' to the 'UseMySql' call.
 ---> MySqlConnector.MySqlException (0x80004005): Connect Timeout expired. All pooled connections are in use.
   at MySqlConnector.MySqlConnection.CreateSessionAsync(ConnectionPool pool, Int32 startTickCount, Nullable`1 ioBehavior, CancellationToken cancellationToken) in /_/src/MySqlConnector/MySqlConnection.cs:line 902
   at MySqlConnector.MySqlConnection.OpenAsync(Nullable`1 ioBehavior, CancellationToken cancellationToken) in /_/src/MySqlConnector/MySqlConnection.cs:line 435
   at MySqlConnector.MySqlConnection.Open() in /_/src/MySqlConnector/MySqlConnection.cs:line 380
   at Microsoft.EntityFrameworkCore.Storage.RelationalConnection.OpenInternal(Boolean errorsExpected)
   at Microsoft.EntityFrameworkCore.Storage.RelationalConnection.Open(Boolean errorsExpected)
   at Pomelo.EntityFrameworkCore.MySql.Storage.Internal.MySqlRelationalConnection.Open(Boolean errorsExpected)
   at Microsoft.EntityFrameworkCore.Storage.RelationalCommand.ExecuteReader(RelationalCommandParameterObject parameterObject)
   at Microsoft.EntityFrameworkCore.Query.Internal.SingleQueryingEnumerable`1.Enumerator.InitializeReader(DbContext _, Boolean result)
   at Pomelo.EntityFrameworkCore.MySql.Storage.Internal.MySqlExecutionStrategy.Execute[TState,TResult](TState state, Func`3 operation, Func`3 verifySucceeded)
   --- End of inner exception stack trace ---
   at Pomelo.EntityFrameworkCore.MySql.Storage.Internal.MySqlExecutionStrategy.Execute[TState,TResult](TState state, Func`3 operation, Func`3 verifySucceeded)
   at Microsoft.EntityFrameworkCore.Query.Internal.SingleQueryingEnumerable`1.Enumerator.MoveNext()
   at lambda_method(Closure , Object , IEnumerable`1 , ResolutionContext )
   --- End of inner exception stack trace ---
   at lambda_method(Closure , Object , IEnumerable`1 , ResolutionContext )
   at CWB.Masters.Services.ItemMaster.RawMaterialDetailService.GetPartPurchasesForPartNo(Int32 partId, Int64 tenantId) in D:\DockerTestCWB\CWB-Latest\CWB\CWB.Masters\Services\ItemMaster\RawMaterialDetailService.cs:line 262
   at CWB.Masters.Controllers.RawMaterialDetailController.GetPartPurchasesForPartId(Int32 partId, Int64 tenantId) in D:\DockerTestCWB\CWB-Latest\CWB\CWB.Masters\Controllers\RawMaterialDetailController.cs:line 353
   at lambda_method(Closure , Object , Object[] )
   at Microsoft.AspNetCore.Mvc.Infrastructure.ActionMethodExecutor.SyncActionResultExecutor.Execute(IActionResultTypeMapper mapper, ObjectMethodExecutor executor, Object controller, Object[] arguments)
   at Microsoft.AspNetCore.Mvc.Infrastructure.ControllerActionInvoker.InvokeActionMethodAsync()
   at Microsoft.AspNetCore.Mvc.Infrastructure.ControllerActionInvoker.Next(State& next, Scope& scope, Object& state, Boolean& isCompleted)
   at Microsoft.AspNetCore.Mvc.Infrastructure.ControllerActionInvoker.InvokeNextActionFilterAsync()
--- End of stack trace from previous location where exception was thrown ---
   at Microsoft.AspNetCore.Mvc.Infrastructure.ControllerActionInvoker.Rethrow(ActionExecutedContextSealed context)
   at Microsoft.AspNetCore.Mvc.Infrastructure.ControllerActionInvoker.Next(State& next, Scope& scope, Object& state, Boolean& isCompleted)
   at Microsoft.AspNetCore.Mvc.Infrastructure.ControllerActionInvoker.InvokeInnerFilterAsync()
--- End of stack trace from previous location where exception was thrown ---
   at Microsoft.AspNetCore.Mvc.Infrastructure.ResourceInvoker.<InvokeFilterPipelineAsync>g__Awaited|19_0(ResourceInvoker invoker, Task lastTask, State next, Scope scope, Object state, Boolean isCompleted)
   at Microsoft.AspNetCore.Mvc.Infrastructure.ResourceInvoker.<InvokeAsync>g__Awaited|17_0(ResourceInvoker invoker, Task task, IDisposable scope)
   at Microsoft.AspNetCore.Routing.EndpointMiddleware.<Invoke>g__AwaitRequestTask|6_0(Endpoint endpoint, Task requestTask, ILogger logger)
   at Microsoft.AspNetCore.Authorization.AuthorizationMiddleware.Invoke(HttpContext context)
   at Microsoft.AspNetCore.Authentication.AuthenticationMiddleware.Invoke(HttpContext context)
   at CWB.ExceptionHandling.ExceptionMiddleware.InvokeAsync(HttpContext httpContext) in D:\EvolutionSoftware\CWB-Latest\CWB\CWB.ExceptionHandling\ExceptionMiddleware.cs:line 26
2025-12-05 04:50:48.4690 ERROR Error: AutoMapper.AutoMapperMappingException: Error mapping types.

Mapping types:
EntityQueryable`1 -> IEnumerable`1
Microsoft.EntityFrameworkCore.Query.Internal.EntityQueryable`1[[CWB.Masters.Domain.ItemMaster.PartPurchaseDetails, CWB.Masters, Version=1.0.0.0, Culture=neutral, PublicKeyToken=null]] -> System.Collections.Generic.IEnumerable`1[[CWB.Masters.ViewModels.ItemMaster.PartPurchaseDetailsVM, CWB.Masters, Version=1.0.0.0, Culture=neutral, PublicKeyToken=null]]
 ---> System.InvalidOperationException: An exception has been raised that is likely due to a transient failure. Consider enabling transient error resiliency by adding 'EnableRetryOnFailure()' to the 'UseMySql' call.
 ---> MySqlConnector.MySqlException (0x80004005): Connect Timeout expired. All pooled connections are in use.
   at MySqlConnector.MySqlConnection.CreateSessionAsync(ConnectionPool pool, Int32 startTickCount, Nullable`1 ioBehavior, CancellationToken cancellationToken) in /_/src/MySqlConnector/MySqlConnection.cs:line 902
   at MySqlConnector.MySqlConnection.OpenAsync(Nullable`1 ioBehavior, CancellationToken cancellationToken) in /_/src/MySqlConnector/MySqlConnection.cs:line 435
   at MySqlConnector.MySqlConnection.Open() in /_/src/MySqlConnector/MySqlConnection.cs:line 380
   at Microsoft.EntityFrameworkCore.Storage.RelationalConnection.OpenInternal(Boolean errorsExpected)
   at Microsoft.EntityFrameworkCore.Storage.RelationalConnection.Open(Boolean errorsExpected)
   at Pomelo.EntityFrameworkCore.MySql.Storage.Internal.MySqlRelationalConnection.Open(Boolean errorsExpected)
   at Microsoft.EntityFrameworkCore.Storage.RelationalCommand.ExecuteReader(RelationalCommandParameterObject parameterObject)
   at Microsoft.EntityFrameworkCore.Query.Internal.SingleQueryingEnumerable`1.Enumerator.InitializeReader(DbContext _, Boolean result)
   at Pomelo.EntityFrameworkCore.MySql.Storage.Internal.MySqlExecutionStrategy.Execute[TState,TResult](TState state, Func`3 operation, Func`3 verifySucceeded)
   --- End of inner exception stack trace ---
   at Pomelo.EntityFrameworkCore.MySql.Storage.Internal.MySqlExecutionStrategy.Execute[TState,TResult](TState state, Func`3 operation, Func`3 verifySucceeded)
   at Microsoft.EntityFrameworkCore.Query.Internal.SingleQueryingEnumerable`1.Enumerator.MoveNext()
   at lambda_method(Closure , Object , IEnumerable`1 , ResolutionContext )
   --- End of inner exception stack trace ---
   at lambda_method(Closure , Object , IEnumerable`1 , ResolutionContext )
   at CWB.Masters.Services.ItemMaster.RawMaterialDetailService.GetPartPurchasesForPartNo(Int32 partId, Int64 tenantId) in D:\DockerTestCWB\CWB-Latest\CWB\CWB.Masters\Services\ItemMaster\RawMaterialDetailService.cs:line 262
   at CWB.Masters.Controllers.RawMaterialDetailController.GetPartPurchasesForPartId(Int32 partId, Int64 tenantId) in D:\DockerTestCWB\CWB-Latest\CWB\CWB.Masters\Controllers\RawMaterialDetailController.cs:line 353
   at lambda_method(Closure , Object , Object[] )
   at Microsoft.AspNetCore.Mvc.Infrastructure.ActionMethodExecutor.SyncActionResultExecutor.Execute(IActionResultTypeMapper mapper, ObjectMethodExecutor executor, Object controller, Object[] arguments)
   at Microsoft.AspNetCore.Mvc.Infrastructure.ControllerActionInvoker.InvokeActionMethodAsync()
   at Microsoft.AspNetCore.Mvc.Infrastructure.ControllerActionInvoker.Next(State& next, Scope& scope, Object& state, Boolean& isCompleted)
   at Microsoft.AspNetCore.Mvc.Infrastructure.ControllerActionInvoker.InvokeNextActionFilterAsync()
--- End of stack trace from previous location where exception was thrown ---
   at Microsoft.AspNetCore.Mvc.Infrastructure.ControllerActionInvoker.Rethrow(ActionExecutedContextSealed context)
   at Microsoft.AspNetCore.Mvc.Infrastructure.ControllerActionInvoker.Next(State& next, Scope& scope, Object& state, Boolean& isCompleted)
   at Microsoft.AspNetCore.Mvc.Infrastructure.ControllerActionInvoker.InvokeInnerFilterAsync()
--- End of stack trace from previous location where exception was thrown ---
   at Microsoft.AspNetCore.Mvc.Infrastructure.ResourceInvoker.<InvokeFilterPipelineAsync>g__Awaited|19_0(ResourceInvoker invoker, Task lastTask, State next, Scope scope, Object state, Boolean isCompleted)
   at Microsoft.AspNetCore.Mvc.Infrastructure.ResourceInvoker.<InvokeAsync>g__Awaited|17_0(ResourceInvoker invoker, Task task, IDisposable scope)
   at Microsoft.AspNetCore.Routing.EndpointMiddleware.<Invoke>g__AwaitRequestTask|6_0(Endpoint endpoint, Task requestTask, ILogger logger)
   at Microsoft.AspNetCore.Authorization.AuthorizationMiddleware.Invoke(HttpContext context)
   at Microsoft.AspNetCore.Authentication.AuthenticationMiddleware.Invoke(HttpContext context)
   at CWB.ExceptionHandling.ExceptionMiddleware.InvokeAsync(HttpContext httpContext) in D:\EvolutionSoftware\CWB-Latest\CWB\CWB.ExceptionHandling\ExceptionMiddleware.cs:line 26
2025-12-05 04:50:48.4895 ERROR Error: AutoMapper.AutoMapperMappingException: Error mapping types.

Mapping types:
EntityQueryable`1 -> IEnumerable`1
Microsoft.EntityFrameworkCore.Query.Internal.EntityQueryable`1[[CWB.Masters.Domain.ItemMaster.PartPurchaseDetails, CWB.Masters, Version=1.0.0.0, Culture=neutral, PublicKeyToken=null]] -> System.Collections.Generic.IEnumerable`1[[CWB.Masters.ViewModels.ItemMaster.PartPurchaseDetailsVM, CWB.Masters, Version=1.0.0.0, Culture=neutral, PublicKeyToken=null]]
 ---> System.InvalidOperationException: An exception has been raised that is likely due to a transient failure. Consider enabling transient error resiliency by adding 'EnableRetryOnFailure()' to the 'UseMySql' call.
 ---> MySqlConnector.MySqlException (0x80004005): Connect Timeout expired. All pooled connections are in use.
   at MySqlConnector.MySqlConnection.CreateSessionAsync(ConnectionPool pool, Int32 startTickCount, Nullable`1 ioBehavior, CancellationToken cancellationToken) in /_/src/MySqlConnector/MySqlConnection.cs:line 902
   at MySqlConnector.MySqlConnection.OpenAsync(Nullable`1 ioBehavior, CancellationToken cancellationToken) in /_/src/MySqlConnector/MySqlConnection.cs:line 435
   at MySqlConnector.MySqlConnection.Open() in /_/src/MySqlConnector/MySqlConnection.cs:line 380
   at Microsoft.EntityFrameworkCore.Storage.RelationalConnection.OpenInternal(Boolean errorsExpected)
   at Microsoft.EntityFrameworkCore.Storage.RelationalConnection.Open(Boolean errorsExpected)
   at Pomelo.EntityFrameworkCore.MySql.Storage.Internal.MySqlRelationalConnection.Open(Boolean errorsExpected)
   at Microsoft.EntityFrameworkCore.Storage.RelationalCommand.ExecuteReader(RelationalCommandParameterObject parameterObject)
   at Microsoft.EntityFrameworkCore.Query.Internal.SingleQueryingEnumerable`1.Enumerator.InitializeReader(DbContext _, Boolean result)
   at Pomelo.EntityFrameworkCore.MySql.Storage.Internal.MySqlExecutionStrategy.Execute[TState,TResult](TState state, Func`3 operation, Func`3 verifySucceeded)
   --- End of inner exception stack trace ---
   at Pomelo.EntityFrameworkCore.MySql.Storage.Internal.MySqlExecutionStrategy.Execute[TState,TResult](TState state, Func`3 operation, Func`3 verifySucceeded)
   at Microsoft.EntityFrameworkCore.Query.Internal.SingleQueryingEnumerable`1.Enumerator.MoveNext()
   at lambda_method(Closure , Object , IEnumerable`1 , ResolutionContext )
   --- End of inner exception stack trace ---
   at lambda_method(Closure , Object , IEnumerable`1 , ResolutionContext )
   at CWB.Masters.Services.ItemMaster.RawMaterialDetailService.GetPartPurchasesForPartNo(Int32 partId, Int64 tenantId) in D:\DockerTestCWB\CWB-Latest\CWB\CWB.Masters\Services\ItemMaster\RawMaterialDetailService.cs:line 262
   at CWB.Masters.Controllers.RawMaterialDetailController.GetPartPurchasesForPartId(Int32 partId, Int64 tenantId) in D:\DockerTestCWB\CWB-Latest\CWB\CWB.Masters\Controllers\RawMaterialDetailController.cs:line 353
   at lambda_method(Closure , Object , Object[] )
   at Microsoft.AspNetCore.Mvc.Infrastructure.ActionMethodExecutor.SyncActionResultExecutor.Execute(IActionResultTypeMapper mapper, ObjectMethodExecutor executor, Object controller, Object[] arguments)
   at Microsoft.AspNetCore.Mvc.Infrastructure.ControllerActionInvoker.InvokeActionMethodAsync()
   at Microsoft.AspNetCore.Mvc.Infrastructure.ControllerActionInvoker.Next(State& next, Scope& scope, Object& state, Boolean& isCompleted)
   at Microsoft.AspNetCore.Mvc.Infrastructure.ControllerActionInvoker.InvokeNextActionFilterAsync()
--- End of stack trace from previous location where exception was thrown ---
   at Microsoft.AspNetCore.Mvc.Infrastructure.ControllerActionInvoker.Rethrow(ActionExecutedContextSealed context)
   at Microsoft.AspNetCore.Mvc.Infrastructure.ControllerActionInvoker.Next(State& next, Scope& scope, Object& state, Boolean& isCompleted)
   at Microsoft.AspNetCore.Mvc.Infrastructure.ControllerActionInvoker.InvokeInnerFilterAsync()
--- End of stack trace from previous location where exception was thrown ---
   at Microsoft.AspNetCore.Mvc.Infrastructure.ResourceInvoker.<InvokeFilterPipelineAsync>g__Awaited|19_0(ResourceInvoker invoker, Task lastTask, State next, Scope scope, Object state, Boolean isCompleted)
   at Microsoft.AspNetCore.Mvc.Infrastructure.ResourceInvoker.<InvokeAsync>g__Awaited|17_0(ResourceInvoker invoker, Task task, IDisposable scope)
   at Microsoft.AspNetCore.Routing.EndpointMiddleware.<Invoke>g__AwaitRequestTask|6_0(Endpoint endpoint, Task requestTask, ILogger logger)
   at Microsoft.AspNetCore.Authorization.AuthorizationMiddleware.Invoke(HttpContext context)
   at Microsoft.AspNetCore.Authentication.AuthenticationMiddleware.Invoke(HttpContext context)
   at CWB.ExceptionHandling.ExceptionMiddleware.InvokeAsync(HttpContext httpContext) in D:\EvolutionSoftware\CWB-Latest\CWB\CWB.ExceptionHandling\ExceptionMiddleware.cs:line 26
2025-12-05 04:50:48.4895 ERROR Error: AutoMapper.AutoMapperMappingException: Error mapping types.

Mapping types:
EntityQueryable`1 -> IEnumerable`1
Microsoft.EntityFrameworkCore.Query.Internal.EntityQueryable`1[[CWB.Masters.Domain.ItemMaster.PartPurchaseDetails, CWB.Masters, Version=1.0.0.0, Culture=neutral, PublicKeyToken=null]] -> System.Collections.Generic.IEnumerable`1[[CWB.Masters.ViewModels.ItemMaster.PartPurchaseDetailsVM, CWB.Masters, Version=1.0.0.0, Culture=neutral, PublicKeyToken=null]]
 ---> System.InvalidOperationException: An exception has been raised that is likely due to a transient failure. Consider enabling transient error resiliency by adding 'EnableRetryOnFailure()' to the 'UseMySql' call.
 ---> MySqlConnector.MySqlException (0x80004005): Connect Timeout expired. All pooled connections are in use.
   at MySqlConnector.MySqlConnection.CreateSessionAsync(ConnectionPool pool, Int32 startTickCount, Nullable`1 ioBehavior, CancellationToken cancellationToken) in /_/src/MySqlConnector/MySqlConnection.cs:line 902
   at MySqlConnector.MySqlConnection.OpenAsync(Nullable`1 ioBehavior, CancellationToken cancellationToken) in /_/src/MySqlConnector/MySqlConnection.cs:line 435
   at MySqlConnector.MySqlConnection.Open() in /_/src/MySqlConnector/MySqlConnection.cs:line 380
   at Microsoft.EntityFrameworkCore.Storage.RelationalConnection.OpenInternal(Boolean errorsExpected)
   at Microsoft.EntityFrameworkCore.Storage.RelationalConnection.Open(Boolean errorsExpected)
   at Pomelo.EntityFrameworkCore.MySql.Storage.Internal.MySqlRelationalConnection.Open(Boolean errorsExpected)
   at Microsoft.EntityFrameworkCore.Storage.RelationalCommand.ExecuteReader(RelationalCommandParameterObject parameterObject)
   at Microsoft.EntityFrameworkCore.Query.Internal.SingleQueryingEnumerable`1.Enumerator.InitializeReader(DbContext _, Boolean result)
   at Pomelo.EntityFrameworkCore.MySql.Storage.Internal.MySqlExecutionStrategy.Execute[TState,TResult](TState state, Func`3 operation, Func`3 verifySucceeded)
   --- End of inner exception stack trace ---
   at Pomelo.EntityFrameworkCore.MySql.Storage.Internal.MySqlExecutionStrategy.Execute[TState,TResult](TState state, Func`3 operation, Func`3 verifySucceeded)
   at Microsoft.EntityFrameworkCore.Query.Internal.SingleQueryingEnumerable`1.Enumerator.MoveNext()
   at lambda_method(Closure , Object , IEnumerable`1 , ResolutionContext )
   --- End of inner exception stack trace ---
   at lambda_method(Closure , Object , IEnumerable`1 , ResolutionContext )
   at CWB.Masters.Services.ItemMaster.RawMaterialDetailService.GetPartPurchasesForPartNo(Int32 partId, Int64 tenantId) in D:\DockerTestCWB\CWB-Latest\CWB\CWB.Masters\Services\ItemMaster\RawMaterialDetailService.cs:line 262
   at CWB.Masters.Controllers.RawMaterialDetailController.GetPartPurchasesForPartId(Int32 partId, Int64 tenantId) in D:\DockerTestCWB\CWB-Latest\CWB\CWB.Masters\Controllers\RawMaterialDetailController.cs:line 353
   at lambda_method(Closure , Object , Object[] )
   at Microsoft.AspNetCore.Mvc.Infrastructure.ActionMethodExecutor.SyncActionResultExecutor.Execute(IActionResultTypeMapper mapper, ObjectMethodExecutor executor, Object controller, Object[] arguments)
   at Microsoft.AspNetCore.Mvc.Infrastructure.ControllerActionInvoker.InvokeActionMethodAsync()
   at Microsoft.AspNetCore.Mvc.Infrastructure.ControllerActionInvoker.Next(State& next, Scope& scope, Object& state, Boolean& isCompleted)
   at Microsoft.AspNetCore.Mvc.Infrastructure.ControllerActionInvoker.InvokeNextActionFilterAsync()
--- End of stack trace from previous location where exception was thrown ---
   at Microsoft.AspNetCore.Mvc.Infrastructure.ControllerActionInvoker.Rethrow(ActionExecutedContextSealed context)
   at Microsoft.AspNetCore.Mvc.Infrastructure.ControllerActionInvoker.Next(State& next, Scope& scope, Object& state, Boolean& isCompleted)
   at Microsoft.AspNetCore.Mvc.Infrastructure.ControllerActionInvoker.InvokeInnerFilterAsync()
--- End of stack trace from previous location where exception was thrown ---
   at Microsoft.AspNetCore.Mvc.Infrastructure.ResourceInvoker.<InvokeFilterPipelineAsync>g__Awaited|19_0(ResourceInvoker invoker, Task lastTask, State next, Scope scope, Object state, Boolean isCompleted)
   at Microsoft.AspNetCore.Mvc.Infrastructure.ResourceInvoker.<InvokeAsync>g__Awaited|17_0(ResourceInvoker invoker, Task task, IDisposable scope)
   at Microsoft.AspNetCore.Routing.EndpointMiddleware.<Invoke>g__AwaitRequestTask|6_0(Endpoint endpoint, Task requestTask, ILogger logger)
   at Microsoft.AspNetCore.Authorization.AuthorizationMiddleware.Invoke(HttpContext context)
   at Microsoft.AspNetCore.Authentication.AuthenticationMiddleware.Invoke(HttpContext context)
   at CWB.ExceptionHandling.ExceptionMiddleware.InvokeAsync(HttpContext httpContext) in D:\EvolutionSoftware\CWB-Latest\CWB\CWB.ExceptionHandling\ExceptionMiddleware.cs:line 26
2025-12-05 04:50:48.4974 ERROR Error: AutoMapper.AutoMapperMappingException: Error mapping types.

Mapping types:
EntityQueryable`1 -> IEnumerable`1
Microsoft.EntityFrameworkCore.Query.Internal.EntityQueryable`1[[CWB.Masters.Domain.ItemMaster.PartPurchaseDetails, CWB.Masters, Version=1.0.0.0, Culture=neutral, PublicKeyToken=null]] -> System.Collections.Generic.IEnumerable`1[[CWB.Masters.ViewModels.ItemMaster.PartPurchaseDetailsVM, CWB.Masters, Version=1.0.0.0, Culture=neutral, PublicKeyToken=null]]
 ---> System.InvalidOperationException: An exception has been raised that is likely due to a transient failure. Consider enabling transient error resiliency by adding 'EnableRetryOnFailure()' to the 'UseMySql' call.
 ---> MySqlConnector.MySqlException (0x80004005): Connect Timeout expired. All pooled connections are in use.
   at MySqlConnector.MySqlConnection.CreateSessionAsync(ConnectionPool pool, Int32 startTickCount, Nullable`1 ioBehavior, CancellationToken cancellationToken) in /_/src/MySqlConnector/MySqlConnection.cs:line 902
   at MySqlConnector.MySqlConnection.OpenAsync(Nullable`1 ioBehavior, CancellationToken cancellationToken) in /_/src/MySqlConnector/MySqlConnection.cs:line 435
   at MySqlConnector.MySqlConnection.Open() in /_/src/MySqlConnector/MySqlConnection.cs:line 380
   at Microsoft.EntityFrameworkCore.Storage.RelationalConnection.OpenInternal(Boolean errorsExpected)
   at Microsoft.EntityFrameworkCore.Storage.RelationalConnection.Open(Boolean errorsExpected)
   at Pomelo.EntityFrameworkCore.MySql.Storage.Internal.MySqlRelationalConnection.Open(Boolean errorsExpected)
   at Microsoft.EntityFrameworkCore.Storage.RelationalCommand.ExecuteReader(RelationalCommandParameterObject parameterObject)
   at Microsoft.EntityFrameworkCore.Query.Internal.SingleQueryingEnumerable`1.Enumerator.InitializeReader(DbContext _, Boolean result)
   at Pomelo.EntityFrameworkCore.MySql.Storage.Internal.MySqlExecutionStrategy.Execute[TState,TResult](TState state, Func`3 operation, Func`3 verifySucceeded)
   --- End of inner exception stack trace ---
   at Pomelo.EntityFrameworkCore.MySql.Storage.Internal.MySqlExecutionStrategy.Execute[TState,TResult](TState state, Func`3 operation, Func`3 verifySucceeded)
   at Microsoft.EntityFrameworkCore.Query.Internal.SingleQueryingEnumerable`1.Enumerator.MoveNext()
   at lambda_method(Closure , Object , IEnumerable`1 , ResolutionContext )
   --- End of inner exception stack trace ---
   at lambda_method(Closure , Object , IEnumerable`1 , ResolutionContext )
   at CWB.Masters.Services.ItemMaster.RawMaterialDetailService.GetPartPurchasesForPartNo(Int32 partId, Int64 tenantId) in D:\DockerTestCWB\CWB-Latest\CWB\CWB.Masters\Services\ItemMaster\RawMaterialDetailService.cs:line 262
   at CWB.Masters.Controllers.RawMaterialDetailController.GetPartPurchasesForPartId(Int32 partId, Int64 tenantId) in D:\DockerTestCWB\CWB-Latest\CWB\CWB.Masters\Controllers\RawMaterialDetailController.cs:line 353
   at lambda_method(Closure , Object , Object[] )
   at Microsoft.AspNetCore.Mvc.Infrastructure.ActionMethodExecutor.SyncActionResultExecutor.Execute(IActionResultTypeMapper mapper, ObjectMethodExecutor executor, Object controller, Object[] arguments)
   at Microsoft.AspNetCore.Mvc.Infrastructure.ControllerActionInvoker.InvokeActionMethodAsync()
   at Microsoft.AspNetCore.Mvc.Infrastructure.ControllerActionInvoker.Next(State& next, Scope& scope, Object& state, Boolean& isCompleted)
   at Microsoft.AspNetCore.Mvc.Infrastructure.ControllerActionInvoker.InvokeNextActionFilterAsync()
--- End of stack trace from previous location where exception was thrown ---
   at Microsoft.AspNetCore.Mvc.Infrastructure.ControllerActionInvoker.Rethrow(ActionExecutedContextSealed context)
   at Microsoft.AspNetCore.Mvc.Infrastructure.ControllerActionInvoker.Next(State& next, Scope& scope, Object& state, Boolean& isCompleted)
   at Microsoft.AspNetCore.Mvc.Infrastructure.ControllerActionInvoker.InvokeInnerFilterAsync()
--- End of stack trace from previous location where exception was thrown ---
   at Microsoft.AspNetCore.Mvc.Infrastructure.ResourceInvoker.<InvokeFilterPipelineAsync>g__Awaited|19_0(ResourceInvoker invoker, Task lastTask, State next, Scope scope, Object state, Boolean isCompleted)
   at Microsoft.AspNetCore.Mvc.Infrastructure.ResourceInvoker.<InvokeAsync>g__Awaited|17_0(ResourceInvoker invoker, Task task, IDisposable scope)
   at Microsoft.AspNetCore.Routing.EndpointMiddleware.<Invoke>g__AwaitRequestTask|6_0(Endpoint endpoint, Task requestTask, ILogger logger)
   at Microsoft.AspNetCore.Authorization.AuthorizationMiddleware.Invoke(HttpContext context)
   at Microsoft.AspNetCore.Authentication.AuthenticationMiddleware.Invoke(HttpContext context)
   at CWB.ExceptionHandling.ExceptionMiddleware.InvokeAsync(HttpContext httpContext) in D:\EvolutionSoftware\CWB-Latest\CWB\CWB.ExceptionHandling\ExceptionMiddleware.cs:line 26
2025-12-05 04:50:49.5633 ERROR Error: AutoMapper.AutoMapperMappingException: Error mapping types.

Mapping types:
EntityQueryable`1 -> IEnumerable`1
Microsoft.EntityFrameworkCore.Query.Internal.EntityQueryable`1[[CWB.Masters.Domain.ItemMaster.PartPurchaseDetails, CWB.Masters, Version=1.0.0.0, Culture=neutral, PublicKeyToken=null]] -> System.Collections.Generic.IEnumerable`1[[CWB.Masters.ViewModels.ItemMaster.PartPurchaseDetailsVM, CWB.Masters, Version=1.0.0.0, Culture=neutral, PublicKeyToken=null]]
 ---> System.InvalidOperationException: An exception has been raised that is likely due to a transient failure. Consider enabling transient error resiliency by adding 'EnableRetryOnFailure()' to the 'UseMySql' call.
 ---> MySqlConnector.MySqlException (0x80004005): Connect Timeout expired. All pooled connections are in use.
   at MySqlConnector.MySqlConnection.CreateSessionAsync(ConnectionPool pool, Int32 startTickCount, Nullable`1 ioBehavior, CancellationToken cancellationToken) in /_/src/MySqlConnector/MySqlConnection.cs:line 902
   at MySqlConnector.MySqlConnection.OpenAsync(Nullable`1 ioBehavior, CancellationToken cancellationToken) in /_/src/MySqlConnector/MySqlConnection.cs:line 435
   at MySqlConnector.MySqlConnection.Open() in /_/src/MySqlConnector/MySqlConnection.cs:line 380
   at Microsoft.EntityFrameworkCore.Storage.RelationalConnection.OpenInternal(Boolean errorsExpected)
   at Microsoft.EntityFrameworkCore.Storage.RelationalConnection.Open(Boolean errorsExpected)
   at Pomelo.EntityFrameworkCore.MySql.Storage.Internal.MySqlRelationalConnection.Open(Boolean errorsExpected)
   at Microsoft.EntityFrameworkCore.Storage.RelationalCommand.ExecuteReader(RelationalCommandParameterObject parameterObject)
   at Microsoft.EntityFrameworkCore.Query.Internal.SingleQueryingEnumerable`1.Enumerator.InitializeReader(DbContext _, Boolean result)
   at Pomelo.EntityFrameworkCore.MySql.Storage.Internal.MySqlExecutionStrategy.Execute[TState,TResult](TState state, Func`3 operation, Func`3 verifySucceeded)
   --- End of inner exception stack trace ---
   at Pomelo.EntityFrameworkCore.MySql.Storage.Internal.MySqlExecutionStrategy.Execute[TState,TResult](TState state, Func`3 operation, Func`3 verifySucceeded)
   at Microsoft.EntityFrameworkCore.Query.Internal.SingleQueryingEnumerable`1.Enumerator.MoveNext()
   at lambda_method(Closure , Object , IEnumerable`1 , ResolutionContext )
   --- End of inner exception stack trace ---
   at lambda_method(Closure , Object , IEnumerable`1 , ResolutionContext )
   at CWB.Masters.Services.ItemMaster.RawMaterialDetailService.GetPartPurchasesForPartNo(Int32 partId, Int64 tenantId) in D:\DockerTestCWB\CWB-Latest\CWB\CWB.Masters\Services\ItemMaster\RawMaterialDetailService.cs:line 262
   at CWB.Masters.Controllers.RawMaterialDetailController.GetPartPurchasesForPartId(Int32 partId, Int64 tenantId) in D:\DockerTestCWB\CWB-Latest\CWB\CWB.Masters\Controllers\RawMaterialDetailController.cs:line 353
   at lambda_method(Closure , Object , Object[] )
   at Microsoft.AspNetCore.Mvc.Infrastructure.ActionMethodExecutor.SyncActionResultExecutor.Execute(IActionResultTypeMapper mapper, ObjectMethodExecutor executor, Object controller, Object[] arguments)
   at Microsoft.AspNetCore.Mvc.Infrastructure.ControllerActionInvoker.InvokeActionMethodAsync()
   at Microsoft.AspNetCore.Mvc.Infrastructure.ControllerActionInvoker.Next(State& next, Scope& scope, Object& state, Boolean& isCompleted)
   at Microsoft.AspNetCore.Mvc.Infrastructure.ControllerActionInvoker.InvokeNextActionFilterAsync()
--- End of stack trace from previous location where exception was thrown ---
   at Microsoft.AspNetCore.Mvc.Infrastructure.ControllerActionInvoker.Rethrow(ActionExecutedContextSealed context)
   at Microsoft.AspNetCore.Mvc.Infrastructure.ControllerActionInvoker.Next(State& next, Scope& scope, Object& state, Boolean& isCompleted)
   at Microsoft.AspNetCore.Mvc.Infrastructure.ControllerActionInvoker.InvokeInnerFilterAsync()
--- End of stack trace from previous location where exception was thrown ---
   at Microsoft.AspNetCore.Mvc.Infrastructure.ResourceInvoker.<InvokeFilterPipelineAsync>g__Awaited|19_0(ResourceInvoker invoker, Task lastTask, State next, Scope scope, Object state, Boolean isCompleted)
   at Microsoft.AspNetCore.Mvc.Infrastructure.ResourceInvoker.<InvokeAsync>g__Awaited|17_0(ResourceInvoker invoker, Task task, IDisposable scope)
   at Microsoft.AspNetCore.Routing.EndpointMiddleware.<Invoke>g__AwaitRequestTask|6_0(Endpoint endpoint, Task requestTask, ILogger logger)
   at Microsoft.AspNetCore.Authorization.AuthorizationMiddleware.Invoke(HttpContext context)
   at Microsoft.AspNetCore.Authentication.AuthenticationMiddleware.Invoke(HttpContext context)
   at CWB.ExceptionHandling.ExceptionMiddleware.InvokeAsync(HttpContext httpContext) in D:\EvolutionSoftware\CWB-Latest\CWB\CWB.ExceptionHandling\ExceptionMiddleware.cs:line 26
2025-12-05 04:51:51.4502 ERROR Error: AutoMapper.AutoMapperMappingException: Error mapping types.

Mapping types:
EntityQueryable`1 -> IEnumerable`1
Microsoft.EntityFrameworkCore.Query.Internal.EntityQueryable`1[[CWB.Masters.Domain.ItemMaster.PartPurchaseDetails, CWB.Masters, Version=1.0.0.0, Culture=neutral, PublicKeyToken=null]] -> System.Collections.Generic.IEnumerable`1[[CWB.Masters.ViewModels.ItemMaster.PartPurchaseDetailsVM, CWB.Masters, Version=1.0.0.0, Culture=neutral, PublicKeyToken=null]]
 ---> System.InvalidOperationException: An exception has been raised that is likely due to a transient failure. Consider enabling transient error resiliency by adding 'EnableRetryOnFailure()' to the 'UseMySql' call.
 ---> MySqlConnector.MySqlException (0x80004005): Connect Timeout expired. All pooled connections are in use.
   at MySqlConnector.MySqlConnection.CreateSessionAsync(ConnectionPool pool, Int32 startTickCount, Nullable`1 ioBehavior, CancellationToken cancellationToken) in /_/src/MySqlConnector/MySqlConnection.cs:line 902
   at MySqlConnector.MySqlConnection.OpenAsync(Nullable`1 ioBehavior, CancellationToken cancellationToken) in /_/src/MySqlConnector/MySqlConnection.cs:line 435
   at MySqlConnector.MySqlConnection.Open() in /_/src/MySqlConnector/MySqlConnection.cs:line 380
   at Microsoft.EntityFrameworkCore.Storage.RelationalConnection.OpenInternal(Boolean errorsExpected)
   at Microsoft.EntityFrameworkCore.Storage.RelationalConnection.Open(Boolean errorsExpected)
   at Pomelo.EntityFrameworkCore.MySql.Storage.Internal.MySqlRelationalConnection.Open(Boolean errorsExpected)
   at Microsoft.EntityFrameworkCore.Storage.RelationalCommand.ExecuteReader(RelationalCommandParameterObject parameterObject)
   at Microsoft.EntityFrameworkCore.Query.Internal.SingleQueryingEnumerable`1.Enumerator.InitializeReader(DbContext _, Boolean result)
   at Pomelo.EntityFrameworkCore.MySql.Storage.Internal.MySqlExecutionStrategy.Execute[TState,TResult](TState state, Func`3 operation, Func`3 verifySucceeded)
   --- End of inner exception stack trace ---
   at Pomelo.EntityFrameworkCore.MySql.Storage.Internal.MySqlExecutionStrategy.Execute[TState,TResult](TState state, Func`3 operation, Func`3 verifySucceeded)
   at Microsoft.EntityFrameworkCore.Query.Internal.SingleQueryingEnumerable`1.Enumerator.MoveNext()
   at lambda_method(Closure , Object , IEnumerable`1 , ResolutionContext )
   --- End of inner exception stack trace ---
   at lambda_method(Closure , Object , IEnumerable`1 , ResolutionContext )
   at CWB.Masters.Services.ItemMaster.RawMaterialDetailService.GetPartPurchasesForPartNo(Int32 partId, Int64 tenantId) in D:\DockerTestCWB\CWB-Latest\CWB\CWB.Masters\Services\ItemMaster\RawMaterialDetailService.cs:line 262
   at CWB.Masters.Controllers.RawMaterialDetailController.GetPartPurchasesForPartId(Int32 partId, Int64 tenantId) in D:\DockerTestCWB\CWB-Latest\CWB\CWB.Masters\Controllers\RawMaterialDetailController.cs:line 353
   at lambda_method(Closure , Object , Object[] )
   at Microsoft.AspNetCore.Mvc.Infrastructure.ActionMethodExecutor.SyncActionResultExecutor.Execute(IActionResultTypeMapper mapper, ObjectMethodExecutor executor, Object controller, Object[] arguments)
   at Microsoft.AspNetCore.Mvc.Infrastructure.ControllerActionInvoker.InvokeActionMethodAsync()
   at Microsoft.AspNetCore.Mvc.Infrastructure.ControllerActionInvoker.Next(State& next, Scope& scope, Object& state, Boolean& isCompleted)
   at Microsoft.AspNetCore.Mvc.Infrastructure.ControllerActionInvoker.InvokeNextActionFilterAsync()
--- End of stack trace from previous location where exception was thrown ---
   at Microsoft.AspNetCore.Mvc.Infrastructure.ControllerActionInvoker.Rethrow(ActionExecutedContextSealed context)
   at Microsoft.AspNetCore.Mvc.Infrastructure.ControllerActionInvoker.Next(State& next, Scope& scope, Object& state, Boolean& isCompleted)
   at Microsoft.AspNetCore.Mvc.Infrastructure.ControllerActionInvoker.InvokeInnerFilterAsync()
--- End of stack trace from previous location where exception was thrown ---
   at Microsoft.AspNetCore.Mvc.Infrastructure.ResourceInvoker.<InvokeFilterPipelineAsync>g__Awaited|19_0(ResourceInvoker invoker, Task lastTask, State next, Scope scope, Object state, Boolean isCompleted)
   at Microsoft.AspNetCore.Mvc.Infrastructure.ResourceInvoker.<InvokeAsync>g__Awaited|17_0(ResourceInvoker invoker, Task task, IDisposable scope)
   at Microsoft.AspNetCore.Routing.EndpointMiddleware.<Invoke>g__AwaitRequestTask|6_0(Endpoint endpoint, Task requestTask, ILogger logger)
   at Microsoft.AspNetCore.Authorization.AuthorizationMiddleware.Invoke(HttpContext context)
   at Microsoft.AspNetCore.Authentication.AuthenticationMiddleware.Invoke(HttpContext context)
   at CWB.ExceptionHandling.ExceptionMiddleware.InvokeAsync(HttpContext httpContext) in D:\EvolutionSoftware\CWB-Latest\CWB\CWB.ExceptionHandling\ExceptionMiddleware.cs:line 26
2025-12-05 04:51:53.8363 ERROR Error: AutoMapper.AutoMapperMappingException: Error mapping types.

Mapping types:
EntityQueryable`1 -> IEnumerable`1
Microsoft.EntityFrameworkCore.Query.Internal.EntityQueryable`1[[CWB.Masters.Domain.ItemMaster.PartPurchaseDetails, CWB.Masters, Version=1.0.0.0, Culture=neutral, PublicKeyToken=null]] -> System.Collections.Generic.IEnumerable`1[[CWB.Masters.ViewModels.ItemMaster.PartPurchaseDetailsVM, CWB.Masters, Version=1.0.0.0, Culture=neutral, PublicKeyToken=null]]
 ---> System.InvalidOperationException: An exception has been raised that is likely due to a transient failure. Consider enabling transient error resiliency by adding 'EnableRetryOnFailure()' to the 'UseMySql' call.
 ---> MySqlConnector.MySqlException (0x80004005): Connect Timeout expired. All pooled connections are in use.
   at MySqlConnector.MySqlConnection.CreateSessionAsync(ConnectionPool pool, Int32 startTickCount, Nullable`1 ioBehavior, CancellationToken cancellationToken) in /_/src/MySqlConnector/MySqlConnection.cs:line 902
   at MySqlConnector.MySqlConnection.OpenAsync(Nullable`1 ioBehavior, CancellationToken cancellationToken) in /_/src/MySqlConnector/MySqlConnection.cs:line 435
   at MySqlConnector.MySqlConnection.Open() in /_/src/MySqlConnector/MySqlConnection.cs:line 380
   at Microsoft.EntityFrameworkCore.Storage.RelationalConnection.OpenInternal(Boolean errorsExpected)
   at Microsoft.EntityFrameworkCore.Storage.RelationalConnection.Open(Boolean errorsExpected)
   at Pomelo.EntityFrameworkCore.MySql.Storage.Internal.MySqlRelationalConnection.Open(Boolean errorsExpected)
   at Microsoft.EntityFrameworkCore.Storage.RelationalCommand.ExecuteReader(RelationalCommandParameterObject parameterObject)
   at Microsoft.EntityFrameworkCore.Query.Internal.SingleQueryingEnumerable`1.Enumerator.InitializeReader(DbContext _, Boolean result)
   at Pomelo.EntityFrameworkCore.MySql.Storage.Internal.MySqlExecutionStrategy.Execute[TState,TResult](TState state, Func`3 operation, Func`3 verifySucceeded)
   --- End of inner exception stack trace ---
   at Pomelo.EntityFrameworkCore.MySql.Storage.Internal.MySqlExecutionStrategy.Execute[TState,TResult](TState state, Func`3 operation, Func`3 verifySucceeded)
   at Microsoft.EntityFrameworkCore.Query.Internal.SingleQueryingEnumerable`1.Enumerator.MoveNext()
   at lambda_method(Closure , Object , IEnumerable`1 , ResolutionContext )
   --- End of inner exception stack trace ---
   at lambda_method(Closure , Object , IEnumerable`1 , ResolutionContext )
   at CWB.Masters.Services.ItemMaster.RawMaterialDetailService.GetPartPurchasesForPartNo(Int32 partId, Int64 tenantId) in D:\DockerTestCWB\CWB-Latest\CWB\CWB.Masters\Services\ItemMaster\RawMaterialDetailService.cs:line 262
   at CWB.Masters.Controllers.RawMaterialDetailController.GetPartPurchasesForPartId(Int32 partId, Int64 tenantId) in D:\DockerTestCWB\CWB-Latest\CWB\CWB.Masters\Controllers\RawMaterialDetailController.cs:line 353
   at lambda_method(Closure , Object , Object[] )
   at Microsoft.AspNetCore.Mvc.Infrastructure.ActionMethodExecutor.SyncActionResultExecutor.Execute(IActionResultTypeMapper mapper, ObjectMethodExecutor executor, Object controller, Object[] arguments)
   at Microsoft.AspNetCore.Mvc.Infrastructure.ControllerActionInvoker.InvokeActionMethodAsync()
   at Microsoft.AspNetCore.Mvc.Infrastructure.ControllerActionInvoker.Next(State& next, Scope& scope, Object& state, Boolean& isCompleted)
   at Microsoft.AspNetCore.Mvc.Infrastructure.ControllerActionInvoker.InvokeNextActionFilterAsync()
--- End of stack trace from previous location where exception was thrown ---
   at Microsoft.AspNetCore.Mvc.Infrastructure.ControllerActionInvoker.Rethrow(ActionExecutedContextSealed context)
   at Microsoft.AspNetCore.Mvc.Infrastructure.ControllerActionInvoker.Next(State& next, Scope& scope, Object& state, Boolean& isCompleted)
   at Microsoft.AspNetCore.Mvc.Infrastructure.ControllerActionInvoker.InvokeInnerFilterAsync()
--- End of stack trace from previous location where exception was thrown ---
   at Microsoft.AspNetCore.Mvc.Infrastructure.ResourceInvoker.<InvokeFilterPipelineAsync>g__Awaited|19_0(ResourceInvoker invoker, Task lastTask, State next, Scope scope, Object state, Boolean isCompleted)
   at Microsoft.AspNetCore.Mvc.Infrastructure.ResourceInvoker.<InvokeAsync>g__Awaited|17_0(ResourceInvoker invoker, Task task, IDisposable scope)
   at Microsoft.AspNetCore.Routing.EndpointMiddleware.<Invoke>g__AwaitRequestTask|6_0(Endpoint endpoint, Task requestTask, ILogger logger)
   at Microsoft.AspNetCore.Authorization.AuthorizationMiddleware.Invoke(HttpContext context)
   at Microsoft.AspNetCore.Authentication.AuthenticationMiddleware.Invoke(HttpContext context)
   at CWB.ExceptionHandling.ExceptionMiddleware.InvokeAsync(HttpContext httpContext) in D:\EvolutionSoftware\CWB-Latest\CWB\CWB.ExceptionHandling\ExceptionMiddleware.cs:line 26
2025-12-05 04:52:00.8727 ERROR Error: AutoMapper.AutoMapperMappingException: Error mapping types.

Mapping types:
EntityQueryable`1 -> IEnumerable`1
Microsoft.EntityFrameworkCore.Query.Internal.EntityQueryable`1[[CWB.Masters.Domain.ItemMaster.PartPurchaseDetails, CWB.Masters, Version=1.0.0.0, Culture=neutral, PublicKeyToken=null]] -> System.Collections.Generic.IEnumerable`1[[CWB.Masters.ViewModels.ItemMaster.PartPurchaseDetailsVM, CWB.Masters, Version=1.0.0.0, Culture=neutral, PublicKeyToken=null]]
 ---> System.InvalidOperationException: An exception has been raised that is likely due to a transient failure. Consider enabling transient error resiliency by adding 'EnableRetryOnFailure()' to the 'UseMySql' call.
 ---> MySqlConnector.MySqlException (0x80004005): Connect Timeout expired. All pooled connections are in use.
   at MySqlConnector.MySqlConnection.CreateSessionAsync(ConnectionPool pool, Int32 startTickCount, Nullable`1 ioBehavior, CancellationToken cancellationToken) in /_/src/MySqlConnector/MySqlConnection.cs:line 902
   at MySqlConnector.MySqlConnection.OpenAsync(Nullable`1 ioBehavior, CancellationToken cancellationToken) in /_/src/MySqlConnector/MySqlConnection.cs:line 435
   at MySqlConnector.MySqlConnection.Open() in /_/src/MySqlConnector/MySqlConnection.cs:line 380
   at Microsoft.EntityFrameworkCore.Storage.RelationalConnection.OpenInternal(Boolean errorsExpected)
   at Microsoft.EntityFrameworkCore.Storage.RelationalConnection.Open(Boolean errorsExpected)
   at Pomelo.EntityFrameworkCore.MySql.Storage.Internal.MySqlRelationalConnection.Open(Boolean errorsExpected)
   at Microsoft.EntityFrameworkCore.Storage.RelationalCommand.ExecuteReader(RelationalCommandParameterObject parameterObject)
   at Microsoft.EntityFrameworkCore.Query.Internal.SingleQueryingEnumerable`1.Enumerator.InitializeReader(DbContext _, Boolean result)
   at Pomelo.EntityFrameworkCore.MySql.Storage.Internal.MySqlExecutionStrategy.Execute[TState,TResult](TState state, Func`3 operation, Func`3 verifySucceeded)
   --- End of inner exception stack trace ---
   at Pomelo.EntityFrameworkCore.MySql.Storage.Internal.MySqlExecutionStrategy.Execute[TState,TResult](TState state, Func`3 operation, Func`3 verifySucceeded)
   at Microsoft.EntityFrameworkCore.Query.Internal.SingleQueryingEnumerable`1.Enumerator.MoveNext()
   at lambda_method(Closure , Object , IEnumerable`1 , ResolutionContext )
   --- End of inner exception stack trace ---
   at lambda_method(Closure , Object , IEnumerable`1 , ResolutionContext )
   at CWB.Masters.Services.ItemMaster.RawMaterialDetailService.GetPartPurchasesForPartNo(Int32 partId, Int64 tenantId) in D:\DockerTestCWB\CWB-Latest\CWB\CWB.Masters\Services\ItemMaster\RawMaterialDetailService.cs:line 262
   at CWB.Masters.Controllers.RawMaterialDetailController.GetPartPurchasesForPartId(Int32 partId, Int64 tenantId) in D:\DockerTestCWB\CWB-Latest\CWB\CWB.Masters\Controllers\RawMaterialDetailController.cs:line 353
   at lambda_method(Closure , Object , Object[] )
   at Microsoft.AspNetCore.Mvc.Infrastructure.ActionMethodExecutor.SyncActionResultExecutor.Execute(IActionResultTypeMapper mapper, ObjectMethodExecutor executor, Object controller, Object[] arguments)
   at Microsoft.AspNetCore.Mvc.Infrastructure.ControllerActionInvoker.InvokeActionMethodAsync()
   at Microsoft.AspNetCore.Mvc.Infrastructure.ControllerActionInvoker.Next(State& next, Scope& scope, Object& state, Boolean& isCompleted)
   at Microsoft.AspNetCore.Mvc.Infrastructure.ControllerActionInvoker.InvokeNextActionFilterAsync()
--- End of stack trace from previous location where exception was thrown ---
   at Microsoft.AspNetCore.Mvc.Infrastructure.ControllerActionInvoker.Rethrow(ActionExecutedContextSealed context)
   at Microsoft.AspNetCore.Mvc.Infrastructure.ControllerActionInvoker.Next(State& next, Scope& scope, Object& state, Boolean& isCompleted)
   at Microsoft.AspNetCore.Mvc.Infrastructure.ControllerActionInvoker.InvokeInnerFilterAsync()
--- End of stack trace from previous location where exception was thrown ---
   at Microsoft.AspNetCore.Mvc.Infrastructure.ResourceInvoker.<InvokeFilterPipelineAsync>g__Awaited|19_0(ResourceInvoker invoker, Task lastTask, State next, Scope scope, Object state, Boolean isCompleted)
   at Microsoft.AspNetCore.Mvc.Infrastructure.ResourceInvoker.<InvokeAsync>g__Awaited|17_0(ResourceInvoker invoker, Task task, IDisposable scope)
   at Microsoft.AspNetCore.Routing.EndpointMiddleware.<Invoke>g__AwaitRequestTask|6_0(Endpoint endpoint, Task requestTask, ILogger logger)
   at Microsoft.AspNetCore.Authorization.AuthorizationMiddleware.Invoke(HttpContext context)
   at Microsoft.AspNetCore.Authentication.AuthenticationMiddleware.Invoke(HttpContext context)
   at CWB.ExceptionHandling.ExceptionMiddleware.InvokeAsync(HttpContext httpContext) in D:\EvolutionSoftware\CWB-Latest\CWB\CWB.ExceptionHandling\ExceptionMiddleware.cs:line 26
2025-12-05 04:52:00.9180 ERROR Error: AutoMapper.AutoMapperMappingException: Error mapping types.

Mapping types:
EntityQueryable`1 -> IEnumerable`1
Microsoft.EntityFrameworkCore.Query.Internal.EntityQueryable`1[[CWB.Masters.Domain.ItemMaster.PartPurchaseDetails, CWB.Masters, Version=1.0.0.0, Culture=neutral, PublicKeyToken=null]] -> System.Collections.Generic.IEnumerable`1[[CWB.Masters.ViewModels.ItemMaster.PartPurchaseDetailsVM, CWB.Masters, Version=1.0.0.0, Culture=neutral, PublicKeyToken=null]]
 ---> System.InvalidOperationException: An exception has been raised that is likely due to a transient failure. Consider enabling transient error resiliency by adding 'EnableRetryOnFailure()' to the 'UseMySql' call.
 ---> MySqlConnector.MySqlException (0x80004005): Connect Timeout expired. All pooled connections are in use.
   at MySqlConnector.MySqlConnection.CreateSessionAsync(ConnectionPool pool, Int32 startTickCount, Nullable`1 ioBehavior, CancellationToken cancellationToken) in /_/src/MySqlConnector/MySqlConnection.cs:line 902
   at MySqlConnector.MySqlConnection.OpenAsync(Nullable`1 ioBehavior, CancellationToken cancellationToken) in /_/src/MySqlConnector/MySqlConnection.cs:line 435
   at MySqlConnector.MySqlConnection.Open() in /_/src/MySqlConnector/MySqlConnection.cs:line 380
   at Microsoft.EntityFrameworkCore.Storage.RelationalConnection.OpenInternal(Boolean errorsExpected)
   at Microsoft.EntityFrameworkCore.Storage.RelationalConnection.Open(Boolean errorsExpected)
   at Pomelo.EntityFrameworkCore.MySql.Storage.Internal.MySqlRelationalConnection.Open(Boolean errorsExpected)
   at Microsoft.EntityFrameworkCore.Storage.RelationalCommand.ExecuteReader(RelationalCommandParameterObject parameterObject)
   at Microsoft.EntityFrameworkCore.Query.Internal.SingleQueryingEnumerable`1.Enumerator.InitializeReader(DbContext _, Boolean result)
   at Pomelo.EntityFrameworkCore.MySql.Storage.Internal.MySqlExecutionStrategy.Execute[TState,TResult](TState state, Func`3 operation, Func`3 verifySucceeded)
   --- End of inner exception stack trace ---
   at Pomelo.EntityFrameworkCore.MySql.Storage.Internal.MySqlExecutionStrategy.Execute[TState,TResult](TState state, Func`3 operation, Func`3 verifySucceeded)
   at Microsoft.EntityFrameworkCore.Query.Internal.SingleQueryingEnumerable`1.Enumerator.MoveNext()
   at lambda_method(Closure , Object , IEnumerable`1 , ResolutionContext )
   --- End of inner exception stack trace ---
   at lambda_method(Closure , Object , IEnumerable`1 , ResolutionContext )
   at CWB.Masters.Services.ItemMaster.RawMaterialDetailService.GetPartPurchasesForPartNo(Int32 partId, Int64 tenantId) in D:\DockerTestCWB\CWB-Latest\CWB\CWB.Masters\Services\ItemMaster\RawMaterialDetailService.cs:line 262
   at CWB.Masters.Controllers.RawMaterialDetailController.GetPartPurchasesForPartId(Int32 partId, Int64 tenantId) in D:\DockerTestCWB\CWB-Latest\CWB\CWB.Masters\Controllers\RawMaterialDetailController.cs:line 353
   at lambda_method(Closure , Object , Object[] )
   at Microsoft.AspNetCore.Mvc.Infrastructure.ActionMethodExecutor.SyncActionResultExecutor.Execute(IActionResultTypeMapper mapper, ObjectMethodExecutor executor, Object controller, Object[] arguments)
   at Microsoft.AspNetCore.Mvc.Infrastructure.ControllerActionInvoker.InvokeActionMethodAsync()
   at Microsoft.AspNetCore.Mvc.Infrastructure.ControllerActionInvoker.Next(State& next, Scope& scope, Object& state, Boolean& isCompleted)
   at Microsoft.AspNetCore.Mvc.Infrastructure.ControllerActionInvoker.InvokeNextActionFilterAsync()
--- End of stack trace from previous location where exception was thrown ---
   at Microsoft.AspNetCore.Mvc.Infrastructure.ControllerActionInvoker.Rethrow(ActionExecutedContextSealed context)
   at Microsoft.AspNetCore.Mvc.Infrastructure.ControllerActionInvoker.Next(State& next, Scope& scope, Object& state, Boolean& isCompleted)
   at Microsoft.AspNetCore.Mvc.Infrastructure.ControllerActionInvoker.InvokeInnerFilterAsync()
--- End of stack trace from previous location where exception was thrown ---
   at Microsoft.AspNetCore.Mvc.Infrastructure.ResourceInvoker.<InvokeFilterPipelineAsync>g__Awaited|19_0(ResourceInvoker invoker, Task lastTask, State next, Scope scope, Object state, Boolean isCompleted)
   at Microsoft.AspNetCore.Mvc.Infrastructure.ResourceInvoker.<InvokeAsync>g__Awaited|17_0(ResourceInvoker invoker, Task task, IDisposable scope)
   at Microsoft.AspNetCore.Routing.EndpointMiddleware.<Invoke>g__AwaitRequestTask|6_0(Endpoint endpoint, Task requestTask, ILogger logger)
   at Microsoft.AspNetCore.Authorization.AuthorizationMiddleware.Invoke(HttpContext context)
   at Microsoft.AspNetCore.Authentication.AuthenticationMiddleware.Invoke(HttpContext context)
   at CWB.ExceptionHandling.ExceptionMiddleware.InvokeAsync(HttpContext httpContext) in D:\EvolutionSoftware\CWB-Latest\CWB\CWB.ExceptionHandling\ExceptionMiddleware.cs:line 26
2025-12-05 04:52:00.9180 ERROR Error: AutoMapper.AutoMapperMappingException: Error mapping types.

Mapping types:
EntityQueryable`1 -> IEnumerable`1
Microsoft.EntityFrameworkCore.Query.Internal.EntityQueryable`1[[CWB.Masters.Domain.ItemMaster.PartPurchaseDetails, CWB.Masters, Version=1.0.0.0, Culture=neutral, PublicKeyToken=null]] -> System.Collections.Generic.IEnumerable`1[[CWB.Masters.ViewModels.ItemMaster.PartPurchaseDetailsVM, CWB.Masters, Version=1.0.0.0, Culture=neutral, PublicKeyToken=null]]
 ---> System.InvalidOperationException: An exception has been raised that is likely due to a transient failure. Consider enabling transient error resiliency by adding 'EnableRetryOnFailure()' to the 'UseMySql' call.
 ---> MySqlConnector.MySqlException (0x80004005): Connect Timeout expired. All pooled connections are in use.
   at MySqlConnector.MySqlConnection.CreateSessionAsync(ConnectionPool pool, Int32 startTickCount, Nullable`1 ioBehavior, CancellationToken cancellationToken) in /_/src/MySqlConnector/MySqlConnection.cs:line 902
   at MySqlConnector.MySqlConnection.OpenAsync(Nullable`1 ioBehavior, CancellationToken cancellationToken) in /_/src/MySqlConnector/MySqlConnection.cs:line 435
   at MySqlConnector.MySqlConnection.Open() in /_/src/MySqlConnector/MySqlConnection.cs:line 380
   at Microsoft.EntityFrameworkCore.Storage.RelationalConnection.OpenInternal(Boolean errorsExpected)
   at Microsoft.EntityFrameworkCore.Storage.RelationalConnection.Open(Boolean errorsExpected)
   at Pomelo.EntityFrameworkCore.MySql.Storage.Internal.MySqlRelationalConnection.Open(Boolean errorsExpected)
   at Microsoft.EntityFrameworkCore.Storage.RelationalCommand.ExecuteReader(RelationalCommandParameterObject parameterObject)
   at Microsoft.EntityFrameworkCore.Query.Internal.SingleQueryingEnumerable`1.Enumerator.InitializeReader(DbContext _, Boolean result)
   at Pomelo.EntityFrameworkCore.MySql.Storage.Internal.MySqlExecutionStrategy.Execute[TState,TResult](TState state, Func`3 operation, Func`3 verifySucceeded)
   --- End of inner exception stack trace ---
   at Pomelo.EntityFrameworkCore.MySql.Storage.Internal.MySqlExecutionStrategy.Execute[TState,TResult](TState state, Func`3 operation, Func`3 verifySucceeded)
   at Microsoft.EntityFrameworkCore.Query.Internal.SingleQueryingEnumerable`1.Enumerator.MoveNext()
   at lambda_method(Closure , Object , IEnumerable`1 , ResolutionContext )
   --- End of inner exception stack trace ---
   at lambda_method(Closure , Object , IEnumerable`1 , ResolutionContext )
   at CWB.Masters.Services.ItemMaster.RawMaterialDetailService.GetPartPurchasesForPartNo(Int32 partId, Int64 tenantId) in D:\DockerTestCWB\CWB-Latest\CWB\CWB.Masters\Services\ItemMaster\RawMaterialDetailService.cs:line 262
   at CWB.Masters.Controllers.RawMaterialDetailController.GetPartPurchasesForPartId(Int32 partId, Int64 tenantId) in D:\DockerTestCWB\CWB-Latest\CWB\CWB.Masters\Controllers\RawMaterialDetailController.cs:line 353
   at lambda_method(Closure , Object , Object[] )
   at Microsoft.AspNetCore.Mvc.Infrastructure.ActionMethodExecutor.SyncActionResultExecutor.Execute(IActionResultTypeMapper mapper, ObjectMethodExecutor executor, Object controller, Object[] arguments)
   at Microsoft.AspNetCore.Mvc.Infrastructure.ControllerActionInvoker.InvokeActionMethodAsync()
   at Microsoft.AspNetCore.Mvc.Infrastructure.ControllerActionInvoker.Next(State& next, Scope& scope, Object& state, Boolean& isCompleted)
   at Microsoft.AspNetCore.Mvc.Infrastructure.ControllerActionInvoker.InvokeNextActionFilterAsync()
--- End of stack trace from previous location where exception was thrown ---
   at Microsoft.AspNetCore.Mvc.Infrastructure.ControllerActionInvoker.Rethrow(ActionExecutedContextSealed context)
   at Microsoft.AspNetCore.Mvc.Infrastructure.ControllerActionInvoker.Next(State& next, Scope& scope, Object& state, Boolean& isCompleted)
   at Microsoft.AspNetCore.Mvc.Infrastructure.ControllerActionInvoker.InvokeInnerFilterAsync()
--- End of stack trace from previous location where exception was thrown ---
   at Microsoft.AspNetCore.Mvc.Infrastructure.ResourceInvoker.<InvokeFilterPipelineAsync>g__Awaited|19_0(ResourceInvoker invoker, Task lastTask, State next, Scope scope, Object state, Boolean isCompleted)
   at Microsoft.AspNetCore.Mvc.Infrastructure.ResourceInvoker.<InvokeAsync>g__Awaited|17_0(ResourceInvoker invoker, Task task, IDisposable scope)
   at Microsoft.AspNetCore.Routing.EndpointMiddleware.<Invoke>g__AwaitRequestTask|6_0(Endpoint endpoint, Task requestTask, ILogger logger)
   at Microsoft.AspNetCore.Authorization.AuthorizationMiddleware.Invoke(HttpContext context)
   at Microsoft.AspNetCore.Authentication.AuthenticationMiddleware.Invoke(HttpContext context)
   at CWB.ExceptionHandling.ExceptionMiddleware.InvokeAsync(HttpContext httpContext) in D:\EvolutionSoftware\CWB-Latest\CWB\CWB.ExceptionHandling\ExceptionMiddleware.cs:line 26
2025-12-05 04:52:00.9540 ERROR Error: AutoMapper.AutoMapperMappingException: Error mapping types.

Mapping types:
EntityQueryable`1 -> IEnumerable`1
Microsoft.EntityFrameworkCore.Query.Internal.EntityQueryable`1[[CWB.Masters.Domain.ItemMaster.PartPurchaseDetails, CWB.Masters, Version=1.0.0.0, Culture=neutral, PublicKeyToken=null]] -> System.Collections.Generic.IEnumerable`1[[CWB.Masters.ViewModels.ItemMaster.PartPurchaseDetailsVM, CWB.Masters, Version=1.0.0.0, Culture=neutral, PublicKeyToken=null]]
 ---> System.InvalidOperationException: An exception has been raised that is likely due to a transient failure. Consider enabling transient error resiliency by adding 'EnableRetryOnFailure()' to the 'UseMySql' call.
 ---> MySqlConnector.MySqlException (0x80004005): Connect Timeout expired. All pooled connections are in use.
   at MySqlConnector.MySqlConnection.CreateSessionAsync(ConnectionPool pool, Int32 startTickCount, Nullable`1 ioBehavior, CancellationToken cancellationToken) in /_/src/MySqlConnector/MySqlConnection.cs:line 902
   at MySqlConnector.MySqlConnection.OpenAsync(Nullable`1 ioBehavior, CancellationToken cancellationToken) in /_/src/MySqlConnector/MySqlConnection.cs:line 435
   at MySqlConnector.MySqlConnection.Open() in /_/src/MySqlConnector/MySqlConnection.cs:line 380
   at Microsoft.EntityFrameworkCore.Storage.RelationalConnection.OpenInternal(Boolean errorsExpected)
   at Microsoft.EntityFrameworkCore.Storage.RelationalConnection.Open(Boolean errorsExpected)
   at Pomelo.EntityFrameworkCore.MySql.Storage.Internal.MySqlRelationalConnection.Open(Boolean errorsExpected)
   at Microsoft.EntityFrameworkCore.Storage.RelationalCommand.ExecuteReader(RelationalCommandParameterObject parameterObject)
   at Microsoft.EntityFrameworkCore.Query.Internal.SingleQueryingEnumerable`1.Enumerator.InitializeReader(DbContext _, Boolean result)
   at Pomelo.EntityFrameworkCore.MySql.Storage.Internal.MySqlExecutionStrategy.Execute[TState,TResult](TState state, Func`3 operation, Func`3 verifySucceeded)
   --- End of inner exception stack trace ---
   at Pomelo.EntityFrameworkCore.MySql.Storage.Internal.MySqlExecutionStrategy.Execute[TState,TResult](TState state, Func`3 operation, Func`3 verifySucceeded)
   at Microsoft.EntityFrameworkCore.Query.Internal.SingleQueryingEnumerable`1.Enumerator.MoveNext()
   at lambda_method(Closure , Object , IEnumerable`1 , ResolutionContext )
   --- End of inner exception stack trace ---
   at lambda_method(Closure , Object , IEnumerable`1 , ResolutionContext )
   at CWB.Masters.Services.ItemMaster.RawMaterialDetailService.GetPartPurchasesForPartNo(Int32 partId, Int64 tenantId) in D:\DockerTestCWB\CWB-Latest\CWB\CWB.Masters\Services\ItemMaster\RawMaterialDetailService.cs:line 262
   at CWB.Masters.Controllers.RawMaterialDetailController.GetPartPurchasesForPartId(Int32 partId, Int64 tenantId) in D:\DockerTestCWB\CWB-Latest\CWB\CWB.Masters\Controllers\RawMaterialDetailController.cs:line 353
   at lambda_method(Closure , Object , Object[] )
   at Microsoft.AspNetCore.Mvc.Infrastructure.ActionMethodExecutor.SyncActionResultExecutor.Execute(IActionResultTypeMapper mapper, ObjectMethodExecutor executor, Object controller, Object[] arguments)
   at Microsoft.AspNetCore.Mvc.Infrastructure.ControllerActionInvoker.InvokeActionMethodAsync()
   at Microsoft.AspNetCore.Mvc.Infrastructure.ControllerActionInvoker.Next(State& next, Scope& scope, Object& state, Boolean& isCompleted)
   at Microsoft.AspNetCore.Mvc.Infrastructure.ControllerActionInvoker.InvokeNextActionFilterAsync()
--- End of stack trace from previous location where exception was thrown ---
   at Microsoft.AspNetCore.Mvc.Infrastructure.ControllerActionInvoker.Rethrow(ActionExecutedContextSealed context)
   at Microsoft.AspNetCore.Mvc.Infrastructure.ControllerActionInvoker.Next(State& next, Scope& scope, Object& state, Boolean& isCompleted)
   at Microsoft.AspNetCore.Mvc.Infrastructure.ControllerActionInvoker.InvokeInnerFilterAsync()
--- End of stack trace from previous location where exception was thrown ---
   at Microsoft.AspNetCore.Mvc.Infrastructure.ResourceInvoker.<InvokeFilterPipelineAsync>g__Awaited|19_0(ResourceInvoker invoker, Task lastTask, State next, Scope scope, Object state, Boolean isCompleted)
   at Microsoft.AspNetCore.Mvc.Infrastructure.ResourceInvoker.<InvokeAsync>g__Awaited|17_0(ResourceInvoker invoker, Task task, IDisposable scope)
   at Microsoft.AspNetCore.Routing.EndpointMiddleware.<Invoke>g__AwaitRequestTask|6_0(Endpoint endpoint, Task requestTask, ILogger logger)
   at Microsoft.AspNetCore.Authorization.AuthorizationMiddleware.Invoke(HttpContext context)
   at Microsoft.AspNetCore.Authentication.AuthenticationMiddleware.Invoke(HttpContext context)
   at CWB.ExceptionHandling.ExceptionMiddleware.InvokeAsync(HttpContext httpContext) in D:\EvolutionSoftware\CWB-Latest\CWB\CWB.ExceptionHandling\ExceptionMiddleware.cs:line 26
2025-12-05 04:52:00.9792 ERROR Error: AutoMapper.AutoMapperMappingException: Error mapping types.

Mapping types:
EntityQueryable`1 -> IEnumerable`1
Microsoft.EntityFrameworkCore.Query.Internal.EntityQueryable`1[[CWB.Masters.Domain.ItemMaster.PartPurchaseDetails, CWB.Masters, Version=1.0.0.0, Culture=neutral, PublicKeyToken=null]] -> System.Collections.Generic.IEnumerable`1[[CWB.Masters.ViewModels.ItemMaster.PartPurchaseDetailsVM, CWB.Masters, Version=1.0.0.0, Culture=neutral, PublicKeyToken=null]]
 ---> System.InvalidOperationException: An exception has been raised that is likely due to a transient failure. Consider enabling transient error resiliency by adding 'EnableRetryOnFailure()' to the 'UseMySql' call.
 ---> MySqlConnector.MySqlException (0x80004005): Connect Timeout expired. All pooled connections are in use.
   at MySqlConnector.MySqlConnection.CreateSessionAsync(ConnectionPool pool, Int32 startTickCount, Nullable`1 ioBehavior, CancellationToken cancellationToken) in /_/src/MySqlConnector/MySqlConnection.cs:line 902
   at MySqlConnector.MySqlConnection.OpenAsync(Nullable`1 ioBehavior, CancellationToken cancellationToken) in /_/src/MySqlConnector/MySqlConnection.cs:line 435
   at MySqlConnector.MySqlConnection.Open() in /_/src/MySqlConnector/MySqlConnection.cs:line 380
   at Microsoft.EntityFrameworkCore.Storage.RelationalConnection.OpenInternal(Boolean errorsExpected)
   at Microsoft.EntityFrameworkCore.Storage.RelationalConnection.Open(Boolean errorsExpected)
   at Pomelo.EntityFrameworkCore.MySql.Storage.Internal.MySqlRelationalConnection.Open(Boolean errorsExpected)
   at Microsoft.EntityFrameworkCore.Storage.RelationalCommand.ExecuteReader(RelationalCommandParameterObject parameterObject)
   at Microsoft.EntityFrameworkCore.Query.Internal.SingleQueryingEnumerable`1.Enumerator.InitializeReader(DbContext _, Boolean result)
   at Pomelo.EntityFrameworkCore.MySql.Storage.Internal.MySqlExecutionStrategy.Execute[TState,TResult](TState state, Func`3 operation, Func`3 verifySucceeded)
   --- End of inner exception stack trace ---
   at Pomelo.EntityFrameworkCore.MySql.Storage.Internal.MySqlExecutionStrategy.Execute[TState,TResult](TState state, Func`3 operation, Func`3 verifySucceeded)
   at Microsoft.EntityFrameworkCore.Query.Internal.SingleQueryingEnumerable`1.Enumerator.MoveNext()
   at lambda_method(Closure , Object , IEnumerable`1 , ResolutionContext )
   --- End of inner exception stack trace ---
   at lambda_method(Closure , Object , IEnumerable`1 , ResolutionContext )
   at CWB.Masters.Services.ItemMaster.RawMaterialDetailService.GetPartPurchasesForPartNo(Int32 partId, Int64 tenantId) in D:\DockerTestCWB\CWB-Latest\CWB\CWB.Masters\Services\ItemMaster\RawMaterialDetailService.cs:line 262
   at CWB.Masters.Controllers.RawMaterialDetailController.GetPartPurchasesForPartId(Int32 partId, Int64 tenantId) in D:\DockerTestCWB\CWB-Latest\CWB\CWB.Masters\Controllers\RawMaterialDetailController.cs:line 353
   at lambda_method(Closure , Object , Object[] )
   at Microsoft.AspNetCore.Mvc.Infrastructure.ActionMethodExecutor.SyncActionResultExecutor.Execute(IActionResultTypeMapper mapper, ObjectMethodExecutor executor, Object controller, Object[] arguments)
   at Microsoft.AspNetCore.Mvc.Infrastructure.ControllerActionInvoker.InvokeActionMethodAsync()
   at Microsoft.AspNetCore.Mvc.Infrastructure.ControllerActionInvoker.Next(State& next, Scope& scope, Object& state, Boolean& isCompleted)
   at Microsoft.AspNetCore.Mvc.Infrastructure.ControllerActionInvoker.InvokeNextActionFilterAsync()
--- End of stack trace from previous location where exception was thrown ---
   at Microsoft.AspNetCore.Mvc.Infrastructure.ControllerActionInvoker.Rethrow(ActionExecutedContextSealed context)
   at Microsoft.AspNetCore.Mvc.Infrastructure.ControllerActionInvoker.Next(State& next, Scope& scope, Object& state, Boolean& isCompleted)
   at Microsoft.AspNetCore.Mvc.Infrastructure.ControllerActionInvoker.InvokeInnerFilterAsync()
--- End of stack trace from previous location where exception was thrown ---
   at Microsoft.AspNetCore.Mvc.Infrastructure.ResourceInvoker.<InvokeFilterPipelineAsync>g__Awaited|19_0(ResourceInvoker invoker, Task lastTask, State next, Scope scope, Object state, Boolean isCompleted)
   at Microsoft.AspNetCore.Mvc.Infrastructure.ResourceInvoker.<InvokeAsync>g__Awaited|17_0(ResourceInvoker invoker, Task task, IDisposable scope)
   at Microsoft.AspNetCore.Routing.EndpointMiddleware.<Invoke>g__AwaitRequestTask|6_0(Endpoint endpoint, Task requestTask, ILogger logger)
   at Microsoft.AspNetCore.Authorization.AuthorizationMiddleware.Invoke(HttpContext context)
   at Microsoft.AspNetCore.Authentication.AuthenticationMiddleware.Invoke(HttpContext context)
   at CWB.ExceptionHandling.ExceptionMiddleware.InvokeAsync(HttpContext httpContext) in D:\EvolutionSoftware\CWB-Latest\CWB\CWB.ExceptionHandling\ExceptionMiddleware.cs:line 26
2025-12-05 04:52:00.9864 ERROR Error: AutoMapper.AutoMapperMappingException: Error mapping types.

Mapping types:
EntityQueryable`1 -> IEnumerable`1
Microsoft.EntityFrameworkCore.Query.Internal.EntityQueryable`1[[CWB.Masters.Domain.ItemMaster.PartPurchaseDetails, CWB.Masters, Version=1.0.0.0, Culture=neutral, PublicKeyToken=null]] -> System.Collections.Generic.IEnumerable`1[[CWB.Masters.ViewModels.ItemMaster.PartPurchaseDetailsVM, CWB.Masters, Version=1.0.0.0, Culture=neutral, PublicKeyToken=null]]
 ---> System.InvalidOperationException: An exception has been raised that is likely due to a transient failure. Consider enabling transient error resiliency by adding 'EnableRetryOnFailure()' to the 'UseMySql' call.
 ---> MySqlConnector.MySqlException (0x80004005): Connect Timeout expired. All pooled connections are in use.
   at MySqlConnector.MySqlConnection.CreateSessionAsync(ConnectionPool pool, Int32 startTickCount, Nullable`1 ioBehavior, CancellationToken cancellationToken) in /_/src/MySqlConnector/MySqlConnection.cs:line 902
   at MySqlConnector.MySqlConnection.OpenAsync(Nullable`1 ioBehavior, CancellationToken cancellationToken) in /_/src/MySqlConnector/MySqlConnection.cs:line 435
   at MySqlConnector.MySqlConnection.Open() in /_/src/MySqlConnector/MySqlConnection.cs:line 380
   at Microsoft.EntityFrameworkCore.Storage.RelationalConnection.OpenInternal(Boolean errorsExpected)
   at Microsoft.EntityFrameworkCore.Storage.RelationalConnection.Open(Boolean errorsExpected)
   at Pomelo.EntityFrameworkCore.MySql.Storage.Internal.MySqlRelationalConnection.Open(Boolean errorsExpected)
   at Microsoft.EntityFrameworkCore.Storage.RelationalCommand.ExecuteReader(RelationalCommandParameterObject parameterObject)
   at Microsoft.EntityFrameworkCore.Query.Internal.SingleQueryingEnumerable`1.Enumerator.InitializeReader(DbContext _, Boolean result)
   at Pomelo.EntityFrameworkCore.MySql.Storage.Internal.MySqlExecutionStrategy.Execute[TState,TResult](TState state, Func`3 operation, Func`3 verifySucceeded)
   --- End of inner exception stack trace ---
   at Pomelo.EntityFrameworkCore.MySql.Storage.Internal.MySqlExecutionStrategy.Execute[TState,TResult](TState state, Func`3 operation, Func`3 verifySucceeded)
   at Microsoft.EntityFrameworkCore.Query.Internal.SingleQueryingEnumerable`1.Enumerator.MoveNext()
   at lambda_method(Closure , Object , IEnumerable`1 , ResolutionContext )
   --- End of inner exception stack trace ---
   at lambda_method(Closure , Object , IEnumerable`1 , ResolutionContext )
   at CWB.Masters.Services.ItemMaster.RawMaterialDetailService.GetPartPurchasesForPartNo(Int32 partId, Int64 tenantId) in D:\DockerTestCWB\CWB-Latest\CWB\CWB.Masters\Services\ItemMaster\RawMaterialDetailService.cs:line 262
   at CWB.Masters.Controllers.RawMaterialDetailController.GetPartPurchasesForPartId(Int32 partId, Int64 tenantId) in D:\DockerTestCWB\CWB-Latest\CWB\CWB.Masters\Controllers\RawMaterialDetailController.cs:line 353
   at lambda_method(Closure , Object , Object[] )
   at Microsoft.AspNetCore.Mvc.Infrastructure.ActionMethodExecutor.SyncActionResultExecutor.Execute(IActionResultTypeMapper mapper, ObjectMethodExecutor executor, Object controller, Object[] arguments)
   at Microsoft.AspNetCore.Mvc.Infrastructure.ControllerActionInvoker.InvokeActionMethodAsync()
   at Microsoft.AspNetCore.Mvc.Infrastructure.ControllerActionInvoker.Next(State& next, Scope& scope, Object& state, Boolean& isCompleted)
   at Microsoft.AspNetCore.Mvc.Infrastructure.ControllerActionInvoker.InvokeNextActionFilterAsync()
--- End of stack trace from previous location where exception was thrown ---
   at Microsoft.AspNetCore.Mvc.Infrastructure.ControllerActionInvoker.Rethrow(ActionExecutedContextSealed context)
   at Microsoft.AspNetCore.Mvc.Infrastructure.ControllerActionInvoker.Next(State& next, Scope& scope, Object& state, Boolean& isCompleted)
   at Microsoft.AspNetCore.Mvc.Infrastructure.ControllerActionInvoker.InvokeInnerFilterAsync()
--- End of stack trace from previous location where exception was thrown ---
   at Microsoft.AspNetCore.Mvc.Infrastructure.ResourceInvoker.<InvokeFilterPipelineAsync>g__Awaited|19_0(ResourceInvoker invoker, Task lastTask, State next, Scope scope, Object state, Boolean isCompleted)
   at Microsoft.AspNetCore.Mvc.Infrastructure.ResourceInvoker.<InvokeAsync>g__Awaited|17_0(ResourceInvoker invoker, Task task, IDisposable scope)
   at Microsoft.AspNetCore.Routing.EndpointMiddleware.<Invoke>g__AwaitRequestTask|6_0(Endpoint endpoint, Task requestTask, ILogger logger)
   at Microsoft.AspNetCore.Authorization.AuthorizationMiddleware.Invoke(HttpContext context)
   at Microsoft.AspNetCore.Authentication.AuthenticationMiddleware.Invoke(HttpContext context)
   at CWB.ExceptionHandling.ExceptionMiddleware.InvokeAsync(HttpContext httpContext) in D:\EvolutionSoftware\CWB-Latest\CWB\CWB.ExceptionHandling\ExceptionMiddleware.cs:line 26
2025-12-05 05:10:33.3081 ERROR Error: AutoMapper.AutoMapperMappingException: Error mapping types.

Mapping types:
EntityQueryable`1 -> IEnumerable`1
Microsoft.EntityFrameworkCore.Query.Internal.EntityQueryable`1[[CWB.Masters.Domain.ItemMaster.PartPurchaseDetails, CWB.Masters, Version=1.0.0.0, Culture=neutral, PublicKeyToken=null]] -> System.Collections.Generic.IEnumerable`1[[CWB.Masters.ViewModels.ItemMaster.PartPurchaseDetailsVM, CWB.Masters, Version=1.0.0.0, Culture=neutral, PublicKeyToken=null]]
 ---> System.InvalidOperationException: An exception has been raised that is likely due to a transient failure. Consider enabling transient error resiliency by adding 'EnableRetryOnFailure()' to the 'UseMySql' call.
 ---> MySqlConnector.MySqlException (0x80004005): Connect Timeout expired. All pooled connections are in use.
   at MySqlConnector.MySqlConnection.CreateSessionAsync(ConnectionPool pool, Int32 startTickCount, Nullable`1 ioBehavior, CancellationToken cancellationToken) in /_/src/MySqlConnector/MySqlConnection.cs:line 902
   at MySqlConnector.MySqlConnection.OpenAsync(Nullable`1 ioBehavior, CancellationToken cancellationToken) in /_/src/MySqlConnector/MySqlConnection.cs:line 435
   at MySqlConnector.MySqlConnection.Open() in /_/src/MySqlConnector/MySqlConnection.cs:line 380
   at Microsoft.EntityFrameworkCore.Storage.RelationalConnection.OpenInternal(Boolean errorsExpected)
   at Microsoft.EntityFrameworkCore.Storage.RelationalConnection.Open(Boolean errorsExpected)
   at Pomelo.EntityFrameworkCore.MySql.Storage.Internal.MySqlRelationalConnection.Open(Boolean errorsExpected)
   at Microsoft.EntityFrameworkCore.Storage.RelationalCommand.ExecuteReader(RelationalCommandParameterObject parameterObject)
   at Microsoft.EntityFrameworkCore.Query.Internal.SingleQueryingEnumerable`1.Enumerator.InitializeReader(DbContext _, Boolean result)
   at Pomelo.EntityFrameworkCore.MySql.Storage.Internal.MySqlExecutionStrategy.Execute[TState,TResult](TState state, Func`3 operation, Func`3 verifySucceeded)
   --- End of inner exception stack trace ---
   at Pomelo.EntityFrameworkCore.MySql.Storage.Internal.MySqlExecutionStrategy.Execute[TState,TResult](TState state, Func`3 operation, Func`3 verifySucceeded)
   at Microsoft.EntityFrameworkCore.Query.Internal.SingleQueryingEnumerable`1.Enumerator.MoveNext()
   at lambda_method(Closure , Object , IEnumerable`1 , ResolutionContext )
   --- End of inner exception stack trace ---
   at lambda_method(Closure , Object , IEnumerable`1 , ResolutionContext )
   at CWB.Masters.Services.ItemMaster.RawMaterialDetailService.GetPartPurchasesForPartNo(Int32 partId, Int64 tenantId) in D:\DockerTestCWB\CWB-Latest\CWB\CWB.Masters\Services\ItemMaster\RawMaterialDetailService.cs:line 262
   at CWB.Masters.Controllers.RawMaterialDetailController.GetPartPurchasesForPartId(Int32 partId, Int64 tenantId) in D:\DockerTestCWB\CWB-Latest\CWB\CWB.Masters\Controllers\RawMaterialDetailController.cs:line 353
   at lambda_method(Closure , Object , Object[] )
   at Microsoft.AspNetCore.Mvc.Infrastructure.ActionMethodExecutor.SyncActionResultExecutor.Execute(IActionResultTypeMapper mapper, ObjectMethodExecutor executor, Object controller, Object[] arguments)
   at Microsoft.AspNetCore.Mvc.Infrastructure.ControllerActionInvoker.InvokeActionMethodAsync()
   at Microsoft.AspNetCore.Mvc.Infrastructure.ControllerActionInvoker.Next(State& next, Scope& scope, Object& state, Boolean& isCompleted)
   at Microsoft.AspNetCore.Mvc.Infrastructure.ControllerActionInvoker.InvokeNextActionFilterAsync()
--- End of stack trace from previous location where exception was thrown ---
   at Microsoft.AspNetCore.Mvc.Infrastructure.ControllerActionInvoker.Rethrow(ActionExecutedContextSealed context)
   at Microsoft.AspNetCore.Mvc.Infrastructure.ControllerActionInvoker.Next(State& next, Scope& scope, Object& state, Boolean& isCompleted)
   at Microsoft.AspNetCore.Mvc.Infrastructure.ControllerActionInvoker.InvokeInnerFilterAsync()
--- End of stack trace from previous location where exception was thrown ---
   at Microsoft.AspNetCore.Mvc.Infrastructure.ResourceInvoker.<InvokeFilterPipelineAsync>g__Awaited|19_0(ResourceInvoker invoker, Task lastTask, State next, Scope scope, Object state, Boolean isCompleted)
   at Microsoft.AspNetCore.Mvc.Infrastructure.ResourceInvoker.<InvokeAsync>g__Awaited|17_0(ResourceInvoker invoker, Task task, IDisposable scope)
   at Microsoft.AspNetCore.Routing.EndpointMiddleware.<Invoke>g__AwaitRequestTask|6_0(Endpoint endpoint, Task requestTask, ILogger logger)
   at Microsoft.AspNetCore.Authorization.AuthorizationMiddleware.Invoke(HttpContext context)
   at Microsoft.AspNetCore.Authentication.AuthenticationMiddleware.Invoke(HttpContext context)
   at CWB.ExceptionHandling.ExceptionMiddleware.InvokeAsync(HttpContext httpContext) in D:\EvolutionSoftware\CWB-Latest\CWB\CWB.ExceptionHandling\ExceptionMiddleware.cs:line 26
2025-12-05 05:10:35.6328 ERROR Error: AutoMapper.AutoMapperMappingException: Error mapping types.

Mapping types:
EntityQueryable`1 -> IEnumerable`1
Microsoft.EntityFrameworkCore.Query.Internal.EntityQueryable`1[[CWB.Masters.Domain.ItemMaster.PartPurchaseDetails, CWB.Masters, Version=1.0.0.0, Culture=neutral, PublicKeyToken=null]] -> System.Collections.Generic.IEnumerable`1[[CWB.Masters.ViewModels.ItemMaster.PartPurchaseDetailsVM, CWB.Masters, Version=1.0.0.0, Culture=neutral, PublicKeyToken=null]]
 ---> System.InvalidOperationException: An exception has been raised that is likely due to a transient failure. Consider enabling transient error resiliency by adding 'EnableRetryOnFailure()' to the 'UseMySql' call.
 ---> MySqlConnector.MySqlException (0x80004005): Connect Timeout expired. All pooled connections are in use.
   at MySqlConnector.MySqlConnection.CreateSessionAsync(ConnectionPool pool, Int32 startTickCount, Nullable`1 ioBehavior, CancellationToken cancellationToken) in /_/src/MySqlConnector/MySqlConnection.cs:line 902
   at MySqlConnector.MySqlConnection.OpenAsync(Nullable`1 ioBehavior, CancellationToken cancellationToken) in /_/src/MySqlConnector/MySqlConnection.cs:line 435
   at MySqlConnector.MySqlConnection.Open() in /_/src/MySqlConnector/MySqlConnection.cs:line 380
   at Microsoft.EntityFrameworkCore.Storage.RelationalConnection.OpenInternal(Boolean errorsExpected)
   at Microsoft.EntityFrameworkCore.Storage.RelationalConnection.Open(Boolean errorsExpected)
   at Pomelo.EntityFrameworkCore.MySql.Storage.Internal.MySqlRelationalConnection.Open(Boolean errorsExpected)
   at Microsoft.EntityFrameworkCore.Storage.RelationalCommand.ExecuteReader(RelationalCommandParameterObject parameterObject)
   at Microsoft.EntityFrameworkCore.Query.Internal.SingleQueryingEnumerable`1.Enumerator.InitializeReader(DbContext _, Boolean result)
   at Pomelo.EntityFrameworkCore.MySql.Storage.Internal.MySqlExecutionStrategy.Execute[TState,TResult](TState state, Func`3 operation, Func`3 verifySucceeded)
   --- End of inner exception stack trace ---
   at Pomelo.EntityFrameworkCore.MySql.Storage.Internal.MySqlExecutionStrategy.Execute[TState,TResult](TState state, Func`3 operation, Func`3 verifySucceeded)
   at Microsoft.EntityFrameworkCore.Query.Internal.SingleQueryingEnumerable`1.Enumerator.MoveNext()
   at lambda_method(Closure , Object , IEnumerable`1 , ResolutionContext )
   --- End of inner exception stack trace ---
   at lambda_method(Closure , Object , IEnumerable`1 , ResolutionContext )
   at CWB.Masters.Services.ItemMaster.RawMaterialDetailService.GetPartPurchasesForPartNo(Int32 partId, Int64 tenantId) in D:\DockerTestCWB\CWB-Latest\CWB\CWB.Masters\Services\ItemMaster\RawMaterialDetailService.cs:line 262
   at CWB.Masters.Controllers.RawMaterialDetailController.GetPartPurchasesForPartId(Int32 partId, Int64 tenantId) in D:\DockerTestCWB\CWB-Latest\CWB\CWB.Masters\Controllers\RawMaterialDetailController.cs:line 353
   at lambda_method(Closure , Object , Object[] )
   at Microsoft.AspNetCore.Mvc.Infrastructure.ActionMethodExecutor.SyncActionResultExecutor.Execute(IActionResultTypeMapper mapper, ObjectMethodExecutor executor, Object controller, Object[] arguments)
   at Microsoft.AspNetCore.Mvc.Infrastructure.ControllerActionInvoker.InvokeActionMethodAsync()
   at Microsoft.AspNetCore.Mvc.Infrastructure.ControllerActionInvoker.Next(State& next, Scope& scope, Object& state, Boolean& isCompleted)
   at Microsoft.AspNetCore.Mvc.Infrastructure.ControllerActionInvoker.InvokeNextActionFilterAsync()
--- End of stack trace from previous location where exception was thrown ---
   at Microsoft.AspNetCore.Mvc.Infrastructure.ControllerActionInvoker.Rethrow(ActionExecutedContextSealed context)
   at Microsoft.AspNetCore.Mvc.Infrastructure.ControllerActionInvoker.Next(State& next, Scope& scope, Object& state, Boolean& isCompleted)
   at Microsoft.AspNetCore.Mvc.Infrastructure.ControllerActionInvoker.InvokeInnerFilterAsync()
--- End of stack trace from previous location where exception was thrown ---
   at Microsoft.AspNetCore.Mvc.Infrastructure.ResourceInvoker.<InvokeFilterPipelineAsync>g__Awaited|19_0(ResourceInvoker invoker, Task lastTask, State next, Scope scope, Object state, Boolean isCompleted)
   at Microsoft.AspNetCore.Mvc.Infrastructure.ResourceInvoker.<InvokeAsync>g__Awaited|17_0(ResourceInvoker invoker, Task task, IDisposable scope)
   at Microsoft.AspNetCore.Routing.EndpointMiddleware.<Invoke>g__AwaitRequestTask|6_0(Endpoint endpoint, Task requestTask, ILogger logger)
   at Microsoft.AspNetCore.Authorization.AuthorizationMiddleware.Invoke(HttpContext context)
   at Microsoft.AspNetCore.Authentication.AuthenticationMiddleware.Invoke(HttpContext context)
   at CWB.ExceptionHandling.ExceptionMiddleware.InvokeAsync(HttpContext httpContext) in D:\EvolutionSoftware\CWB-Latest\CWB\CWB.ExceptionHandling\ExceptionMiddleware.cs:line 26
2025-12-05 05:10:35.6328 ERROR Error: AutoMapper.AutoMapperMappingException: Error mapping types.

Mapping types:
EntityQueryable`1 -> IEnumerable`1
Microsoft.EntityFrameworkCore.Query.Internal.EntityQueryable`1[[CWB.Masters.Domain.ItemMaster.PartPurchaseDetails, CWB.Masters, Version=1.0.0.0, Culture=neutral, PublicKeyToken=null]] -> System.Collections.Generic.IEnumerable`1[[CWB.Masters.ViewModels.ItemMaster.PartPurchaseDetailsVM, CWB.Masters, Version=1.0.0.0, Culture=neutral, PublicKeyToken=null]]
 ---> System.InvalidOperationException: An exception has been raised that is likely due to a transient failure. Consider enabling transient error resiliency by adding 'EnableRetryOnFailure()' to the 'UseMySql' call.
 ---> MySqlConnector.MySqlException (0x80004005): Connect Timeout expired. All pooled connections are in use.
   at MySqlConnector.MySqlConnection.CreateSessionAsync(ConnectionPool pool, Int32 startTickCount, Nullable`1 ioBehavior, CancellationToken cancellationToken) in /_/src/MySqlConnector/MySqlConnection.cs:line 902
   at MySqlConnector.MySqlConnection.OpenAsync(Nullable`1 ioBehavior, CancellationToken cancellationToken) in /_/src/MySqlConnector/MySqlConnection.cs:line 435
   at MySqlConnector.MySqlConnection.Open() in /_/src/MySqlConnector/MySqlConnection.cs:line 380
   at Microsoft.EntityFrameworkCore.Storage.RelationalConnection.OpenInternal(Boolean errorsExpected)
   at Microsoft.EntityFrameworkCore.Storage.RelationalConnection.Open(Boolean errorsExpected)
   at Pomelo.EntityFrameworkCore.MySql.Storage.Internal.MySqlRelationalConnection.Open(Boolean errorsExpected)
   at Microsoft.EntityFrameworkCore.Storage.RelationalCommand.ExecuteReader(RelationalCommandParameterObject parameterObject)
   at Microsoft.EntityFrameworkCore.Query.Internal.SingleQueryingEnumerable`1.Enumerator.InitializeReader(DbContext _, Boolean result)
   at Pomelo.EntityFrameworkCore.MySql.Storage.Internal.MySqlExecutionStrategy.Execute[TState,TResult](TState state, Func`3 operation, Func`3 verifySucceeded)
   --- End of inner exception stack trace ---
   at Pomelo.EntityFrameworkCore.MySql.Storage.Internal.MySqlExecutionStrategy.Execute[TState,TResult](TState state, Func`3 operation, Func`3 verifySucceeded)
   at Microsoft.EntityFrameworkCore.Query.Internal.SingleQueryingEnumerable`1.Enumerator.MoveNext()
   at lambda_method(Closure , Object , IEnumerable`1 , ResolutionContext )
   --- End of inner exception stack trace ---
   at lambda_method(Closure , Object , IEnumerable`1 , ResolutionContext )
   at CWB.Masters.Services.ItemMaster.RawMaterialDetailService.GetPartPurchasesForPartNo(Int32 partId, Int64 tenantId) in D:\DockerTestCWB\CWB-Latest\CWB\CWB.Masters\Services\ItemMaster\RawMaterialDetailService.cs:line 262
   at CWB.Masters.Controllers.RawMaterialDetailController.GetPartPurchasesForPartId(Int32 partId, Int64 tenantId) in D:\DockerTestCWB\CWB-Latest\CWB\CWB.Masters\Controllers\RawMaterialDetailController.cs:line 353
   at lambda_method(Closure , Object , Object[] )
   at Microsoft.AspNetCore.Mvc.Infrastructure.ActionMethodExecutor.SyncActionResultExecutor.Execute(IActionResultTypeMapper mapper, ObjectMethodExecutor executor, Object controller, Object[] arguments)
   at Microsoft.AspNetCore.Mvc.Infrastructure.ControllerActionInvoker.InvokeActionMethodAsync()
   at Microsoft.AspNetCore.Mvc.Infrastructure.ControllerActionInvoker.Next(State& next, Scope& scope, Object& state, Boolean& isCompleted)
   at Microsoft.AspNetCore.Mvc.Infrastructure.ControllerActionInvoker.InvokeNextActionFilterAsync()
--- End of stack trace from previous location where exception was thrown ---
   at Microsoft.AspNetCore.Mvc.Infrastructure.ControllerActionInvoker.Rethrow(ActionExecutedContextSealed context)
   at Microsoft.AspNetCore.Mvc.Infrastructure.ControllerActionInvoker.Next(State& next, Scope& scope, Object& state, Boolean& isCompleted)
   at Microsoft.AspNetCore.Mvc.Infrastructure.ControllerActionInvoker.InvokeInnerFilterAsync()
--- End of stack trace from previous location where exception was thrown ---
   at Microsoft.AspNetCore.Mvc.Infrastructure.ResourceInvoker.<InvokeFilterPipelineAsync>g__Awaited|19_0(ResourceInvoker invoker, Task lastTask, State next, Scope scope, Object state, Boolean isCompleted)
   at Microsoft.AspNetCore.Mvc.Infrastructure.ResourceInvoker.<InvokeAsync>g__Awaited|17_0(ResourceInvoker invoker, Task task, IDisposable scope)
   at Microsoft.AspNetCore.Routing.EndpointMiddleware.<Invoke>g__AwaitRequestTask|6_0(Endpoint endpoint, Task requestTask, ILogger logger)
   at Microsoft.AspNetCore.Authorization.AuthorizationMiddleware.Invoke(HttpContext context)
   at Microsoft.AspNetCore.Authentication.AuthenticationMiddleware.Invoke(HttpContext context)
   at CWB.ExceptionHandling.ExceptionMiddleware.InvokeAsync(HttpContext httpContext) in D:\EvolutionSoftware\CWB-Latest\CWB\CWB.ExceptionHandling\ExceptionMiddleware.cs:line 26
2025-12-05 05:10:37.2724 ERROR Error: System.InvalidOperationException: An exception has been raised that is likely due to a transient failure. Consider enabling transient error resiliency by adding 'EnableRetryOnFailure()' to the 'UseMySql' call.
 ---> MySqlConnector.MySqlException (0x80004005): Connect Timeout expired. All pooled connections are in use.
   at MySqlConnector.MySqlConnection.CreateSessionAsync(ConnectionPool pool, Int32 startTickCount, Nullable`1 ioBehavior, CancellationToken cancellationToken) in /_/src/MySqlConnector/MySqlConnection.cs:line 902
   at MySqlConnector.MySqlConnection.OpenAsync(Nullable`1 ioBehavior, CancellationToken cancellationToken) in /_/src/MySqlConnector/MySqlConnection.cs:line 435
   at Microsoft.EntityFrameworkCore.Storage.RelationalConnection.OpenInternalAsync(Boolean errorsExpected, CancellationToken cancellationToken)
   at Microsoft.EntityFrameworkCore.Storage.RelationalConnection.OpenInternalAsync(Boolean errorsExpected, CancellationToken cancellationToken)
   at Microsoft.EntityFrameworkCore.Storage.RelationalConnection.OpenAsync(CancellationToken cancellationToken, Boolean errorsExpected)
   at Pomelo.EntityFrameworkCore.MySql.Storage.Internal.MySqlRelationalConnection.OpenAsync(CancellationToken cancellationToken, Boolean errorsExpected)
   at Microsoft.EntityFrameworkCore.Storage.RelationalCommand.ExecuteReaderAsync(RelationalCommandParameterObject parameterObject, CancellationToken cancellationToken)
   at Microsoft.EntityFrameworkCore.Query.Internal.SingleQueryingEnumerable`1.AsyncEnumerator.InitializeReaderAsync(DbContext _, Boolean result, CancellationToken cancellationToken)
   at Pomelo.EntityFrameworkCore.MySql.Storage.Internal.MySqlExecutionStrategy.ExecuteAsync[TState,TResult](TState state, Func`4 operation, Func`4 verifySucceeded, CancellationToken cancellationToken)
   --- End of inner exception stack trace ---
   at Pomelo.EntityFrameworkCore.MySql.Storage.Internal.MySqlExecutionStrategy.ExecuteAsync[TState,TResult](TState state, Func`4 operation, Func`4 verifySucceeded, CancellationToken cancellationToken)
   at Microsoft.EntityFrameworkCore.Query.Internal.SingleQueryingEnumerable`1.AsyncEnumerator.MoveNextAsync()
   at Microsoft.EntityFrameworkCore.Query.ShapedQueryCompilingExpressionVisitor.SingleOrDefaultAsync[TSource](IAsyncEnumerable`1 asyncEnumerable, CancellationToken cancellationToken)
   at Microsoft.EntityFrameworkCore.Query.ShapedQueryCompilingExpressionVisitor.SingleOrDefaultAsync[TSource](IAsyncEnumerable`1 asyncEnumerable, CancellationToken cancellationToken)
   at CWB.Masters.Services.ItemMaster.RawMaterialDetailService.GetRMPart(Int32 partId, Int64 tenantId) in D:\DockerTestCWB\CWB-Latest\CWB\CWB.Masters\Services\ItemMaster\RawMaterialDetailService.cs:line 522
   at CWB.Masters.Services.ItemMaster.MasterPartService.GetRMPart(Int32 partId, Int64 tenantId) in D:\DockerTestCWB\CWB-Latest\CWB\CWB.Masters\Services\ItemMaster\MasterPartServer.cs:line 158
   at CWB.Masters.Controllers.RawMaterialDetailController.GetRMPart(Int32 partId, Int64 tenantId) in D:\DockerTestCWB\CWB-Latest\CWB\CWB.Masters\Controllers\RawMaterialDetailController.cs:line 62
   at Microsoft.AspNetCore.Mvc.Infrastructure.ActionMethodExecutor.TaskOfIActionResultExecutor.Execute(IActionResultTypeMapper mapper, ObjectMethodExecutor executor, Object controller, Object[] arguments)
   at Microsoft.AspNetCore.Mvc.Infrastructure.ControllerActionInvoker.<InvokeActionMethodAsync>g__Awaited|12_0(ControllerActionInvoker invoker, ValueTask`1 actionResultValueTask)
   at Microsoft.AspNetCore.Mvc.Infrastructure.ControllerActionInvoker.<InvokeNextActionFilterAsync>g__Awaited|10_0(ControllerActionInvoker invoker, Task lastTask, State next, Scope scope, Object state, Boolean isCompleted)
   at Microsoft.AspNetCore.Mvc.Infrastructure.ControllerActionInvoker.Rethrow(ActionExecutedContextSealed context)
   at Microsoft.AspNetCore.Mvc.Infrastructure.ControllerActionInvoker.Next(State& next, Scope& scope, Object& state, Boolean& isCompleted)
   at Microsoft.AspNetCore.Mvc.Infrastructure.ControllerActionInvoker.<InvokeInnerFilterAsync>g__Awaited|13_0(ControllerActionInvoker invoker, Task lastTask, State next, Scope scope, Object state, Boolean isCompleted)
   at Microsoft.AspNetCore.Mvc.Infrastructure.ResourceInvoker.<InvokeFilterPipelineAsync>g__Awaited|19_0(ResourceInvoker invoker, Task lastTask, State next, Scope scope, Object state, Boolean isCompleted)
   at Microsoft.AspNetCore.Mvc.Infrastructure.ResourceInvoker.<InvokeAsync>g__Awaited|17_0(ResourceInvoker invoker, Task task, IDisposable scope)
   at Microsoft.AspNetCore.Routing.EndpointMiddleware.<Invoke>g__AwaitRequestTask|6_0(Endpoint endpoint, Task requestTask, ILogger logger)
   at Microsoft.AspNetCore.Authorization.AuthorizationMiddleware.Invoke(HttpContext context)
   at Microsoft.AspNetCore.Authentication.AuthenticationMiddleware.Invoke(HttpContext context)
   at CWB.ExceptionHandling.ExceptionMiddleware.InvokeAsync(HttpContext httpContext) in D:\EvolutionSoftware\CWB-Latest\CWB\CWB.ExceptionHandling\ExceptionMiddleware.cs:line 26
2025-12-05 05:10:37.2752 ERROR Error: AutoMapper.AutoMapperMappingException: Error mapping types.

Mapping types:
EntityQueryable`1 -> IEnumerable`1
Microsoft.EntityFrameworkCore.Query.Internal.EntityQueryable`1[[CWB.Masters.Domain.ItemMaster.PartPurchaseDetails, CWB.Masters, Version=1.0.0.0, Culture=neutral, PublicKeyToken=null]] -> System.Collections.Generic.IEnumerable`1[[CWB.Masters.ViewModels.ItemMaster.PartPurchaseDetailsVM, CWB.Masters, Version=1.0.0.0, Culture=neutral, PublicKeyToken=null]]
 ---> System.InvalidOperationException: An exception has been raised that is likely due to a transient failure. Consider enabling transient error resiliency by adding 'EnableRetryOnFailure()' to the 'UseMySql' call.
 ---> MySqlConnector.MySqlException (0x80004005): Connect Timeout expired. All pooled connections are in use.
   at MySqlConnector.MySqlConnection.CreateSessionAsync(ConnectionPool pool, Int32 startTickCount, Nullable`1 ioBehavior, CancellationToken cancellationToken) in /_/src/MySqlConnector/MySqlConnection.cs:line 902
   at MySqlConnector.MySqlConnection.OpenAsync(Nullable`1 ioBehavior, CancellationToken cancellationToken) in /_/src/MySqlConnector/MySqlConnection.cs:line 435
   at MySqlConnector.MySqlConnection.Open() in /_/src/MySqlConnector/MySqlConnection.cs:line 380
   at Microsoft.EntityFrameworkCore.Storage.RelationalConnection.OpenInternal(Boolean errorsExpected)
   at Microsoft.EntityFrameworkCore.Storage.RelationalConnection.Open(Boolean errorsExpected)
   at Pomelo.EntityFrameworkCore.MySql.Storage.Internal.MySqlRelationalConnection.Open(Boolean errorsExpected)
   at Microsoft.EntityFrameworkCore.Storage.RelationalCommand.ExecuteReader(RelationalCommandParameterObject parameterObject)
   at Microsoft.EntityFrameworkCore.Query.Internal.SingleQueryingEnumerable`1.Enumerator.InitializeReader(DbContext _, Boolean result)
   at Pomelo.EntityFrameworkCore.MySql.Storage.Internal.MySqlExecutionStrategy.Execute[TState,TResult](TState state, Func`3 operation, Func`3 verifySucceeded)
   --- End of inner exception stack trace ---
   at Pomelo.EntityFrameworkCore.MySql.Storage.Internal.MySqlExecutionStrategy.Execute[TState,TResult](TState state, Func`3 operation, Func`3 verifySucceeded)
   at Microsoft.EntityFrameworkCore.Query.Internal.SingleQueryingEnumerable`1.Enumerator.MoveNext()
   at lambda_method(Closure , Object , IEnumerable`1 , ResolutionContext )
   --- End of inner exception stack trace ---
   at lambda_method(Closure , Object , IEnumerable`1 , ResolutionContext )
   at CWB.Masters.Services.ItemMaster.RawMaterialDetailService.GetPartPurchasesForPartNo(Int32 partId, Int64 tenantId) in D:\DockerTestCWB\CWB-Latest\CWB\CWB.Masters\Services\ItemMaster\RawMaterialDetailService.cs:line 262
   at CWB.Masters.Controllers.RawMaterialDetailController.GetPartPurchasesForPartId(Int32 partId, Int64 tenantId) in D:\DockerTestCWB\CWB-Latest\CWB\CWB.Masters\Controllers\RawMaterialDetailController.cs:line 353
   at lambda_method(Closure , Object , Object[] )
   at Microsoft.AspNetCore.Mvc.Infrastructure.ActionMethodExecutor.SyncActionResultExecutor.Execute(IActionResultTypeMapper mapper, ObjectMethodExecutor executor, Object controller, Object[] arguments)
   at Microsoft.AspNetCore.Mvc.Infrastructure.ControllerActionInvoker.InvokeActionMethodAsync()
   at Microsoft.AspNetCore.Mvc.Infrastructure.ControllerActionInvoker.Next(State& next, Scope& scope, Object& state, Boolean& isCompleted)
   at Microsoft.AspNetCore.Mvc.Infrastructure.ControllerActionInvoker.InvokeNextActionFilterAsync()
--- End of stack trace from previous location where exception was thrown ---
   at Microsoft.AspNetCore.Mvc.Infrastructure.ControllerActionInvoker.Rethrow(ActionExecutedContextSealed context)
   at Microsoft.AspNetCore.Mvc.Infrastructure.ControllerActionInvoker.Next(State& next, Scope& scope, Object& state, Boolean& isCompleted)
   at Microsoft.AspNetCore.Mvc.Infrastructure.ControllerActionInvoker.InvokeInnerFilterAsync()
--- End of stack trace from previous location where exception was thrown ---
   at Microsoft.AspNetCore.Mvc.Infrastructure.ResourceInvoker.<InvokeFilterPipelineAsync>g__Awaited|19_0(ResourceInvoker invoker, Task lastTask, State next, Scope scope, Object state, Boolean isCompleted)
   at Microsoft.AspNetCore.Mvc.Infrastructure.ResourceInvoker.<InvokeAsync>g__Awaited|17_0(ResourceInvoker invoker, Task task, IDisposable scope)
   at Microsoft.AspNetCore.Routing.EndpointMiddleware.<Invoke>g__AwaitRequestTask|6_0(Endpoint endpoint, Task requestTask, ILogger logger)
   at Microsoft.AspNetCore.Authorization.AuthorizationMiddleware.Invoke(HttpContext context)
   at Microsoft.AspNetCore.Authentication.AuthenticationMiddleware.Invoke(HttpContext context)
   at CWB.ExceptionHandling.ExceptionMiddleware.InvokeAsync(HttpContext httpContext) in D:\EvolutionSoftware\CWB-Latest\CWB\CWB.ExceptionHandling\ExceptionMiddleware.cs:line 26
2025-12-05 05:10:39.4967 ERROR Error: AutoMapper.AutoMapperMappingException: Error mapping types.

Mapping types:
EntityQueryable`1 -> IEnumerable`1
Microsoft.EntityFrameworkCore.Query.Internal.EntityQueryable`1[[CWB.Masters.Domain.ItemMaster.PartPurchaseDetails, CWB.Masters, Version=1.0.0.0, Culture=neutral, PublicKeyToken=null]] -> System.Collections.Generic.IEnumerable`1[[CWB.Masters.ViewModels.ItemMaster.PartPurchaseDetailsVM, CWB.Masters, Version=1.0.0.0, Culture=neutral, PublicKeyToken=null]]
 ---> System.InvalidOperationException: An exception has been raised that is likely due to a transient failure. Consider enabling transient error resiliency by adding 'EnableRetryOnFailure()' to the 'UseMySql' call.
 ---> MySqlConnector.MySqlException (0x80004005): Connect Timeout expired. All pooled connections are in use.
   at MySqlConnector.MySqlConnection.CreateSessionAsync(ConnectionPool pool, Int32 startTickCount, Nullable`1 ioBehavior, CancellationToken cancellationToken) in /_/src/MySqlConnector/MySqlConnection.cs:line 902
   at MySqlConnector.MySqlConnection.OpenAsync(Nullable`1 ioBehavior, CancellationToken cancellationToken) in /_/src/MySqlConnector/MySqlConnection.cs:line 435
   at MySqlConnector.MySqlConnection.Open() in /_/src/MySqlConnector/MySqlConnection.cs:line 380
   at Microsoft.EntityFrameworkCore.Storage.RelationalConnection.OpenInternal(Boolean errorsExpected)
   at Microsoft.EntityFrameworkCore.Storage.RelationalConnection.Open(Boolean errorsExpected)
   at Pomelo.EntityFrameworkCore.MySql.Storage.Internal.MySqlRelationalConnection.Open(Boolean errorsExpected)
   at Microsoft.EntityFrameworkCore.Storage.RelationalCommand.ExecuteReader(RelationalCommandParameterObject parameterObject)
   at Microsoft.EntityFrameworkCore.Query.Internal.SingleQueryingEnumerable`1.Enumerator.InitializeReader(DbContext _, Boolean result)
   at Pomelo.EntityFrameworkCore.MySql.Storage.Internal.MySqlExecutionStrategy.Execute[TState,TResult](TState state, Func`3 operation, Func`3 verifySucceeded)
   --- End of inner exception stack trace ---
   at Pomelo.EntityFrameworkCore.MySql.Storage.Internal.MySqlExecutionStrategy.Execute[TState,TResult](TState state, Func`3 operation, Func`3 verifySucceeded)
   at Microsoft.EntityFrameworkCore.Query.Internal.SingleQueryingEnumerable`1.Enumerator.MoveNext()
   at lambda_method(Closure , Object , IEnumerable`1 , ResolutionContext )
   --- End of inner exception stack trace ---
   at lambda_method(Closure , Object , IEnumerable`1 , ResolutionContext )
   at CWB.Masters.Services.ItemMaster.RawMaterialDetailService.GetPartPurchasesForPartNo(Int32 partId, Int64 tenantId) in D:\DockerTestCWB\CWB-Latest\CWB\CWB.Masters\Services\ItemMaster\RawMaterialDetailService.cs:line 262
   at CWB.Masters.Controllers.RawMaterialDetailController.GetPartPurchasesForPartId(Int32 partId, Int64 tenantId) in D:\DockerTestCWB\CWB-Latest\CWB\CWB.Masters\Controllers\RawMaterialDetailController.cs:line 353
   at lambda_method(Closure , Object , Object[] )
   at Microsoft.AspNetCore.Mvc.Infrastructure.ActionMethodExecutor.SyncActionResultExecutor.Execute(IActionResultTypeMapper mapper, ObjectMethodExecutor executor, Object controller, Object[] arguments)
   at Microsoft.AspNetCore.Mvc.Infrastructure.ControllerActionInvoker.InvokeActionMethodAsync()
   at Microsoft.AspNetCore.Mvc.Infrastructure.ControllerActionInvoker.Next(State& next, Scope& scope, Object& state, Boolean& isCompleted)
   at Microsoft.AspNetCore.Mvc.Infrastructure.ControllerActionInvoker.InvokeNextActionFilterAsync()
--- End of stack trace from previous location where exception was thrown ---
   at Microsoft.AspNetCore.Mvc.Infrastructure.ControllerActionInvoker.Rethrow(ActionExecutedContextSealed context)
   at Microsoft.AspNetCore.Mvc.Infrastructure.ControllerActionInvoker.Next(State& next, Scope& scope, Object& state, Boolean& isCompleted)
   at Microsoft.AspNetCore.Mvc.Infrastructure.ControllerActionInvoker.InvokeInnerFilterAsync()
--- End of stack trace from previous location where exception was thrown ---
   at Microsoft.AspNetCore.Mvc.Infrastructure.ResourceInvoker.<InvokeFilterPipelineAsync>g__Awaited|19_0(ResourceInvoker invoker, Task lastTask, State next, Scope scope, Object state, Boolean isCompleted)
   at Microsoft.AspNetCore.Mvc.Infrastructure.ResourceInvoker.<InvokeAsync>g__Awaited|17_0(ResourceInvoker invoker, Task task, IDisposable scope)
   at Microsoft.AspNetCore.Routing.EndpointMiddleware.<Invoke>g__AwaitRequestTask|6_0(Endpoint endpoint, Task requestTask, ILogger logger)
   at Microsoft.AspNetCore.Authorization.AuthorizationMiddleware.Invoke(HttpContext context)
   at Microsoft.AspNetCore.Authentication.AuthenticationMiddleware.Invoke(HttpContext context)
   at CWB.ExceptionHandling.ExceptionMiddleware.InvokeAsync(HttpContext httpContext) in D:\EvolutionSoftware\CWB-Latest\CWB\CWB.ExceptionHandling\ExceptionMiddleware.cs:line 26
2025-12-05 05:10:39.4967 ERROR Error: AutoMapper.AutoMapperMappingException: Error mapping types.

Mapping types:
EntityQueryable`1 -> IEnumerable`1
Microsoft.EntityFrameworkCore.Query.Internal.EntityQueryable`1[[CWB.Masters.Domain.ItemMaster.PartPurchaseDetails, CWB.Masters, Version=1.0.0.0, Culture=neutral, PublicKeyToken=null]] -> System.Collections.Generic.IEnumerable`1[[CWB.Masters.ViewModels.ItemMaster.PartPurchaseDetailsVM, CWB.Masters, Version=1.0.0.0, Culture=neutral, PublicKeyToken=null]]
 ---> System.InvalidOperationException: An exception has been raised that is likely due to a transient failure. Consider enabling transient error resiliency by adding 'EnableRetryOnFailure()' to the 'UseMySql' call.
 ---> MySqlConnector.MySqlException (0x80004005): Connect Timeout expired. All pooled connections are in use.
   at MySqlConnector.MySqlConnection.CreateSessionAsync(ConnectionPool pool, Int32 startTickCount, Nullable`1 ioBehavior, CancellationToken cancellationToken) in /_/src/MySqlConnector/MySqlConnection.cs:line 902
   at MySqlConnector.MySqlConnection.OpenAsync(Nullable`1 ioBehavior, CancellationToken cancellationToken) in /_/src/MySqlConnector/MySqlConnection.cs:line 435
   at MySqlConnector.MySqlConnection.Open() in /_/src/MySqlConnector/MySqlConnection.cs:line 380
   at Microsoft.EntityFrameworkCore.Storage.RelationalConnection.OpenInternal(Boolean errorsExpected)
   at Microsoft.EntityFrameworkCore.Storage.RelationalConnection.Open(Boolean errorsExpected)
   at Pomelo.EntityFrameworkCore.MySql.Storage.Internal.MySqlRelationalConnection.Open(Boolean errorsExpected)
   at Microsoft.EntityFrameworkCore.Storage.RelationalCommand.ExecuteReader(RelationalCommandParameterObject parameterObject)
   at Microsoft.EntityFrameworkCore.Query.Internal.SingleQueryingEnumerable`1.Enumerator.InitializeReader(DbContext _, Boolean result)
   at Pomelo.EntityFrameworkCore.MySql.Storage.Internal.MySqlExecutionStrategy.Execute[TState,TResult](TState state, Func`3 operation, Func`3 verifySucceeded)
   --- End of inner exception stack trace ---
   at Pomelo.EntityFrameworkCore.MySql.Storage.Internal.MySqlExecutionStrategy.Execute[TState,TResult](TState state, Func`3 operation, Func`3 verifySucceeded)
   at Microsoft.EntityFrameworkCore.Query.Internal.SingleQueryingEnumerable`1.Enumerator.MoveNext()
   at lambda_method(Closure , Object , IEnumerable`1 , ResolutionContext )
   --- End of inner exception stack trace ---
   at lambda_method(Closure , Object , IEnumerable`1 , ResolutionContext )
   at CWB.Masters.Services.ItemMaster.RawMaterialDetailService.GetPartPurchasesForPartNo(Int32 partId, Int64 tenantId) in D:\DockerTestCWB\CWB-Latest\CWB\CWB.Masters\Services\ItemMaster\RawMaterialDetailService.cs:line 262
   at CWB.Masters.Controllers.RawMaterialDetailController.GetPartPurchasesForPartId(Int32 partId, Int64 tenantId) in D:\DockerTestCWB\CWB-Latest\CWB\CWB.Masters\Controllers\RawMaterialDetailController.cs:line 353
   at lambda_method(Closure , Object , Object[] )
   at Microsoft.AspNetCore.Mvc.Infrastructure.ActionMethodExecutor.SyncActionResultExecutor.Execute(IActionResultTypeMapper mapper, ObjectMethodExecutor executor, Object controller, Object[] arguments)
   at Microsoft.AspNetCore.Mvc.Infrastructure.ControllerActionInvoker.InvokeActionMethodAsync()
   at Microsoft.AspNetCore.Mvc.Infrastructure.ControllerActionInvoker.Next(State& next, Scope& scope, Object& state, Boolean& isCompleted)
   at Microsoft.AspNetCore.Mvc.Infrastructure.ControllerActionInvoker.InvokeNextActionFilterAsync()
--- End of stack trace from previous location where exception was thrown ---
   at Microsoft.AspNetCore.Mvc.Infrastructure.ControllerActionInvoker.Rethrow(ActionExecutedContextSealed context)
   at Microsoft.AspNetCore.Mvc.Infrastructure.ControllerActionInvoker.Next(State& next, Scope& scope, Object& state, Boolean& isCompleted)
   at Microsoft.AspNetCore.Mvc.Infrastructure.ControllerActionInvoker.InvokeInnerFilterAsync()
--- End of stack trace from previous location where exception was thrown ---
   at Microsoft.AspNetCore.Mvc.Infrastructure.ResourceInvoker.<InvokeFilterPipelineAsync>g__Awaited|19_0(ResourceInvoker invoker, Task lastTask, State next, Scope scope, Object state, Boolean isCompleted)
   at Microsoft.AspNetCore.Mvc.Infrastructure.ResourceInvoker.<InvokeAsync>g__Awaited|17_0(ResourceInvoker invoker, Task task, IDisposable scope)
   at Microsoft.AspNetCore.Routing.EndpointMiddleware.<Invoke>g__AwaitRequestTask|6_0(Endpoint endpoint, Task requestTask, ILogger logger)
   at Microsoft.AspNetCore.Authorization.AuthorizationMiddleware.Invoke(HttpContext context)
   at Microsoft.AspNetCore.Authentication.AuthenticationMiddleware.Invoke(HttpContext context)
   at CWB.ExceptionHandling.ExceptionMiddleware.InvokeAsync(HttpContext httpContext) in D:\EvolutionSoftware\CWB-Latest\CWB\CWB.ExceptionHandling\ExceptionMiddleware.cs:line 26
2025-12-05 05:10:40.5264 ERROR Error: AutoMapper.AutoMapperMappingException: Error mapping types.

Mapping types:
EntityQueryable`1 -> IEnumerable`1
Microsoft.EntityFrameworkCore.Query.Internal.EntityQueryable`1[[CWB.Masters.Domain.ItemMaster.PartPurchaseDetails, CWB.Masters, Version=1.0.0.0, Culture=neutral, PublicKeyToken=null]] -> System.Collections.Generic.IEnumerable`1[[CWB.Masters.ViewModels.ItemMaster.PartPurchaseDetailsVM, CWB.Masters, Version=1.0.0.0, Culture=neutral, PublicKeyToken=null]]
 ---> System.InvalidOperationException: An exception has been raised that is likely due to a transient failure. Consider enabling transient error resiliency by adding 'EnableRetryOnFailure()' to the 'UseMySql' call.
 ---> MySqlConnector.MySqlException (0x80004005): Connect Timeout expired. All pooled connections are in use.
   at MySqlConnector.MySqlConnection.CreateSessionAsync(ConnectionPool pool, Int32 startTickCount, Nullable`1 ioBehavior, CancellationToken cancellationToken) in /_/src/MySqlConnector/MySqlConnection.cs:line 902
   at MySqlConnector.MySqlConnection.OpenAsync(Nullable`1 ioBehavior, CancellationToken cancellationToken) in /_/src/MySqlConnector/MySqlConnection.cs:line 435
   at MySqlConnector.MySqlConnection.Open() in /_/src/MySqlConnector/MySqlConnection.cs:line 380
   at Microsoft.EntityFrameworkCore.Storage.RelationalConnection.OpenInternal(Boolean errorsExpected)
   at Microsoft.EntityFrameworkCore.Storage.RelationalConnection.Open(Boolean errorsExpected)
   at Pomelo.EntityFrameworkCore.MySql.Storage.Internal.MySqlRelationalConnection.Open(Boolean errorsExpected)
   at Microsoft.EntityFrameworkCore.Storage.RelationalCommand.ExecuteReader(RelationalCommandParameterObject parameterObject)
   at Microsoft.EntityFrameworkCore.Query.Internal.SingleQueryingEnumerable`1.Enumerator.InitializeReader(DbContext _, Boolean result)
   at Pomelo.EntityFrameworkCore.MySql.Storage.Internal.MySqlExecutionStrategy.Execute[TState,TResult](TState state, Func`3 operation, Func`3 verifySucceeded)
   --- End of inner exception stack trace ---
   at Pomelo.EntityFrameworkCore.MySql.Storage.Internal.MySqlExecutionStrategy.Execute[TState,TResult](TState state, Func`3 operation, Func`3 verifySucceeded)
   at Microsoft.EntityFrameworkCore.Query.Internal.SingleQueryingEnumerable`1.Enumerator.MoveNext()
   at lambda_method(Closure , Object , IEnumerable`1 , ResolutionContext )
   --- End of inner exception stack trace ---
   at lambda_method(Closure , Object , IEnumerable`1 , ResolutionContext )
   at CWB.Masters.Services.ItemMaster.RawMaterialDetailService.GetPartPurchasesForPartNo(Int32 partId, Int64 tenantId) in D:\DockerTestCWB\CWB-Latest\CWB\CWB.Masters\Services\ItemMaster\RawMaterialDetailService.cs:line 262
   at CWB.Masters.Controllers.RawMaterialDetailController.GetPartPurchasesForPartId(Int32 partId, Int64 tenantId) in D:\DockerTestCWB\CWB-Latest\CWB\CWB.Masters\Controllers\RawMaterialDetailController.cs:line 353
   at lambda_method(Closure , Object , Object[] )
   at Microsoft.AspNetCore.Mvc.Infrastructure.ActionMethodExecutor.SyncActionResultExecutor.Execute(IActionResultTypeMapper mapper, ObjectMethodExecutor executor, Object controller, Object[] arguments)
   at Microsoft.AspNetCore.Mvc.Infrastructure.ControllerActionInvoker.InvokeActionMethodAsync()
   at Microsoft.AspNetCore.Mvc.Infrastructure.ControllerActionInvoker.Next(State& next, Scope& scope, Object& state, Boolean& isCompleted)
   at Microsoft.AspNetCore.Mvc.Infrastructure.ControllerActionInvoker.InvokeNextActionFilterAsync()
--- End of stack trace from previous location where exception was thrown ---
   at Microsoft.AspNetCore.Mvc.Infrastructure.ControllerActionInvoker.Rethrow(ActionExecutedContextSealed context)
   at Microsoft.AspNetCore.Mvc.Infrastructure.ControllerActionInvoker.Next(State& next, Scope& scope, Object& state, Boolean& isCompleted)
   at Microsoft.AspNetCore.Mvc.Infrastructure.ControllerActionInvoker.InvokeInnerFilterAsync()
--- End of stack trace from previous location where exception was thrown ---
   at Microsoft.AspNetCore.Mvc.Infrastructure.ResourceInvoker.<InvokeFilterPipelineAsync>g__Awaited|19_0(ResourceInvoker invoker, Task lastTask, State next, Scope scope, Object state, Boolean isCompleted)
   at Microsoft.AspNetCore.Mvc.Infrastructure.ResourceInvoker.<InvokeAsync>g__Awaited|17_0(ResourceInvoker invoker, Task task, IDisposable scope)
   at Microsoft.AspNetCore.Routing.EndpointMiddleware.<Invoke>g__AwaitRequestTask|6_0(Endpoint endpoint, Task requestTask, ILogger logger)
   at Microsoft.AspNetCore.Authorization.AuthorizationMiddleware.Invoke(HttpContext context)
   at Microsoft.AspNetCore.Authentication.AuthenticationMiddleware.Invoke(HttpContext context)
   at CWB.ExceptionHandling.ExceptionMiddleware.InvokeAsync(HttpContext httpContext) in D:\EvolutionSoftware\CWB-Latest\CWB\CWB.ExceptionHandling\ExceptionMiddleware.cs:line 26
2025-12-05 05:10:41.3870 ERROR Error: AutoMapper.AutoMapperMappingException: Error mapping types.

Mapping types:
EntityQueryable`1 -> IEnumerable`1
Microsoft.EntityFrameworkCore.Query.Internal.EntityQueryable`1[[CWB.Masters.Domain.ItemMaster.PartPurchaseDetails, CWB.Masters, Version=1.0.0.0, Culture=neutral, PublicKeyToken=null]] -> System.Collections.Generic.IEnumerable`1[[CWB.Masters.ViewModels.ItemMaster.PartPurchaseDetailsVM, CWB.Masters, Version=1.0.0.0, Culture=neutral, PublicKeyToken=null]]
 ---> System.InvalidOperationException: An exception has been raised that is likely due to a transient failure. Consider enabling transient error resiliency by adding 'EnableRetryOnFailure()' to the 'UseMySql' call.
 ---> MySqlConnector.MySqlException (0x80004005): Connect Timeout expired. All pooled connections are in use.
   at MySqlConnector.MySqlConnection.CreateSessionAsync(ConnectionPool pool, Int32 startTickCount, Nullable`1 ioBehavior, CancellationToken cancellationToken) in /_/src/MySqlConnector/MySqlConnection.cs:line 902
   at MySqlConnector.MySqlConnection.OpenAsync(Nullable`1 ioBehavior, CancellationToken cancellationToken) in /_/src/MySqlConnector/MySqlConnection.cs:line 435
   at MySqlConnector.MySqlConnection.Open() in /_/src/MySqlConnector/MySqlConnection.cs:line 380
   at Microsoft.EntityFrameworkCore.Storage.RelationalConnection.OpenInternal(Boolean errorsExpected)
   at Microsoft.EntityFrameworkCore.Storage.RelationalConnection.Open(Boolean errorsExpected)
   at Pomelo.EntityFrameworkCore.MySql.Storage.Internal.MySqlRelationalConnection.Open(Boolean errorsExpected)
   at Microsoft.EntityFrameworkCore.Storage.RelationalCommand.ExecuteReader(RelationalCommandParameterObject parameterObject)
   at Microsoft.EntityFrameworkCore.Query.Internal.SingleQueryingEnumerable`1.Enumerator.InitializeReader(DbContext _, Boolean result)
   at Pomelo.EntityFrameworkCore.MySql.Storage.Internal.MySqlExecutionStrategy.Execute[TState,TResult](TState state, Func`3 operation, Func`3 verifySucceeded)
   --- End of inner exception stack trace ---
   at Pomelo.EntityFrameworkCore.MySql.Storage.Internal.MySqlExecutionStrategy.Execute[TState,TResult](TState state, Func`3 operation, Func`3 verifySucceeded)
   at Microsoft.EntityFrameworkCore.Query.Internal.SingleQueryingEnumerable`1.Enumerator.MoveNext()
   at lambda_method(Closure , Object , IEnumerable`1 , ResolutionContext )
   --- End of inner exception stack trace ---
   at lambda_method(Closure , Object , IEnumerable`1 , ResolutionContext )
   at CWB.Masters.Services.ItemMaster.RawMaterialDetailService.GetPartPurchasesForPartNo(Int32 partId, Int64 tenantId) in D:\DockerTestCWB\CWB-Latest\CWB\CWB.Masters\Services\ItemMaster\RawMaterialDetailService.cs:line 262
   at CWB.Masters.Controllers.RawMaterialDetailController.GetPartPurchasesForPartId(Int32 partId, Int64 tenantId) in D:\DockerTestCWB\CWB-Latest\CWB\CWB.Masters\Controllers\RawMaterialDetailController.cs:line 353
   at lambda_method(Closure , Object , Object[] )
   at Microsoft.AspNetCore.Mvc.Infrastructure.ActionMethodExecutor.SyncActionResultExecutor.Execute(IActionResultTypeMapper mapper, ObjectMethodExecutor executor, Object controller, Object[] arguments)
   at Microsoft.AspNetCore.Mvc.Infrastructure.ControllerActionInvoker.InvokeActionMethodAsync()
   at Microsoft.AspNetCore.Mvc.Infrastructure.ControllerActionInvoker.Next(State& next, Scope& scope, Object& state, Boolean& isCompleted)
   at Microsoft.AspNetCore.Mvc.Infrastructure.ControllerActionInvoker.InvokeNextActionFilterAsync()
--- End of stack trace from previous location where exception was thrown ---
   at Microsoft.AspNetCore.Mvc.Infrastructure.ControllerActionInvoker.Rethrow(ActionExecutedContextSealed context)
   at Microsoft.AspNetCore.Mvc.Infrastructure.ControllerActionInvoker.Next(State& next, Scope& scope, Object& state, Boolean& isCompleted)
   at Microsoft.AspNetCore.Mvc.Infrastructure.ControllerActionInvoker.InvokeInnerFilterAsync()
--- End of stack trace from previous location where exception was thrown ---
   at Microsoft.AspNetCore.Mvc.Infrastructure.ResourceInvoker.<InvokeFilterPipelineAsync>g__Awaited|19_0(ResourceInvoker invoker, Task lastTask, State next, Scope scope, Object state, Boolean isCompleted)
   at Microsoft.AspNetCore.Mvc.Infrastructure.ResourceInvoker.<InvokeAsync>g__Awaited|17_0(ResourceInvoker invoker, Task task, IDisposable scope)
   at Microsoft.AspNetCore.Routing.EndpointMiddleware.<Invoke>g__AwaitRequestTask|6_0(Endpoint endpoint, Task requestTask, ILogger logger)
   at Microsoft.AspNetCore.Authorization.AuthorizationMiddleware.Invoke(HttpContext context)
   at Microsoft.AspNetCore.Authentication.AuthenticationMiddleware.Invoke(HttpContext context)
   at CWB.ExceptionHandling.ExceptionMiddleware.InvokeAsync(HttpContext httpContext) in D:\EvolutionSoftware\CWB-Latest\CWB\CWB.ExceptionHandling\ExceptionMiddleware.cs:line 26
2025-12-05 05:10:42.5854 ERROR Error: AutoMapper.AutoMapperMappingException: Error mapping types.

Mapping types:
EntityQueryable`1 -> IEnumerable`1
Microsoft.EntityFrameworkCore.Query.Internal.EntityQueryable`1[[CWB.Masters.Domain.ItemMaster.PartPurchaseDetails, CWB.Masters, Version=1.0.0.0, Culture=neutral, PublicKeyToken=null]] -> System.Collections.Generic.IEnumerable`1[[CWB.Masters.ViewModels.ItemMaster.PartPurchaseDetailsVM, CWB.Masters, Version=1.0.0.0, Culture=neutral, PublicKeyToken=null]]
 ---> System.InvalidOperationException: An exception has been raised that is likely due to a transient failure. Consider enabling transient error resiliency by adding 'EnableRetryOnFailure()' to the 'UseMySql' call.
 ---> MySqlConnector.MySqlException (0x80004005): Connect Timeout expired. All pooled connections are in use.
   at MySqlConnector.MySqlConnection.CreateSessionAsync(ConnectionPool pool, Int32 startTickCount, Nullable`1 ioBehavior, CancellationToken cancellationToken) in /_/src/MySqlConnector/MySqlConnection.cs:line 902
   at MySqlConnector.MySqlConnection.OpenAsync(Nullable`1 ioBehavior, CancellationToken cancellationToken) in /_/src/MySqlConnector/MySqlConnection.cs:line 435
   at MySqlConnector.MySqlConnection.Open() in /_/src/MySqlConnector/MySqlConnection.cs:line 380
   at Microsoft.EntityFrameworkCore.Storage.RelationalConnection.OpenInternal(Boolean errorsExpected)
   at Microsoft.EntityFrameworkCore.Storage.RelationalConnection.Open(Boolean errorsExpected)
   at Pomelo.EntityFrameworkCore.MySql.Storage.Internal.MySqlRelationalConnection.Open(Boolean errorsExpected)
   at Microsoft.EntityFrameworkCore.Storage.RelationalCommand.ExecuteReader(RelationalCommandParameterObject parameterObject)
   at Microsoft.EntityFrameworkCore.Query.Internal.SingleQueryingEnumerable`1.Enumerator.InitializeReader(DbContext _, Boolean result)
   at Pomelo.EntityFrameworkCore.MySql.Storage.Internal.MySqlExecutionStrategy.Execute[TState,TResult](TState state, Func`3 operation, Func`3 verifySucceeded)
   --- End of inner exception stack trace ---
   at Pomelo.EntityFrameworkCore.MySql.Storage.Internal.MySqlExecutionStrategy.Execute[TState,TResult](TState state, Func`3 operation, Func`3 verifySucceeded)
   at Microsoft.EntityFrameworkCore.Query.Internal.SingleQueryingEnumerable`1.Enumerator.MoveNext()
   at lambda_method(Closure , Object , IEnumerable`1 , ResolutionContext )
   --- End of inner exception stack trace ---
   at lambda_method(Closure , Object , IEnumerable`1 , ResolutionContext )
   at CWB.Masters.Services.ItemMaster.RawMaterialDetailService.GetPartPurchasesForPartNo(Int32 partId, Int64 tenantId) in D:\DockerTestCWB\CWB-Latest\CWB\CWB.Masters\Services\ItemMaster\RawMaterialDetailService.cs:line 262
   at CWB.Masters.Controllers.RawMaterialDetailController.GetPartPurchasesForPartId(Int32 partId, Int64 tenantId) in D:\DockerTestCWB\CWB-Latest\CWB\CWB.Masters\Controllers\RawMaterialDetailController.cs:line 353
   at lambda_method(Closure , Object , Object[] )
   at Microsoft.AspNetCore.Mvc.Infrastructure.ActionMethodExecutor.SyncActionResultExecutor.Execute(IActionResultTypeMapper mapper, ObjectMethodExecutor executor, Object controller, Object[] arguments)
   at Microsoft.AspNetCore.Mvc.Infrastructure.ControllerActionInvoker.InvokeActionMethodAsync()
   at Microsoft.AspNetCore.Mvc.Infrastructure.ControllerActionInvoker.Next(State& next, Scope& scope, Object& state, Boolean& isCompleted)
   at Microsoft.AspNetCore.Mvc.Infrastructure.ControllerActionInvoker.InvokeNextActionFilterAsync()
--- End of stack trace from previous location where exception was thrown ---
   at Microsoft.AspNetCore.Mvc.Infrastructure.ControllerActionInvoker.Rethrow(ActionExecutedContextSealed context)
   at Microsoft.AspNetCore.Mvc.Infrastructure.ControllerActionInvoker.Next(State& next, Scope& scope, Object& state, Boolean& isCompleted)
   at Microsoft.AspNetCore.Mvc.Infrastructure.ControllerActionInvoker.InvokeInnerFilterAsync()
--- End of stack trace from previous location where exception was thrown ---
   at Microsoft.AspNetCore.Mvc.Infrastructure.ResourceInvoker.<InvokeFilterPipelineAsync>g__Awaited|19_0(ResourceInvoker invoker, Task lastTask, State next, Scope scope, Object state, Boolean isCompleted)
   at Microsoft.AspNetCore.Mvc.Infrastructure.ResourceInvoker.<InvokeAsync>g__Awaited|17_0(ResourceInvoker invoker, Task task, IDisposable scope)
   at Microsoft.AspNetCore.Routing.EndpointMiddleware.<Invoke>g__AwaitRequestTask|6_0(Endpoint endpoint, Task requestTask, ILogger logger)
   at Microsoft.AspNetCore.Authorization.AuthorizationMiddleware.Invoke(HttpContext context)
   at Microsoft.AspNetCore.Authentication.AuthenticationMiddleware.Invoke(HttpContext context)
   at CWB.ExceptionHandling.ExceptionMiddleware.InvokeAsync(HttpContext httpContext) in D:\EvolutionSoftware\CWB-Latest\CWB\CWB.ExceptionHandling\ExceptionMiddleware.cs:line 26
2025-12-05 05:10:43.5766 ERROR Error: AutoMapper.AutoMapperMappingException: Error mapping types.

Mapping types:
EntityQueryable`1 -> IEnumerable`1
Microsoft.EntityFrameworkCore.Query.Internal.EntityQueryable`1[[CWB.Masters.Domain.ItemMaster.PartPurchaseDetails, CWB.Masters, Version=1.0.0.0, Culture=neutral, PublicKeyToken=null]] -> System.Collections.Generic.IEnumerable`1[[CWB.Masters.ViewModels.ItemMaster.PartPurchaseDetailsVM, CWB.Masters, Version=1.0.0.0, Culture=neutral, PublicKeyToken=null]]
 ---> System.InvalidOperationException: An exception has been raised that is likely due to a transient failure. Consider enabling transient error resiliency by adding 'EnableRetryOnFailure()' to the 'UseMySql' call.
 ---> MySqlConnector.MySqlException (0x80004005): Connect Timeout expired. All pooled connections are in use.
   at MySqlConnector.MySqlConnection.CreateSessionAsync(ConnectionPool pool, Int32 startTickCount, Nullable`1 ioBehavior, CancellationToken cancellationToken) in /_/src/MySqlConnector/MySqlConnection.cs:line 902
   at MySqlConnector.MySqlConnection.OpenAsync(Nullable`1 ioBehavior, CancellationToken cancellationToken) in /_/src/MySqlConnector/MySqlConnection.cs:line 435
   at MySqlConnector.MySqlConnection.Open() in /_/src/MySqlConnector/MySqlConnection.cs:line 380
   at Microsoft.EntityFrameworkCore.Storage.RelationalConnection.OpenInternal(Boolean errorsExpected)
   at Microsoft.EntityFrameworkCore.Storage.RelationalConnection.Open(Boolean errorsExpected)
   at Pomelo.EntityFrameworkCore.MySql.Storage.Internal.MySqlRelationalConnection.Open(Boolean errorsExpected)
   at Microsoft.EntityFrameworkCore.Storage.RelationalCommand.ExecuteReader(RelationalCommandParameterObject parameterObject)
   at Microsoft.EntityFrameworkCore.Query.Internal.SingleQueryingEnumerable`1.Enumerator.InitializeReader(DbContext _, Boolean result)
   at Pomelo.EntityFrameworkCore.MySql.Storage.Internal.MySqlExecutionStrategy.Execute[TState,TResult](TState state, Func`3 operation, Func`3 verifySucceeded)
   --- End of inner exception stack trace ---
   at Pomelo.EntityFrameworkCore.MySql.Storage.Internal.MySqlExecutionStrategy.Execute[TState,TResult](TState state, Func`3 operation, Func`3 verifySucceeded)
   at Microsoft.EntityFrameworkCore.Query.Internal.SingleQueryingEnumerable`1.Enumerator.MoveNext()
   at lambda_method(Closure , Object , IEnumerable`1 , ResolutionContext )
   --- End of inner exception stack trace ---
   at lambda_method(Closure , Object , IEnumerable`1 , ResolutionContext )
   at CWB.Masters.Services.ItemMaster.RawMaterialDetailService.GetPartPurchasesForPartNo(Int32 partId, Int64 tenantId) in D:\DockerTestCWB\CWB-Latest\CWB\CWB.Masters\Services\ItemMaster\RawMaterialDetailService.cs:line 262
   at CWB.Masters.Controllers.RawMaterialDetailController.GetPartPurchasesForPartId(Int32 partId, Int64 tenantId) in D:\DockerTestCWB\CWB-Latest\CWB\CWB.Masters\Controllers\RawMaterialDetailController.cs:line 353
   at lambda_method(Closure , Object , Object[] )
   at Microsoft.AspNetCore.Mvc.Infrastructure.ActionMethodExecutor.SyncActionResultExecutor.Execute(IActionResultTypeMapper mapper, ObjectMethodExecutor executor, Object controller, Object[] arguments)
   at Microsoft.AspNetCore.Mvc.Infrastructure.ControllerActionInvoker.InvokeActionMethodAsync()
   at Microsoft.AspNetCore.Mvc.Infrastructure.ControllerActionInvoker.Next(State& next, Scope& scope, Object& state, Boolean& isCompleted)
   at Microsoft.AspNetCore.Mvc.Infrastructure.ControllerActionInvoker.InvokeNextActionFilterAsync()
--- End of stack trace from previous location where exception was thrown ---
   at Microsoft.AspNetCore.Mvc.Infrastructure.ControllerActionInvoker.Rethrow(ActionExecutedContextSealed context)
   at Microsoft.AspNetCore.Mvc.Infrastructure.ControllerActionInvoker.Next(State& next, Scope& scope, Object& state, Boolean& isCompleted)
   at Microsoft.AspNetCore.Mvc.Infrastructure.ControllerActionInvoker.InvokeInnerFilterAsync()
--- End of stack trace from previous location where exception was thrown ---
   at Microsoft.AspNetCore.Mvc.Infrastructure.ResourceInvoker.<InvokeFilterPipelineAsync>g__Awaited|19_0(ResourceInvoker invoker, Task lastTask, State next, Scope scope, Object state, Boolean isCompleted)
   at Microsoft.AspNetCore.Mvc.Infrastructure.ResourceInvoker.<InvokeAsync>g__Awaited|17_0(ResourceInvoker invoker, Task task, IDisposable scope)
   at Microsoft.AspNetCore.Routing.EndpointMiddleware.<Invoke>g__AwaitRequestTask|6_0(Endpoint endpoint, Task requestTask, ILogger logger)
   at Microsoft.AspNetCore.Authorization.AuthorizationMiddleware.Invoke(HttpContext context)
   at Microsoft.AspNetCore.Authentication.AuthenticationMiddleware.Invoke(HttpContext context)
   at CWB.ExceptionHandling.ExceptionMiddleware.InvokeAsync(HttpContext httpContext) in D:\EvolutionSoftware\CWB-Latest\CWB\CWB.ExceptionHandling\ExceptionMiddleware.cs:line 26
2025-12-05 05:10:55.6934 ERROR Error: AutoMapper.AutoMapperMappingException: Error mapping types.

Mapping types:
EntityQueryable`1 -> IEnumerable`1
Microsoft.EntityFrameworkCore.Query.Internal.EntityQueryable`1[[CWB.Masters.Domain.ItemMaster.PartPurchaseDetails, CWB.Masters, Version=1.0.0.0, Culture=neutral, PublicKeyToken=null]] -> System.Collections.Generic.IEnumerable`1[[CWB.Masters.ViewModels.ItemMaster.PartPurchaseDetailsVM, CWB.Masters, Version=1.0.0.0, Culture=neutral, PublicKeyToken=null]]
 ---> System.InvalidOperationException: An exception has been raised that is likely due to a transient failure. Consider enabling transient error resiliency by adding 'EnableRetryOnFailure()' to the 'UseMySql' call.
 ---> MySqlConnector.MySqlException (0x80004005): Connect Timeout expired. All pooled connections are in use.
   at MySqlConnector.MySqlConnection.CreateSessionAsync(ConnectionPool pool, Int32 startTickCount, Nullable`1 ioBehavior, CancellationToken cancellationToken) in /_/src/MySqlConnector/MySqlConnection.cs:line 902
   at MySqlConnector.MySqlConnection.OpenAsync(Nullable`1 ioBehavior, CancellationToken cancellationToken) in /_/src/MySqlConnector/MySqlConnection.cs:line 435
   at MySqlConnector.MySqlConnection.Open() in /_/src/MySqlConnector/MySqlConnection.cs:line 380
   at Microsoft.EntityFrameworkCore.Storage.RelationalConnection.OpenInternal(Boolean errorsExpected)
   at Microsoft.EntityFrameworkCore.Storage.RelationalConnection.Open(Boolean errorsExpected)
   at Pomelo.EntityFrameworkCore.MySql.Storage.Internal.MySqlRelationalConnection.Open(Boolean errorsExpected)
   at Microsoft.EntityFrameworkCore.Storage.RelationalCommand.ExecuteReader(RelationalCommandParameterObject parameterObject)
   at Microsoft.EntityFrameworkCore.Query.Internal.SingleQueryingEnumerable`1.Enumerator.InitializeReader(DbContext _, Boolean result)
   at Pomelo.EntityFrameworkCore.MySql.Storage.Internal.MySqlExecutionStrategy.Execute[TState,TResult](TState state, Func`3 operation, Func`3 verifySucceeded)
   --- End of inner exception stack trace ---
   at Pomelo.EntityFrameworkCore.MySql.Storage.Internal.MySqlExecutionStrategy.Execute[TState,TResult](TState state, Func`3 operation, Func`3 verifySucceeded)
   at Microsoft.EntityFrameworkCore.Query.Internal.SingleQueryingEnumerable`1.Enumerator.MoveNext()
   at lambda_method(Closure , Object , IEnumerable`1 , ResolutionContext )
   --- End of inner exception stack trace ---
   at lambda_method(Closure , Object , IEnumerable`1 , ResolutionContext )
   at CWB.Masters.Services.ItemMaster.RawMaterialDetailService.GetPartPurchasesForPartNo(Int32 partId, Int64 tenantId) in D:\DockerTestCWB\CWB-Latest\CWB\CWB.Masters\Services\ItemMaster\RawMaterialDetailService.cs:line 262
   at CWB.Masters.Controllers.RawMaterialDetailController.GetPartPurchasesForPartId(Int32 partId, Int64 tenantId) in D:\DockerTestCWB\CWB-Latest\CWB\CWB.Masters\Controllers\RawMaterialDetailController.cs:line 353
   at lambda_method(Closure , Object , Object[] )
   at Microsoft.AspNetCore.Mvc.Infrastructure.ActionMethodExecutor.SyncActionResultExecutor.Execute(IActionResultTypeMapper mapper, ObjectMethodExecutor executor, Object controller, Object[] arguments)
   at Microsoft.AspNetCore.Mvc.Infrastructure.ControllerActionInvoker.InvokeActionMethodAsync()
   at Microsoft.AspNetCore.Mvc.Infrastructure.ControllerActionInvoker.Next(State& next, Scope& scope, Object& state, Boolean& isCompleted)
   at Microsoft.AspNetCore.Mvc.Infrastructure.ControllerActionInvoker.InvokeNextActionFilterAsync()
--- End of stack trace from previous location where exception was thrown ---
   at Microsoft.AspNetCore.Mvc.Infrastructure.ControllerActionInvoker.Rethrow(ActionExecutedContextSealed context)
   at Microsoft.AspNetCore.Mvc.Infrastructure.ControllerActionInvoker.Next(State& next, Scope& scope, Object& state, Boolean& isCompleted)
   at Microsoft.AspNetCore.Mvc.Infrastructure.ControllerActionInvoker.InvokeInnerFilterAsync()
--- End of stack trace from previous location where exception was thrown ---
   at Microsoft.AspNetCore.Mvc.Infrastructure.ResourceInvoker.<InvokeFilterPipelineAsync>g__Awaited|19_0(ResourceInvoker invoker, Task lastTask, State next, Scope scope, Object state, Boolean isCompleted)
   at Microsoft.AspNetCore.Mvc.Infrastructure.ResourceInvoker.<InvokeAsync>g__Awaited|17_0(ResourceInvoker invoker, Task task, IDisposable scope)
   at Microsoft.AspNetCore.Routing.EndpointMiddleware.<Invoke>g__AwaitRequestTask|6_0(Endpoint endpoint, Task requestTask, ILogger logger)
   at Microsoft.AspNetCore.Authorization.AuthorizationMiddleware.Invoke(HttpContext context)
   at Microsoft.AspNetCore.Authentication.AuthenticationMiddleware.Invoke(HttpContext context)
   at CWB.ExceptionHandling.ExceptionMiddleware.InvokeAsync(HttpContext httpContext) in D:\EvolutionSoftware\CWB-Latest\CWB\CWB.ExceptionHandling\ExceptionMiddleware.cs:line 26
2025-12-05 05:10:57.1571 ERROR Error: AutoMapper.AutoMapperMappingException: Error mapping types.

Mapping types:
EntityQueryable`1 -> IEnumerable`1
Microsoft.EntityFrameworkCore.Query.Internal.EntityQueryable`1[[CWB.Masters.Domain.ItemMaster.PartPurchaseDetails, CWB.Masters, Version=1.0.0.0, Culture=neutral, PublicKeyToken=null]] -> System.Collections.Generic.IEnumerable`1[[CWB.Masters.ViewModels.ItemMaster.PartPurchaseDetailsVM, CWB.Masters, Version=1.0.0.0, Culture=neutral, PublicKeyToken=null]]
 ---> System.InvalidOperationException: An exception has been raised that is likely due to a transient failure. Consider enabling transient error resiliency by adding 'EnableRetryOnFailure()' to the 'UseMySql' call.
 ---> MySqlConnector.MySqlException (0x80004005): Connect Timeout expired. All pooled connections are in use.
   at MySqlConnector.MySqlConnection.CreateSessionAsync(ConnectionPool pool, Int32 startTickCount, Nullable`1 ioBehavior, CancellationToken cancellationToken) in /_/src/MySqlConnector/MySqlConnection.cs:line 902
   at MySqlConnector.MySqlConnection.OpenAsync(Nullable`1 ioBehavior, CancellationToken cancellationToken) in /_/src/MySqlConnector/MySqlConnection.cs:line 435
   at MySqlConnector.MySqlConnection.Open() in /_/src/MySqlConnector/MySqlConnection.cs:line 380
   at Microsoft.EntityFrameworkCore.Storage.RelationalConnection.OpenInternal(Boolean errorsExpected)
   at Microsoft.EntityFrameworkCore.Storage.RelationalConnection.Open(Boolean errorsExpected)
   at Pomelo.EntityFrameworkCore.MySql.Storage.Internal.MySqlRelationalConnection.Open(Boolean errorsExpected)
   at Microsoft.EntityFrameworkCore.Storage.RelationalCommand.ExecuteReader(RelationalCommandParameterObject parameterObject)
   at Microsoft.EntityFrameworkCore.Query.Internal.SingleQueryingEnumerable`1.Enumerator.InitializeReader(DbContext _, Boolean result)
   at Pomelo.EntityFrameworkCore.MySql.Storage.Internal.MySqlExecutionStrategy.Execute[TState,TResult](TState state, Func`3 operation, Func`3 verifySucceeded)
   --- End of inner exception stack trace ---
   at Pomelo.EntityFrameworkCore.MySql.Storage.Internal.MySqlExecutionStrategy.Execute[TState,TResult](TState state, Func`3 operation, Func`3 verifySucceeded)
   at Microsoft.EntityFrameworkCore.Query.Internal.SingleQueryingEnumerable`1.Enumerator.MoveNext()
   at lambda_method(Closure , Object , IEnumerable`1 , ResolutionContext )
   --- End of inner exception stack trace ---
   at lambda_method(Closure , Object , IEnumerable`1 , ResolutionContext )
   at CWB.Masters.Services.ItemMaster.RawMaterialDetailService.GetPartPurchasesForPartNo(Int32 partId, Int64 tenantId) in D:\DockerTestCWB\CWB-Latest\CWB\CWB.Masters\Services\ItemMaster\RawMaterialDetailService.cs:line 262
   at CWB.Masters.Controllers.RawMaterialDetailController.GetPartPurchasesForPartId(Int32 partId, Int64 tenantId) in D:\DockerTestCWB\CWB-Latest\CWB\CWB.Masters\Controllers\RawMaterialDetailController.cs:line 353
   at lambda_method(Closure , Object , Object[] )
   at Microsoft.AspNetCore.Mvc.Infrastructure.ActionMethodExecutor.SyncActionResultExecutor.Execute(IActionResultTypeMapper mapper, ObjectMethodExecutor executor, Object controller, Object[] arguments)
   at Microsoft.AspNetCore.Mvc.Infrastructure.ControllerActionInvoker.InvokeActionMethodAsync()
   at Microsoft.AspNetCore.Mvc.Infrastructure.ControllerActionInvoker.Next(State& next, Scope& scope, Object& state, Boolean& isCompleted)
   at Microsoft.AspNetCore.Mvc.Infrastructure.ControllerActionInvoker.InvokeNextActionFilterAsync()
--- End of stack trace from previous location where exception was thrown ---
   at Microsoft.AspNetCore.Mvc.Infrastructure.ControllerActionInvoker.Rethrow(ActionExecutedContextSealed context)
   at Microsoft.AspNetCore.Mvc.Infrastructure.ControllerActionInvoker.Next(State& next, Scope& scope, Object& state, Boolean& isCompleted)
   at Microsoft.AspNetCore.Mvc.Infrastructure.ControllerActionInvoker.InvokeInnerFilterAsync()
--- End of stack trace from previous location where exception was thrown ---
   at Microsoft.AspNetCore.Mvc.Infrastructure.ResourceInvoker.<InvokeFilterPipelineAsync>g__Awaited|19_0(ResourceInvoker invoker, Task lastTask, State next, Scope scope, Object state, Boolean isCompleted)
   at Microsoft.AspNetCore.Mvc.Infrastructure.ResourceInvoker.<InvokeAsync>g__Awaited|17_0(ResourceInvoker invoker, Task task, IDisposable scope)
   at Microsoft.AspNetCore.Routing.EndpointMiddleware.<Invoke>g__AwaitRequestTask|6_0(Endpoint endpoint, Task requestTask, ILogger logger)
   at Microsoft.AspNetCore.Authorization.AuthorizationMiddleware.Invoke(HttpContext context)
   at Microsoft.AspNetCore.Authentication.AuthenticationMiddleware.Invoke(HttpContext context)
   at CWB.ExceptionHandling.ExceptionMiddleware.InvokeAsync(HttpContext httpContext) in D:\EvolutionSoftware\CWB-Latest\CWB\CWB.ExceptionHandling\ExceptionMiddleware.cs:line 26
2025-12-05 05:10:57.1571 ERROR Error: AutoMapper.AutoMapperMappingException: Error mapping types.

Mapping types:
EntityQueryable`1 -> IEnumerable`1
Microsoft.EntityFrameworkCore.Query.Internal.EntityQueryable`1[[CWB.Masters.Domain.ItemMaster.PartPurchaseDetails, CWB.Masters, Version=1.0.0.0, Culture=neutral, PublicKeyToken=null]] -> System.Collections.Generic.IEnumerable`1[[CWB.Masters.ViewModels.ItemMaster.PartPurchaseDetailsVM, CWB.Masters, Version=1.0.0.0, Culture=neutral, PublicKeyToken=null]]
 ---> System.InvalidOperationException: An exception has been raised that is likely due to a transient failure. Consider enabling transient error resiliency by adding 'EnableRetryOnFailure()' to the 'UseMySql' call.
 ---> MySqlConnector.MySqlException (0x80004005): Connect Timeout expired. All pooled connections are in use.
   at MySqlConnector.MySqlConnection.CreateSessionAsync(ConnectionPool pool, Int32 startTickCount, Nullable`1 ioBehavior, CancellationToken cancellationToken) in /_/src/MySqlConnector/MySqlConnection.cs:line 902
   at MySqlConnector.MySqlConnection.OpenAsync(Nullable`1 ioBehavior, CancellationToken cancellationToken) in /_/src/MySqlConnector/MySqlConnection.cs:line 435
   at MySqlConnector.MySqlConnection.Open() in /_/src/MySqlConnector/MySqlConnection.cs:line 380
   at Microsoft.EntityFrameworkCore.Storage.RelationalConnection.OpenInternal(Boolean errorsExpected)
   at Microsoft.EntityFrameworkCore.Storage.RelationalConnection.Open(Boolean errorsExpected)
   at Pomelo.EntityFrameworkCore.MySql.Storage.Internal.MySqlRelationalConnection.Open(Boolean errorsExpected)
   at Microsoft.EntityFrameworkCore.Storage.RelationalCommand.ExecuteReader(RelationalCommandParameterObject parameterObject)
   at Microsoft.EntityFrameworkCore.Query.Internal.SingleQueryingEnumerable`1.Enumerator.InitializeReader(DbContext _, Boolean result)
   at Pomelo.EntityFrameworkCore.MySql.Storage.Internal.MySqlExecutionStrategy.Execute[TState,TResult](TState state, Func`3 operation, Func`3 verifySucceeded)
   --- End of inner exception stack trace ---
   at Pomelo.EntityFrameworkCore.MySql.Storage.Internal.MySqlExecutionStrategy.Execute[TState,TResult](TState state, Func`3 operation, Func`3 verifySucceeded)
   at Microsoft.EntityFrameworkCore.Query.Internal.SingleQueryingEnumerable`1.Enumerator.MoveNext()
   at lambda_method(Closure , Object , IEnumerable`1 , ResolutionContext )
   --- End of inner exception stack trace ---
   at lambda_method(Closure , Object , IEnumerable`1 , ResolutionContext )
   at CWB.Masters.Services.ItemMaster.RawMaterialDetailService.GetPartPurchasesForPartNo(Int32 partId, Int64 tenantId) in D:\DockerTestCWB\CWB-Latest\CWB\CWB.Masters\Services\ItemMaster\RawMaterialDetailService.cs:line 262
   at CWB.Masters.Controllers.RawMaterialDetailController.GetPartPurchasesForPartId(Int32 partId, Int64 tenantId) in D:\DockerTestCWB\CWB-Latest\CWB\CWB.Masters\Controllers\RawMaterialDetailController.cs:line 353
   at lambda_method(Closure , Object , Object[] )
   at Microsoft.AspNetCore.Mvc.Infrastructure.ActionMethodExecutor.SyncActionResultExecutor.Execute(IActionResultTypeMapper mapper, ObjectMethodExecutor executor, Object controller, Object[] arguments)
   at Microsoft.AspNetCore.Mvc.Infrastructure.ControllerActionInvoker.InvokeActionMethodAsync()
   at Microsoft.AspNetCore.Mvc.Infrastructure.ControllerActionInvoker.Next(State& next, Scope& scope, Object& state, Boolean& isCompleted)
   at Microsoft.AspNetCore.Mvc.Infrastructure.ControllerActionInvoker.InvokeNextActionFilterAsync()
--- End of stack trace from previous location where exception was thrown ---
   at Microsoft.AspNetCore.Mvc.Infrastructure.ControllerActionInvoker.Rethrow(ActionExecutedContextSealed context)
   at Microsoft.AspNetCore.Mvc.Infrastructure.ControllerActionInvoker.Next(State& next, Scope& scope, Object& state, Boolean& isCompleted)
   at Microsoft.AspNetCore.Mvc.Infrastructure.ControllerActionInvoker.InvokeInnerFilterAsync()
--- End of stack trace from previous location where exception was thrown ---
   at Microsoft.AspNetCore.Mvc.Infrastructure.ResourceInvoker.<InvokeFilterPipelineAsync>g__Awaited|19_0(ResourceInvoker invoker, Task lastTask, State next, Scope scope, Object state, Boolean isCompleted)
   at Microsoft.AspNetCore.Mvc.Infrastructure.ResourceInvoker.<InvokeAsync>g__Awaited|17_0(ResourceInvoker invoker, Task task, IDisposable scope)
   at Microsoft.AspNetCore.Routing.EndpointMiddleware.<Invoke>g__AwaitRequestTask|6_0(Endpoint endpoint, Task requestTask, ILogger logger)
   at Microsoft.AspNetCore.Authorization.AuthorizationMiddleware.Invoke(HttpContext context)
   at Microsoft.AspNetCore.Authentication.AuthenticationMiddleware.Invoke(HttpContext context)
   at CWB.ExceptionHandling.ExceptionMiddleware.InvokeAsync(HttpContext httpContext) in D:\EvolutionSoftware\CWB-Latest\CWB\CWB.ExceptionHandling\ExceptionMiddleware.cs:line 26
2025-12-05 05:11:00.6130 ERROR Error: AutoMapper.AutoMapperMappingException: Error mapping types.

Mapping types:
EntityQueryable`1 -> IEnumerable`1
Microsoft.EntityFrameworkCore.Query.Internal.EntityQueryable`1[[CWB.Masters.Domain.ItemMaster.PartPurchaseDetails, CWB.Masters, Version=1.0.0.0, Culture=neutral, PublicKeyToken=null]] -> System.Collections.Generic.IEnumerable`1[[CWB.Masters.ViewModels.ItemMaster.PartPurchaseDetailsVM, CWB.Masters, Version=1.0.0.0, Culture=neutral, PublicKeyToken=null]]
 ---> System.InvalidOperationException: An exception has been raised that is likely due to a transient failure. Consider enabling transient error resiliency by adding 'EnableRetryOnFailure()' to the 'UseMySql' call.
 ---> MySqlConnector.MySqlException (0x80004005): Connect Timeout expired. All pooled connections are in use.
   at MySqlConnector.MySqlConnection.CreateSessionAsync(ConnectionPool pool, Int32 startTickCount, Nullable`1 ioBehavior, CancellationToken cancellationToken) in /_/src/MySqlConnector/MySqlConnection.cs:line 902
   at MySqlConnector.MySqlConnection.OpenAsync(Nullable`1 ioBehavior, CancellationToken cancellationToken) in /_/src/MySqlConnector/MySqlConnection.cs:line 435
   at MySqlConnector.MySqlConnection.Open() in /_/src/MySqlConnector/MySqlConnection.cs:line 380
   at Microsoft.EntityFrameworkCore.Storage.RelationalConnection.OpenInternal(Boolean errorsExpected)
   at Microsoft.EntityFrameworkCore.Storage.RelationalConnection.Open(Boolean errorsExpected)
   at Pomelo.EntityFrameworkCore.MySql.Storage.Internal.MySqlRelationalConnection.Open(Boolean errorsExpected)
   at Microsoft.EntityFrameworkCore.Storage.RelationalCommand.ExecuteReader(RelationalCommandParameterObject parameterObject)
   at Microsoft.EntityFrameworkCore.Query.Internal.SingleQueryingEnumerable`1.Enumerator.InitializeReader(DbContext _, Boolean result)
   at Pomelo.EntityFrameworkCore.MySql.Storage.Internal.MySqlExecutionStrategy.Execute[TState,TResult](TState state, Func`3 operation, Func`3 verifySucceeded)
   --- End of inner exception stack trace ---
   at Pomelo.EntityFrameworkCore.MySql.Storage.Internal.MySqlExecutionStrategy.Execute[TState,TResult](TState state, Func`3 operation, Func`3 verifySucceeded)
   at Microsoft.EntityFrameworkCore.Query.Internal.SingleQueryingEnumerable`1.Enumerator.MoveNext()
   at lambda_method(Closure , Object , IEnumerable`1 , ResolutionContext )
   --- End of inner exception stack trace ---
   at lambda_method(Closure , Object , IEnumerable`1 , ResolutionContext )
   at CWB.Masters.Services.ItemMaster.RawMaterialDetailService.GetPartPurchasesForPartNo(Int32 partId, Int64 tenantId) in D:\DockerTestCWB\CWB-Latest\CWB\CWB.Masters\Services\ItemMaster\RawMaterialDetailService.cs:line 262
   at CWB.Masters.Controllers.RawMaterialDetailController.GetPartPurchasesForPartId(Int32 partId, Int64 tenantId) in D:\DockerTestCWB\CWB-Latest\CWB\CWB.Masters\Controllers\RawMaterialDetailController.cs:line 353
   at lambda_method(Closure , Object , Object[] )
   at Microsoft.AspNetCore.Mvc.Infrastructure.ActionMethodExecutor.SyncActionResultExecutor.Execute(IActionResultTypeMapper mapper, ObjectMethodExecutor executor, Object controller, Object[] arguments)
   at Microsoft.AspNetCore.Mvc.Infrastructure.ControllerActionInvoker.InvokeActionMethodAsync()
   at Microsoft.AspNetCore.Mvc.Infrastructure.ControllerActionInvoker.Next(State& next, Scope& scope, Object& state, Boolean& isCompleted)
   at Microsoft.AspNetCore.Mvc.Infrastructure.ControllerActionInvoker.InvokeNextActionFilterAsync()
--- End of stack trace from previous location where exception was thrown ---
   at Microsoft.AspNetCore.Mvc.Infrastructure.ControllerActionInvoker.Rethrow(ActionExecutedContextSealed context)
   at Microsoft.AspNetCore.Mvc.Infrastructure.ControllerActionInvoker.Next(State& next, Scope& scope, Object& state, Boolean& isCompleted)
   at Microsoft.AspNetCore.Mvc.Infrastructure.ControllerActionInvoker.InvokeInnerFilterAsync()
--- End of stack trace from previous location where exception was thrown ---
   at Microsoft.AspNetCore.Mvc.Infrastructure.ResourceInvoker.<InvokeFilterPipelineAsync>g__Awaited|19_0(ResourceInvoker invoker, Task lastTask, State next, Scope scope, Object state, Boolean isCompleted)
   at Microsoft.AspNetCore.Mvc.Infrastructure.ResourceInvoker.<InvokeAsync>g__Awaited|17_0(ResourceInvoker invoker, Task task, IDisposable scope)
   at Microsoft.AspNetCore.Routing.EndpointMiddleware.<Invoke>g__AwaitRequestTask|6_0(Endpoint endpoint, Task requestTask, ILogger logger)
   at Microsoft.AspNetCore.Authorization.AuthorizationMiddleware.Invoke(HttpContext context)
   at Microsoft.AspNetCore.Authentication.AuthenticationMiddleware.Invoke(HttpContext context)
   at CWB.ExceptionHandling.ExceptionMiddleware.InvokeAsync(HttpContext httpContext) in D:\EvolutionSoftware\CWB-Latest\CWB\CWB.ExceptionHandling\ExceptionMiddleware.cs:line 26
2025-12-05 05:11:00.6144 ERROR Error: AutoMapper.AutoMapperMappingException: Error mapping types.

Mapping types:
EntityQueryable`1 -> IEnumerable`1
Microsoft.EntityFrameworkCore.Query.Internal.EntityQueryable`1[[CWB.Masters.Domain.ItemMaster.PartPurchaseDetails, CWB.Masters, Version=1.0.0.0, Culture=neutral, PublicKeyToken=null]] -> System.Collections.Generic.IEnumerable`1[[CWB.Masters.ViewModels.ItemMaster.PartPurchaseDetailsVM, CWB.Masters, Version=1.0.0.0, Culture=neutral, PublicKeyToken=null]]
 ---> System.InvalidOperationException: An exception has been raised that is likely due to a transient failure. Consider enabling transient error resiliency by adding 'EnableRetryOnFailure()' to the 'UseMySql' call.
 ---> MySqlConnector.MySqlException (0x80004005): Connect Timeout expired. All pooled connections are in use.
   at MySqlConnector.MySqlConnection.CreateSessionAsync(ConnectionPool pool, Int32 startTickCount, Nullable`1 ioBehavior, CancellationToken cancellationToken) in /_/src/MySqlConnector/MySqlConnection.cs:line 902
   at MySqlConnector.MySqlConnection.OpenAsync(Nullable`1 ioBehavior, CancellationToken cancellationToken) in /_/src/MySqlConnector/MySqlConnection.cs:line 435
   at MySqlConnector.MySqlConnection.Open() in /_/src/MySqlConnector/MySqlConnection.cs:line 380
   at Microsoft.EntityFrameworkCore.Storage.RelationalConnection.OpenInternal(Boolean errorsExpected)
   at Microsoft.EntityFrameworkCore.Storage.RelationalConnection.Open(Boolean errorsExpected)
   at Pomelo.EntityFrameworkCore.MySql.Storage.Internal.MySqlRelationalConnection.Open(Boolean errorsExpected)
   at Microsoft.EntityFrameworkCore.Storage.RelationalCommand.ExecuteReader(RelationalCommandParameterObject parameterObject)
   at Microsoft.EntityFrameworkCore.Query.Internal.SingleQueryingEnumerable`1.Enumerator.InitializeReader(DbContext _, Boolean result)
   at Pomelo.EntityFrameworkCore.MySql.Storage.Internal.MySqlExecutionStrategy.Execute[TState,TResult](TState state, Func`3 operation, Func`3 verifySucceeded)
   --- End of inner exception stack trace ---
   at Pomelo.EntityFrameworkCore.MySql.Storage.Internal.MySqlExecutionStrategy.Execute[TState,TResult](TState state, Func`3 operation, Func`3 verifySucceeded)
   at Microsoft.EntityFrameworkCore.Query.Internal.SingleQueryingEnumerable`1.Enumerator.MoveNext()
   at lambda_method(Closure , Object , IEnumerable`1 , ResolutionContext )
   --- End of inner exception stack trace ---
   at lambda_method(Closure , Object , IEnumerable`1 , ResolutionContext )
   at CWB.Masters.Services.ItemMaster.RawMaterialDetailService.GetPartPurchasesForPartNo(Int32 partId, Int64 tenantId) in D:\DockerTestCWB\CWB-Latest\CWB\CWB.Masters\Services\ItemMaster\RawMaterialDetailService.cs:line 262
   at CWB.Masters.Controllers.RawMaterialDetailController.GetPartPurchasesForPartId(Int32 partId, Int64 tenantId) in D:\DockerTestCWB\CWB-Latest\CWB\CWB.Masters\Controllers\RawMaterialDetailController.cs:line 353
   at lambda_method(Closure , Object , Object[] )
   at Microsoft.AspNetCore.Mvc.Infrastructure.ActionMethodExecutor.SyncActionResultExecutor.Execute(IActionResultTypeMapper mapper, ObjectMethodExecutor executor, Object controller, Object[] arguments)
   at Microsoft.AspNetCore.Mvc.Infrastructure.ControllerActionInvoker.InvokeActionMethodAsync()
   at Microsoft.AspNetCore.Mvc.Infrastructure.ControllerActionInvoker.Next(State& next, Scope& scope, Object& state, Boolean& isCompleted)
   at Microsoft.AspNetCore.Mvc.Infrastructure.ControllerActionInvoker.InvokeNextActionFilterAsync()
--- End of stack trace from previous location where exception was thrown ---
   at Microsoft.AspNetCore.Mvc.Infrastructure.ControllerActionInvoker.Rethrow(ActionExecutedContextSealed context)
   at Microsoft.AspNetCore.Mvc.Infrastructure.ControllerActionInvoker.Next(State& next, Scope& scope, Object& state, Boolean& isCompleted)
   at Microsoft.AspNetCore.Mvc.Infrastructure.ControllerActionInvoker.InvokeInnerFilterAsync()
--- End of stack trace from previous location where exception was thrown ---
   at Microsoft.AspNetCore.Mvc.Infrastructure.ResourceInvoker.<InvokeFilterPipelineAsync>g__Awaited|19_0(ResourceInvoker invoker, Task lastTask, State next, Scope scope, Object state, Boolean isCompleted)
   at Microsoft.AspNetCore.Mvc.Infrastructure.ResourceInvoker.<InvokeAsync>g__Awaited|17_0(ResourceInvoker invoker, Task task, IDisposable scope)
   at Microsoft.AspNetCore.Routing.EndpointMiddleware.<Invoke>g__AwaitRequestTask|6_0(Endpoint endpoint, Task requestTask, ILogger logger)
   at Microsoft.AspNetCore.Authorization.AuthorizationMiddleware.Invoke(HttpContext context)
   at Microsoft.AspNetCore.Authentication.AuthenticationMiddleware.Invoke(HttpContext context)
   at CWB.ExceptionHandling.ExceptionMiddleware.InvokeAsync(HttpContext httpContext) in D:\EvolutionSoftware\CWB-Latest\CWB\CWB.ExceptionHandling\ExceptionMiddleware.cs:line 26
2025-12-05 05:11:00.6144 ERROR Error: AutoMapper.AutoMapperMappingException: Error mapping types.

Mapping types:
EntityQueryable`1 -> IEnumerable`1
Microsoft.EntityFrameworkCore.Query.Internal.EntityQueryable`1[[CWB.Masters.Domain.ItemMaster.PartPurchaseDetails, CWB.Masters, Version=1.0.0.0, Culture=neutral, PublicKeyToken=null]] -> System.Collections.Generic.IEnumerable`1[[CWB.Masters.ViewModels.ItemMaster.PartPurchaseDetailsVM, CWB.Masters, Version=1.0.0.0, Culture=neutral, PublicKeyToken=null]]
 ---> System.InvalidOperationException: An exception has been raised that is likely due to a transient failure. Consider enabling transient error resiliency by adding 'EnableRetryOnFailure()' to the 'UseMySql' call.
 ---> MySqlConnector.MySqlException (0x80004005): Connect Timeout expired. All pooled connections are in use.
   at MySqlConnector.MySqlConnection.CreateSessionAsync(ConnectionPool pool, Int32 startTickCount, Nullable`1 ioBehavior, CancellationToken cancellationToken) in /_/src/MySqlConnector/MySqlConnection.cs:line 902
   at MySqlConnector.MySqlConnection.OpenAsync(Nullable`1 ioBehavior, CancellationToken cancellationToken) in /_/src/MySqlConnector/MySqlConnection.cs:line 435
   at MySqlConnector.MySqlConnection.Open() in /_/src/MySqlConnector/MySqlConnection.cs:line 380
   at Microsoft.EntityFrameworkCore.Storage.RelationalConnection.OpenInternal(Boolean errorsExpected)
   at Microsoft.EntityFrameworkCore.Storage.RelationalConnection.Open(Boolean errorsExpected)
   at Pomelo.EntityFrameworkCore.MySql.Storage.Internal.MySqlRelationalConnection.Open(Boolean errorsExpected)
   at Microsoft.EntityFrameworkCore.Storage.RelationalCommand.ExecuteReader(RelationalCommandParameterObject parameterObject)
   at Microsoft.EntityFrameworkCore.Query.Internal.SingleQueryingEnumerable`1.Enumerator.InitializeReader(DbContext _, Boolean result)
   at Pomelo.EntityFrameworkCore.MySql.Storage.Internal.MySqlExecutionStrategy.Execute[TState,TResult](TState state, Func`3 operation, Func`3 verifySucceeded)
   --- End of inner exception stack trace ---
   at Pomelo.EntityFrameworkCore.MySql.Storage.Internal.MySqlExecutionStrategy.Execute[TState,TResult](TState state, Func`3 operation, Func`3 verifySucceeded)
   at Microsoft.EntityFrameworkCore.Query.Internal.SingleQueryingEnumerable`1.Enumerator.MoveNext()
   at lambda_method(Closure , Object , IEnumerable`1 , ResolutionContext )
   --- End of inner exception stack trace ---
   at lambda_method(Closure , Object , IEnumerable`1 , ResolutionContext )
   at CWB.Masters.Services.ItemMaster.RawMaterialDetailService.GetPartPurchasesForPartNo(Int32 partId, Int64 tenantId) in D:\DockerTestCWB\CWB-Latest\CWB\CWB.Masters\Services\ItemMaster\RawMaterialDetailService.cs:line 262
   at CWB.Masters.Controllers.RawMaterialDetailController.GetPartPurchasesForPartId(Int32 partId, Int64 tenantId) in D:\DockerTestCWB\CWB-Latest\CWB\CWB.Masters\Controllers\RawMaterialDetailController.cs:line 353
   at lambda_method(Closure , Object , Object[] )
   at Microsoft.AspNetCore.Mvc.Infrastructure.ActionMethodExecutor.SyncActionResultExecutor.Execute(IActionResultTypeMapper mapper, ObjectMethodExecutor executor, Object controller, Object[] arguments)
   at Microsoft.AspNetCore.Mvc.Infrastructure.ControllerActionInvoker.InvokeActionMethodAsync()
   at Microsoft.AspNetCore.Mvc.Infrastructure.ControllerActionInvoker.Next(State& next, Scope& scope, Object& state, Boolean& isCompleted)
   at Microsoft.AspNetCore.Mvc.Infrastructure.ControllerActionInvoker.InvokeNextActionFilterAsync()
--- End of stack trace from previous location where exception was thrown ---
   at Microsoft.AspNetCore.Mvc.Infrastructure.ControllerActionInvoker.Rethrow(ActionExecutedContextSealed context)
   at Microsoft.AspNetCore.Mvc.Infrastructure.ControllerActionInvoker.Next(State& next, Scope& scope, Object& state, Boolean& isCompleted)
   at Microsoft.AspNetCore.Mvc.Infrastructure.ControllerActionInvoker.InvokeInnerFilterAsync()
--- End of stack trace from previous location where exception was thrown ---
   at Microsoft.AspNetCore.Mvc.Infrastructure.ResourceInvoker.<InvokeFilterPipelineAsync>g__Awaited|19_0(ResourceInvoker invoker, Task lastTask, State next, Scope scope, Object state, Boolean isCompleted)
   at Microsoft.AspNetCore.Mvc.Infrastructure.ResourceInvoker.<InvokeAsync>g__Awaited|17_0(ResourceInvoker invoker, Task task, IDisposable scope)
   at Microsoft.AspNetCore.Routing.EndpointMiddleware.<Invoke>g__AwaitRequestTask|6_0(Endpoint endpoint, Task requestTask, ILogger logger)
   at Microsoft.AspNetCore.Authorization.AuthorizationMiddleware.Invoke(HttpContext context)
   at Microsoft.AspNetCore.Authentication.AuthenticationMiddleware.Invoke(HttpContext context)
   at CWB.ExceptionHandling.ExceptionMiddleware.InvokeAsync(HttpContext httpContext) in D:\EvolutionSoftware\CWB-Latest\CWB\CWB.ExceptionHandling\ExceptionMiddleware.cs:line 26
2025-12-05 05:11:00.6144 ERROR Error: AutoMapper.AutoMapperMappingException: Error mapping types.

Mapping types:
EntityQueryable`1 -> IEnumerable`1
Microsoft.EntityFrameworkCore.Query.Internal.EntityQueryable`1[[CWB.Masters.Domain.ItemMaster.PartPurchaseDetails, CWB.Masters, Version=1.0.0.0, Culture=neutral, PublicKeyToken=null]] -> System.Collections.Generic.IEnumerable`1[[CWB.Masters.ViewModels.ItemMaster.PartPurchaseDetailsVM, CWB.Masters, Version=1.0.0.0, Culture=neutral, PublicKeyToken=null]]
 ---> System.InvalidOperationException: An exception has been raised that is likely due to a transient failure. Consider enabling transient error resiliency by adding 'EnableRetryOnFailure()' to the 'UseMySql' call.
 ---> MySqlConnector.MySqlException (0x80004005): Connect Timeout expired. All pooled connections are in use.
   at MySqlConnector.MySqlConnection.CreateSessionAsync(ConnectionPool pool, Int32 startTickCount, Nullable`1 ioBehavior, CancellationToken cancellationToken) in /_/src/MySqlConnector/MySqlConnection.cs:line 902
   at MySqlConnector.MySqlConnection.OpenAsync(Nullable`1 ioBehavior, CancellationToken cancellationToken) in /_/src/MySqlConnector/MySqlConnection.cs:line 435
   at MySqlConnector.MySqlConnection.Open() in /_/src/MySqlConnector/MySqlConnection.cs:line 380
   at Microsoft.EntityFrameworkCore.Storage.RelationalConnection.OpenInternal(Boolean errorsExpected)
   at Microsoft.EntityFrameworkCore.Storage.RelationalConnection.Open(Boolean errorsExpected)
   at Pomelo.EntityFrameworkCore.MySql.Storage.Internal.MySqlRelationalConnection.Open(Boolean errorsExpected)
   at Microsoft.EntityFrameworkCore.Storage.RelationalCommand.ExecuteReader(RelationalCommandParameterObject parameterObject)
   at Microsoft.EntityFrameworkCore.Query.Internal.SingleQueryingEnumerable`1.Enumerator.InitializeReader(DbContext _, Boolean result)
   at Pomelo.EntityFrameworkCore.MySql.Storage.Internal.MySqlExecutionStrategy.Execute[TState,TResult](TState state, Func`3 operation, Func`3 verifySucceeded)
   --- End of inner exception stack trace ---
   at Pomelo.EntityFrameworkCore.MySql.Storage.Internal.MySqlExecutionStrategy.Execute[TState,TResult](TState state, Func`3 operation, Func`3 verifySucceeded)
   at Microsoft.EntityFrameworkCore.Query.Internal.SingleQueryingEnumerable`1.Enumerator.MoveNext()
   at lambda_method(Closure , Object , IEnumerable`1 , ResolutionContext )
   --- End of inner exception stack trace ---
   at lambda_method(Closure , Object , IEnumerable`1 , ResolutionContext )
   at CWB.Masters.Services.ItemMaster.RawMaterialDetailService.GetPartPurchasesForPartNo(Int32 partId, Int64 tenantId) in D:\DockerTestCWB\CWB-Latest\CWB\CWB.Masters\Services\ItemMaster\RawMaterialDetailService.cs:line 262
   at CWB.Masters.Controllers.RawMaterialDetailController.GetPartPurchasesForPartId(Int32 partId, Int64 tenantId) in D:\DockerTestCWB\CWB-Latest\CWB\CWB.Masters\Controllers\RawMaterialDetailController.cs:line 353
   at lambda_method(Closure , Object , Object[] )
   at Microsoft.AspNetCore.Mvc.Infrastructure.ActionMethodExecutor.SyncActionResultExecutor.Execute(IActionResultTypeMapper mapper, ObjectMethodExecutor executor, Object controller, Object[] arguments)
   at Microsoft.AspNetCore.Mvc.Infrastructure.ControllerActionInvoker.InvokeActionMethodAsync()
   at Microsoft.AspNetCore.Mvc.Infrastructure.ControllerActionInvoker.Next(State& next, Scope& scope, Object& state, Boolean& isCompleted)
   at Microsoft.AspNetCore.Mvc.Infrastructure.ControllerActionInvoker.InvokeNextActionFilterAsync()
--- End of stack trace from previous location where exception was thrown ---
   at Microsoft.AspNetCore.Mvc.Infrastructure.ControllerActionInvoker.Rethrow(ActionExecutedContextSealed context)
   at Microsoft.AspNetCore.Mvc.Infrastructure.ControllerActionInvoker.Next(State& next, Scope& scope, Object& state, Boolean& isCompleted)
   at Microsoft.AspNetCore.Mvc.Infrastructure.ControllerActionInvoker.InvokeInnerFilterAsync()
--- End of stack trace from previous location where exception was thrown ---
   at Microsoft.AspNetCore.Mvc.Infrastructure.ResourceInvoker.<InvokeFilterPipelineAsync>g__Awaited|19_0(ResourceInvoker invoker, Task lastTask, State next, Scope scope, Object state, Boolean isCompleted)
   at Microsoft.AspNetCore.Mvc.Infrastructure.ResourceInvoker.<InvokeAsync>g__Awaited|17_0(ResourceInvoker invoker, Task task, IDisposable scope)
   at Microsoft.AspNetCore.Routing.EndpointMiddleware.<Invoke>g__AwaitRequestTask|6_0(Endpoint endpoint, Task requestTask, ILogger logger)
   at Microsoft.AspNetCore.Authorization.AuthorizationMiddleware.Invoke(HttpContext context)
   at Microsoft.AspNetCore.Authentication.AuthenticationMiddleware.Invoke(HttpContext context)
   at CWB.ExceptionHandling.ExceptionMiddleware.InvokeAsync(HttpContext httpContext) in D:\EvolutionSoftware\CWB-Latest\CWB\CWB.ExceptionHandling\ExceptionMiddleware.cs:line 26
2025-12-05 05:11:03.8272 ERROR Error: AutoMapper.AutoMapperMappingException: Error mapping types.

Mapping types:
EntityQueryable`1 -> IEnumerable`1
Microsoft.EntityFrameworkCore.Query.Internal.EntityQueryable`1[[CWB.Masters.Domain.ItemMaster.PartPurchaseDetails, CWB.Masters, Version=1.0.0.0, Culture=neutral, PublicKeyToken=null]] -> System.Collections.Generic.IEnumerable`1[[CWB.Masters.ViewModels.ItemMaster.PartPurchaseDetailsVM, CWB.Masters, Version=1.0.0.0, Culture=neutral, PublicKeyToken=null]]
 ---> System.InvalidOperationException: An exception has been raised that is likely due to a transient failure. Consider enabling transient error resiliency by adding 'EnableRetryOnFailure()' to the 'UseMySql' call.
 ---> MySqlConnector.MySqlException (0x80004005): Connect Timeout expired. All pooled connections are in use.
   at MySqlConnector.MySqlConnection.CreateSessionAsync(ConnectionPool pool, Int32 startTickCount, Nullable`1 ioBehavior, CancellationToken cancellationToken) in /_/src/MySqlConnector/MySqlConnection.cs:line 902
   at MySqlConnector.MySqlConnection.OpenAsync(Nullable`1 ioBehavior, CancellationToken cancellationToken) in /_/src/MySqlConnector/MySqlConnection.cs:line 435
   at MySqlConnector.MySqlConnection.Open() in /_/src/MySqlConnector/MySqlConnection.cs:line 380
   at Microsoft.EntityFrameworkCore.Storage.RelationalConnection.OpenInternal(Boolean errorsExpected)
   at Microsoft.EntityFrameworkCore.Storage.RelationalConnection.Open(Boolean errorsExpected)
   at Pomelo.EntityFrameworkCore.MySql.Storage.Internal.MySqlRelationalConnection.Open(Boolean errorsExpected)
   at Microsoft.EntityFrameworkCore.Storage.RelationalCommand.ExecuteReader(RelationalCommandParameterObject parameterObject)
   at Microsoft.EntityFrameworkCore.Query.Internal.SingleQueryingEnumerable`1.Enumerator.InitializeReader(DbContext _, Boolean result)
   at Pomelo.EntityFrameworkCore.MySql.Storage.Internal.MySqlExecutionStrategy.Execute[TState,TResult](TState state, Func`3 operation, Func`3 verifySucceeded)
   --- End of inner exception stack trace ---
   at Pomelo.EntityFrameworkCore.MySql.Storage.Internal.MySqlExecutionStrategy.Execute[TState,TResult](TState state, Func`3 operation, Func`3 verifySucceeded)
   at Microsoft.EntityFrameworkCore.Query.Internal.SingleQueryingEnumerable`1.Enumerator.MoveNext()
   at lambda_method(Closure , Object , IEnumerable`1 , ResolutionContext )
   --- End of inner exception stack trace ---
   at lambda_method(Closure , Object , IEnumerable`1 , ResolutionContext )
   at CWB.Masters.Services.ItemMaster.RawMaterialDetailService.GetPartPurchasesForPartNo(Int32 partId, Int64 tenantId) in D:\DockerTestCWB\CWB-Latest\CWB\CWB.Masters\Services\ItemMaster\RawMaterialDetailService.cs:line 262
   at CWB.Masters.Controllers.RawMaterialDetailController.GetPartPurchasesForPartId(Int32 partId, Int64 tenantId) in D:\DockerTestCWB\CWB-Latest\CWB\CWB.Masters\Controllers\RawMaterialDetailController.cs:line 353
   at lambda_method(Closure , Object , Object[] )
   at Microsoft.AspNetCore.Mvc.Infrastructure.ActionMethodExecutor.SyncActionResultExecutor.Execute(IActionResultTypeMapper mapper, ObjectMethodExecutor executor, Object controller, Object[] arguments)
   at Microsoft.AspNetCore.Mvc.Infrastructure.ControllerActionInvoker.InvokeActionMethodAsync()
   at Microsoft.AspNetCore.Mvc.Infrastructure.ControllerActionInvoker.Next(State& next, Scope& scope, Object& state, Boolean& isCompleted)
   at Microsoft.AspNetCore.Mvc.Infrastructure.ControllerActionInvoker.InvokeNextActionFilterAsync()
--- End of stack trace from previous location where exception was thrown ---
   at Microsoft.AspNetCore.Mvc.Infrastructure.ControllerActionInvoker.Rethrow(ActionExecutedContextSealed context)
   at Microsoft.AspNetCore.Mvc.Infrastructure.ControllerActionInvoker.Next(State& next, Scope& scope, Object& state, Boolean& isCompleted)
   at Microsoft.AspNetCore.Mvc.Infrastructure.ControllerActionInvoker.InvokeInnerFilterAsync()
--- End of stack trace from previous location where exception was thrown ---
   at Microsoft.AspNetCore.Mvc.Infrastructure.ResourceInvoker.<InvokeFilterPipelineAsync>g__Awaited|19_0(ResourceInvoker invoker, Task lastTask, State next, Scope scope, Object state, Boolean isCompleted)
   at Microsoft.AspNetCore.Mvc.Infrastructure.ResourceInvoker.<InvokeAsync>g__Awaited|17_0(ResourceInvoker invoker, Task task, IDisposable scope)
   at Microsoft.AspNetCore.Routing.EndpointMiddleware.<Invoke>g__AwaitRequestTask|6_0(Endpoint endpoint, Task requestTask, ILogger logger)
   at Microsoft.AspNetCore.Authorization.AuthorizationMiddleware.Invoke(HttpContext context)
   at Microsoft.AspNetCore.Authentication.AuthenticationMiddleware.Invoke(HttpContext context)
   at CWB.ExceptionHandling.ExceptionMiddleware.InvokeAsync(HttpContext httpContext) in D:\EvolutionSoftware\CWB-Latest\CWB\CWB.ExceptionHandling\ExceptionMiddleware.cs:line 26
2025-12-05 05:11:03.8678 ERROR Error: AutoMapper.AutoMapperMappingException: Error mapping types.

Mapping types:
EntityQueryable`1 -> IEnumerable`1
Microsoft.EntityFrameworkCore.Query.Internal.EntityQueryable`1[[CWB.Masters.Domain.ItemMaster.PartPurchaseDetails, CWB.Masters, Version=1.0.0.0, Culture=neutral, PublicKeyToken=null]] -> System.Collections.Generic.IEnumerable`1[[CWB.Masters.ViewModels.ItemMaster.PartPurchaseDetailsVM, CWB.Masters, Version=1.0.0.0, Culture=neutral, PublicKeyToken=null]]
 ---> System.InvalidOperationException: An exception has been raised that is likely due to a transient failure. Consider enabling transient error resiliency by adding 'EnableRetryOnFailure()' to the 'UseMySql' call.
 ---> MySqlConnector.MySqlException (0x80004005): Connect Timeout expired. All pooled connections are in use.
   at MySqlConnector.MySqlConnection.CreateSessionAsync(ConnectionPool pool, Int32 startTickCount, Nullable`1 ioBehavior, CancellationToken cancellationToken) in /_/src/MySqlConnector/MySqlConnection.cs:line 902
   at MySqlConnector.MySqlConnection.OpenAsync(Nullable`1 ioBehavior, CancellationToken cancellationToken) in /_/src/MySqlConnector/MySqlConnection.cs:line 435
   at MySqlConnector.MySqlConnection.Open() in /_/src/MySqlConnector/MySqlConnection.cs:line 380
   at Microsoft.EntityFrameworkCore.Storage.RelationalConnection.OpenInternal(Boolean errorsExpected)
   at Microsoft.EntityFrameworkCore.Storage.RelationalConnection.Open(Boolean errorsExpected)
   at Pomelo.EntityFrameworkCore.MySql.Storage.Internal.MySqlRelationalConnection.Open(Boolean errorsExpected)
   at Microsoft.EntityFrameworkCore.Storage.RelationalCommand.ExecuteReader(RelationalCommandParameterObject parameterObject)
   at Microsoft.EntityFrameworkCore.Query.Internal.SingleQueryingEnumerable`1.Enumerator.InitializeReader(DbContext _, Boolean result)
   at Pomelo.EntityFrameworkCore.MySql.Storage.Internal.MySqlExecutionStrategy.Execute[TState,TResult](TState state, Func`3 operation, Func`3 verifySucceeded)
   --- End of inner exception stack trace ---
   at Pomelo.EntityFrameworkCore.MySql.Storage.Internal.MySqlExecutionStrategy.Execute[TState,TResult](TState state, Func`3 operation, Func`3 verifySucceeded)
   at Microsoft.EntityFrameworkCore.Query.Internal.SingleQueryingEnumerable`1.Enumerator.MoveNext()
   at lambda_method(Closure , Object , IEnumerable`1 , ResolutionContext )
   --- End of inner exception stack trace ---
   at lambda_method(Closure , Object , IEnumerable`1 , ResolutionContext )
   at CWB.Masters.Services.ItemMaster.RawMaterialDetailService.GetPartPurchasesForPartNo(Int32 partId, Int64 tenantId) in D:\DockerTestCWB\CWB-Latest\CWB\CWB.Masters\Services\ItemMaster\RawMaterialDetailService.cs:line 262
   at CWB.Masters.Controllers.RawMaterialDetailController.GetPartPurchasesForPartId(Int32 partId, Int64 tenantId) in D:\DockerTestCWB\CWB-Latest\CWB\CWB.Masters\Controllers\RawMaterialDetailController.cs:line 353
   at lambda_method(Closure , Object , Object[] )
   at Microsoft.AspNetCore.Mvc.Infrastructure.ActionMethodExecutor.SyncActionResultExecutor.Execute(IActionResultTypeMapper mapper, ObjectMethodExecutor executor, Object controller, Object[] arguments)
   at Microsoft.AspNetCore.Mvc.Infrastructure.ControllerActionInvoker.InvokeActionMethodAsync()
   at Microsoft.AspNetCore.Mvc.Infrastructure.ControllerActionInvoker.Next(State& next, Scope& scope, Object& state, Boolean& isCompleted)
   at Microsoft.AspNetCore.Mvc.Infrastructure.ControllerActionInvoker.InvokeNextActionFilterAsync()
--- End of stack trace from previous location where exception was thrown ---
   at Microsoft.AspNetCore.Mvc.Infrastructure.ControllerActionInvoker.Rethrow(ActionExecutedContextSealed context)
   at Microsoft.AspNetCore.Mvc.Infrastructure.ControllerActionInvoker.Next(State& next, Scope& scope, Object& state, Boolean& isCompleted)
   at Microsoft.AspNetCore.Mvc.Infrastructure.ControllerActionInvoker.InvokeInnerFilterAsync()
--- End of stack trace from previous location where exception was thrown ---
   at Microsoft.AspNetCore.Mvc.Infrastructure.ResourceInvoker.<InvokeFilterPipelineAsync>g__Awaited|19_0(ResourceInvoker invoker, Task lastTask, State next, Scope scope, Object state, Boolean isCompleted)
   at Microsoft.AspNetCore.Mvc.Infrastructure.ResourceInvoker.<InvokeAsync>g__Awaited|17_0(ResourceInvoker invoker, Task task, IDisposable scope)
   at Microsoft.AspNetCore.Routing.EndpointMiddleware.<Invoke>g__AwaitRequestTask|6_0(Endpoint endpoint, Task requestTask, ILogger logger)
   at Microsoft.AspNetCore.Authorization.AuthorizationMiddleware.Invoke(HttpContext context)
   at Microsoft.AspNetCore.Authentication.AuthenticationMiddleware.Invoke(HttpContext context)
   at CWB.ExceptionHandling.ExceptionMiddleware.InvokeAsync(HttpContext httpContext) in D:\EvolutionSoftware\CWB-Latest\CWB\CWB.ExceptionHandling\ExceptionMiddleware.cs:line 26
2025-12-05 05:11:03.8678 ERROR Error: AutoMapper.AutoMapperMappingException: Error mapping types.

Mapping types:
EntityQueryable`1 -> IEnumerable`1
Microsoft.EntityFrameworkCore.Query.Internal.EntityQueryable`1[[CWB.Masters.Domain.ItemMaster.PartPurchaseDetails, CWB.Masters, Version=1.0.0.0, Culture=neutral, PublicKeyToken=null]] -> System.Collections.Generic.IEnumerable`1[[CWB.Masters.ViewModels.ItemMaster.PartPurchaseDetailsVM, CWB.Masters, Version=1.0.0.0, Culture=neutral, PublicKeyToken=null]]
 ---> System.InvalidOperationException: An exception has been raised that is likely due to a transient failure. Consider enabling transient error resiliency by adding 'EnableRetryOnFailure()' to the 'UseMySql' call.
 ---> MySqlConnector.MySqlException (0x80004005): Connect Timeout expired. All pooled connections are in use.
   at MySqlConnector.MySqlConnection.CreateSessionAsync(ConnectionPool pool, Int32 startTickCount, Nullable`1 ioBehavior, CancellationToken cancellationToken) in /_/src/MySqlConnector/MySqlConnection.cs:line 902
   at MySqlConnector.MySqlConnection.OpenAsync(Nullable`1 ioBehavior, CancellationToken cancellationToken) in /_/src/MySqlConnector/MySqlConnection.cs:line 435
   at MySqlConnector.MySqlConnection.Open() in /_/src/MySqlConnector/MySqlConnection.cs:line 380
   at Microsoft.EntityFrameworkCore.Storage.RelationalConnection.OpenInternal(Boolean errorsExpected)
   at Microsoft.EntityFrameworkCore.Storage.RelationalConnection.Open(Boolean errorsExpected)
   at Pomelo.EntityFrameworkCore.MySql.Storage.Internal.MySqlRelationalConnection.Open(Boolean errorsExpected)
   at Microsoft.EntityFrameworkCore.Storage.RelationalCommand.ExecuteReader(RelationalCommandParameterObject parameterObject)
   at Microsoft.EntityFrameworkCore.Query.Internal.SingleQueryingEnumerable`1.Enumerator.InitializeReader(DbContext _, Boolean result)
   at Pomelo.EntityFrameworkCore.MySql.Storage.Internal.MySqlExecutionStrategy.Execute[TState,TResult](TState state, Func`3 operation, Func`3 verifySucceeded)
   --- End of inner exception stack trace ---
   at Pomelo.EntityFrameworkCore.MySql.Storage.Internal.MySqlExecutionStrategy.Execute[TState,TResult](TState state, Func`3 operation, Func`3 verifySucceeded)
   at Microsoft.EntityFrameworkCore.Query.Internal.SingleQueryingEnumerable`1.Enumerator.MoveNext()
   at lambda_method(Closure , Object , IEnumerable`1 , ResolutionContext )
   --- End of inner exception stack trace ---
   at lambda_method(Closure , Object , IEnumerable`1 , ResolutionContext )
   at CWB.Masters.Services.ItemMaster.RawMaterialDetailService.GetPartPurchasesForPartNo(Int32 partId, Int64 tenantId) in D:\DockerTestCWB\CWB-Latest\CWB\CWB.Masters\Services\ItemMaster\RawMaterialDetailService.cs:line 262
   at CWB.Masters.Controllers.RawMaterialDetailController.GetPartPurchasesForPartId(Int32 partId, Int64 tenantId) in D:\DockerTestCWB\CWB-Latest\CWB\CWB.Masters\Controllers\RawMaterialDetailController.cs:line 353
   at lambda_method(Closure , Object , Object[] )
   at Microsoft.AspNetCore.Mvc.Infrastructure.ActionMethodExecutor.SyncActionResultExecutor.Execute(IActionResultTypeMapper mapper, ObjectMethodExecutor executor, Object controller, Object[] arguments)
   at Microsoft.AspNetCore.Mvc.Infrastructure.ControllerActionInvoker.InvokeActionMethodAsync()
   at Microsoft.AspNetCore.Mvc.Infrastructure.ControllerActionInvoker.Next(State& next, Scope& scope, Object& state, Boolean& isCompleted)
   at Microsoft.AspNetCore.Mvc.Infrastructure.ControllerActionInvoker.InvokeNextActionFilterAsync()
--- End of stack trace from previous location where exception was thrown ---
   at Microsoft.AspNetCore.Mvc.Infrastructure.ControllerActionInvoker.Rethrow(ActionExecutedContextSealed context)
   at Microsoft.AspNetCore.Mvc.Infrastructure.ControllerActionInvoker.Next(State& next, Scope& scope, Object& state, Boolean& isCompleted)
   at Microsoft.AspNetCore.Mvc.Infrastructure.ControllerActionInvoker.InvokeInnerFilterAsync()
--- End of stack trace from previous location where exception was thrown ---
   at Microsoft.AspNetCore.Mvc.Infrastructure.ResourceInvoker.<InvokeFilterPipelineAsync>g__Awaited|19_0(ResourceInvoker invoker, Task lastTask, State next, Scope scope, Object state, Boolean isCompleted)
   at Microsoft.AspNetCore.Mvc.Infrastructure.ResourceInvoker.<InvokeAsync>g__Awaited|17_0(ResourceInvoker invoker, Task task, IDisposable scope)
   at Microsoft.AspNetCore.Routing.EndpointMiddleware.<Invoke>g__AwaitRequestTask|6_0(Endpoint endpoint, Task requestTask, ILogger logger)
   at Microsoft.AspNetCore.Authorization.AuthorizationMiddleware.Invoke(HttpContext context)
   at Microsoft.AspNetCore.Authentication.AuthenticationMiddleware.Invoke(HttpContext context)
   at CWB.ExceptionHandling.ExceptionMiddleware.InvokeAsync(HttpContext httpContext) in D:\EvolutionSoftware\CWB-Latest\CWB\CWB.ExceptionHandling\ExceptionMiddleware.cs:line 26
2025-12-05 05:11:05.8783 ERROR Error: AutoMapper.AutoMapperMappingException: Error mapping types.

Mapping types:
EntityQueryable`1 -> IEnumerable`1
Microsoft.EntityFrameworkCore.Query.Internal.EntityQueryable`1[[CWB.Masters.Domain.ItemMaster.PartPurchaseDetails, CWB.Masters, Version=1.0.0.0, Culture=neutral, PublicKeyToken=null]] -> System.Collections.Generic.IEnumerable`1[[CWB.Masters.ViewModels.ItemMaster.PartPurchaseDetailsVM, CWB.Masters, Version=1.0.0.0, Culture=neutral, PublicKeyToken=null]]
 ---> System.InvalidOperationException: An exception has been raised that is likely due to a transient failure. Consider enabling transient error resiliency by adding 'EnableRetryOnFailure()' to the 'UseMySql' call.
 ---> MySqlConnector.MySqlException (0x80004005): Connect Timeout expired. All pooled connections are in use.
   at MySqlConnector.MySqlConnection.CreateSessionAsync(ConnectionPool pool, Int32 startTickCount, Nullable`1 ioBehavior, CancellationToken cancellationToken) in /_/src/MySqlConnector/MySqlConnection.cs:line 902
   at MySqlConnector.MySqlConnection.OpenAsync(Nullable`1 ioBehavior, CancellationToken cancellationToken) in /_/src/MySqlConnector/MySqlConnection.cs:line 435
   at MySqlConnector.MySqlConnection.Open() in /_/src/MySqlConnector/MySqlConnection.cs:line 380
   at Microsoft.EntityFrameworkCore.Storage.RelationalConnection.OpenInternal(Boolean errorsExpected)
   at Microsoft.EntityFrameworkCore.Storage.RelationalConnection.Open(Boolean errorsExpected)
   at Pomelo.EntityFrameworkCore.MySql.Storage.Internal.MySqlRelationalConnection.Open(Boolean errorsExpected)
   at Microsoft.EntityFrameworkCore.Storage.RelationalCommand.ExecuteReader(RelationalCommandParameterObject parameterObject)
   at Microsoft.EntityFrameworkCore.Query.Internal.SingleQueryingEnumerable`1.Enumerator.InitializeReader(DbContext _, Boolean result)
   at Pomelo.EntityFrameworkCore.MySql.Storage.Internal.MySqlExecutionStrategy.Execute[TState,TResult](TState state, Func`3 operation, Func`3 verifySucceeded)
   --- End of inner exception stack trace ---
   at Pomelo.EntityFrameworkCore.MySql.Storage.Internal.MySqlExecutionStrategy.Execute[TState,TResult](TState state, Func`3 operation, Func`3 verifySucceeded)
   at Microsoft.EntityFrameworkCore.Query.Internal.SingleQueryingEnumerable`1.Enumerator.MoveNext()
   at lambda_method(Closure , Object , IEnumerable`1 , ResolutionContext )
   --- End of inner exception stack trace ---
   at lambda_method(Closure , Object , IEnumerable`1 , ResolutionContext )
   at CWB.Masters.Services.ItemMaster.RawMaterialDetailService.GetPartPurchasesForPartNo(Int32 partId, Int64 tenantId) in D:\DockerTestCWB\CWB-Latest\CWB\CWB.Masters\Services\ItemMaster\RawMaterialDetailService.cs:line 262
   at CWB.Masters.Controllers.RawMaterialDetailController.GetPartPurchasesForPartId(Int32 partId, Int64 tenantId) in D:\DockerTestCWB\CWB-Latest\CWB\CWB.Masters\Controllers\RawMaterialDetailController.cs:line 353
   at lambda_method(Closure , Object , Object[] )
   at Microsoft.AspNetCore.Mvc.Infrastructure.ActionMethodExecutor.SyncActionResultExecutor.Execute(IActionResultTypeMapper mapper, ObjectMethodExecutor executor, Object controller, Object[] arguments)
   at Microsoft.AspNetCore.Mvc.Infrastructure.ControllerActionInvoker.InvokeActionMethodAsync()
   at Microsoft.AspNetCore.Mvc.Infrastructure.ControllerActionInvoker.Next(State& next, Scope& scope, Object& state, Boolean& isCompleted)
   at Microsoft.AspNetCore.Mvc.Infrastructure.ControllerActionInvoker.InvokeNextActionFilterAsync()
--- End of stack trace from previous location where exception was thrown ---
   at Microsoft.AspNetCore.Mvc.Infrastructure.ControllerActionInvoker.Rethrow(ActionExecutedContextSealed context)
   at Microsoft.AspNetCore.Mvc.Infrastructure.ControllerActionInvoker.Next(State& next, Scope& scope, Object& state, Boolean& isCompleted)
   at Microsoft.AspNetCore.Mvc.Infrastructure.ControllerActionInvoker.InvokeInnerFilterAsync()
--- End of stack trace from previous location where exception was thrown ---
   at Microsoft.AspNetCore.Mvc.Infrastructure.ResourceInvoker.<InvokeFilterPipelineAsync>g__Awaited|19_0(ResourceInvoker invoker, Task lastTask, State next, Scope scope, Object state, Boolean isCompleted)
   at Microsoft.AspNetCore.Mvc.Infrastructure.ResourceInvoker.<InvokeAsync>g__Awaited|17_0(ResourceInvoker invoker, Task task, IDisposable scope)
   at Microsoft.AspNetCore.Routing.EndpointMiddleware.<Invoke>g__AwaitRequestTask|6_0(Endpoint endpoint, Task requestTask, ILogger logger)
   at Microsoft.AspNetCore.Authorization.AuthorizationMiddleware.Invoke(HttpContext context)
   at Microsoft.AspNetCore.Authentication.AuthenticationMiddleware.Invoke(HttpContext context)
   at CWB.ExceptionHandling.ExceptionMiddleware.InvokeAsync(HttpContext httpContext) in D:\EvolutionSoftware\CWB-Latest\CWB\CWB.ExceptionHandling\ExceptionMiddleware.cs:line 26
2025-12-05 05:11:05.8783 ERROR Error: AutoMapper.AutoMapperMappingException: Error mapping types.

Mapping types:
EntityQueryable`1 -> IEnumerable`1
Microsoft.EntityFrameworkCore.Query.Internal.EntityQueryable`1[[CWB.Masters.Domain.ItemMaster.PartPurchaseDetails, CWB.Masters, Version=1.0.0.0, Culture=neutral, PublicKeyToken=null]] -> System.Collections.Generic.IEnumerable`1[[CWB.Masters.ViewModels.ItemMaster.PartPurchaseDetailsVM, CWB.Masters, Version=1.0.0.0, Culture=neutral, PublicKeyToken=null]]
 ---> System.InvalidOperationException: An exception has been raised that is likely due to a transient failure. Consider enabling transient error resiliency by adding 'EnableRetryOnFailure()' to the 'UseMySql' call.
 ---> MySqlConnector.MySqlException (0x80004005): Connect Timeout expired. All pooled connections are in use.
   at MySqlConnector.MySqlConnection.CreateSessionAsync(ConnectionPool pool, Int32 startTickCount, Nullable`1 ioBehavior, CancellationToken cancellationToken) in /_/src/MySqlConnector/MySqlConnection.cs:line 902
   at MySqlConnector.MySqlConnection.OpenAsync(Nullable`1 ioBehavior, CancellationToken cancellationToken) in /_/src/MySqlConnector/MySqlConnection.cs:line 435
   at MySqlConnector.MySqlConnection.Open() in /_/src/MySqlConnector/MySqlConnection.cs:line 380
   at Microsoft.EntityFrameworkCore.Storage.RelationalConnection.OpenInternal(Boolean errorsExpected)
   at Microsoft.EntityFrameworkCore.Storage.RelationalConnection.Open(Boolean errorsExpected)
   at Pomelo.EntityFrameworkCore.MySql.Storage.Internal.MySqlRelationalConnection.Open(Boolean errorsExpected)
   at Microsoft.EntityFrameworkCore.Storage.RelationalCommand.ExecuteReader(RelationalCommandParameterObject parameterObject)
   at Microsoft.EntityFrameworkCore.Query.Internal.SingleQueryingEnumerable`1.Enumerator.InitializeReader(DbContext _, Boolean result)
   at Pomelo.EntityFrameworkCore.MySql.Storage.Internal.MySqlExecutionStrategy.Execute[TState,TResult](TState state, Func`3 operation, Func`3 verifySucceeded)
   --- End of inner exception stack trace ---
   at Pomelo.EntityFrameworkCore.MySql.Storage.Internal.MySqlExecutionStrategy.Execute[TState,TResult](TState state, Func`3 operation, Func`3 verifySucceeded)
   at Microsoft.EntityFrameworkCore.Query.Internal.SingleQueryingEnumerable`1.Enumerator.MoveNext()
   at lambda_method(Closure , Object , IEnumerable`1 , ResolutionContext )
   --- End of inner exception stack trace ---
   at lambda_method(Closure , Object , IEnumerable`1 , ResolutionContext )
   at CWB.Masters.Services.ItemMaster.RawMaterialDetailService.GetPartPurchasesForPartNo(Int32 partId, Int64 tenantId) in D:\DockerTestCWB\CWB-Latest\CWB\CWB.Masters\Services\ItemMaster\RawMaterialDetailService.cs:line 262
   at CWB.Masters.Controllers.RawMaterialDetailController.GetPartPurchasesForPartId(Int32 partId, Int64 tenantId) in D:\DockerTestCWB\CWB-Latest\CWB\CWB.Masters\Controllers\RawMaterialDetailController.cs:line 353
   at lambda_method(Closure , Object , Object[] )
   at Microsoft.AspNetCore.Mvc.Infrastructure.ActionMethodExecutor.SyncActionResultExecutor.Execute(IActionResultTypeMapper mapper, ObjectMethodExecutor executor, Object controller, Object[] arguments)
   at Microsoft.AspNetCore.Mvc.Infrastructure.ControllerActionInvoker.InvokeActionMethodAsync()
   at Microsoft.AspNetCore.Mvc.Infrastructure.ControllerActionInvoker.Next(State& next, Scope& scope, Object& state, Boolean& isCompleted)
   at Microsoft.AspNetCore.Mvc.Infrastructure.ControllerActionInvoker.InvokeNextActionFilterAsync()
--- End of stack trace from previous location where exception was thrown ---
   at Microsoft.AspNetCore.Mvc.Infrastructure.ControllerActionInvoker.Rethrow(ActionExecutedContextSealed context)
   at Microsoft.AspNetCore.Mvc.Infrastructure.ControllerActionInvoker.Next(State& next, Scope& scope, Object& state, Boolean& isCompleted)
   at Microsoft.AspNetCore.Mvc.Infrastructure.ControllerActionInvoker.InvokeInnerFilterAsync()
--- End of stack trace from previous location where exception was thrown ---
   at Microsoft.AspNetCore.Mvc.Infrastructure.ResourceInvoker.<InvokeFilterPipelineAsync>g__Awaited|19_0(ResourceInvoker invoker, Task lastTask, State next, Scope scope, Object state, Boolean isCompleted)
   at Microsoft.AspNetCore.Mvc.Infrastructure.ResourceInvoker.<InvokeAsync>g__Awaited|17_0(ResourceInvoker invoker, Task task, IDisposable scope)
   at Microsoft.AspNetCore.Routing.EndpointMiddleware.<Invoke>g__AwaitRequestTask|6_0(Endpoint endpoint, Task requestTask, ILogger logger)
   at Microsoft.AspNetCore.Authorization.AuthorizationMiddleware.Invoke(HttpContext context)
   at Microsoft.AspNetCore.Authentication.AuthenticationMiddleware.Invoke(HttpContext context)
   at CWB.ExceptionHandling.ExceptionMiddleware.InvokeAsync(HttpContext httpContext) in D:\EvolutionSoftware\CWB-Latest\CWB\CWB.ExceptionHandling\ExceptionMiddleware.cs:line 26
2025-12-05 05:11:07.0084 ERROR Error: AutoMapper.AutoMapperMappingException: Error mapping types.

Mapping types:
EntityQueryable`1 -> IEnumerable`1
Microsoft.EntityFrameworkCore.Query.Internal.EntityQueryable`1[[CWB.Masters.Domain.ItemMaster.PartPurchaseDetails, CWB.Masters, Version=1.0.0.0, Culture=neutral, PublicKeyToken=null]] -> System.Collections.Generic.IEnumerable`1[[CWB.Masters.ViewModels.ItemMaster.PartPurchaseDetailsVM, CWB.Masters, Version=1.0.0.0, Culture=neutral, PublicKeyToken=null]]
 ---> System.InvalidOperationException: An exception has been raised that is likely due to a transient failure. Consider enabling transient error resiliency by adding 'EnableRetryOnFailure()' to the 'UseMySql' call.
 ---> MySqlConnector.MySqlException (0x80004005): Connect Timeout expired. All pooled connections are in use.
   at MySqlConnector.MySqlConnection.CreateSessionAsync(ConnectionPool pool, Int32 startTickCount, Nullable`1 ioBehavior, CancellationToken cancellationToken) in /_/src/MySqlConnector/MySqlConnection.cs:line 902
   at MySqlConnector.MySqlConnection.OpenAsync(Nullable`1 ioBehavior, CancellationToken cancellationToken) in /_/src/MySqlConnector/MySqlConnection.cs:line 435
   at MySqlConnector.MySqlConnection.Open() in /_/src/MySqlConnector/MySqlConnection.cs:line 380
   at Microsoft.EntityFrameworkCore.Storage.RelationalConnection.OpenInternal(Boolean errorsExpected)
   at Microsoft.EntityFrameworkCore.Storage.RelationalConnection.Open(Boolean errorsExpected)
   at Pomelo.EntityFrameworkCore.MySql.Storage.Internal.MySqlRelationalConnection.Open(Boolean errorsExpected)
   at Microsoft.EntityFrameworkCore.Storage.RelationalCommand.ExecuteReader(RelationalCommandParameterObject parameterObject)
   at Microsoft.EntityFrameworkCore.Query.Internal.SingleQueryingEnumerable`1.Enumerator.InitializeReader(DbContext _, Boolean result)
   at Pomelo.EntityFrameworkCore.MySql.Storage.Internal.MySqlExecutionStrategy.Execute[TState,TResult](TState state, Func`3 operation, Func`3 verifySucceeded)
   --- End of inner exception stack trace ---
   at Pomelo.EntityFrameworkCore.MySql.Storage.Internal.MySqlExecutionStrategy.Execute[TState,TResult](TState state, Func`3 operation, Func`3 verifySucceeded)
   at Microsoft.EntityFrameworkCore.Query.Internal.SingleQueryingEnumerable`1.Enumerator.MoveNext()
   at lambda_method(Closure , Object , IEnumerable`1 , ResolutionContext )
   --- End of inner exception stack trace ---
   at lambda_method(Closure , Object , IEnumerable`1 , ResolutionContext )
   at CWB.Masters.Services.ItemMaster.RawMaterialDetailService.GetPartPurchasesForPartNo(Int32 partId, Int64 tenantId) in D:\DockerTestCWB\CWB-Latest\CWB\CWB.Masters\Services\ItemMaster\RawMaterialDetailService.cs:line 262
   at CWB.Masters.Controllers.RawMaterialDetailController.GetPartPurchasesForPartId(Int32 partId, Int64 tenantId) in D:\DockerTestCWB\CWB-Latest\CWB\CWB.Masters\Controllers\RawMaterialDetailController.cs:line 353
   at lambda_method(Closure , Object , Object[] )
   at Microsoft.AspNetCore.Mvc.Infrastructure.ActionMethodExecutor.SyncActionResultExecutor.Execute(IActionResultTypeMapper mapper, ObjectMethodExecutor executor, Object controller, Object[] arguments)
   at Microsoft.AspNetCore.Mvc.Infrastructure.ControllerActionInvoker.InvokeActionMethodAsync()
   at Microsoft.AspNetCore.Mvc.Infrastructure.ControllerActionInvoker.Next(State& next, Scope& scope, Object& state, Boolean& isCompleted)
   at Microsoft.AspNetCore.Mvc.Infrastructure.ControllerActionInvoker.InvokeNextActionFilterAsync()
--- End of stack trace from previous location where exception was thrown ---
   at Microsoft.AspNetCore.Mvc.Infrastructure.ControllerActionInvoker.Rethrow(ActionExecutedContextSealed context)
   at Microsoft.AspNetCore.Mvc.Infrastructure.ControllerActionInvoker.Next(State& next, Scope& scope, Object& state, Boolean& isCompleted)
   at Microsoft.AspNetCore.Mvc.Infrastructure.ControllerActionInvoker.InvokeInnerFilterAsync()
--- End of stack trace from previous location where exception was thrown ---
   at Microsoft.AspNetCore.Mvc.Infrastructure.ResourceInvoker.<InvokeFilterPipelineAsync>g__Awaited|19_0(ResourceInvoker invoker, Task lastTask, State next, Scope scope, Object state, Boolean isCompleted)
   at Microsoft.AspNetCore.Mvc.Infrastructure.ResourceInvoker.<InvokeAsync>g__Awaited|17_0(ResourceInvoker invoker, Task task, IDisposable scope)
   at Microsoft.AspNetCore.Routing.EndpointMiddleware.<Invoke>g__AwaitRequestTask|6_0(Endpoint endpoint, Task requestTask, ILogger logger)
   at Microsoft.AspNetCore.Authorization.AuthorizationMiddleware.Invoke(HttpContext context)
   at Microsoft.AspNetCore.Authentication.AuthenticationMiddleware.Invoke(HttpContext context)
   at CWB.ExceptionHandling.ExceptionMiddleware.InvokeAsync(HttpContext httpContext) in D:\EvolutionSoftware\CWB-Latest\CWB\CWB.ExceptionHandling\ExceptionMiddleware.cs:line 26
2025-12-05 05:11:08.0283 ERROR Error: AutoMapper.AutoMapperMappingException: Error mapping types.

Mapping types:
EntityQueryable`1 -> IEnumerable`1
Microsoft.EntityFrameworkCore.Query.Internal.EntityQueryable`1[[CWB.Masters.Domain.ItemMaster.PartPurchaseDetails, CWB.Masters, Version=1.0.0.0, Culture=neutral, PublicKeyToken=null]] -> System.Collections.Generic.IEnumerable`1[[CWB.Masters.ViewModels.ItemMaster.PartPurchaseDetailsVM, CWB.Masters, Version=1.0.0.0, Culture=neutral, PublicKeyToken=null]]
 ---> System.InvalidOperationException: An exception has been raised that is likely due to a transient failure. Consider enabling transient error resiliency by adding 'EnableRetryOnFailure()' to the 'UseMySql' call.
 ---> MySqlConnector.MySqlException (0x80004005): Connect Timeout expired. All pooled connections are in use.
   at MySqlConnector.MySqlConnection.CreateSessionAsync(ConnectionPool pool, Int32 startTickCount, Nullable`1 ioBehavior, CancellationToken cancellationToken) in /_/src/MySqlConnector/MySqlConnection.cs:line 902
   at MySqlConnector.MySqlConnection.OpenAsync(Nullable`1 ioBehavior, CancellationToken cancellationToken) in /_/src/MySqlConnector/MySqlConnection.cs:line 435
   at MySqlConnector.MySqlConnection.Open() in /_/src/MySqlConnector/MySqlConnection.cs:line 380
   at Microsoft.EntityFrameworkCore.Storage.RelationalConnection.OpenInternal(Boolean errorsExpected)
   at Microsoft.EntityFrameworkCore.Storage.RelationalConnection.Open(Boolean errorsExpected)
   at Pomelo.EntityFrameworkCore.MySql.Storage.Internal.MySqlRelationalConnection.Open(Boolean errorsExpected)
   at Microsoft.EntityFrameworkCore.Storage.RelationalCommand.ExecuteReader(RelationalCommandParameterObject parameterObject)
   at Microsoft.EntityFrameworkCore.Query.Internal.SingleQueryingEnumerable`1.Enumerator.InitializeReader(DbContext _, Boolean result)
   at Pomelo.EntityFrameworkCore.MySql.Storage.Internal.MySqlExecutionStrategy.Execute[TState,TResult](TState state, Func`3 operation, Func`3 verifySucceeded)
   --- End of inner exception stack trace ---
   at Pomelo.EntityFrameworkCore.MySql.Storage.Internal.MySqlExecutionStrategy.Execute[TState,TResult](TState state, Func`3 operation, Func`3 verifySucceeded)
   at Microsoft.EntityFrameworkCore.Query.Internal.SingleQueryingEnumerable`1.Enumerator.MoveNext()
   at lambda_method(Closure , Object , IEnumerable`1 , ResolutionContext )
   --- End of inner exception stack trace ---
   at lambda_method(Closure , Object , IEnumerable`1 , ResolutionContext )
   at CWB.Masters.Services.ItemMaster.RawMaterialDetailService.GetPartPurchasesForPartNo(Int32 partId, Int64 tenantId) in D:\DockerTestCWB\CWB-Latest\CWB\CWB.Masters\Services\ItemMaster\RawMaterialDetailService.cs:line 262
   at CWB.Masters.Controllers.RawMaterialDetailController.GetPartPurchasesForPartId(Int32 partId, Int64 tenantId) in D:\DockerTestCWB\CWB-Latest\CWB\CWB.Masters\Controllers\RawMaterialDetailController.cs:line 353
   at lambda_method(Closure , Object , Object[] )
   at Microsoft.AspNetCore.Mvc.Infrastructure.ActionMethodExecutor.SyncActionResultExecutor.Execute(IActionResultTypeMapper mapper, ObjectMethodExecutor executor, Object controller, Object[] arguments)
   at Microsoft.AspNetCore.Mvc.Infrastructure.ControllerActionInvoker.InvokeActionMethodAsync()
   at Microsoft.AspNetCore.Mvc.Infrastructure.ControllerActionInvoker.Next(State& next, Scope& scope, Object& state, Boolean& isCompleted)
   at Microsoft.AspNetCore.Mvc.Infrastructure.ControllerActionInvoker.InvokeNextActionFilterAsync()
--- End of stack trace from previous location where exception was thrown ---
   at Microsoft.AspNetCore.Mvc.Infrastructure.ControllerActionInvoker.Rethrow(ActionExecutedContextSealed context)
   at Microsoft.AspNetCore.Mvc.Infrastructure.ControllerActionInvoker.Next(State& next, Scope& scope, Object& state, Boolean& isCompleted)
   at Microsoft.AspNetCore.Mvc.Infrastructure.ControllerActionInvoker.InvokeInnerFilterAsync()
--- End of stack trace from previous location where exception was thrown ---
   at Microsoft.AspNetCore.Mvc.Infrastructure.ResourceInvoker.<InvokeFilterPipelineAsync>g__Awaited|19_0(ResourceInvoker invoker, Task lastTask, State next, Scope scope, Object state, Boolean isCompleted)
   at Microsoft.AspNetCore.Mvc.Infrastructure.ResourceInvoker.<InvokeAsync>g__Awaited|17_0(ResourceInvoker invoker, Task task, IDisposable scope)
   at Microsoft.AspNetCore.Routing.EndpointMiddleware.<Invoke>g__AwaitRequestTask|6_0(Endpoint endpoint, Task requestTask, ILogger logger)
   at Microsoft.AspNetCore.Authorization.AuthorizationMiddleware.Invoke(HttpContext context)
   at Microsoft.AspNetCore.Authentication.AuthenticationMiddleware.Invoke(HttpContext context)
   at CWB.ExceptionHandling.ExceptionMiddleware.InvokeAsync(HttpContext httpContext) in D:\EvolutionSoftware\CWB-Latest\CWB\CWB.ExceptionHandling\ExceptionMiddleware.cs:line 26
2025-12-05 05:11:09.2380 ERROR Error: AutoMapper.AutoMapperMappingException: Error mapping types.

Mapping types:
EntityQueryable`1 -> IEnumerable`1
Microsoft.EntityFrameworkCore.Query.Internal.EntityQueryable`1[[CWB.Masters.Domain.ItemMaster.PartPurchaseDetails, CWB.Masters, Version=1.0.0.0, Culture=neutral, PublicKeyToken=null]] -> System.Collections.Generic.IEnumerable`1[[CWB.Masters.ViewModels.ItemMaster.PartPurchaseDetailsVM, CWB.Masters, Version=1.0.0.0, Culture=neutral, PublicKeyToken=null]]
 ---> System.InvalidOperationException: An exception has been raised that is likely due to a transient failure. Consider enabling transient error resiliency by adding 'EnableRetryOnFailure()' to the 'UseMySql' call.
 ---> MySqlConnector.MySqlException (0x80004005): Connect Timeout expired. All pooled connections are in use.
   at MySqlConnector.MySqlConnection.CreateSessionAsync(ConnectionPool pool, Int32 startTickCount, Nullable`1 ioBehavior, CancellationToken cancellationToken) in /_/src/MySqlConnector/MySqlConnection.cs:line 902
   at MySqlConnector.MySqlConnection.OpenAsync(Nullable`1 ioBehavior, CancellationToken cancellationToken) in /_/src/MySqlConnector/MySqlConnection.cs:line 435
   at MySqlConnector.MySqlConnection.Open() in /_/src/MySqlConnector/MySqlConnection.cs:line 380
   at Microsoft.EntityFrameworkCore.Storage.RelationalConnection.OpenInternal(Boolean errorsExpected)
   at Microsoft.EntityFrameworkCore.Storage.RelationalConnection.Open(Boolean errorsExpected)
   at Pomelo.EntityFrameworkCore.MySql.Storage.Internal.MySqlRelationalConnection.Open(Boolean errorsExpected)
   at Microsoft.EntityFrameworkCore.Storage.RelationalCommand.ExecuteReader(RelationalCommandParameterObject parameterObject)
   at Microsoft.EntityFrameworkCore.Query.Internal.SingleQueryingEnumerable`1.Enumerator.InitializeReader(DbContext _, Boolean result)
   at Pomelo.EntityFrameworkCore.MySql.Storage.Internal.MySqlExecutionStrategy.Execute[TState,TResult](TState state, Func`3 operation, Func`3 verifySucceeded)
   --- End of inner exception stack trace ---
   at Pomelo.EntityFrameworkCore.MySql.Storage.Internal.MySqlExecutionStrategy.Execute[TState,TResult](TState state, Func`3 operation, Func`3 verifySucceeded)
   at Microsoft.EntityFrameworkCore.Query.Internal.SingleQueryingEnumerable`1.Enumerator.MoveNext()
   at lambda_method(Closure , Object , IEnumerable`1 , ResolutionContext )
   --- End of inner exception stack trace ---
   at lambda_method(Closure , Object , IEnumerable`1 , ResolutionContext )
   at CWB.Masters.Services.ItemMaster.RawMaterialDetailService.GetPartPurchasesForPartNo(Int32 partId, Int64 tenantId) in D:\DockerTestCWB\CWB-Latest\CWB\CWB.Masters\Services\ItemMaster\RawMaterialDetailService.cs:line 262
   at CWB.Masters.Controllers.RawMaterialDetailController.GetPartPurchasesForPartId(Int32 partId, Int64 tenantId) in D:\DockerTestCWB\CWB-Latest\CWB\CWB.Masters\Controllers\RawMaterialDetailController.cs:line 353
   at lambda_method(Closure , Object , Object[] )
   at Microsoft.AspNetCore.Mvc.Infrastructure.ActionMethodExecutor.SyncActionResultExecutor.Execute(IActionResultTypeMapper mapper, ObjectMethodExecutor executor, Object controller, Object[] arguments)
   at Microsoft.AspNetCore.Mvc.Infrastructure.ControllerActionInvoker.InvokeActionMethodAsync()
   at Microsoft.AspNetCore.Mvc.Infrastructure.ControllerActionInvoker.Next(State& next, Scope& scope, Object& state, Boolean& isCompleted)
   at Microsoft.AspNetCore.Mvc.Infrastructure.ControllerActionInvoker.InvokeNextActionFilterAsync()
--- End of stack trace from previous location where exception was thrown ---
   at Microsoft.AspNetCore.Mvc.Infrastructure.ControllerActionInvoker.Rethrow(ActionExecutedContextSealed context)
   at Microsoft.AspNetCore.Mvc.Infrastructure.ControllerActionInvoker.Next(State& next, Scope& scope, Object& state, Boolean& isCompleted)
   at Microsoft.AspNetCore.Mvc.Infrastructure.ControllerActionInvoker.InvokeInnerFilterAsync()
--- End of stack trace from previous location where exception was thrown ---
   at Microsoft.AspNetCore.Mvc.Infrastructure.ResourceInvoker.<InvokeFilterPipelineAsync>g__Awaited|19_0(ResourceInvoker invoker, Task lastTask, State next, Scope scope, Object state, Boolean isCompleted)
   at Microsoft.AspNetCore.Mvc.Infrastructure.ResourceInvoker.<InvokeAsync>g__Awaited|17_0(ResourceInvoker invoker, Task task, IDisposable scope)
   at Microsoft.AspNetCore.Routing.EndpointMiddleware.<Invoke>g__AwaitRequestTask|6_0(Endpoint endpoint, Task requestTask, ILogger logger)
   at Microsoft.AspNetCore.Authorization.AuthorizationMiddleware.Invoke(HttpContext context)
   at Microsoft.AspNetCore.Authentication.AuthenticationMiddleware.Invoke(HttpContext context)
   at CWB.ExceptionHandling.ExceptionMiddleware.InvokeAsync(HttpContext httpContext) in D:\EvolutionSoftware\CWB-Latest\CWB\CWB.ExceptionHandling\ExceptionMiddleware.cs:line 26
2025-12-05 05:11:12.7554 ERROR Error: AutoMapper.AutoMapperMappingException: Error mapping types.

Mapping types:
EntityQueryable`1 -> IEnumerable`1
Microsoft.EntityFrameworkCore.Query.Internal.EntityQueryable`1[[CWB.Masters.Domain.ItemMaster.PartPurchaseDetails, CWB.Masters, Version=1.0.0.0, Culture=neutral, PublicKeyToken=null]] -> System.Collections.Generic.IEnumerable`1[[CWB.Masters.ViewModels.ItemMaster.PartPurchaseDetailsVM, CWB.Masters, Version=1.0.0.0, Culture=neutral, PublicKeyToken=null]]
 ---> System.InvalidOperationException: An exception has been raised that is likely due to a transient failure. Consider enabling transient error resiliency by adding 'EnableRetryOnFailure()' to the 'UseMySql' call.
 ---> MySqlConnector.MySqlException (0x80004005): Connect Timeout expired. All pooled connections are in use.
   at MySqlConnector.MySqlConnection.CreateSessionAsync(ConnectionPool pool, Int32 startTickCount, Nullable`1 ioBehavior, CancellationToken cancellationToken) in /_/src/MySqlConnector/MySqlConnection.cs:line 902
   at MySqlConnector.MySqlConnection.OpenAsync(Nullable`1 ioBehavior, CancellationToken cancellationToken) in /_/src/MySqlConnector/MySqlConnection.cs:line 435
   at MySqlConnector.MySqlConnection.Open() in /_/src/MySqlConnector/MySqlConnection.cs:line 380
   at Microsoft.EntityFrameworkCore.Storage.RelationalConnection.OpenInternal(Boolean errorsExpected)
   at Microsoft.EntityFrameworkCore.Storage.RelationalConnection.Open(Boolean errorsExpected)
   at Pomelo.EntityFrameworkCore.MySql.Storage.Internal.MySqlRelationalConnection.Open(Boolean errorsExpected)
   at Microsoft.EntityFrameworkCore.Storage.RelationalCommand.ExecuteReader(RelationalCommandParameterObject parameterObject)
   at Microsoft.EntityFrameworkCore.Query.Internal.SingleQueryingEnumerable`1.Enumerator.InitializeReader(DbContext _, Boolean result)
   at Pomelo.EntityFrameworkCore.MySql.Storage.Internal.MySqlExecutionStrategy.Execute[TState,TResult](TState state, Func`3 operation, Func`3 verifySucceeded)
   --- End of inner exception stack trace ---
   at Pomelo.EntityFrameworkCore.MySql.Storage.Internal.MySqlExecutionStrategy.Execute[TState,TResult](TState state, Func`3 operation, Func`3 verifySucceeded)
   at Microsoft.EntityFrameworkCore.Query.Internal.SingleQueryingEnumerable`1.Enumerator.MoveNext()
   at lambda_method(Closure , Object , IEnumerable`1 , ResolutionContext )
   --- End of inner exception stack trace ---
   at lambda_method(Closure , Object , IEnumerable`1 , ResolutionContext )
   at CWB.Masters.Services.ItemMaster.RawMaterialDetailService.GetPartPurchasesForPartNo(Int32 partId, Int64 tenantId) in D:\DockerTestCWB\CWB-Latest\CWB\CWB.Masters\Services\ItemMaster\RawMaterialDetailService.cs:line 262
   at CWB.Masters.Controllers.RawMaterialDetailController.GetPartPurchasesForPartId(Int32 partId, Int64 tenantId) in D:\DockerTestCWB\CWB-Latest\CWB\CWB.Masters\Controllers\RawMaterialDetailController.cs:line 353
   at lambda_method(Closure , Object , Object[] )
   at Microsoft.AspNetCore.Mvc.Infrastructure.ActionMethodExecutor.SyncActionResultExecutor.Execute(IActionResultTypeMapper mapper, ObjectMethodExecutor executor, Object controller, Object[] arguments)
   at Microsoft.AspNetCore.Mvc.Infrastructure.ControllerActionInvoker.InvokeActionMethodAsync()
   at Microsoft.AspNetCore.Mvc.Infrastructure.ControllerActionInvoker.Next(State& next, Scope& scope, Object& state, Boolean& isCompleted)
   at Microsoft.AspNetCore.Mvc.Infrastructure.ControllerActionInvoker.InvokeNextActionFilterAsync()
--- End of stack trace from previous location where exception was thrown ---
   at Microsoft.AspNetCore.Mvc.Infrastructure.ControllerActionInvoker.Rethrow(ActionExecutedContextSealed context)
   at Microsoft.AspNetCore.Mvc.Infrastructure.ControllerActionInvoker.Next(State& next, Scope& scope, Object& state, Boolean& isCompleted)
   at Microsoft.AspNetCore.Mvc.Infrastructure.ControllerActionInvoker.InvokeInnerFilterAsync()
--- End of stack trace from previous location where exception was thrown ---
   at Microsoft.AspNetCore.Mvc.Infrastructure.ResourceInvoker.<InvokeFilterPipelineAsync>g__Awaited|19_0(ResourceInvoker invoker, Task lastTask, State next, Scope scope, Object state, Boolean isCompleted)
   at Microsoft.AspNetCore.Mvc.Infrastructure.ResourceInvoker.<InvokeAsync>g__Awaited|17_0(ResourceInvoker invoker, Task task, IDisposable scope)
   at Microsoft.AspNetCore.Routing.EndpointMiddleware.<Invoke>g__AwaitRequestTask|6_0(Endpoint endpoint, Task requestTask, ILogger logger)
   at Microsoft.AspNetCore.Authorization.AuthorizationMiddleware.Invoke(HttpContext context)
   at Microsoft.AspNetCore.Authentication.AuthenticationMiddleware.Invoke(HttpContext context)
   at CWB.ExceptionHandling.ExceptionMiddleware.InvokeAsync(HttpContext httpContext) in D:\EvolutionSoftware\CWB-Latest\CWB\CWB.ExceptionHandling\ExceptionMiddleware.cs:line 26
2025-12-05 05:11:14.7066 ERROR Error: AutoMapper.AutoMapperMappingException: Error mapping types.

Mapping types:
EntityQueryable`1 -> IEnumerable`1
Microsoft.EntityFrameworkCore.Query.Internal.EntityQueryable`1[[CWB.Masters.Domain.ItemMaster.PartPurchaseDetails, CWB.Masters, Version=1.0.0.0, Culture=neutral, PublicKeyToken=null]] -> System.Collections.Generic.IEnumerable`1[[CWB.Masters.ViewModels.ItemMaster.PartPurchaseDetailsVM, CWB.Masters, Version=1.0.0.0, Culture=neutral, PublicKeyToken=null]]
 ---> System.InvalidOperationException: An exception has been raised that is likely due to a transient failure. Consider enabling transient error resiliency by adding 'EnableRetryOnFailure()' to the 'UseMySql' call.
 ---> MySqlConnector.MySqlException (0x80004005): Connect Timeout expired. All pooled connections are in use.
   at MySqlConnector.MySqlConnection.CreateSessionAsync(ConnectionPool pool, Int32 startTickCount, Nullable`1 ioBehavior, CancellationToken cancellationToken) in /_/src/MySqlConnector/MySqlConnection.cs:line 902
   at MySqlConnector.MySqlConnection.OpenAsync(Nullable`1 ioBehavior, CancellationToken cancellationToken) in /_/src/MySqlConnector/MySqlConnection.cs:line 435
   at MySqlConnector.MySqlConnection.Open() in /_/src/MySqlConnector/MySqlConnection.cs:line 380
   at Microsoft.EntityFrameworkCore.Storage.RelationalConnection.OpenInternal(Boolean errorsExpected)
   at Microsoft.EntityFrameworkCore.Storage.RelationalConnection.Open(Boolean errorsExpected)
   at Pomelo.EntityFrameworkCore.MySql.Storage.Internal.MySqlRelationalConnection.Open(Boolean errorsExpected)
   at Microsoft.EntityFrameworkCore.Storage.RelationalCommand.ExecuteReader(RelationalCommandParameterObject parameterObject)
   at Microsoft.EntityFrameworkCore.Query.Internal.SingleQueryingEnumerable`1.Enumerator.InitializeReader(DbContext _, Boolean result)
   at Pomelo.EntityFrameworkCore.MySql.Storage.Internal.MySqlExecutionStrategy.Execute[TState,TResult](TState state, Func`3 operation, Func`3 verifySucceeded)
   --- End of inner exception stack trace ---
   at Pomelo.EntityFrameworkCore.MySql.Storage.Internal.MySqlExecutionStrategy.Execute[TState,TResult](TState state, Func`3 operation, Func`3 verifySucceeded)
   at Microsoft.EntityFrameworkCore.Query.Internal.SingleQueryingEnumerable`1.Enumerator.MoveNext()
   at lambda_method(Closure , Object , IEnumerable`1 , ResolutionContext )
   --- End of inner exception stack trace ---
   at lambda_method(Closure , Object , IEnumerable`1 , ResolutionContext )
   at CWB.Masters.Services.ItemMaster.RawMaterialDetailService.GetPartPurchasesForPartNo(Int32 partId, Int64 tenantId) in D:\DockerTestCWB\CWB-Latest\CWB\CWB.Masters\Services\ItemMaster\RawMaterialDetailService.cs:line 262
   at CWB.Masters.Controllers.RawMaterialDetailController.GetPartPurchasesForPartId(Int32 partId, Int64 tenantId) in D:\DockerTestCWB\CWB-Latest\CWB\CWB.Masters\Controllers\RawMaterialDetailController.cs:line 353
   at lambda_method(Closure , Object , Object[] )
   at Microsoft.AspNetCore.Mvc.Infrastructure.ActionMethodExecutor.SyncActionResultExecutor.Execute(IActionResultTypeMapper mapper, ObjectMethodExecutor executor, Object controller, Object[] arguments)
   at Microsoft.AspNetCore.Mvc.Infrastructure.ControllerActionInvoker.InvokeActionMethodAsync()
   at Microsoft.AspNetCore.Mvc.Infrastructure.ControllerActionInvoker.Next(State& next, Scope& scope, Object& state, Boolean& isCompleted)
   at Microsoft.AspNetCore.Mvc.Infrastructure.ControllerActionInvoker.InvokeNextActionFilterAsync()
--- End of stack trace from previous location where exception was thrown ---
   at Microsoft.AspNetCore.Mvc.Infrastructure.ControllerActionInvoker.Rethrow(ActionExecutedContextSealed context)
   at Microsoft.AspNetCore.Mvc.Infrastructure.ControllerActionInvoker.Next(State& next, Scope& scope, Object& state, Boolean& isCompleted)
   at Microsoft.AspNetCore.Mvc.Infrastructure.ControllerActionInvoker.InvokeInnerFilterAsync()
--- End of stack trace from previous location where exception was thrown ---
   at Microsoft.AspNetCore.Mvc.Infrastructure.ResourceInvoker.<InvokeFilterPipelineAsync>g__Awaited|19_0(ResourceInvoker invoker, Task lastTask, State next, Scope scope, Object state, Boolean isCompleted)
   at Microsoft.AspNetCore.Mvc.Infrastructure.ResourceInvoker.<InvokeAsync>g__Awaited|17_0(ResourceInvoker invoker, Task task, IDisposable scope)
   at Microsoft.AspNetCore.Routing.EndpointMiddleware.<Invoke>g__AwaitRequestTask|6_0(Endpoint endpoint, Task requestTask, ILogger logger)
   at Microsoft.AspNetCore.Authorization.AuthorizationMiddleware.Invoke(HttpContext context)
   at Microsoft.AspNetCore.Authentication.AuthenticationMiddleware.Invoke(HttpContext context)
   at CWB.ExceptionHandling.ExceptionMiddleware.InvokeAsync(HttpContext httpContext) in D:\EvolutionSoftware\CWB-Latest\CWB\CWB.ExceptionHandling\ExceptionMiddleware.cs:line 26
2025-12-05 05:11:14.7066 ERROR Error: AutoMapper.AutoMapperMappingException: Error mapping types.

Mapping types:
EntityQueryable`1 -> IEnumerable`1
Microsoft.EntityFrameworkCore.Query.Internal.EntityQueryable`1[[CWB.Masters.Domain.ItemMaster.PartPurchaseDetails, CWB.Masters, Version=1.0.0.0, Culture=neutral, PublicKeyToken=null]] -> System.Collections.Generic.IEnumerable`1[[CWB.Masters.ViewModels.ItemMaster.PartPurchaseDetailsVM, CWB.Masters, Version=1.0.0.0, Culture=neutral, PublicKeyToken=null]]
 ---> System.InvalidOperationException: An exception has been raised that is likely due to a transient failure. Consider enabling transient error resiliency by adding 'EnableRetryOnFailure()' to the 'UseMySql' call.
 ---> MySqlConnector.MySqlException (0x80004005): Connect Timeout expired. All pooled connections are in use.
   at MySqlConnector.MySqlConnection.CreateSessionAsync(ConnectionPool pool, Int32 startTickCount, Nullable`1 ioBehavior, CancellationToken cancellationToken) in /_/src/MySqlConnector/MySqlConnection.cs:line 902
   at MySqlConnector.MySqlConnection.OpenAsync(Nullable`1 ioBehavior, CancellationToken cancellationToken) in /_/src/MySqlConnector/MySqlConnection.cs:line 435
   at MySqlConnector.MySqlConnection.Open() in /_/src/MySqlConnector/MySqlConnection.cs:line 380
   at Microsoft.EntityFrameworkCore.Storage.RelationalConnection.OpenInternal(Boolean errorsExpected)
   at Microsoft.EntityFrameworkCore.Storage.RelationalConnection.Open(Boolean errorsExpected)
   at Pomelo.EntityFrameworkCore.MySql.Storage.Internal.MySqlRelationalConnection.Open(Boolean errorsExpected)
   at Microsoft.EntityFrameworkCore.Storage.RelationalCommand.ExecuteReader(RelationalCommandParameterObject parameterObject)
   at Microsoft.EntityFrameworkCore.Query.Internal.SingleQueryingEnumerable`1.Enumerator.InitializeReader(DbContext _, Boolean result)
   at Pomelo.EntityFrameworkCore.MySql.Storage.Internal.MySqlExecutionStrategy.Execute[TState,TResult](TState state, Func`3 operation, Func`3 verifySucceeded)
   --- End of inner exception stack trace ---
   at Pomelo.EntityFrameworkCore.MySql.Storage.Internal.MySqlExecutionStrategy.Execute[TState,TResult](TState state, Func`3 operation, Func`3 verifySucceeded)
   at Microsoft.EntityFrameworkCore.Query.Internal.SingleQueryingEnumerable`1.Enumerator.MoveNext()
   at lambda_method(Closure , Object , IEnumerable`1 , ResolutionContext )
   --- End of inner exception stack trace ---
   at lambda_method(Closure , Object , IEnumerable`1 , ResolutionContext )
   at CWB.Masters.Services.ItemMaster.RawMaterialDetailService.GetPartPurchasesForPartNo(Int32 partId, Int64 tenantId) in D:\DockerTestCWB\CWB-Latest\CWB\CWB.Masters\Services\ItemMaster\RawMaterialDetailService.cs:line 262
   at CWB.Masters.Controllers.RawMaterialDetailController.GetPartPurchasesForPartId(Int32 partId, Int64 tenantId) in D:\DockerTestCWB\CWB-Latest\CWB\CWB.Masters\Controllers\RawMaterialDetailController.cs:line 353
   at lambda_method(Closure , Object , Object[] )
   at Microsoft.AspNetCore.Mvc.Infrastructure.ActionMethodExecutor.SyncActionResultExecutor.Execute(IActionResultTypeMapper mapper, ObjectMethodExecutor executor, Object controller, Object[] arguments)
   at Microsoft.AspNetCore.Mvc.Infrastructure.ControllerActionInvoker.InvokeActionMethodAsync()
   at Microsoft.AspNetCore.Mvc.Infrastructure.ControllerActionInvoker.Next(State& next, Scope& scope, Object& state, Boolean& isCompleted)
   at Microsoft.AspNetCore.Mvc.Infrastructure.ControllerActionInvoker.InvokeNextActionFilterAsync()
--- End of stack trace from previous location where exception was thrown ---
   at Microsoft.AspNetCore.Mvc.Infrastructure.ControllerActionInvoker.Rethrow(ActionExecutedContextSealed context)
   at Microsoft.AspNetCore.Mvc.Infrastructure.ControllerActionInvoker.Next(State& next, Scope& scope, Object& state, Boolean& isCompleted)
   at Microsoft.AspNetCore.Mvc.Infrastructure.ControllerActionInvoker.InvokeInnerFilterAsync()
--- End of stack trace from previous location where exception was thrown ---
   at Microsoft.AspNetCore.Mvc.Infrastructure.ResourceInvoker.<InvokeFilterPipelineAsync>g__Awaited|19_0(ResourceInvoker invoker, Task lastTask, State next, Scope scope, Object state, Boolean isCompleted)
   at Microsoft.AspNetCore.Mvc.Infrastructure.ResourceInvoker.<InvokeAsync>g__Awaited|17_0(ResourceInvoker invoker, Task task, IDisposable scope)
   at Microsoft.AspNetCore.Routing.EndpointMiddleware.<Invoke>g__AwaitRequestTask|6_0(Endpoint endpoint, Task requestTask, ILogger logger)
   at Microsoft.AspNetCore.Authorization.AuthorizationMiddleware.Invoke(HttpContext context)
   at Microsoft.AspNetCore.Authentication.AuthenticationMiddleware.Invoke(HttpContext context)
   at CWB.ExceptionHandling.ExceptionMiddleware.InvokeAsync(HttpContext httpContext) in D:\EvolutionSoftware\CWB-Latest\CWB\CWB.ExceptionHandling\ExceptionMiddleware.cs:line 26
2025-12-05 05:11:18.7892 ERROR Error: AutoMapper.AutoMapperMappingException: Error mapping types.

Mapping types:
EntityQueryable`1 -> IEnumerable`1
Microsoft.EntityFrameworkCore.Query.Internal.EntityQueryable`1[[CWB.Masters.Domain.ItemMaster.PartPurchaseDetails, CWB.Masters, Version=1.0.0.0, Culture=neutral, PublicKeyToken=null]] -> System.Collections.Generic.IEnumerable`1[[CWB.Masters.ViewModels.ItemMaster.PartPurchaseDetailsVM, CWB.Masters, Version=1.0.0.0, Culture=neutral, PublicKeyToken=null]]
 ---> System.InvalidOperationException: An exception has been raised that is likely due to a transient failure. Consider enabling transient error resiliency by adding 'EnableRetryOnFailure()' to the 'UseMySql' call.
 ---> MySqlConnector.MySqlException (0x80004005): Connect Timeout expired. All pooled connections are in use.
   at MySqlConnector.MySqlConnection.CreateSessionAsync(ConnectionPool pool, Int32 startTickCount, Nullable`1 ioBehavior, CancellationToken cancellationToken) in /_/src/MySqlConnector/MySqlConnection.cs:line 902
   at MySqlConnector.MySqlConnection.OpenAsync(Nullable`1 ioBehavior, CancellationToken cancellationToken) in /_/src/MySqlConnector/MySqlConnection.cs:line 435
   at MySqlConnector.MySqlConnection.Open() in /_/src/MySqlConnector/MySqlConnection.cs:line 380
   at Microsoft.EntityFrameworkCore.Storage.RelationalConnection.OpenInternal(Boolean errorsExpected)
   at Microsoft.EntityFrameworkCore.Storage.RelationalConnection.Open(Boolean errorsExpected)
   at Pomelo.EntityFrameworkCore.MySql.Storage.Internal.MySqlRelationalConnection.Open(Boolean errorsExpected)
   at Microsoft.EntityFrameworkCore.Storage.RelationalCommand.ExecuteReader(RelationalCommandParameterObject parameterObject)
   at Microsoft.EntityFrameworkCore.Query.Internal.SingleQueryingEnumerable`1.Enumerator.InitializeReader(DbContext _, Boolean result)
   at Pomelo.EntityFrameworkCore.MySql.Storage.Internal.MySqlExecutionStrategy.Execute[TState,TResult](TState state, Func`3 operation, Func`3 verifySucceeded)
   --- End of inner exception stack trace ---
   at Pomelo.EntityFrameworkCore.MySql.Storage.Internal.MySqlExecutionStrategy.Execute[TState,TResult](TState state, Func`3 operation, Func`3 verifySucceeded)
   at Microsoft.EntityFrameworkCore.Query.Internal.SingleQueryingEnumerable`1.Enumerator.MoveNext()
   at lambda_method(Closure , Object , IEnumerable`1 , ResolutionContext )
   --- End of inner exception stack trace ---
   at lambda_method(Closure , Object , IEnumerable`1 , ResolutionContext )
   at CWB.Masters.Services.ItemMaster.RawMaterialDetailService.GetPartPurchasesForPartNo(Int32 partId, Int64 tenantId) in D:\DockerTestCWB\CWB-Latest\CWB\CWB.Masters\Services\ItemMaster\RawMaterialDetailService.cs:line 262
   at CWB.Masters.Controllers.RawMaterialDetailController.GetPartPurchasesForPartId(Int32 partId, Int64 tenantId) in D:\DockerTestCWB\CWB-Latest\CWB\CWB.Masters\Controllers\RawMaterialDetailController.cs:line 353
   at lambda_method(Closure , Object , Object[] )
   at Microsoft.AspNetCore.Mvc.Infrastructure.ActionMethodExecutor.SyncActionResultExecutor.Execute(IActionResultTypeMapper mapper, ObjectMethodExecutor executor, Object controller, Object[] arguments)
   at Microsoft.AspNetCore.Mvc.Infrastructure.ControllerActionInvoker.InvokeActionMethodAsync()
   at Microsoft.AspNetCore.Mvc.Infrastructure.ControllerActionInvoker.Next(State& next, Scope& scope, Object& state, Boolean& isCompleted)
   at Microsoft.AspNetCore.Mvc.Infrastructure.ControllerActionInvoker.InvokeNextActionFilterAsync()
--- End of stack trace from previous location where exception was thrown ---
   at Microsoft.AspNetCore.Mvc.Infrastructure.ControllerActionInvoker.Rethrow(ActionExecutedContextSealed context)
   at Microsoft.AspNetCore.Mvc.Infrastructure.ControllerActionInvoker.Next(State& next, Scope& scope, Object& state, Boolean& isCompleted)
   at Microsoft.AspNetCore.Mvc.Infrastructure.ControllerActionInvoker.InvokeInnerFilterAsync()
--- End of stack trace from previous location where exception was thrown ---
   at Microsoft.AspNetCore.Mvc.Infrastructure.ResourceInvoker.<InvokeFilterPipelineAsync>g__Awaited|19_0(ResourceInvoker invoker, Task lastTask, State next, Scope scope, Object state, Boolean isCompleted)
   at Microsoft.AspNetCore.Mvc.Infrastructure.ResourceInvoker.<InvokeAsync>g__Awaited|17_0(ResourceInvoker invoker, Task task, IDisposable scope)
   at Microsoft.AspNetCore.Routing.EndpointMiddleware.<Invoke>g__AwaitRequestTask|6_0(Endpoint endpoint, Task requestTask, ILogger logger)
   at Microsoft.AspNetCore.Authorization.AuthorizationMiddleware.Invoke(HttpContext context)
   at Microsoft.AspNetCore.Authentication.AuthenticationMiddleware.Invoke(HttpContext context)
   at CWB.ExceptionHandling.ExceptionMiddleware.InvokeAsync(HttpContext httpContext) in D:\EvolutionSoftware\CWB-Latest\CWB\CWB.ExceptionHandling\ExceptionMiddleware.cs:line 26
2025-12-05 05:11:23.9331 ERROR Error: AutoMapper.AutoMapperMappingException: Error mapping types.

Mapping types:
EntityQueryable`1 -> IEnumerable`1
Microsoft.EntityFrameworkCore.Query.Internal.EntityQueryable`1[[CWB.Masters.Domain.ItemMaster.PartPurchaseDetails, CWB.Masters, Version=1.0.0.0, Culture=neutral, PublicKeyToken=null]] -> System.Collections.Generic.IEnumerable`1[[CWB.Masters.ViewModels.ItemMaster.PartPurchaseDetailsVM, CWB.Masters, Version=1.0.0.0, Culture=neutral, PublicKeyToken=null]]
 ---> System.InvalidOperationException: An exception has been raised that is likely due to a transient failure. Consider enabling transient error resiliency by adding 'EnableRetryOnFailure()' to the 'UseMySql' call.
 ---> MySqlConnector.MySqlException (0x80004005): Connect Timeout expired. All pooled connections are in use.
   at MySqlConnector.MySqlConnection.CreateSessionAsync(ConnectionPool pool, Int32 startTickCount, Nullable`1 ioBehavior, CancellationToken cancellationToken) in /_/src/MySqlConnector/MySqlConnection.cs:line 902
   at MySqlConnector.MySqlConnection.OpenAsync(Nullable`1 ioBehavior, CancellationToken cancellationToken) in /_/src/MySqlConnector/MySqlConnection.cs:line 435
   at MySqlConnector.MySqlConnection.Open() in /_/src/MySqlConnector/MySqlConnection.cs:line 380
   at Microsoft.EntityFrameworkCore.Storage.RelationalConnection.OpenInternal(Boolean errorsExpected)
   at Microsoft.EntityFrameworkCore.Storage.RelationalConnection.Open(Boolean errorsExpected)
   at Pomelo.EntityFrameworkCore.MySql.Storage.Internal.MySqlRelationalConnection.Open(Boolean errorsExpected)
   at Microsoft.EntityFrameworkCore.Storage.RelationalCommand.ExecuteReader(RelationalCommandParameterObject parameterObject)
   at Microsoft.EntityFrameworkCore.Query.Internal.SingleQueryingEnumerable`1.Enumerator.InitializeReader(DbContext _, Boolean result)
   at Pomelo.EntityFrameworkCore.MySql.Storage.Internal.MySqlExecutionStrategy.Execute[TState,TResult](TState state, Func`3 operation, Func`3 verifySucceeded)
   --- End of inner exception stack trace ---
   at Pomelo.EntityFrameworkCore.MySql.Storage.Internal.MySqlExecutionStrategy.Execute[TState,TResult](TState state, Func`3 operation, Func`3 verifySucceeded)
   at Microsoft.EntityFrameworkCore.Query.Internal.SingleQueryingEnumerable`1.Enumerator.MoveNext()
   at lambda_method(Closure , Object , IEnumerable`1 , ResolutionContext )
   --- End of inner exception stack trace ---
   at lambda_method(Closure , Object , IEnumerable`1 , ResolutionContext )
   at CWB.Masters.Services.ItemMaster.RawMaterialDetailService.GetPartPurchasesForPartNo(Int32 partId, Int64 tenantId) in D:\DockerTestCWB\CWB-Latest\CWB\CWB.Masters\Services\ItemMaster\RawMaterialDetailService.cs:line 262
   at CWB.Masters.Controllers.RawMaterialDetailController.GetPartPurchasesForPartId(Int32 partId, Int64 tenantId) in D:\DockerTestCWB\CWB-Latest\CWB\CWB.Masters\Controllers\RawMaterialDetailController.cs:line 353
   at lambda_method(Closure , Object , Object[] )
   at Microsoft.AspNetCore.Mvc.Infrastructure.ActionMethodExecutor.SyncActionResultExecutor.Execute(IActionResultTypeMapper mapper, ObjectMethodExecutor executor, Object controller, Object[] arguments)
   at Microsoft.AspNetCore.Mvc.Infrastructure.ControllerActionInvoker.InvokeActionMethodAsync()
   at Microsoft.AspNetCore.Mvc.Infrastructure.ControllerActionInvoker.Next(State& next, Scope& scope, Object& state, Boolean& isCompleted)
   at Microsoft.AspNetCore.Mvc.Infrastructure.ControllerActionInvoker.InvokeNextActionFilterAsync()
--- End of stack trace from previous location where exception was thrown ---
   at Microsoft.AspNetCore.Mvc.Infrastructure.ControllerActionInvoker.Rethrow(ActionExecutedContextSealed context)
   at Microsoft.AspNetCore.Mvc.Infrastructure.ControllerActionInvoker.Next(State& next, Scope& scope, Object& state, Boolean& isCompleted)
   at Microsoft.AspNetCore.Mvc.Infrastructure.ControllerActionInvoker.InvokeInnerFilterAsync()
--- End of stack trace from previous location where exception was thrown ---
   at Microsoft.AspNetCore.Mvc.Infrastructure.ResourceInvoker.<InvokeFilterPipelineAsync>g__Awaited|19_0(ResourceInvoker invoker, Task lastTask, State next, Scope scope, Object state, Boolean isCompleted)
   at Microsoft.AspNetCore.Mvc.Infrastructure.ResourceInvoker.<InvokeAsync>g__Awaited|17_0(ResourceInvoker invoker, Task task, IDisposable scope)
   at Microsoft.AspNetCore.Routing.EndpointMiddleware.<Invoke>g__AwaitRequestTask|6_0(Endpoint endpoint, Task requestTask, ILogger logger)
   at Microsoft.AspNetCore.Authorization.AuthorizationMiddleware.Invoke(HttpContext context)
   at Microsoft.AspNetCore.Authentication.AuthenticationMiddleware.Invoke(HttpContext context)
   at CWB.ExceptionHandling.ExceptionMiddleware.InvokeAsync(HttpContext httpContext) in D:\EvolutionSoftware\CWB-Latest\CWB\CWB.ExceptionHandling\ExceptionMiddleware.cs:line 26
2025-12-05 05:11:23.9331 ERROR Error: AutoMapper.AutoMapperMappingException: Error mapping types.

Mapping types:
EntityQueryable`1 -> IEnumerable`1
Microsoft.EntityFrameworkCore.Query.Internal.EntityQueryable`1[[CWB.Masters.Domain.ItemMaster.PartPurchaseDetails, CWB.Masters, Version=1.0.0.0, Culture=neutral, PublicKeyToken=null]] -> System.Collections.Generic.IEnumerable`1[[CWB.Masters.ViewModels.ItemMaster.PartPurchaseDetailsVM, CWB.Masters, Version=1.0.0.0, Culture=neutral, PublicKeyToken=null]]
 ---> System.InvalidOperationException: An exception has been raised that is likely due to a transient failure. Consider enabling transient error resiliency by adding 'EnableRetryOnFailure()' to the 'UseMySql' call.
 ---> MySqlConnector.MySqlException (0x80004005): Connect Timeout expired. All pooled connections are in use.
   at MySqlConnector.MySqlConnection.CreateSessionAsync(ConnectionPool pool, Int32 startTickCount, Nullable`1 ioBehavior, CancellationToken cancellationToken) in /_/src/MySqlConnector/MySqlConnection.cs:line 902
   at MySqlConnector.MySqlConnection.OpenAsync(Nullable`1 ioBehavior, CancellationToken cancellationToken) in /_/src/MySqlConnector/MySqlConnection.cs:line 435
   at MySqlConnector.MySqlConnection.Open() in /_/src/MySqlConnector/MySqlConnection.cs:line 380
   at Microsoft.EntityFrameworkCore.Storage.RelationalConnection.OpenInternal(Boolean errorsExpected)
   at Microsoft.EntityFrameworkCore.Storage.RelationalConnection.Open(Boolean errorsExpected)
   at Pomelo.EntityFrameworkCore.MySql.Storage.Internal.MySqlRelationalConnection.Open(Boolean errorsExpected)
   at Microsoft.EntityFrameworkCore.Storage.RelationalCommand.ExecuteReader(RelationalCommandParameterObject parameterObject)
   at Microsoft.EntityFrameworkCore.Query.Internal.SingleQueryingEnumerable`1.Enumerator.InitializeReader(DbContext _, Boolean result)
   at Pomelo.EntityFrameworkCore.MySql.Storage.Internal.MySqlExecutionStrategy.Execute[TState,TResult](TState state, Func`3 operation, Func`3 verifySucceeded)
   --- End of inner exception stack trace ---
   at Pomelo.EntityFrameworkCore.MySql.Storage.Internal.MySqlExecutionStrategy.Execute[TState,TResult](TState state, Func`3 operation, Func`3 verifySucceeded)
   at Microsoft.EntityFrameworkCore.Query.Internal.SingleQueryingEnumerable`1.Enumerator.MoveNext()
   at lambda_method(Closure , Object , IEnumerable`1 , ResolutionContext )
   --- End of inner exception stack trace ---
   at lambda_method(Closure , Object , IEnumerable`1 , ResolutionContext )
   at CWB.Masters.Services.ItemMaster.RawMaterialDetailService.GetPartPurchasesForPartNo(Int32 partId, Int64 tenantId) in D:\DockerTestCWB\CWB-Latest\CWB\CWB.Masters\Services\ItemMaster\RawMaterialDetailService.cs:line 262
   at CWB.Masters.Controllers.RawMaterialDetailController.GetPartPurchasesForPartId(Int32 partId, Int64 tenantId) in D:\DockerTestCWB\CWB-Latest\CWB\CWB.Masters\Controllers\RawMaterialDetailController.cs:line 353
   at lambda_method(Closure , Object , Object[] )
   at Microsoft.AspNetCore.Mvc.Infrastructure.ActionMethodExecutor.SyncActionResultExecutor.Execute(IActionResultTypeMapper mapper, ObjectMethodExecutor executor, Object controller, Object[] arguments)
   at Microsoft.AspNetCore.Mvc.Infrastructure.ControllerActionInvoker.InvokeActionMethodAsync()
   at Microsoft.AspNetCore.Mvc.Infrastructure.ControllerActionInvoker.Next(State& next, Scope& scope, Object& state, Boolean& isCompleted)
   at Microsoft.AspNetCore.Mvc.Infrastructure.ControllerActionInvoker.InvokeNextActionFilterAsync()
--- End of stack trace from previous location where exception was thrown ---
   at Microsoft.AspNetCore.Mvc.Infrastructure.ControllerActionInvoker.Rethrow(ActionExecutedContextSealed context)
   at Microsoft.AspNetCore.Mvc.Infrastructure.ControllerActionInvoker.Next(State& next, Scope& scope, Object& state, Boolean& isCompleted)
   at Microsoft.AspNetCore.Mvc.Infrastructure.ControllerActionInvoker.InvokeInnerFilterAsync()
--- End of stack trace from previous location where exception was thrown ---
   at Microsoft.AspNetCore.Mvc.Infrastructure.ResourceInvoker.<InvokeFilterPipelineAsync>g__Awaited|19_0(ResourceInvoker invoker, Task lastTask, State next, Scope scope, Object state, Boolean isCompleted)
   at Microsoft.AspNetCore.Mvc.Infrastructure.ResourceInvoker.<InvokeAsync>g__Awaited|17_0(ResourceInvoker invoker, Task task, IDisposable scope)
   at Microsoft.AspNetCore.Routing.EndpointMiddleware.<Invoke>g__AwaitRequestTask|6_0(Endpoint endpoint, Task requestTask, ILogger logger)
   at Microsoft.AspNetCore.Authorization.AuthorizationMiddleware.Invoke(HttpContext context)
   at Microsoft.AspNetCore.Authentication.AuthenticationMiddleware.Invoke(HttpContext context)
   at CWB.ExceptionHandling.ExceptionMiddleware.InvokeAsync(HttpContext httpContext) in D:\EvolutionSoftware\CWB-Latest\CWB\CWB.ExceptionHandling\ExceptionMiddleware.cs:line 26
2025-12-05 05:11:23.9487 ERROR Error: AutoMapper.AutoMapperMappingException: Error mapping types.

Mapping types:
EntityQueryable`1 -> IEnumerable`1
Microsoft.EntityFrameworkCore.Query.Internal.EntityQueryable`1[[CWB.Masters.Domain.ItemMaster.PartPurchaseDetails, CWB.Masters, Version=1.0.0.0, Culture=neutral, PublicKeyToken=null]] -> System.Collections.Generic.IEnumerable`1[[CWB.Masters.ViewModels.ItemMaster.PartPurchaseDetailsVM, CWB.Masters, Version=1.0.0.0, Culture=neutral, PublicKeyToken=null]]
 ---> System.InvalidOperationException: An exception has been raised that is likely due to a transient failure. Consider enabling transient error resiliency by adding 'EnableRetryOnFailure()' to the 'UseMySql' call.
 ---> MySqlConnector.MySqlException (0x80004005): Connect Timeout expired. All pooled connections are in use.
   at MySqlConnector.MySqlConnection.CreateSessionAsync(ConnectionPool pool, Int32 startTickCount, Nullable`1 ioBehavior, CancellationToken cancellationToken) in /_/src/MySqlConnector/MySqlConnection.cs:line 902
   at MySqlConnector.MySqlConnection.OpenAsync(Nullable`1 ioBehavior, CancellationToken cancellationToken) in /_/src/MySqlConnector/MySqlConnection.cs:line 435
   at MySqlConnector.MySqlConnection.Open() in /_/src/MySqlConnector/MySqlConnection.cs:line 380
   at Microsoft.EntityFrameworkCore.Storage.RelationalConnection.OpenInternal(Boolean errorsExpected)
   at Microsoft.EntityFrameworkCore.Storage.RelationalConnection.Open(Boolean errorsExpected)
   at Pomelo.EntityFrameworkCore.MySql.Storage.Internal.MySqlRelationalConnection.Open(Boolean errorsExpected)
   at Microsoft.EntityFrameworkCore.Storage.RelationalCommand.ExecuteReader(RelationalCommandParameterObject parameterObject)
   at Microsoft.EntityFrameworkCore.Query.Internal.SingleQueryingEnumerable`1.Enumerator.InitializeReader(DbContext _, Boolean result)
   at Pomelo.EntityFrameworkCore.MySql.Storage.Internal.MySqlExecutionStrategy.Execute[TState,TResult](TState state, Func`3 operation, Func`3 verifySucceeded)
   --- End of inner exception stack trace ---
   at Pomelo.EntityFrameworkCore.MySql.Storage.Internal.MySqlExecutionStrategy.Execute[TState,TResult](TState state, Func`3 operation, Func`3 verifySucceeded)
   at Microsoft.EntityFrameworkCore.Query.Internal.SingleQueryingEnumerable`1.Enumerator.MoveNext()
   at lambda_method(Closure , Object , IEnumerable`1 , ResolutionContext )
   --- End of inner exception stack trace ---
   at lambda_method(Closure , Object , IEnumerable`1 , ResolutionContext )
   at CWB.Masters.Services.ItemMaster.RawMaterialDetailService.GetPartPurchasesForPartNo(Int32 partId, Int64 tenantId) in D:\DockerTestCWB\CWB-Latest\CWB\CWB.Masters\Services\ItemMaster\RawMaterialDetailService.cs:line 262
   at CWB.Masters.Controllers.RawMaterialDetailController.GetPartPurchasesForPartId(Int32 partId, Int64 tenantId) in D:\DockerTestCWB\CWB-Latest\CWB\CWB.Masters\Controllers\RawMaterialDetailController.cs:line 353
   at lambda_method(Closure , Object , Object[] )
   at Microsoft.AspNetCore.Mvc.Infrastructure.ActionMethodExecutor.SyncActionResultExecutor.Execute(IActionResultTypeMapper mapper, ObjectMethodExecutor executor, Object controller, Object[] arguments)
   at Microsoft.AspNetCore.Mvc.Infrastructure.ControllerActionInvoker.InvokeActionMethodAsync()
   at Microsoft.AspNetCore.Mvc.Infrastructure.ControllerActionInvoker.Next(State& next, Scope& scope, Object& state, Boolean& isCompleted)
   at Microsoft.AspNetCore.Mvc.Infrastructure.ControllerActionInvoker.InvokeNextActionFilterAsync()
--- End of stack trace from previous location where exception was thrown ---
   at Microsoft.AspNetCore.Mvc.Infrastructure.ControllerActionInvoker.Rethrow(ActionExecutedContextSealed context)
   at Microsoft.AspNetCore.Mvc.Infrastructure.ControllerActionInvoker.Next(State& next, Scope& scope, Object& state, Boolean& isCompleted)
   at Microsoft.AspNetCore.Mvc.Infrastructure.ControllerActionInvoker.InvokeInnerFilterAsync()
--- End of stack trace from previous location where exception was thrown ---
   at Microsoft.AspNetCore.Mvc.Infrastructure.ResourceInvoker.<InvokeFilterPipelineAsync>g__Awaited|19_0(ResourceInvoker invoker, Task lastTask, State next, Scope scope, Object state, Boolean isCompleted)
   at Microsoft.AspNetCore.Mvc.Infrastructure.ResourceInvoker.<InvokeAsync>g__Awaited|17_0(ResourceInvoker invoker, Task task, IDisposable scope)
   at Microsoft.AspNetCore.Routing.EndpointMiddleware.<Invoke>g__AwaitRequestTask|6_0(Endpoint endpoint, Task requestTask, ILogger logger)
   at Microsoft.AspNetCore.Authorization.AuthorizationMiddleware.Invoke(HttpContext context)
   at Microsoft.AspNetCore.Authentication.AuthenticationMiddleware.Invoke(HttpContext context)
   at CWB.ExceptionHandling.ExceptionMiddleware.InvokeAsync(HttpContext httpContext) in D:\EvolutionSoftware\CWB-Latest\CWB\CWB.ExceptionHandling\ExceptionMiddleware.cs:line 26
2025-12-05 05:11:28.9176 ERROR Error: AutoMapper.AutoMapperMappingException: Error mapping types.

Mapping types:
EntityQueryable`1 -> IEnumerable`1
Microsoft.EntityFrameworkCore.Query.Internal.EntityQueryable`1[[CWB.Masters.Domain.ItemMaster.PartPurchaseDetails, CWB.Masters, Version=1.0.0.0, Culture=neutral, PublicKeyToken=null]] -> System.Collections.Generic.IEnumerable`1[[CWB.Masters.ViewModels.ItemMaster.PartPurchaseDetailsVM, CWB.Masters, Version=1.0.0.0, Culture=neutral, PublicKeyToken=null]]
 ---> System.InvalidOperationException: An exception has been raised that is likely due to a transient failure. Consider enabling transient error resiliency by adding 'EnableRetryOnFailure()' to the 'UseMySql' call.
 ---> MySqlConnector.MySqlException (0x80004005): Connect Timeout expired. All pooled connections are in use.
   at MySqlConnector.MySqlConnection.CreateSessionAsync(ConnectionPool pool, Int32 startTickCount, Nullable`1 ioBehavior, CancellationToken cancellationToken) in /_/src/MySqlConnector/MySqlConnection.cs:line 902
   at MySqlConnector.MySqlConnection.OpenAsync(Nullable`1 ioBehavior, CancellationToken cancellationToken) in /_/src/MySqlConnector/MySqlConnection.cs:line 435
   at MySqlConnector.MySqlConnection.Open() in /_/src/MySqlConnector/MySqlConnection.cs:line 380
   at Microsoft.EntityFrameworkCore.Storage.RelationalConnection.OpenInternal(Boolean errorsExpected)
   at Microsoft.EntityFrameworkCore.Storage.RelationalConnection.Open(Boolean errorsExpected)
   at Pomelo.EntityFrameworkCore.MySql.Storage.Internal.MySqlRelationalConnection.Open(Boolean errorsExpected)
   at Microsoft.EntityFrameworkCore.Storage.RelationalCommand.ExecuteReader(RelationalCommandParameterObject parameterObject)
   at Microsoft.EntityFrameworkCore.Query.Internal.SingleQueryingEnumerable`1.Enumerator.InitializeReader(DbContext _, Boolean result)
   at Pomelo.EntityFrameworkCore.MySql.Storage.Internal.MySqlExecutionStrategy.Execute[TState,TResult](TState state, Func`3 operation, Func`3 verifySucceeded)
   --- End of inner exception stack trace ---
   at Pomelo.EntityFrameworkCore.MySql.Storage.Internal.MySqlExecutionStrategy.Execute[TState,TResult](TState state, Func`3 operation, Func`3 verifySucceeded)
   at Microsoft.EntityFrameworkCore.Query.Internal.SingleQueryingEnumerable`1.Enumerator.MoveNext()
   at lambda_method(Closure , Object , IEnumerable`1 , ResolutionContext )
   --- End of inner exception stack trace ---
   at lambda_method(Closure , Object , IEnumerable`1 , ResolutionContext )
   at CWB.Masters.Services.ItemMaster.RawMaterialDetailService.GetPartPurchasesForPartNo(Int32 partId, Int64 tenantId) in D:\DockerTestCWB\CWB-Latest\CWB\CWB.Masters\Services\ItemMaster\RawMaterialDetailService.cs:line 262
   at CWB.Masters.Controllers.RawMaterialDetailController.GetPartPurchasesForPartId(Int32 partId, Int64 tenantId) in D:\DockerTestCWB\CWB-Latest\CWB\CWB.Masters\Controllers\RawMaterialDetailController.cs:line 353
   at lambda_method(Closure , Object , Object[] )
   at Microsoft.AspNetCore.Mvc.Infrastructure.ActionMethodExecutor.SyncActionResultExecutor.Execute(IActionResultTypeMapper mapper, ObjectMethodExecutor executor, Object controller, Object[] arguments)
   at Microsoft.AspNetCore.Mvc.Infrastructure.ControllerActionInvoker.InvokeActionMethodAsync()
   at Microsoft.AspNetCore.Mvc.Infrastructure.ControllerActionInvoker.Next(State& next, Scope& scope, Object& state, Boolean& isCompleted)
   at Microsoft.AspNetCore.Mvc.Infrastructure.ControllerActionInvoker.InvokeNextActionFilterAsync()
--- End of stack trace from previous location where exception was thrown ---
   at Microsoft.AspNetCore.Mvc.Infrastructure.ControllerActionInvoker.Rethrow(ActionExecutedContextSealed context)
   at Microsoft.AspNetCore.Mvc.Infrastructure.ControllerActionInvoker.Next(State& next, Scope& scope, Object& state, Boolean& isCompleted)
   at Microsoft.AspNetCore.Mvc.Infrastructure.ControllerActionInvoker.InvokeInnerFilterAsync()
--- End of stack trace from previous location where exception was thrown ---
   at Microsoft.AspNetCore.Mvc.Infrastructure.ResourceInvoker.<InvokeFilterPipelineAsync>g__Awaited|19_0(ResourceInvoker invoker, Task lastTask, State next, Scope scope, Object state, Boolean isCompleted)
   at Microsoft.AspNetCore.Mvc.Infrastructure.ResourceInvoker.<InvokeAsync>g__Awaited|17_0(ResourceInvoker invoker, Task task, IDisposable scope)
   at Microsoft.AspNetCore.Routing.EndpointMiddleware.<Invoke>g__AwaitRequestTask|6_0(Endpoint endpoint, Task requestTask, ILogger logger)
   at Microsoft.AspNetCore.Authorization.AuthorizationMiddleware.Invoke(HttpContext context)
   at Microsoft.AspNetCore.Authentication.AuthenticationMiddleware.Invoke(HttpContext context)
   at CWB.ExceptionHandling.ExceptionMiddleware.InvokeAsync(HttpContext httpContext) in D:\EvolutionSoftware\CWB-Latest\CWB\CWB.ExceptionHandling\ExceptionMiddleware.cs:line 26
2025-12-05 05:11:29.1757 ERROR Error: AutoMapper.AutoMapperMappingException: Error mapping types.

Mapping types:
EntityQueryable`1 -> IEnumerable`1
Microsoft.EntityFrameworkCore.Query.Internal.EntityQueryable`1[[CWB.Masters.Domain.ItemMaster.PartPurchaseDetails, CWB.Masters, Version=1.0.0.0, Culture=neutral, PublicKeyToken=null]] -> System.Collections.Generic.IEnumerable`1[[CWB.Masters.ViewModels.ItemMaster.PartPurchaseDetailsVM, CWB.Masters, Version=1.0.0.0, Culture=neutral, PublicKeyToken=null]]
 ---> System.InvalidOperationException: An exception has been raised that is likely due to a transient failure. Consider enabling transient error resiliency by adding 'EnableRetryOnFailure()' to the 'UseMySql' call.
 ---> MySqlConnector.MySqlException (0x80004005): Connect Timeout expired. All pooled connections are in use.
   at MySqlConnector.MySqlConnection.CreateSessionAsync(ConnectionPool pool, Int32 startTickCount, Nullable`1 ioBehavior, CancellationToken cancellationToken) in /_/src/MySqlConnector/MySqlConnection.cs:line 902
   at MySqlConnector.MySqlConnection.OpenAsync(Nullable`1 ioBehavior, CancellationToken cancellationToken) in /_/src/MySqlConnector/MySqlConnection.cs:line 435
   at MySqlConnector.MySqlConnection.Open() in /_/src/MySqlConnector/MySqlConnection.cs:line 380
   at Microsoft.EntityFrameworkCore.Storage.RelationalConnection.OpenInternal(Boolean errorsExpected)
   at Microsoft.EntityFrameworkCore.Storage.RelationalConnection.Open(Boolean errorsExpected)
   at Pomelo.EntityFrameworkCore.MySql.Storage.Internal.MySqlRelationalConnection.Open(Boolean errorsExpected)
   at Microsoft.EntityFrameworkCore.Storage.RelationalCommand.ExecuteReader(RelationalCommandParameterObject parameterObject)
   at Microsoft.EntityFrameworkCore.Query.Internal.SingleQueryingEnumerable`1.Enumerator.InitializeReader(DbContext _, Boolean result)
   at Pomelo.EntityFrameworkCore.MySql.Storage.Internal.MySqlExecutionStrategy.Execute[TState,TResult](TState state, Func`3 operation, Func`3 verifySucceeded)
   --- End of inner exception stack trace ---
   at Pomelo.EntityFrameworkCore.MySql.Storage.Internal.MySqlExecutionStrategy.Execute[TState,TResult](TState state, Func`3 operation, Func`3 verifySucceeded)
   at Microsoft.EntityFrameworkCore.Query.Internal.SingleQueryingEnumerable`1.Enumerator.MoveNext()
   at lambda_method(Closure , Object , IEnumerable`1 , ResolutionContext )
   --- End of inner exception stack trace ---
   at lambda_method(Closure , Object , IEnumerable`1 , ResolutionContext )
   at CWB.Masters.Services.ItemMaster.RawMaterialDetailService.GetPartPurchasesForPartNo(Int32 partId, Int64 tenantId) in D:\DockerTestCWB\CWB-Latest\CWB\CWB.Masters\Services\ItemMaster\RawMaterialDetailService.cs:line 262
   at CWB.Masters.Controllers.RawMaterialDetailController.GetPartPurchasesForPartId(Int32 partId, Int64 tenantId) in D:\DockerTestCWB\CWB-Latest\CWB\CWB.Masters\Controllers\RawMaterialDetailController.cs:line 353
   at lambda_method(Closure , Object , Object[] )
   at Microsoft.AspNetCore.Mvc.Infrastructure.ActionMethodExecutor.SyncActionResultExecutor.Execute(IActionResultTypeMapper mapper, ObjectMethodExecutor executor, Object controller, Object[] arguments)
   at Microsoft.AspNetCore.Mvc.Infrastructure.ControllerActionInvoker.InvokeActionMethodAsync()
   at Microsoft.AspNetCore.Mvc.Infrastructure.ControllerActionInvoker.Next(State& next, Scope& scope, Object& state, Boolean& isCompleted)
   at Microsoft.AspNetCore.Mvc.Infrastructure.ControllerActionInvoker.InvokeNextActionFilterAsync()
--- End of stack trace from previous location where exception was thrown ---
   at Microsoft.AspNetCore.Mvc.Infrastructure.ControllerActionInvoker.Rethrow(ActionExecutedContextSealed context)
   at Microsoft.AspNetCore.Mvc.Infrastructure.ControllerActionInvoker.Next(State& next, Scope& scope, Object& state, Boolean& isCompleted)
   at Microsoft.AspNetCore.Mvc.Infrastructure.ControllerActionInvoker.InvokeInnerFilterAsync()
--- End of stack trace from previous location where exception was thrown ---
   at Microsoft.AspNetCore.Mvc.Infrastructure.ResourceInvoker.<InvokeFilterPipelineAsync>g__Awaited|19_0(ResourceInvoker invoker, Task lastTask, State next, Scope scope, Object state, Boolean isCompleted)
   at Microsoft.AspNetCore.Mvc.Infrastructure.ResourceInvoker.<InvokeAsync>g__Awaited|17_0(ResourceInvoker invoker, Task task, IDisposable scope)
   at Microsoft.AspNetCore.Routing.EndpointMiddleware.<Invoke>g__AwaitRequestTask|6_0(Endpoint endpoint, Task requestTask, ILogger logger)
   at Microsoft.AspNetCore.Authorization.AuthorizationMiddleware.Invoke(HttpContext context)
   at Microsoft.AspNetCore.Authentication.AuthenticationMiddleware.Invoke(HttpContext context)
   at CWB.ExceptionHandling.ExceptionMiddleware.InvokeAsync(HttpContext httpContext) in D:\EvolutionSoftware\CWB-Latest\CWB\CWB.ExceptionHandling\ExceptionMiddleware.cs:line 26
2025-12-05 05:11:31.0222 ERROR Error: AutoMapper.AutoMapperMappingException: Error mapping types.

Mapping types:
EntityQueryable`1 -> IEnumerable`1
Microsoft.EntityFrameworkCore.Query.Internal.EntityQueryable`1[[CWB.Masters.Domain.ItemMaster.PartPurchaseDetails, CWB.Masters, Version=1.0.0.0, Culture=neutral, PublicKeyToken=null]] -> System.Collections.Generic.IEnumerable`1[[CWB.Masters.ViewModels.ItemMaster.PartPurchaseDetailsVM, CWB.Masters, Version=1.0.0.0, Culture=neutral, PublicKeyToken=null]]
 ---> System.InvalidOperationException: An exception has been raised that is likely due to a transient failure. Consider enabling transient error resiliency by adding 'EnableRetryOnFailure()' to the 'UseMySql' call.
 ---> MySqlConnector.MySqlException (0x80004005): Connect Timeout expired. All pooled connections are in use.
   at MySqlConnector.MySqlConnection.CreateSessionAsync(ConnectionPool pool, Int32 startTickCount, Nullable`1 ioBehavior, CancellationToken cancellationToken) in /_/src/MySqlConnector/MySqlConnection.cs:line 902
   at MySqlConnector.MySqlConnection.OpenAsync(Nullable`1 ioBehavior, CancellationToken cancellationToken) in /_/src/MySqlConnector/MySqlConnection.cs:line 435
   at MySqlConnector.MySqlConnection.Open() in /_/src/MySqlConnector/MySqlConnection.cs:line 380
   at Microsoft.EntityFrameworkCore.Storage.RelationalConnection.OpenInternal(Boolean errorsExpected)
   at Microsoft.EntityFrameworkCore.Storage.RelationalConnection.Open(Boolean errorsExpected)
   at Pomelo.EntityFrameworkCore.MySql.Storage.Internal.MySqlRelationalConnection.Open(Boolean errorsExpected)
   at Microsoft.EntityFrameworkCore.Storage.RelationalCommand.ExecuteReader(RelationalCommandParameterObject parameterObject)
   at Microsoft.EntityFrameworkCore.Query.Internal.SingleQueryingEnumerable`1.Enumerator.InitializeReader(DbContext _, Boolean result)
   at Pomelo.EntityFrameworkCore.MySql.Storage.Internal.MySqlExecutionStrategy.Execute[TState,TResult](TState state, Func`3 operation, Func`3 verifySucceeded)
   --- End of inner exception stack trace ---
   at Pomelo.EntityFrameworkCore.MySql.Storage.Internal.MySqlExecutionStrategy.Execute[TState,TResult](TState state, Func`3 operation, Func`3 verifySucceeded)
   at Microsoft.EntityFrameworkCore.Query.Internal.SingleQueryingEnumerable`1.Enumerator.MoveNext()
   at lambda_method(Closure , Object , IEnumerable`1 , ResolutionContext )
   --- End of inner exception stack trace ---
   at lambda_method(Closure , Object , IEnumerable`1 , ResolutionContext )
   at CWB.Masters.Services.ItemMaster.RawMaterialDetailService.GetPartPurchasesForPartNo(Int32 partId, Int64 tenantId) in D:\DockerTestCWB\CWB-Latest\CWB\CWB.Masters\Services\ItemMaster\RawMaterialDetailService.cs:line 262
   at CWB.Masters.Controllers.RawMaterialDetailController.GetPartPurchasesForPartId(Int32 partId, Int64 tenantId) in D:\DockerTestCWB\CWB-Latest\CWB\CWB.Masters\Controllers\RawMaterialDetailController.cs:line 353
   at lambda_method(Closure , Object , Object[] )
   at Microsoft.AspNetCore.Mvc.Infrastructure.ActionMethodExecutor.SyncActionResultExecutor.Execute(IActionResultTypeMapper mapper, ObjectMethodExecutor executor, Object controller, Object[] arguments)
   at Microsoft.AspNetCore.Mvc.Infrastructure.ControllerActionInvoker.InvokeActionMethodAsync()
   at Microsoft.AspNetCore.Mvc.Infrastructure.ControllerActionInvoker.Next(State& next, Scope& scope, Object& state, Boolean& isCompleted)
   at Microsoft.AspNetCore.Mvc.Infrastructure.ControllerActionInvoker.InvokeNextActionFilterAsync()
--- End of stack trace from previous location where exception was thrown ---
   at Microsoft.AspNetCore.Mvc.Infrastructure.ControllerActionInvoker.Rethrow(ActionExecutedContextSealed context)
   at Microsoft.AspNetCore.Mvc.Infrastructure.ControllerActionInvoker.Next(State& next, Scope& scope, Object& state, Boolean& isCompleted)
   at Microsoft.AspNetCore.Mvc.Infrastructure.ControllerActionInvoker.InvokeInnerFilterAsync()
--- End of stack trace from previous location where exception was thrown ---
   at Microsoft.AspNetCore.Mvc.Infrastructure.ResourceInvoker.<InvokeFilterPipelineAsync>g__Awaited|19_0(ResourceInvoker invoker, Task lastTask, State next, Scope scope, Object state, Boolean isCompleted)
   at Microsoft.AspNetCore.Mvc.Infrastructure.ResourceInvoker.<InvokeAsync>g__Awaited|17_0(ResourceInvoker invoker, Task task, IDisposable scope)
   at Microsoft.AspNetCore.Routing.EndpointMiddleware.<Invoke>g__AwaitRequestTask|6_0(Endpoint endpoint, Task requestTask, ILogger logger)
   at Microsoft.AspNetCore.Authorization.AuthorizationMiddleware.Invoke(HttpContext context)
   at Microsoft.AspNetCore.Authentication.AuthenticationMiddleware.Invoke(HttpContext context)
   at CWB.ExceptionHandling.ExceptionMiddleware.InvokeAsync(HttpContext httpContext) in D:\EvolutionSoftware\CWB-Latest\CWB\CWB.ExceptionHandling\ExceptionMiddleware.cs:line 26
2025-12-05 05:11:35.1480 ERROR Error: AutoMapper.AutoMapperMappingException: Error mapping types.

Mapping types:
EntityQueryable`1 -> IEnumerable`1
Microsoft.EntityFrameworkCore.Query.Internal.EntityQueryable`1[[CWB.Masters.Domain.ItemMaster.PartPurchaseDetails, CWB.Masters, Version=1.0.0.0, Culture=neutral, PublicKeyToken=null]] -> System.Collections.Generic.IEnumerable`1[[CWB.Masters.ViewModels.ItemMaster.PartPurchaseDetailsVM, CWB.Masters, Version=1.0.0.0, Culture=neutral, PublicKeyToken=null]]
 ---> System.InvalidOperationException: An exception has been raised that is likely due to a transient failure. Consider enabling transient error resiliency by adding 'EnableRetryOnFailure()' to the 'UseMySql' call.
 ---> MySqlConnector.MySqlException (0x80004005): Connect Timeout expired. All pooled connections are in use.
   at MySqlConnector.MySqlConnection.CreateSessionAsync(ConnectionPool pool, Int32 startTickCount, Nullable`1 ioBehavior, CancellationToken cancellationToken) in /_/src/MySqlConnector/MySqlConnection.cs:line 902
   at MySqlConnector.MySqlConnection.OpenAsync(Nullable`1 ioBehavior, CancellationToken cancellationToken) in /_/src/MySqlConnector/MySqlConnection.cs:line 435
   at MySqlConnector.MySqlConnection.Open() in /_/src/MySqlConnector/MySqlConnection.cs:line 380
   at Microsoft.EntityFrameworkCore.Storage.RelationalConnection.OpenInternal(Boolean errorsExpected)
   at Microsoft.EntityFrameworkCore.Storage.RelationalConnection.Open(Boolean errorsExpected)
   at Pomelo.EntityFrameworkCore.MySql.Storage.Internal.MySqlRelationalConnection.Open(Boolean errorsExpected)
   at Microsoft.EntityFrameworkCore.Storage.RelationalCommand.ExecuteReader(RelationalCommandParameterObject parameterObject)
   at Microsoft.EntityFrameworkCore.Query.Internal.SingleQueryingEnumerable`1.Enumerator.InitializeReader(DbContext _, Boolean result)
   at Pomelo.EntityFrameworkCore.MySql.Storage.Internal.MySqlExecutionStrategy.Execute[TState,TResult](TState state, Func`3 operation, Func`3 verifySucceeded)
   --- End of inner exception stack trace ---
   at Pomelo.EntityFrameworkCore.MySql.Storage.Internal.MySqlExecutionStrategy.Execute[TState,TResult](TState state, Func`3 operation, Func`3 verifySucceeded)
   at Microsoft.EntityFrameworkCore.Query.Internal.SingleQueryingEnumerable`1.Enumerator.MoveNext()
   at lambda_method(Closure , Object , IEnumerable`1 , ResolutionContext )
   --- End of inner exception stack trace ---
   at lambda_method(Closure , Object , IEnumerable`1 , ResolutionContext )
   at CWB.Masters.Services.ItemMaster.RawMaterialDetailService.GetPartPurchasesForPartNo(Int32 partId, Int64 tenantId) in D:\DockerTestCWB\CWB-Latest\CWB\CWB.Masters\Services\ItemMaster\RawMaterialDetailService.cs:line 262
   at CWB.Masters.Controllers.RawMaterialDetailController.GetPartPurchasesForPartId(Int32 partId, Int64 tenantId) in D:\DockerTestCWB\CWB-Latest\CWB\CWB.Masters\Controllers\RawMaterialDetailController.cs:line 353
   at lambda_method(Closure , Object , Object[] )
   at Microsoft.AspNetCore.Mvc.Infrastructure.ActionMethodExecutor.SyncActionResultExecutor.Execute(IActionResultTypeMapper mapper, ObjectMethodExecutor executor, Object controller, Object[] arguments)
   at Microsoft.AspNetCore.Mvc.Infrastructure.ControllerActionInvoker.InvokeActionMethodAsync()
   at Microsoft.AspNetCore.Mvc.Infrastructure.ControllerActionInvoker.Next(State& next, Scope& scope, Object& state, Boolean& isCompleted)
   at Microsoft.AspNetCore.Mvc.Infrastructure.ControllerActionInvoker.InvokeNextActionFilterAsync()
--- End of stack trace from previous location where exception was thrown ---
   at Microsoft.AspNetCore.Mvc.Infrastructure.ControllerActionInvoker.Rethrow(ActionExecutedContextSealed context)
   at Microsoft.AspNetCore.Mvc.Infrastructure.ControllerActionInvoker.Next(State& next, Scope& scope, Object& state, Boolean& isCompleted)
   at Microsoft.AspNetCore.Mvc.Infrastructure.ControllerActionInvoker.InvokeInnerFilterAsync()
--- End of stack trace from previous location where exception was thrown ---
   at Microsoft.AspNetCore.Mvc.Infrastructure.ResourceInvoker.<InvokeFilterPipelineAsync>g__Awaited|19_0(ResourceInvoker invoker, Task lastTask, State next, Scope scope, Object state, Boolean isCompleted)
   at Microsoft.AspNetCore.Mvc.Infrastructure.ResourceInvoker.<InvokeAsync>g__Awaited|17_0(ResourceInvoker invoker, Task task, IDisposable scope)
   at Microsoft.AspNetCore.Routing.EndpointMiddleware.<Invoke>g__AwaitRequestTask|6_0(Endpoint endpoint, Task requestTask, ILogger logger)
   at Microsoft.AspNetCore.Authorization.AuthorizationMiddleware.Invoke(HttpContext context)
   at Microsoft.AspNetCore.Authentication.AuthenticationMiddleware.Invoke(HttpContext context)
   at CWB.ExceptionHandling.ExceptionMiddleware.InvokeAsync(HttpContext httpContext) in D:\EvolutionSoftware\CWB-Latest\CWB\CWB.ExceptionHandling\ExceptionMiddleware.cs:line 26
2025-12-05 05:11:35.1480 ERROR Error: AutoMapper.AutoMapperMappingException: Error mapping types.

Mapping types:
EntityQueryable`1 -> IEnumerable`1
Microsoft.EntityFrameworkCore.Query.Internal.EntityQueryable`1[[CWB.Masters.Domain.ItemMaster.PartPurchaseDetails, CWB.Masters, Version=1.0.0.0, Culture=neutral, PublicKeyToken=null]] -> System.Collections.Generic.IEnumerable`1[[CWB.Masters.ViewModels.ItemMaster.PartPurchaseDetailsVM, CWB.Masters, Version=1.0.0.0, Culture=neutral, PublicKeyToken=null]]
 ---> System.InvalidOperationException: An exception has been raised that is likely due to a transient failure. Consider enabling transient error resiliency by adding 'EnableRetryOnFailure()' to the 'UseMySql' call.
 ---> MySqlConnector.MySqlException (0x80004005): Connect Timeout expired. All pooled connections are in use.
   at MySqlConnector.MySqlConnection.CreateSessionAsync(ConnectionPool pool, Int32 startTickCount, Nullable`1 ioBehavior, CancellationToken cancellationToken) in /_/src/MySqlConnector/MySqlConnection.cs:line 902
   at MySqlConnector.MySqlConnection.OpenAsync(Nullable`1 ioBehavior, CancellationToken cancellationToken) in /_/src/MySqlConnector/MySqlConnection.cs:line 435
   at MySqlConnector.MySqlConnection.Open() in /_/src/MySqlConnector/MySqlConnection.cs:line 380
   at Microsoft.EntityFrameworkCore.Storage.RelationalConnection.OpenInternal(Boolean errorsExpected)
   at Microsoft.EntityFrameworkCore.Storage.RelationalConnection.Open(Boolean errorsExpected)
   at Pomelo.EntityFrameworkCore.MySql.Storage.Internal.MySqlRelationalConnection.Open(Boolean errorsExpected)
   at Microsoft.EntityFrameworkCore.Storage.RelationalCommand.ExecuteReader(RelationalCommandParameterObject parameterObject)
   at Microsoft.EntityFrameworkCore.Query.Internal.SingleQueryingEnumerable`1.Enumerator.InitializeReader(DbContext _, Boolean result)
   at Pomelo.EntityFrameworkCore.MySql.Storage.Internal.MySqlExecutionStrategy.Execute[TState,TResult](TState state, Func`3 operation, Func`3 verifySucceeded)
   --- End of inner exception stack trace ---
   at Pomelo.EntityFrameworkCore.MySql.Storage.Internal.MySqlExecutionStrategy.Execute[TState,TResult](TState state, Func`3 operation, Func`3 verifySucceeded)
   at Microsoft.EntityFrameworkCore.Query.Internal.SingleQueryingEnumerable`1.Enumerator.MoveNext()
   at lambda_method(Closure , Object , IEnumerable`1 , ResolutionContext )
   --- End of inner exception stack trace ---
   at lambda_method(Closure , Object , IEnumerable`1 , ResolutionContext )
   at CWB.Masters.Services.ItemMaster.RawMaterialDetailService.GetPartPurchasesForPartNo(Int32 partId, Int64 tenantId) in D:\DockerTestCWB\CWB-Latest\CWB\CWB.Masters\Services\ItemMaster\RawMaterialDetailService.cs:line 262
   at CWB.Masters.Controllers.RawMaterialDetailController.GetPartPurchasesForPartId(Int32 partId, Int64 tenantId) in D:\DockerTestCWB\CWB-Latest\CWB\CWB.Masters\Controllers\RawMaterialDetailController.cs:line 353
   at lambda_method(Closure , Object , Object[] )
   at Microsoft.AspNetCore.Mvc.Infrastructure.ActionMethodExecutor.SyncActionResultExecutor.Execute(IActionResultTypeMapper mapper, ObjectMethodExecutor executor, Object controller, Object[] arguments)
   at Microsoft.AspNetCore.Mvc.Infrastructure.ControllerActionInvoker.InvokeActionMethodAsync()
   at Microsoft.AspNetCore.Mvc.Infrastructure.ControllerActionInvoker.Next(State& next, Scope& scope, Object& state, Boolean& isCompleted)
   at Microsoft.AspNetCore.Mvc.Infrastructure.ControllerActionInvoker.InvokeNextActionFilterAsync()
--- End of stack trace from previous location where exception was thrown ---
   at Microsoft.AspNetCore.Mvc.Infrastructure.ControllerActionInvoker.Rethrow(ActionExecutedContextSealed context)
   at Microsoft.AspNetCore.Mvc.Infrastructure.ControllerActionInvoker.Next(State& next, Scope& scope, Object& state, Boolean& isCompleted)
   at Microsoft.AspNetCore.Mvc.Infrastructure.ControllerActionInvoker.InvokeInnerFilterAsync()
--- End of stack trace from previous location where exception was thrown ---
   at Microsoft.AspNetCore.Mvc.Infrastructure.ResourceInvoker.<InvokeFilterPipelineAsync>g__Awaited|19_0(ResourceInvoker invoker, Task lastTask, State next, Scope scope, Object state, Boolean isCompleted)
   at Microsoft.AspNetCore.Mvc.Infrastructure.ResourceInvoker.<InvokeAsync>g__Awaited|17_0(ResourceInvoker invoker, Task task, IDisposable scope)
   at Microsoft.AspNetCore.Routing.EndpointMiddleware.<Invoke>g__AwaitRequestTask|6_0(Endpoint endpoint, Task requestTask, ILogger logger)
   at Microsoft.AspNetCore.Authorization.AuthorizationMiddleware.Invoke(HttpContext context)
   at Microsoft.AspNetCore.Authentication.AuthenticationMiddleware.Invoke(HttpContext context)
   at CWB.ExceptionHandling.ExceptionMiddleware.InvokeAsync(HttpContext httpContext) in D:\EvolutionSoftware\CWB-Latest\CWB\CWB.ExceptionHandling\ExceptionMiddleware.cs:line 26
2025-12-05 05:11:35.2777 ERROR Error: AutoMapper.AutoMapperMappingException: Error mapping types.

Mapping types:
EntityQueryable`1 -> IEnumerable`1
Microsoft.EntityFrameworkCore.Query.Internal.EntityQueryable`1[[CWB.Masters.Domain.ItemMaster.PartPurchaseDetails, CWB.Masters, Version=1.0.0.0, Culture=neutral, PublicKeyToken=null]] -> System.Collections.Generic.IEnumerable`1[[CWB.Masters.ViewModels.ItemMaster.PartPurchaseDetailsVM, CWB.Masters, Version=1.0.0.0, Culture=neutral, PublicKeyToken=null]]
 ---> System.InvalidOperationException: An exception has been raised that is likely due to a transient failure. Consider enabling transient error resiliency by adding 'EnableRetryOnFailure()' to the 'UseMySql' call.
 ---> MySqlConnector.MySqlException (0x80004005): Connect Timeout expired. All pooled connections are in use.
   at MySqlConnector.MySqlConnection.CreateSessionAsync(ConnectionPool pool, Int32 startTickCount, Nullable`1 ioBehavior, CancellationToken cancellationToken) in /_/src/MySqlConnector/MySqlConnection.cs:line 902
   at MySqlConnector.MySqlConnection.OpenAsync(Nullable`1 ioBehavior, CancellationToken cancellationToken) in /_/src/MySqlConnector/MySqlConnection.cs:line 435
   at MySqlConnector.MySqlConnection.Open() in /_/src/MySqlConnector/MySqlConnection.cs:line 380
   at Microsoft.EntityFrameworkCore.Storage.RelationalConnection.OpenInternal(Boolean errorsExpected)
   at Microsoft.EntityFrameworkCore.Storage.RelationalConnection.Open(Boolean errorsExpected)
   at Pomelo.EntityFrameworkCore.MySql.Storage.Internal.MySqlRelationalConnection.Open(Boolean errorsExpected)
   at Microsoft.EntityFrameworkCore.Storage.RelationalCommand.ExecuteReader(RelationalCommandParameterObject parameterObject)
   at Microsoft.EntityFrameworkCore.Query.Internal.SingleQueryingEnumerable`1.Enumerator.InitializeReader(DbContext _, Boolean result)
   at Pomelo.EntityFrameworkCore.MySql.Storage.Internal.MySqlExecutionStrategy.Execute[TState,TResult](TState state, Func`3 operation, Func`3 verifySucceeded)
   --- End of inner exception stack trace ---
   at Pomelo.EntityFrameworkCore.MySql.Storage.Internal.MySqlExecutionStrategy.Execute[TState,TResult](TState state, Func`3 operation, Func`3 verifySucceeded)
   at Microsoft.EntityFrameworkCore.Query.Internal.SingleQueryingEnumerable`1.Enumerator.MoveNext()
   at lambda_method(Closure , Object , IEnumerable`1 , ResolutionContext )
   --- End of inner exception stack trace ---
   at lambda_method(Closure , Object , IEnumerable`1 , ResolutionContext )
   at CWB.Masters.Services.ItemMaster.RawMaterialDetailService.GetPartPurchasesForPartNo(Int32 partId, Int64 tenantId) in D:\DockerTestCWB\CWB-Latest\CWB\CWB.Masters\Services\ItemMaster\RawMaterialDetailService.cs:line 262
   at CWB.Masters.Controllers.RawMaterialDetailController.GetPartPurchasesForPartId(Int32 partId, Int64 tenantId) in D:\DockerTestCWB\CWB-Latest\CWB\CWB.Masters\Controllers\RawMaterialDetailController.cs:line 353
   at lambda_method(Closure , Object , Object[] )
   at Microsoft.AspNetCore.Mvc.Infrastructure.ActionMethodExecutor.SyncActionResultExecutor.Execute(IActionResultTypeMapper mapper, ObjectMethodExecutor executor, Object controller, Object[] arguments)
   at Microsoft.AspNetCore.Mvc.Infrastructure.ControllerActionInvoker.InvokeActionMethodAsync()
   at Microsoft.AspNetCore.Mvc.Infrastructure.ControllerActionInvoker.Next(State& next, Scope& scope, Object& state, Boolean& isCompleted)
   at Microsoft.AspNetCore.Mvc.Infrastructure.ControllerActionInvoker.InvokeNextActionFilterAsync()
--- End of stack trace from previous location where exception was thrown ---
   at Microsoft.AspNetCore.Mvc.Infrastructure.ControllerActionInvoker.Rethrow(ActionExecutedContextSealed context)
   at Microsoft.AspNetCore.Mvc.Infrastructure.ControllerActionInvoker.Next(State& next, Scope& scope, Object& state, Boolean& isCompleted)
   at Microsoft.AspNetCore.Mvc.Infrastructure.ControllerActionInvoker.InvokeInnerFilterAsync()
--- End of stack trace from previous location where exception was thrown ---
   at Microsoft.AspNetCore.Mvc.Infrastructure.ResourceInvoker.<InvokeFilterPipelineAsync>g__Awaited|19_0(ResourceInvoker invoker, Task lastTask, State next, Scope scope, Object state, Boolean isCompleted)
   at Microsoft.AspNetCore.Mvc.Infrastructure.ResourceInvoker.<InvokeAsync>g__Awaited|17_0(ResourceInvoker invoker, Task task, IDisposable scope)
   at Microsoft.AspNetCore.Routing.EndpointMiddleware.<Invoke>g__AwaitRequestTask|6_0(Endpoint endpoint, Task requestTask, ILogger logger)
   at Microsoft.AspNetCore.Authorization.AuthorizationMiddleware.Invoke(HttpContext context)
   at Microsoft.AspNetCore.Authentication.AuthenticationMiddleware.Invoke(HttpContext context)
   at CWB.ExceptionHandling.ExceptionMiddleware.InvokeAsync(HttpContext httpContext) in D:\EvolutionSoftware\CWB-Latest\CWB\CWB.ExceptionHandling\ExceptionMiddleware.cs:line 26
2025-12-05 05:11:35.3147 ERROR Error: AutoMapper.AutoMapperMappingException: Error mapping types.

Mapping types:
EntityQueryable`1 -> IEnumerable`1
Microsoft.EntityFrameworkCore.Query.Internal.EntityQueryable`1[[CWB.Masters.Domain.ItemMaster.PartPurchaseDetails, CWB.Masters, Version=1.0.0.0, Culture=neutral, PublicKeyToken=null]] -> System.Collections.Generic.IEnumerable`1[[CWB.Masters.ViewModels.ItemMaster.PartPurchaseDetailsVM, CWB.Masters, Version=1.0.0.0, Culture=neutral, PublicKeyToken=null]]
 ---> System.InvalidOperationException: An exception has been raised that is likely due to a transient failure. Consider enabling transient error resiliency by adding 'EnableRetryOnFailure()' to the 'UseMySql' call.
 ---> MySqlConnector.MySqlException (0x80004005): Connect Timeout expired. All pooled connections are in use.
   at MySqlConnector.MySqlConnection.CreateSessionAsync(ConnectionPool pool, Int32 startTickCount, Nullable`1 ioBehavior, CancellationToken cancellationToken) in /_/src/MySqlConnector/MySqlConnection.cs:line 902
   at MySqlConnector.MySqlConnection.OpenAsync(Nullable`1 ioBehavior, CancellationToken cancellationToken) in /_/src/MySqlConnector/MySqlConnection.cs:line 435
   at MySqlConnector.MySqlConnection.Open() in /_/src/MySqlConnector/MySqlConnection.cs:line 380
   at Microsoft.EntityFrameworkCore.Storage.RelationalConnection.OpenInternal(Boolean errorsExpected)
   at Microsoft.EntityFrameworkCore.Storage.RelationalConnection.Open(Boolean errorsExpected)
   at Pomelo.EntityFrameworkCore.MySql.Storage.Internal.MySqlRelationalConnection.Open(Boolean errorsExpected)
   at Microsoft.EntityFrameworkCore.Storage.RelationalCommand.ExecuteReader(RelationalCommandParameterObject parameterObject)
   at Microsoft.EntityFrameworkCore.Query.Internal.SingleQueryingEnumerable`1.Enumerator.InitializeReader(DbContext _, Boolean result)
   at Pomelo.EntityFrameworkCore.MySql.Storage.Internal.MySqlExecutionStrategy.Execute[TState,TResult](TState state, Func`3 operation, Func`3 verifySucceeded)
   --- End of inner exception stack trace ---
   at Pomelo.EntityFrameworkCore.MySql.Storage.Internal.MySqlExecutionStrategy.Execute[TState,TResult](TState state, Func`3 operation, Func`3 verifySucceeded)
   at Microsoft.EntityFrameworkCore.Query.Internal.SingleQueryingEnumerable`1.Enumerator.MoveNext()
   at lambda_method(Closure , Object , IEnumerable`1 , ResolutionContext )
   --- End of inner exception stack trace ---
   at lambda_method(Closure , Object , IEnumerable`1 , ResolutionContext )
   at CWB.Masters.Services.ItemMaster.RawMaterialDetailService.GetPartPurchasesForPartNo(Int32 partId, Int64 tenantId) in D:\DockerTestCWB\CWB-Latest\CWB\CWB.Masters\Services\ItemMaster\RawMaterialDetailService.cs:line 262
   at CWB.Masters.Controllers.RawMaterialDetailController.GetPartPurchasesForPartId(Int32 partId, Int64 tenantId) in D:\DockerTestCWB\CWB-Latest\CWB\CWB.Masters\Controllers\RawMaterialDetailController.cs:line 353
   at lambda_method(Closure , Object , Object[] )
   at Microsoft.AspNetCore.Mvc.Infrastructure.ActionMethodExecutor.SyncActionResultExecutor.Execute(IActionResultTypeMapper mapper, ObjectMethodExecutor executor, Object controller, Object[] arguments)
   at Microsoft.AspNetCore.Mvc.Infrastructure.ControllerActionInvoker.InvokeActionMethodAsync()
   at Microsoft.AspNetCore.Mvc.Infrastructure.ControllerActionInvoker.Next(State& next, Scope& scope, Object& state, Boolean& isCompleted)
   at Microsoft.AspNetCore.Mvc.Infrastructure.ControllerActionInvoker.InvokeNextActionFilterAsync()
--- End of stack trace from previous location where exception was thrown ---
   at Microsoft.AspNetCore.Mvc.Infrastructure.ControllerActionInvoker.Rethrow(ActionExecutedContextSealed context)
   at Microsoft.AspNetCore.Mvc.Infrastructure.ControllerActionInvoker.Next(State& next, Scope& scope, Object& state, Boolean& isCompleted)
   at Microsoft.AspNetCore.Mvc.Infrastructure.ControllerActionInvoker.InvokeInnerFilterAsync()
--- End of stack trace from previous location where exception was thrown ---
   at Microsoft.AspNetCore.Mvc.Infrastructure.ResourceInvoker.<InvokeFilterPipelineAsync>g__Awaited|19_0(ResourceInvoker invoker, Task lastTask, State next, Scope scope, Object state, Boolean isCompleted)
   at Microsoft.AspNetCore.Mvc.Infrastructure.ResourceInvoker.<InvokeAsync>g__Awaited|17_0(ResourceInvoker invoker, Task task, IDisposable scope)
   at Microsoft.AspNetCore.Routing.EndpointMiddleware.<Invoke>g__AwaitRequestTask|6_0(Endpoint endpoint, Task requestTask, ILogger logger)
   at Microsoft.AspNetCore.Authorization.AuthorizationMiddleware.Invoke(HttpContext context)
   at Microsoft.AspNetCore.Authentication.AuthenticationMiddleware.Invoke(HttpContext context)
   at CWB.ExceptionHandling.ExceptionMiddleware.InvokeAsync(HttpContext httpContext) in D:\EvolutionSoftware\CWB-Latest\CWB\CWB.ExceptionHandling\ExceptionMiddleware.cs:line 26
2025-12-05 05:11:39.2923 ERROR Error: AutoMapper.AutoMapperMappingException: Error mapping types.

Mapping types:
EntityQueryable`1 -> IEnumerable`1
Microsoft.EntityFrameworkCore.Query.Internal.EntityQueryable`1[[CWB.Masters.Domain.ItemMaster.PartPurchaseDetails, CWB.Masters, Version=1.0.0.0, Culture=neutral, PublicKeyToken=null]] -> System.Collections.Generic.IEnumerable`1[[CWB.Masters.ViewModels.ItemMaster.PartPurchaseDetailsVM, CWB.Masters, Version=1.0.0.0, Culture=neutral, PublicKeyToken=null]]
 ---> System.InvalidOperationException: An exception has been raised that is likely due to a transient failure. Consider enabling transient error resiliency by adding 'EnableRetryOnFailure()' to the 'UseMySql' call.
 ---> MySqlConnector.MySqlException (0x80004005): Connect Timeout expired. All pooled connections are in use.
   at MySqlConnector.MySqlConnection.CreateSessionAsync(ConnectionPool pool, Int32 startTickCount, Nullable`1 ioBehavior, CancellationToken cancellationToken) in /_/src/MySqlConnector/MySqlConnection.cs:line 902
   at MySqlConnector.MySqlConnection.OpenAsync(Nullable`1 ioBehavior, CancellationToken cancellationToken) in /_/src/MySqlConnector/MySqlConnection.cs:line 435
   at MySqlConnector.MySqlConnection.Open() in /_/src/MySqlConnector/MySqlConnection.cs:line 380
   at Microsoft.EntityFrameworkCore.Storage.RelationalConnection.OpenInternal(Boolean errorsExpected)
   at Microsoft.EntityFrameworkCore.Storage.RelationalConnection.Open(Boolean errorsExpected)
   at Pomelo.EntityFrameworkCore.MySql.Storage.Internal.MySqlRelationalConnection.Open(Boolean errorsExpected)
   at Microsoft.EntityFrameworkCore.Storage.RelationalCommand.ExecuteReader(RelationalCommandParameterObject parameterObject)
   at Microsoft.EntityFrameworkCore.Query.Internal.SingleQueryingEnumerable`1.Enumerator.InitializeReader(DbContext _, Boolean result)
   at Pomelo.EntityFrameworkCore.MySql.Storage.Internal.MySqlExecutionStrategy.Execute[TState,TResult](TState state, Func`3 operation, Func`3 verifySucceeded)
   --- End of inner exception stack trace ---
   at Pomelo.EntityFrameworkCore.MySql.Storage.Internal.MySqlExecutionStrategy.Execute[TState,TResult](TState state, Func`3 operation, Func`3 verifySucceeded)
   at Microsoft.EntityFrameworkCore.Query.Internal.SingleQueryingEnumerable`1.Enumerator.MoveNext()
   at lambda_method(Closure , Object , IEnumerable`1 , ResolutionContext )
   --- End of inner exception stack trace ---
   at lambda_method(Closure , Object , IEnumerable`1 , ResolutionContext )
   at CWB.Masters.Services.ItemMaster.RawMaterialDetailService.GetPartPurchasesForPartNo(Int32 partId, Int64 tenantId) in D:\DockerTestCWB\CWB-Latest\CWB\CWB.Masters\Services\ItemMaster\RawMaterialDetailService.cs:line 262
   at CWB.Masters.Controllers.RawMaterialDetailController.GetPartPurchasesForPartId(Int32 partId, Int64 tenantId) in D:\DockerTestCWB\CWB-Latest\CWB\CWB.Masters\Controllers\RawMaterialDetailController.cs:line 353
   at lambda_method(Closure , Object , Object[] )
   at Microsoft.AspNetCore.Mvc.Infrastructure.ActionMethodExecutor.SyncActionResultExecutor.Execute(IActionResultTypeMapper mapper, ObjectMethodExecutor executor, Object controller, Object[] arguments)
   at Microsoft.AspNetCore.Mvc.Infrastructure.ControllerActionInvoker.InvokeActionMethodAsync()
   at Microsoft.AspNetCore.Mvc.Infrastructure.ControllerActionInvoker.Next(State& next, Scope& scope, Object& state, Boolean& isCompleted)
   at Microsoft.AspNetCore.Mvc.Infrastructure.ControllerActionInvoker.InvokeNextActionFilterAsync()
--- End of stack trace from previous location where exception was thrown ---
   at Microsoft.AspNetCore.Mvc.Infrastructure.ControllerActionInvoker.Rethrow(ActionExecutedContextSealed context)
   at Microsoft.AspNetCore.Mvc.Infrastructure.ControllerActionInvoker.Next(State& next, Scope& scope, Object& state, Boolean& isCompleted)
   at Microsoft.AspNetCore.Mvc.Infrastructure.ControllerActionInvoker.InvokeInnerFilterAsync()
--- End of stack trace from previous location where exception was thrown ---
   at Microsoft.AspNetCore.Mvc.Infrastructure.ResourceInvoker.<InvokeFilterPipelineAsync>g__Awaited|19_0(ResourceInvoker invoker, Task lastTask, State next, Scope scope, Object state, Boolean isCompleted)
   at Microsoft.AspNetCore.Mvc.Infrastructure.ResourceInvoker.<InvokeAsync>g__Awaited|17_0(ResourceInvoker invoker, Task task, IDisposable scope)
   at Microsoft.AspNetCore.Routing.EndpointMiddleware.<Invoke>g__AwaitRequestTask|6_0(Endpoint endpoint, Task requestTask, ILogger logger)
   at Microsoft.AspNetCore.Authorization.AuthorizationMiddleware.Invoke(HttpContext context)
   at Microsoft.AspNetCore.Authentication.AuthenticationMiddleware.Invoke(HttpContext context)
   at CWB.ExceptionHandling.ExceptionMiddleware.InvokeAsync(HttpContext httpContext) in D:\EvolutionSoftware\CWB-Latest\CWB\CWB.ExceptionHandling\ExceptionMiddleware.cs:line 26
2025-12-05 05:11:39.2923 ERROR Error: AutoMapper.AutoMapperMappingException: Error mapping types.

Mapping types:
EntityQueryable`1 -> IEnumerable`1
Microsoft.EntityFrameworkCore.Query.Internal.EntityQueryable`1[[CWB.Masters.Domain.ItemMaster.PartPurchaseDetails, CWB.Masters, Version=1.0.0.0, Culture=neutral, PublicKeyToken=null]] -> System.Collections.Generic.IEnumerable`1[[CWB.Masters.ViewModels.ItemMaster.PartPurchaseDetailsVM, CWB.Masters, Version=1.0.0.0, Culture=neutral, PublicKeyToken=null]]
 ---> System.InvalidOperationException: An exception has been raised that is likely due to a transient failure. Consider enabling transient error resiliency by adding 'EnableRetryOnFailure()' to the 'UseMySql' call.
 ---> MySqlConnector.MySqlException (0x80004005): Connect Timeout expired. All pooled connections are in use.
   at MySqlConnector.MySqlConnection.CreateSessionAsync(ConnectionPool pool, Int32 startTickCount, Nullable`1 ioBehavior, CancellationToken cancellationToken) in /_/src/MySqlConnector/MySqlConnection.cs:line 902
   at MySqlConnector.MySqlConnection.OpenAsync(Nullable`1 ioBehavior, CancellationToken cancellationToken) in /_/src/MySqlConnector/MySqlConnection.cs:line 435
   at MySqlConnector.MySqlConnection.Open() in /_/src/MySqlConnector/MySqlConnection.cs:line 380
   at Microsoft.EntityFrameworkCore.Storage.RelationalConnection.OpenInternal(Boolean errorsExpected)
   at Microsoft.EntityFrameworkCore.Storage.RelationalConnection.Open(Boolean errorsExpected)
   at Pomelo.EntityFrameworkCore.MySql.Storage.Internal.MySqlRelationalConnection.Open(Boolean errorsExpected)
   at Microsoft.EntityFrameworkCore.Storage.RelationalCommand.ExecuteReader(RelationalCommandParameterObject parameterObject)
   at Microsoft.EntityFrameworkCore.Query.Internal.SingleQueryingEnumerable`1.Enumerator.InitializeReader(DbContext _, Boolean result)
   at Pomelo.EntityFrameworkCore.MySql.Storage.Internal.MySqlExecutionStrategy.Execute[TState,TResult](TState state, Func`3 operation, Func`3 verifySucceeded)
   --- End of inner exception stack trace ---
   at Pomelo.EntityFrameworkCore.MySql.Storage.Internal.MySqlExecutionStrategy.Execute[TState,TResult](TState state, Func`3 operation, Func`3 verifySucceeded)
   at Microsoft.EntityFrameworkCore.Query.Internal.SingleQueryingEnumerable`1.Enumerator.MoveNext()
   at lambda_method(Closure , Object , IEnumerable`1 , ResolutionContext )
   --- End of inner exception stack trace ---
   at lambda_method(Closure , Object , IEnumerable`1 , ResolutionContext )
   at CWB.Masters.Services.ItemMaster.RawMaterialDetailService.GetPartPurchasesForPartNo(Int32 partId, Int64 tenantId) in D:\DockerTestCWB\CWB-Latest\CWB\CWB.Masters\Services\ItemMaster\RawMaterialDetailService.cs:line 262
   at CWB.Masters.Controllers.RawMaterialDetailController.GetPartPurchasesForPartId(Int32 partId, Int64 tenantId) in D:\DockerTestCWB\CWB-Latest\CWB\CWB.Masters\Controllers\RawMaterialDetailController.cs:line 353
   at lambda_method(Closure , Object , Object[] )
   at Microsoft.AspNetCore.Mvc.Infrastructure.ActionMethodExecutor.SyncActionResultExecutor.Execute(IActionResultTypeMapper mapper, ObjectMethodExecutor executor, Object controller, Object[] arguments)
   at Microsoft.AspNetCore.Mvc.Infrastructure.ControllerActionInvoker.InvokeActionMethodAsync()
   at Microsoft.AspNetCore.Mvc.Infrastructure.ControllerActionInvoker.Next(State& next, Scope& scope, Object& state, Boolean& isCompleted)
   at Microsoft.AspNetCore.Mvc.Infrastructure.ControllerActionInvoker.InvokeNextActionFilterAsync()
--- End of stack trace from previous location where exception was thrown ---
   at Microsoft.AspNetCore.Mvc.Infrastructure.ControllerActionInvoker.Rethrow(ActionExecutedContextSealed context)
   at Microsoft.AspNetCore.Mvc.Infrastructure.ControllerActionInvoker.Next(State& next, Scope& scope, Object& state, Boolean& isCompleted)
   at Microsoft.AspNetCore.Mvc.Infrastructure.ControllerActionInvoker.InvokeInnerFilterAsync()
--- End of stack trace from previous location where exception was thrown ---
   at Microsoft.AspNetCore.Mvc.Infrastructure.ResourceInvoker.<InvokeFilterPipelineAsync>g__Awaited|19_0(ResourceInvoker invoker, Task lastTask, State next, Scope scope, Object state, Boolean isCompleted)
   at Microsoft.AspNetCore.Mvc.Infrastructure.ResourceInvoker.<InvokeAsync>g__Awaited|17_0(ResourceInvoker invoker, Task task, IDisposable scope)
   at Microsoft.AspNetCore.Routing.EndpointMiddleware.<Invoke>g__AwaitRequestTask|6_0(Endpoint endpoint, Task requestTask, ILogger logger)
   at Microsoft.AspNetCore.Authorization.AuthorizationMiddleware.Invoke(HttpContext context)
   at Microsoft.AspNetCore.Authentication.AuthenticationMiddleware.Invoke(HttpContext context)
   at CWB.ExceptionHandling.ExceptionMiddleware.InvokeAsync(HttpContext httpContext) in D:\EvolutionSoftware\CWB-Latest\CWB\CWB.ExceptionHandling\ExceptionMiddleware.cs:line 26
2025-12-05 05:11:40.9229 ERROR Error: AutoMapper.AutoMapperMappingException: Error mapping types.

Mapping types:
EntityQueryable`1 -> IEnumerable`1
Microsoft.EntityFrameworkCore.Query.Internal.EntityQueryable`1[[CWB.Masters.Domain.ItemMaster.PartPurchaseDetails, CWB.Masters, Version=1.0.0.0, Culture=neutral, PublicKeyToken=null]] -> System.Collections.Generic.IEnumerable`1[[CWB.Masters.ViewModels.ItemMaster.PartPurchaseDetailsVM, CWB.Masters, Version=1.0.0.0, Culture=neutral, PublicKeyToken=null]]
 ---> System.InvalidOperationException: An exception has been raised that is likely due to a transient failure. Consider enabling transient error resiliency by adding 'EnableRetryOnFailure()' to the 'UseMySql' call.
 ---> MySqlConnector.MySqlException (0x80004005): Connect Timeout expired. All pooled connections are in use.
   at MySqlConnector.MySqlConnection.CreateSessionAsync(ConnectionPool pool, Int32 startTickCount, Nullable`1 ioBehavior, CancellationToken cancellationToken) in /_/src/MySqlConnector/MySqlConnection.cs:line 902
   at MySqlConnector.MySqlConnection.OpenAsync(Nullable`1 ioBehavior, CancellationToken cancellationToken) in /_/src/MySqlConnector/MySqlConnection.cs:line 435
   at MySqlConnector.MySqlConnection.Open() in /_/src/MySqlConnector/MySqlConnection.cs:line 380
   at Microsoft.EntityFrameworkCore.Storage.RelationalConnection.OpenInternal(Boolean errorsExpected)
   at Microsoft.EntityFrameworkCore.Storage.RelationalConnection.Open(Boolean errorsExpected)
   at Pomelo.EntityFrameworkCore.MySql.Storage.Internal.MySqlRelationalConnection.Open(Boolean errorsExpected)
   at Microsoft.EntityFrameworkCore.Storage.RelationalCommand.ExecuteReader(RelationalCommandParameterObject parameterObject)
   at Microsoft.EntityFrameworkCore.Query.Internal.SingleQueryingEnumerable`1.Enumerator.InitializeReader(DbContext _, Boolean result)
   at Pomelo.EntityFrameworkCore.MySql.Storage.Internal.MySqlExecutionStrategy.Execute[TState,TResult](TState state, Func`3 operation, Func`3 verifySucceeded)
   --- End of inner exception stack trace ---
   at Pomelo.EntityFrameworkCore.MySql.Storage.Internal.MySqlExecutionStrategy.Execute[TState,TResult](TState state, Func`3 operation, Func`3 verifySucceeded)
   at Microsoft.EntityFrameworkCore.Query.Internal.SingleQueryingEnumerable`1.Enumerator.MoveNext()
   at lambda_method(Closure , Object , IEnumerable`1 , ResolutionContext )
   --- End of inner exception stack trace ---
   at lambda_method(Closure , Object , IEnumerable`1 , ResolutionContext )
   at CWB.Masters.Services.ItemMaster.RawMaterialDetailService.GetPartPurchasesForPartNo(Int32 partId, Int64 tenantId) in D:\DockerTestCWB\CWB-Latest\CWB\CWB.Masters\Services\ItemMaster\RawMaterialDetailService.cs:line 262
   at CWB.Masters.Controllers.RawMaterialDetailController.GetPartPurchasesForPartId(Int32 partId, Int64 tenantId) in D:\DockerTestCWB\CWB-Latest\CWB\CWB.Masters\Controllers\RawMaterialDetailController.cs:line 353
   at lambda_method(Closure , Object , Object[] )
   at Microsoft.AspNetCore.Mvc.Infrastructure.ActionMethodExecutor.SyncActionResultExecutor.Execute(IActionResultTypeMapper mapper, ObjectMethodExecutor executor, Object controller, Object[] arguments)
   at Microsoft.AspNetCore.Mvc.Infrastructure.ControllerActionInvoker.InvokeActionMethodAsync()
   at Microsoft.AspNetCore.Mvc.Infrastructure.ControllerActionInvoker.Next(State& next, Scope& scope, Object& state, Boolean& isCompleted)
   at Microsoft.AspNetCore.Mvc.Infrastructure.ControllerActionInvoker.InvokeNextActionFilterAsync()
--- End of stack trace from previous location where exception was thrown ---
   at Microsoft.AspNetCore.Mvc.Infrastructure.ControllerActionInvoker.Rethrow(ActionExecutedContextSealed context)
   at Microsoft.AspNetCore.Mvc.Infrastructure.ControllerActionInvoker.Next(State& next, Scope& scope, Object& state, Boolean& isCompleted)
   at Microsoft.AspNetCore.Mvc.Infrastructure.ControllerActionInvoker.InvokeInnerFilterAsync()
--- End of stack trace from previous location where exception was thrown ---
   at Microsoft.AspNetCore.Mvc.Infrastructure.ResourceInvoker.<InvokeFilterPipelineAsync>g__Awaited|19_0(ResourceInvoker invoker, Task lastTask, State next, Scope scope, Object state, Boolean isCompleted)
   at Microsoft.AspNetCore.Mvc.Infrastructure.ResourceInvoker.<InvokeAsync>g__Awaited|17_0(ResourceInvoker invoker, Task task, IDisposable scope)
   at Microsoft.AspNetCore.Routing.EndpointMiddleware.<Invoke>g__AwaitRequestTask|6_0(Endpoint endpoint, Task requestTask, ILogger logger)
   at Microsoft.AspNetCore.Authorization.AuthorizationMiddleware.Invoke(HttpContext context)
   at Microsoft.AspNetCore.Authentication.AuthenticationMiddleware.Invoke(HttpContext context)
   at CWB.ExceptionHandling.ExceptionMiddleware.InvokeAsync(HttpContext httpContext) in D:\EvolutionSoftware\CWB-Latest\CWB\CWB.ExceptionHandling\ExceptionMiddleware.cs:line 26
2025-12-05 05:11:41.0294 ERROR Error: AutoMapper.AutoMapperMappingException: Error mapping types.

Mapping types:
EntityQueryable`1 -> IEnumerable`1
Microsoft.EntityFrameworkCore.Query.Internal.EntityQueryable`1[[CWB.Masters.Domain.ItemMaster.PartPurchaseDetails, CWB.Masters, Version=1.0.0.0, Culture=neutral, PublicKeyToken=null]] -> System.Collections.Generic.IEnumerable`1[[CWB.Masters.ViewModels.ItemMaster.PartPurchaseDetailsVM, CWB.Masters, Version=1.0.0.0, Culture=neutral, PublicKeyToken=null]]
 ---> System.InvalidOperationException: An exception has been raised that is likely due to a transient failure. Consider enabling transient error resiliency by adding 'EnableRetryOnFailure()' to the 'UseMySql' call.
 ---> MySqlConnector.MySqlException (0x80004005): Connect Timeout expired. All pooled connections are in use.
   at MySqlConnector.MySqlConnection.CreateSessionAsync(ConnectionPool pool, Int32 startTickCount, Nullable`1 ioBehavior, CancellationToken cancellationToken) in /_/src/MySqlConnector/MySqlConnection.cs:line 902
   at MySqlConnector.MySqlConnection.OpenAsync(Nullable`1 ioBehavior, CancellationToken cancellationToken) in /_/src/MySqlConnector/MySqlConnection.cs:line 435
   at MySqlConnector.MySqlConnection.Open() in /_/src/MySqlConnector/MySqlConnection.cs:line 380
   at Microsoft.EntityFrameworkCore.Storage.RelationalConnection.OpenInternal(Boolean errorsExpected)
   at Microsoft.EntityFrameworkCore.Storage.RelationalConnection.Open(Boolean errorsExpected)
   at Pomelo.EntityFrameworkCore.MySql.Storage.Internal.MySqlRelationalConnection.Open(Boolean errorsExpected)
   at Microsoft.EntityFrameworkCore.Storage.RelationalCommand.ExecuteReader(RelationalCommandParameterObject parameterObject)
   at Microsoft.EntityFrameworkCore.Query.Internal.SingleQueryingEnumerable`1.Enumerator.InitializeReader(DbContext _, Boolean result)
   at Pomelo.EntityFrameworkCore.MySql.Storage.Internal.MySqlExecutionStrategy.Execute[TState,TResult](TState state, Func`3 operation, Func`3 verifySucceeded)
   --- End of inner exception stack trace ---
   at Pomelo.EntityFrameworkCore.MySql.Storage.Internal.MySqlExecutionStrategy.Execute[TState,TResult](TState state, Func`3 operation, Func`3 verifySucceeded)
   at Microsoft.EntityFrameworkCore.Query.Internal.SingleQueryingEnumerable`1.Enumerator.MoveNext()
   at lambda_method(Closure , Object , IEnumerable`1 , ResolutionContext )
   --- End of inner exception stack trace ---
   at lambda_method(Closure , Object , IEnumerable`1 , ResolutionContext )
   at CWB.Masters.Services.ItemMaster.RawMaterialDetailService.GetPartPurchasesForPartNo(Int32 partId, Int64 tenantId) in D:\DockerTestCWB\CWB-Latest\CWB\CWB.Masters\Services\ItemMaster\RawMaterialDetailService.cs:line 262
   at CWB.Masters.Controllers.RawMaterialDetailController.GetPartPurchasesForPartId(Int32 partId, Int64 tenantId) in D:\DockerTestCWB\CWB-Latest\CWB\CWB.Masters\Controllers\RawMaterialDetailController.cs:line 353
   at lambda_method(Closure , Object , Object[] )
   at Microsoft.AspNetCore.Mvc.Infrastructure.ActionMethodExecutor.SyncActionResultExecutor.Execute(IActionResultTypeMapper mapper, ObjectMethodExecutor executor, Object controller, Object[] arguments)
   at Microsoft.AspNetCore.Mvc.Infrastructure.ControllerActionInvoker.InvokeActionMethodAsync()
   at Microsoft.AspNetCore.Mvc.Infrastructure.ControllerActionInvoker.Next(State& next, Scope& scope, Object& state, Boolean& isCompleted)
   at Microsoft.AspNetCore.Mvc.Infrastructure.ControllerActionInvoker.InvokeNextActionFilterAsync()
--- End of stack trace from previous location where exception was thrown ---
   at Microsoft.AspNetCore.Mvc.Infrastructure.ControllerActionInvoker.Rethrow(ActionExecutedContextSealed context)
   at Microsoft.AspNetCore.Mvc.Infrastructure.ControllerActionInvoker.Next(State& next, Scope& scope, Object& state, Boolean& isCompleted)
   at Microsoft.AspNetCore.Mvc.Infrastructure.ControllerActionInvoker.InvokeInnerFilterAsync()
--- End of stack trace from previous location where exception was thrown ---
   at Microsoft.AspNetCore.Mvc.Infrastructure.ResourceInvoker.<InvokeFilterPipelineAsync>g__Awaited|19_0(ResourceInvoker invoker, Task lastTask, State next, Scope scope, Object state, Boolean isCompleted)
   at Microsoft.AspNetCore.Mvc.Infrastructure.ResourceInvoker.<InvokeAsync>g__Awaited|17_0(ResourceInvoker invoker, Task task, IDisposable scope)
   at Microsoft.AspNetCore.Routing.EndpointMiddleware.<Invoke>g__AwaitRequestTask|6_0(Endpoint endpoint, Task requestTask, ILogger logger)
   at Microsoft.AspNetCore.Authorization.AuthorizationMiddleware.Invoke(HttpContext context)
   at Microsoft.AspNetCore.Authentication.AuthenticationMiddleware.Invoke(HttpContext context)
   at CWB.ExceptionHandling.ExceptionMiddleware.InvokeAsync(HttpContext httpContext) in D:\EvolutionSoftware\CWB-Latest\CWB\CWB.ExceptionHandling\ExceptionMiddleware.cs:line 26
2025-12-05 05:11:42.4536 ERROR Error: AutoMapper.AutoMapperMappingException: Error mapping types.

Mapping types:
EntityQueryable`1 -> IEnumerable`1
Microsoft.EntityFrameworkCore.Query.Internal.EntityQueryable`1[[CWB.Masters.Domain.ItemMaster.PartPurchaseDetails, CWB.Masters, Version=1.0.0.0, Culture=neutral, PublicKeyToken=null]] -> System.Collections.Generic.IEnumerable`1[[CWB.Masters.ViewModels.ItemMaster.PartPurchaseDetailsVM, CWB.Masters, Version=1.0.0.0, Culture=neutral, PublicKeyToken=null]]
 ---> System.InvalidOperationException: An exception has been raised that is likely due to a transient failure. Consider enabling transient error resiliency by adding 'EnableRetryOnFailure()' to the 'UseMySql' call.
 ---> MySqlConnector.MySqlException (0x80004005): Connect Timeout expired. All pooled connections are in use.
   at MySqlConnector.MySqlConnection.CreateSessionAsync(ConnectionPool pool, Int32 startTickCount, Nullable`1 ioBehavior, CancellationToken cancellationToken) in /_/src/MySqlConnector/MySqlConnection.cs:line 902
   at MySqlConnector.MySqlConnection.OpenAsync(Nullable`1 ioBehavior, CancellationToken cancellationToken) in /_/src/MySqlConnector/MySqlConnection.cs:line 435
   at MySqlConnector.MySqlConnection.Open() in /_/src/MySqlConnector/MySqlConnection.cs:line 380
   at Microsoft.EntityFrameworkCore.Storage.RelationalConnection.OpenInternal(Boolean errorsExpected)
   at Microsoft.EntityFrameworkCore.Storage.RelationalConnection.Open(Boolean errorsExpected)
   at Pomelo.EntityFrameworkCore.MySql.Storage.Internal.MySqlRelationalConnection.Open(Boolean errorsExpected)
   at Microsoft.EntityFrameworkCore.Storage.RelationalCommand.ExecuteReader(RelationalCommandParameterObject parameterObject)
   at Microsoft.EntityFrameworkCore.Query.Internal.SingleQueryingEnumerable`1.Enumerator.InitializeReader(DbContext _, Boolean result)
   at Pomelo.EntityFrameworkCore.MySql.Storage.Internal.MySqlExecutionStrategy.Execute[TState,TResult](TState state, Func`3 operation, Func`3 verifySucceeded)
   --- End of inner exception stack trace ---
   at Pomelo.EntityFrameworkCore.MySql.Storage.Internal.MySqlExecutionStrategy.Execute[TState,TResult](TState state, Func`3 operation, Func`3 verifySucceeded)
   at Microsoft.EntityFrameworkCore.Query.Internal.SingleQueryingEnumerable`1.Enumerator.MoveNext()
   at lambda_method(Closure , Object , IEnumerable`1 , ResolutionContext )
   --- End of inner exception stack trace ---
   at lambda_method(Closure , Object , IEnumerable`1 , ResolutionContext )
   at CWB.Masters.Services.ItemMaster.RawMaterialDetailService.GetPartPurchasesForPartNo(Int32 partId, Int64 tenantId) in D:\DockerTestCWB\CWB-Latest\CWB\CWB.Masters\Services\ItemMaster\RawMaterialDetailService.cs:line 262
   at CWB.Masters.Controllers.RawMaterialDetailController.GetPartPurchasesForPartId(Int32 partId, Int64 tenantId) in D:\DockerTestCWB\CWB-Latest\CWB\CWB.Masters\Controllers\RawMaterialDetailController.cs:line 353
   at lambda_method(Closure , Object , Object[] )
   at Microsoft.AspNetCore.Mvc.Infrastructure.ActionMethodExecutor.SyncActionResultExecutor.Execute(IActionResultTypeMapper mapper, ObjectMethodExecutor executor, Object controller, Object[] arguments)
   at Microsoft.AspNetCore.Mvc.Infrastructure.ControllerActionInvoker.InvokeActionMethodAsync()
   at Microsoft.AspNetCore.Mvc.Infrastructure.ControllerActionInvoker.Next(State& next, Scope& scope, Object& state, Boolean& isCompleted)
   at Microsoft.AspNetCore.Mvc.Infrastructure.ControllerActionInvoker.InvokeNextActionFilterAsync()
--- End of stack trace from previous location where exception was thrown ---
   at Microsoft.AspNetCore.Mvc.Infrastructure.ControllerActionInvoker.Rethrow(ActionExecutedContextSealed context)
   at Microsoft.AspNetCore.Mvc.Infrastructure.ControllerActionInvoker.Next(State& next, Scope& scope, Object& state, Boolean& isCompleted)
   at Microsoft.AspNetCore.Mvc.Infrastructure.ControllerActionInvoker.InvokeInnerFilterAsync()
--- End of stack trace from previous location where exception was thrown ---
   at Microsoft.AspNetCore.Mvc.Infrastructure.ResourceInvoker.<InvokeFilterPipelineAsync>g__Awaited|19_0(ResourceInvoker invoker, Task lastTask, State next, Scope scope, Object state, Boolean isCompleted)
   at Microsoft.AspNetCore.Mvc.Infrastructure.ResourceInvoker.<InvokeAsync>g__Awaited|17_0(ResourceInvoker invoker, Task task, IDisposable scope)
   at Microsoft.AspNetCore.Routing.EndpointMiddleware.<Invoke>g__AwaitRequestTask|6_0(Endpoint endpoint, Task requestTask, ILogger logger)
   at Microsoft.AspNetCore.Authorization.AuthorizationMiddleware.Invoke(HttpContext context)
   at Microsoft.AspNetCore.Authentication.AuthenticationMiddleware.Invoke(HttpContext context)
   at CWB.ExceptionHandling.ExceptionMiddleware.InvokeAsync(HttpContext httpContext) in D:\EvolutionSoftware\CWB-Latest\CWB\CWB.ExceptionHandling\ExceptionMiddleware.cs:line 26
2025-12-05 05:11:45.2688 ERROR Error: AutoMapper.AutoMapperMappingException: Error mapping types.

Mapping types:
EntityQueryable`1 -> IEnumerable`1
Microsoft.EntityFrameworkCore.Query.Internal.EntityQueryable`1[[CWB.Masters.Domain.ItemMaster.PartPurchaseDetails, CWB.Masters, Version=1.0.0.0, Culture=neutral, PublicKeyToken=null]] -> System.Collections.Generic.IEnumerable`1[[CWB.Masters.ViewModels.ItemMaster.PartPurchaseDetailsVM, CWB.Masters, Version=1.0.0.0, Culture=neutral, PublicKeyToken=null]]
 ---> System.InvalidOperationException: An exception has been raised that is likely due to a transient failure. Consider enabling transient error resiliency by adding 'EnableRetryOnFailure()' to the 'UseMySql' call.
 ---> MySqlConnector.MySqlException (0x80004005): Connect Timeout expired. All pooled connections are in use.
   at MySqlConnector.MySqlConnection.CreateSessionAsync(ConnectionPool pool, Int32 startTickCount, Nullable`1 ioBehavior, CancellationToken cancellationToken) in /_/src/MySqlConnector/MySqlConnection.cs:line 902
   at MySqlConnector.MySqlConnection.OpenAsync(Nullable`1 ioBehavior, CancellationToken cancellationToken) in /_/src/MySqlConnector/MySqlConnection.cs:line 435
   at MySqlConnector.MySqlConnection.Open() in /_/src/MySqlConnector/MySqlConnection.cs:line 380
   at Microsoft.EntityFrameworkCore.Storage.RelationalConnection.OpenInternal(Boolean errorsExpected)
   at Microsoft.EntityFrameworkCore.Storage.RelationalConnection.Open(Boolean errorsExpected)
   at Pomelo.EntityFrameworkCore.MySql.Storage.Internal.MySqlRelationalConnection.Open(Boolean errorsExpected)
   at Microsoft.EntityFrameworkCore.Storage.RelationalCommand.ExecuteReader(RelationalCommandParameterObject parameterObject)
   at Microsoft.EntityFrameworkCore.Query.Internal.SingleQueryingEnumerable`1.Enumerator.InitializeReader(DbContext _, Boolean result)
   at Pomelo.EntityFrameworkCore.MySql.Storage.Internal.MySqlExecutionStrategy.Execute[TState,TResult](TState state, Func`3 operation, Func`3 verifySucceeded)
   --- End of inner exception stack trace ---
   at Pomelo.EntityFrameworkCore.MySql.Storage.Internal.MySqlExecutionStrategy.Execute[TState,TResult](TState state, Func`3 operation, Func`3 verifySucceeded)
   at Microsoft.EntityFrameworkCore.Query.Internal.SingleQueryingEnumerable`1.Enumerator.MoveNext()
   at lambda_method(Closure , Object , IEnumerable`1 , ResolutionContext )
   --- End of inner exception stack trace ---
   at lambda_method(Closure , Object , IEnumerable`1 , ResolutionContext )
   at CWB.Masters.Services.ItemMaster.RawMaterialDetailService.GetPartPurchasesForPartNo(Int32 partId, Int64 tenantId) in D:\DockerTestCWB\CWB-Latest\CWB\CWB.Masters\Services\ItemMaster\RawMaterialDetailService.cs:line 262
   at CWB.Masters.Controllers.RawMaterialDetailController.GetPartPurchasesForPartId(Int32 partId, Int64 tenantId) in D:\DockerTestCWB\CWB-Latest\CWB\CWB.Masters\Controllers\RawMaterialDetailController.cs:line 353
   at lambda_method(Closure , Object , Object[] )
   at Microsoft.AspNetCore.Mvc.Infrastructure.ActionMethodExecutor.SyncActionResultExecutor.Execute(IActionResultTypeMapper mapper, ObjectMethodExecutor executor, Object controller, Object[] arguments)
   at Microsoft.AspNetCore.Mvc.Infrastructure.ControllerActionInvoker.InvokeActionMethodAsync()
   at Microsoft.AspNetCore.Mvc.Infrastructure.ControllerActionInvoker.Next(State& next, Scope& scope, Object& state, Boolean& isCompleted)
   at Microsoft.AspNetCore.Mvc.Infrastructure.ControllerActionInvoker.InvokeNextActionFilterAsync()
--- End of stack trace from previous location where exception was thrown ---
   at Microsoft.AspNetCore.Mvc.Infrastructure.ControllerActionInvoker.Rethrow(ActionExecutedContextSealed context)
   at Microsoft.AspNetCore.Mvc.Infrastructure.ControllerActionInvoker.Next(State& next, Scope& scope, Object& state, Boolean& isCompleted)
   at Microsoft.AspNetCore.Mvc.Infrastructure.ControllerActionInvoker.InvokeInnerFilterAsync()
--- End of stack trace from previous location where exception was thrown ---
   at Microsoft.AspNetCore.Mvc.Infrastructure.ResourceInvoker.<InvokeFilterPipelineAsync>g__Awaited|19_0(ResourceInvoker invoker, Task lastTask, State next, Scope scope, Object state, Boolean isCompleted)
   at Microsoft.AspNetCore.Mvc.Infrastructure.ResourceInvoker.<InvokeAsync>g__Awaited|17_0(ResourceInvoker invoker, Task task, IDisposable scope)
   at Microsoft.AspNetCore.Routing.EndpointMiddleware.<Invoke>g__AwaitRequestTask|6_0(Endpoint endpoint, Task requestTask, ILogger logger)
   at Microsoft.AspNetCore.Authorization.AuthorizationMiddleware.Invoke(HttpContext context)
   at Microsoft.AspNetCore.Authentication.AuthenticationMiddleware.Invoke(HttpContext context)
   at CWB.ExceptionHandling.ExceptionMiddleware.InvokeAsync(HttpContext httpContext) in D:\EvolutionSoftware\CWB-Latest\CWB\CWB.ExceptionHandling\ExceptionMiddleware.cs:line 26
2025-12-05 05:11:45.2958 ERROR Error: AutoMapper.AutoMapperMappingException: Error mapping types.

Mapping types:
EntityQueryable`1 -> IEnumerable`1
Microsoft.EntityFrameworkCore.Query.Internal.EntityQueryable`1[[CWB.Masters.Domain.ItemMaster.PartPurchaseDetails, CWB.Masters, Version=1.0.0.0, Culture=neutral, PublicKeyToken=null]] -> System.Collections.Generic.IEnumerable`1[[CWB.Masters.ViewModels.ItemMaster.PartPurchaseDetailsVM, CWB.Masters, Version=1.0.0.0, Culture=neutral, PublicKeyToken=null]]
 ---> System.InvalidOperationException: An exception has been raised that is likely due to a transient failure. Consider enabling transient error resiliency by adding 'EnableRetryOnFailure()' to the 'UseMySql' call.
 ---> MySqlConnector.MySqlException (0x80004005): Connect Timeout expired. All pooled connections are in use.
   at MySqlConnector.MySqlConnection.CreateSessionAsync(ConnectionPool pool, Int32 startTickCount, Nullable`1 ioBehavior, CancellationToken cancellationToken) in /_/src/MySqlConnector/MySqlConnection.cs:line 902
   at MySqlConnector.MySqlConnection.OpenAsync(Nullable`1 ioBehavior, CancellationToken cancellationToken) in /_/src/MySqlConnector/MySqlConnection.cs:line 435
   at MySqlConnector.MySqlConnection.Open() in /_/src/MySqlConnector/MySqlConnection.cs:line 380
   at Microsoft.EntityFrameworkCore.Storage.RelationalConnection.OpenInternal(Boolean errorsExpected)
   at Microsoft.EntityFrameworkCore.Storage.RelationalConnection.Open(Boolean errorsExpected)
   at Pomelo.EntityFrameworkCore.MySql.Storage.Internal.MySqlRelationalConnection.Open(Boolean errorsExpected)
   at Microsoft.EntityFrameworkCore.Storage.RelationalCommand.ExecuteReader(RelationalCommandParameterObject parameterObject)
   at Microsoft.EntityFrameworkCore.Query.Internal.SingleQueryingEnumerable`1.Enumerator.InitializeReader(DbContext _, Boolean result)
   at Pomelo.EntityFrameworkCore.MySql.Storage.Internal.MySqlExecutionStrategy.Execute[TState,TResult](TState state, Func`3 operation, Func`3 verifySucceeded)
   --- End of inner exception stack trace ---
   at Pomelo.EntityFrameworkCore.MySql.Storage.Internal.MySqlExecutionStrategy.Execute[TState,TResult](TState state, Func`3 operation, Func`3 verifySucceeded)
   at Microsoft.EntityFrameworkCore.Query.Internal.SingleQueryingEnumerable`1.Enumerator.MoveNext()
   at lambda_method(Closure , Object , IEnumerable`1 , ResolutionContext )
   --- End of inner exception stack trace ---
   at lambda_method(Closure , Object , IEnumerable`1 , ResolutionContext )
   at CWB.Masters.Services.ItemMaster.RawMaterialDetailService.GetPartPurchasesForPartNo(Int32 partId, Int64 tenantId) in D:\DockerTestCWB\CWB-Latest\CWB\CWB.Masters\Services\ItemMaster\RawMaterialDetailService.cs:line 262
   at CWB.Masters.Controllers.RawMaterialDetailController.GetPartPurchasesForPartId(Int32 partId, Int64 tenantId) in D:\DockerTestCWB\CWB-Latest\CWB\CWB.Masters\Controllers\RawMaterialDetailController.cs:line 353
   at lambda_method(Closure , Object , Object[] )
   at Microsoft.AspNetCore.Mvc.Infrastructure.ActionMethodExecutor.SyncActionResultExecutor.Execute(IActionResultTypeMapper mapper, ObjectMethodExecutor executor, Object controller, Object[] arguments)
   at Microsoft.AspNetCore.Mvc.Infrastructure.ControllerActionInvoker.InvokeActionMethodAsync()
   at Microsoft.AspNetCore.Mvc.Infrastructure.ControllerActionInvoker.Next(State& next, Scope& scope, Object& state, Boolean& isCompleted)
   at Microsoft.AspNetCore.Mvc.Infrastructure.ControllerActionInvoker.InvokeNextActionFilterAsync()
--- End of stack trace from previous location where exception was thrown ---
   at Microsoft.AspNetCore.Mvc.Infrastructure.ControllerActionInvoker.Rethrow(ActionExecutedContextSealed context)
   at Microsoft.AspNetCore.Mvc.Infrastructure.ControllerActionInvoker.Next(State& next, Scope& scope, Object& state, Boolean& isCompleted)
   at Microsoft.AspNetCore.Mvc.Infrastructure.ControllerActionInvoker.InvokeInnerFilterAsync()
--- End of stack trace from previous location where exception was thrown ---
   at Microsoft.AspNetCore.Mvc.Infrastructure.ResourceInvoker.<InvokeFilterPipelineAsync>g__Awaited|19_0(ResourceInvoker invoker, Task lastTask, State next, Scope scope, Object state, Boolean isCompleted)
   at Microsoft.AspNetCore.Mvc.Infrastructure.ResourceInvoker.<InvokeAsync>g__Awaited|17_0(ResourceInvoker invoker, Task task, IDisposable scope)
   at Microsoft.AspNetCore.Routing.EndpointMiddleware.<Invoke>g__AwaitRequestTask|6_0(Endpoint endpoint, Task requestTask, ILogger logger)
   at Microsoft.AspNetCore.Authorization.AuthorizationMiddleware.Invoke(HttpContext context)
   at Microsoft.AspNetCore.Authentication.AuthenticationMiddleware.Invoke(HttpContext context)
   at CWB.ExceptionHandling.ExceptionMiddleware.InvokeAsync(HttpContext httpContext) in D:\EvolutionSoftware\CWB-Latest\CWB\CWB.ExceptionHandling\ExceptionMiddleware.cs:line 26
2025-12-05 05:11:49.3339 ERROR Error: AutoMapper.AutoMapperMappingException: Error mapping types.

Mapping types:
EntityQueryable`1 -> IEnumerable`1
Microsoft.EntityFrameworkCore.Query.Internal.EntityQueryable`1[[CWB.Masters.Domain.ItemMaster.PartPurchaseDetails, CWB.Masters, Version=1.0.0.0, Culture=neutral, PublicKeyToken=null]] -> System.Collections.Generic.IEnumerable`1[[CWB.Masters.ViewModels.ItemMaster.PartPurchaseDetailsVM, CWB.Masters, Version=1.0.0.0, Culture=neutral, PublicKeyToken=null]]
 ---> System.InvalidOperationException: An exception has been raised that is likely due to a transient failure. Consider enabling transient error resiliency by adding 'EnableRetryOnFailure()' to the 'UseMySql' call.
 ---> MySqlConnector.MySqlException (0x80004005): Connect Timeout expired. All pooled connections are in use.
   at MySqlConnector.MySqlConnection.CreateSessionAsync(ConnectionPool pool, Int32 startTickCount, Nullable`1 ioBehavior, CancellationToken cancellationToken) in /_/src/MySqlConnector/MySqlConnection.cs:line 902
   at MySqlConnector.MySqlConnection.OpenAsync(Nullable`1 ioBehavior, CancellationToken cancellationToken) in /_/src/MySqlConnector/MySqlConnection.cs:line 435
   at MySqlConnector.MySqlConnection.Open() in /_/src/MySqlConnector/MySqlConnection.cs:line 380
   at Microsoft.EntityFrameworkCore.Storage.RelationalConnection.OpenInternal(Boolean errorsExpected)
   at Microsoft.EntityFrameworkCore.Storage.RelationalConnection.Open(Boolean errorsExpected)
   at Pomelo.EntityFrameworkCore.MySql.Storage.Internal.MySqlRelationalConnection.Open(Boolean errorsExpected)
   at Microsoft.EntityFrameworkCore.Storage.RelationalCommand.ExecuteReader(RelationalCommandParameterObject parameterObject)
   at Microsoft.EntityFrameworkCore.Query.Internal.SingleQueryingEnumerable`1.Enumerator.InitializeReader(DbContext _, Boolean result)
   at Pomelo.EntityFrameworkCore.MySql.Storage.Internal.MySqlExecutionStrategy.Execute[TState,TResult](TState state, Func`3 operation, Func`3 verifySucceeded)
   --- End of inner exception stack trace ---
   at Pomelo.EntityFrameworkCore.MySql.Storage.Internal.MySqlExecutionStrategy.Execute[TState,TResult](TState state, Func`3 operation, Func`3 verifySucceeded)
   at Microsoft.EntityFrameworkCore.Query.Internal.SingleQueryingEnumerable`1.Enumerator.MoveNext()
   at lambda_method(Closure , Object , IEnumerable`1 , ResolutionContext )
   --- End of inner exception stack trace ---
   at lambda_method(Closure , Object , IEnumerable`1 , ResolutionContext )
   at CWB.Masters.Services.ItemMaster.RawMaterialDetailService.GetPartPurchasesForPartNo(Int32 partId, Int64 tenantId) in D:\DockerTestCWB\CWB-Latest\CWB\CWB.Masters\Services\ItemMaster\RawMaterialDetailService.cs:line 262
   at CWB.Masters.Controllers.RawMaterialDetailController.GetPartPurchasesForPartId(Int32 partId, Int64 tenantId) in D:\DockerTestCWB\CWB-Latest\CWB\CWB.Masters\Controllers\RawMaterialDetailController.cs:line 353
   at lambda_method(Closure , Object , Object[] )
   at Microsoft.AspNetCore.Mvc.Infrastructure.ActionMethodExecutor.SyncActionResultExecutor.Execute(IActionResultTypeMapper mapper, ObjectMethodExecutor executor, Object controller, Object[] arguments)
   at Microsoft.AspNetCore.Mvc.Infrastructure.ControllerActionInvoker.InvokeActionMethodAsync()
   at Microsoft.AspNetCore.Mvc.Infrastructure.ControllerActionInvoker.Next(State& next, Scope& scope, Object& state, Boolean& isCompleted)
   at Microsoft.AspNetCore.Mvc.Infrastructure.ControllerActionInvoker.InvokeNextActionFilterAsync()
--- End of stack trace from previous location where exception was thrown ---
   at Microsoft.AspNetCore.Mvc.Infrastructure.ControllerActionInvoker.Rethrow(ActionExecutedContextSealed context)
   at Microsoft.AspNetCore.Mvc.Infrastructure.ControllerActionInvoker.Next(State& next, Scope& scope, Object& state, Boolean& isCompleted)
   at Microsoft.AspNetCore.Mvc.Infrastructure.ControllerActionInvoker.InvokeInnerFilterAsync()
--- End of stack trace from previous location where exception was thrown ---
   at Microsoft.AspNetCore.Mvc.Infrastructure.ResourceInvoker.<InvokeFilterPipelineAsync>g__Awaited|19_0(ResourceInvoker invoker, Task lastTask, State next, Scope scope, Object state, Boolean isCompleted)
   at Microsoft.AspNetCore.Mvc.Infrastructure.ResourceInvoker.<InvokeAsync>g__Awaited|17_0(ResourceInvoker invoker, Task task, IDisposable scope)
   at Microsoft.AspNetCore.Routing.EndpointMiddleware.<Invoke>g__AwaitRequestTask|6_0(Endpoint endpoint, Task requestTask, ILogger logger)
   at Microsoft.AspNetCore.Authorization.AuthorizationMiddleware.Invoke(HttpContext context)
   at Microsoft.AspNetCore.Authentication.AuthenticationMiddleware.Invoke(HttpContext context)
   at CWB.ExceptionHandling.ExceptionMiddleware.InvokeAsync(HttpContext httpContext) in D:\EvolutionSoftware\CWB-Latest\CWB\CWB.ExceptionHandling\ExceptionMiddleware.cs:line 26
2025-12-05 05:11:56.4299 ERROR Error: AutoMapper.AutoMapperMappingException: Error mapping types.

Mapping types:
EntityQueryable`1 -> IEnumerable`1
Microsoft.EntityFrameworkCore.Query.Internal.EntityQueryable`1[[CWB.Masters.Domain.ItemMaster.PartPurchaseDetails, CWB.Masters, Version=1.0.0.0, Culture=neutral, PublicKeyToken=null]] -> System.Collections.Generic.IEnumerable`1[[CWB.Masters.ViewModels.ItemMaster.PartPurchaseDetailsVM, CWB.Masters, Version=1.0.0.0, Culture=neutral, PublicKeyToken=null]]
 ---> System.InvalidOperationException: An exception has been raised that is likely due to a transient failure. Consider enabling transient error resiliency by adding 'EnableRetryOnFailure()' to the 'UseMySql' call.
 ---> MySqlConnector.MySqlException (0x80004005): Connect Timeout expired. All pooled connections are in use.
   at MySqlConnector.MySqlConnection.CreateSessionAsync(ConnectionPool pool, Int32 startTickCount, Nullable`1 ioBehavior, CancellationToken cancellationToken) in /_/src/MySqlConnector/MySqlConnection.cs:line 902
   at MySqlConnector.MySqlConnection.OpenAsync(Nullable`1 ioBehavior, CancellationToken cancellationToken) in /_/src/MySqlConnector/MySqlConnection.cs:line 435
   at MySqlConnector.MySqlConnection.Open() in /_/src/MySqlConnector/MySqlConnection.cs:line 380
   at Microsoft.EntityFrameworkCore.Storage.RelationalConnection.OpenInternal(Boolean errorsExpected)
   at Microsoft.EntityFrameworkCore.Storage.RelationalConnection.Open(Boolean errorsExpected)
   at Pomelo.EntityFrameworkCore.MySql.Storage.Internal.MySqlRelationalConnection.Open(Boolean errorsExpected)
   at Microsoft.EntityFrameworkCore.Storage.RelationalCommand.ExecuteReader(RelationalCommandParameterObject parameterObject)
   at Microsoft.EntityFrameworkCore.Query.Internal.SingleQueryingEnumerable`1.Enumerator.InitializeReader(DbContext _, Boolean result)
   at Pomelo.EntityFrameworkCore.MySql.Storage.Internal.MySqlExecutionStrategy.Execute[TState,TResult](TState state, Func`3 operation, Func`3 verifySucceeded)
   --- End of inner exception stack trace ---
   at Pomelo.EntityFrameworkCore.MySql.Storage.Internal.MySqlExecutionStrategy.Execute[TState,TResult](TState state, Func`3 operation, Func`3 verifySucceeded)
   at Microsoft.EntityFrameworkCore.Query.Internal.SingleQueryingEnumerable`1.Enumerator.MoveNext()
   at lambda_method(Closure , Object , IEnumerable`1 , ResolutionContext )
   --- End of inner exception stack trace ---
   at lambda_method(Closure , Object , IEnumerable`1 , ResolutionContext )
   at CWB.Masters.Services.ItemMaster.RawMaterialDetailService.GetPartPurchasesForPartNo(Int32 partId, Int64 tenantId) in D:\DockerTestCWB\CWB-Latest\CWB\CWB.Masters\Services\ItemMaster\RawMaterialDetailService.cs:line 262
   at CWB.Masters.Controllers.RawMaterialDetailController.GetPartPurchasesForPartId(Int32 partId, Int64 tenantId) in D:\DockerTestCWB\CWB-Latest\CWB\CWB.Masters\Controllers\RawMaterialDetailController.cs:line 353
   at lambda_method(Closure , Object , Object[] )
   at Microsoft.AspNetCore.Mvc.Infrastructure.ActionMethodExecutor.SyncActionResultExecutor.Execute(IActionResultTypeMapper mapper, ObjectMethodExecutor executor, Object controller, Object[] arguments)
   at Microsoft.AspNetCore.Mvc.Infrastructure.ControllerActionInvoker.InvokeActionMethodAsync()
   at Microsoft.AspNetCore.Mvc.Infrastructure.ControllerActionInvoker.Next(State& next, Scope& scope, Object& state, Boolean& isCompleted)
   at Microsoft.AspNetCore.Mvc.Infrastructure.ControllerActionInvoker.InvokeNextActionFilterAsync()
--- End of stack trace from previous location where exception was thrown ---
   at Microsoft.AspNetCore.Mvc.Infrastructure.ControllerActionInvoker.Rethrow(ActionExecutedContextSealed context)
   at Microsoft.AspNetCore.Mvc.Infrastructure.ControllerActionInvoker.Next(State& next, Scope& scope, Object& state, Boolean& isCompleted)
   at Microsoft.AspNetCore.Mvc.Infrastructure.ControllerActionInvoker.InvokeInnerFilterAsync()
--- End of stack trace from previous location where exception was thrown ---
   at Microsoft.AspNetCore.Mvc.Infrastructure.ResourceInvoker.<InvokeFilterPipelineAsync>g__Awaited|19_0(ResourceInvoker invoker, Task lastTask, State next, Scope scope, Object state, Boolean isCompleted)
   at Microsoft.AspNetCore.Mvc.Infrastructure.ResourceInvoker.<InvokeAsync>g__Awaited|17_0(ResourceInvoker invoker, Task task, IDisposable scope)
   at Microsoft.AspNetCore.Routing.EndpointMiddleware.<Invoke>g__AwaitRequestTask|6_0(Endpoint endpoint, Task requestTask, ILogger logger)
   at Microsoft.AspNetCore.Authorization.AuthorizationMiddleware.Invoke(HttpContext context)
   at Microsoft.AspNetCore.Authentication.AuthenticationMiddleware.Invoke(HttpContext context)
   at CWB.ExceptionHandling.ExceptionMiddleware.InvokeAsync(HttpContext httpContext) in D:\EvolutionSoftware\CWB-Latest\CWB\CWB.ExceptionHandling\ExceptionMiddleware.cs:line 26
2025-12-05 05:11:58.2689 ERROR Error: AutoMapper.AutoMapperMappingException: Error mapping types.

Mapping types:
EntityQueryable`1 -> IEnumerable`1
Microsoft.EntityFrameworkCore.Query.Internal.EntityQueryable`1[[CWB.Masters.Domain.ItemMaster.PartPurchaseDetails, CWB.Masters, Version=1.0.0.0, Culture=neutral, PublicKeyToken=null]] -> System.Collections.Generic.IEnumerable`1[[CWB.Masters.ViewModels.ItemMaster.PartPurchaseDetailsVM, CWB.Masters, Version=1.0.0.0, Culture=neutral, PublicKeyToken=null]]
 ---> System.InvalidOperationException: An exception has been raised that is likely due to a transient failure. Consider enabling transient error resiliency by adding 'EnableRetryOnFailure()' to the 'UseMySql' call.
 ---> MySqlConnector.MySqlException (0x80004005): Connect Timeout expired. All pooled connections are in use.
   at MySqlConnector.MySqlConnection.CreateSessionAsync(ConnectionPool pool, Int32 startTickCount, Nullable`1 ioBehavior, CancellationToken cancellationToken) in /_/src/MySqlConnector/MySqlConnection.cs:line 902
   at MySqlConnector.MySqlConnection.OpenAsync(Nullable`1 ioBehavior, CancellationToken cancellationToken) in /_/src/MySqlConnector/MySqlConnection.cs:line 435
   at MySqlConnector.MySqlConnection.Open() in /_/src/MySqlConnector/MySqlConnection.cs:line 380
   at Microsoft.EntityFrameworkCore.Storage.RelationalConnection.OpenInternal(Boolean errorsExpected)
   at Microsoft.EntityFrameworkCore.Storage.RelationalConnection.Open(Boolean errorsExpected)
   at Pomelo.EntityFrameworkCore.MySql.Storage.Internal.MySqlRelationalConnection.Open(Boolean errorsExpected)
   at Microsoft.EntityFrameworkCore.Storage.RelationalCommand.ExecuteReader(RelationalCommandParameterObject parameterObject)
   at Microsoft.EntityFrameworkCore.Query.Internal.SingleQueryingEnumerable`1.Enumerator.InitializeReader(DbContext _, Boolean result)
   at Pomelo.EntityFrameworkCore.MySql.Storage.Internal.MySqlExecutionStrategy.Execute[TState,TResult](TState state, Func`3 operation, Func`3 verifySucceeded)
   --- End of inner exception stack trace ---
   at Pomelo.EntityFrameworkCore.MySql.Storage.Internal.MySqlExecutionStrategy.Execute[TState,TResult](TState state, Func`3 operation, Func`3 verifySucceeded)
   at Microsoft.EntityFrameworkCore.Query.Internal.SingleQueryingEnumerable`1.Enumerator.MoveNext()
   at lambda_method(Closure , Object , IEnumerable`1 , ResolutionContext )
   --- End of inner exception stack trace ---
   at lambda_method(Closure , Object , IEnumerable`1 , ResolutionContext )
   at CWB.Masters.Services.ItemMaster.RawMaterialDetailService.GetPartPurchasesForPartNo(Int32 partId, Int64 tenantId) in D:\DockerTestCWB\CWB-Latest\CWB\CWB.Masters\Services\ItemMaster\RawMaterialDetailService.cs:line 262
   at CWB.Masters.Controllers.RawMaterialDetailController.GetPartPurchasesForPartId(Int32 partId, Int64 tenantId) in D:\DockerTestCWB\CWB-Latest\CWB\CWB.Masters\Controllers\RawMaterialDetailController.cs:line 353
   at lambda_method(Closure , Object , Object[] )
   at Microsoft.AspNetCore.Mvc.Infrastructure.ActionMethodExecutor.SyncActionResultExecutor.Execute(IActionResultTypeMapper mapper, ObjectMethodExecutor executor, Object controller, Object[] arguments)
   at Microsoft.AspNetCore.Mvc.Infrastructure.ControllerActionInvoker.InvokeActionMethodAsync()
   at Microsoft.AspNetCore.Mvc.Infrastructure.ControllerActionInvoker.Next(State& next, Scope& scope, Object& state, Boolean& isCompleted)
   at Microsoft.AspNetCore.Mvc.Infrastructure.ControllerActionInvoker.InvokeNextActionFilterAsync()
--- End of stack trace from previous location where exception was thrown ---
   at Microsoft.AspNetCore.Mvc.Infrastructure.ControllerActionInvoker.Rethrow(ActionExecutedContextSealed context)
   at Microsoft.AspNetCore.Mvc.Infrastructure.ControllerActionInvoker.Next(State& next, Scope& scope, Object& state, Boolean& isCompleted)
   at Microsoft.AspNetCore.Mvc.Infrastructure.ControllerActionInvoker.InvokeInnerFilterAsync()
--- End of stack trace from previous location where exception was thrown ---
   at Microsoft.AspNetCore.Mvc.Infrastructure.ResourceInvoker.<InvokeFilterPipelineAsync>g__Awaited|19_0(ResourceInvoker invoker, Task lastTask, State next, Scope scope, Object state, Boolean isCompleted)
   at Microsoft.AspNetCore.Mvc.Infrastructure.ResourceInvoker.<InvokeAsync>g__Awaited|17_0(ResourceInvoker invoker, Task task, IDisposable scope)
   at Microsoft.AspNetCore.Routing.EndpointMiddleware.<Invoke>g__AwaitRequestTask|6_0(Endpoint endpoint, Task requestTask, ILogger logger)
   at Microsoft.AspNetCore.Authorization.AuthorizationMiddleware.Invoke(HttpContext context)
   at Microsoft.AspNetCore.Authentication.AuthenticationMiddleware.Invoke(HttpContext context)
   at CWB.ExceptionHandling.ExceptionMiddleware.InvokeAsync(HttpContext httpContext) in D:\EvolutionSoftware\CWB-Latest\CWB\CWB.ExceptionHandling\ExceptionMiddleware.cs:line 26
2025-12-05 05:12:03.4282 ERROR Error: AutoMapper.AutoMapperMappingException: Error mapping types.

Mapping types:
EntityQueryable`1 -> IEnumerable`1
Microsoft.EntityFrameworkCore.Query.Internal.EntityQueryable`1[[CWB.Masters.Domain.ItemMaster.PartPurchaseDetails, CWB.Masters, Version=1.0.0.0, Culture=neutral, PublicKeyToken=null]] -> System.Collections.Generic.IEnumerable`1[[CWB.Masters.ViewModels.ItemMaster.PartPurchaseDetailsVM, CWB.Masters, Version=1.0.0.0, Culture=neutral, PublicKeyToken=null]]
 ---> System.InvalidOperationException: An exception has been raised that is likely due to a transient failure. Consider enabling transient error resiliency by adding 'EnableRetryOnFailure()' to the 'UseMySql' call.
 ---> MySqlConnector.MySqlException (0x80004005): Connect Timeout expired. All pooled connections are in use.
   at MySqlConnector.MySqlConnection.CreateSessionAsync(ConnectionPool pool, Int32 startTickCount, Nullable`1 ioBehavior, CancellationToken cancellationToken) in /_/src/MySqlConnector/MySqlConnection.cs:line 902
   at MySqlConnector.MySqlConnection.OpenAsync(Nullable`1 ioBehavior, CancellationToken cancellationToken) in /_/src/MySqlConnector/MySqlConnection.cs:line 435
   at MySqlConnector.MySqlConnection.Open() in /_/src/MySqlConnector/MySqlConnection.cs:line 380
   at Microsoft.EntityFrameworkCore.Storage.RelationalConnection.OpenInternal(Boolean errorsExpected)
   at Microsoft.EntityFrameworkCore.Storage.RelationalConnection.Open(Boolean errorsExpected)
   at Pomelo.EntityFrameworkCore.MySql.Storage.Internal.MySqlRelationalConnection.Open(Boolean errorsExpected)
   at Microsoft.EntityFrameworkCore.Storage.RelationalCommand.ExecuteReader(RelationalCommandParameterObject parameterObject)
   at Microsoft.EntityFrameworkCore.Query.Internal.SingleQueryingEnumerable`1.Enumerator.InitializeReader(DbContext _, Boolean result)
   at Pomelo.EntityFrameworkCore.MySql.Storage.Internal.MySqlExecutionStrategy.Execute[TState,TResult](TState state, Func`3 operation, Func`3 verifySucceeded)
   --- End of inner exception stack trace ---
   at Pomelo.EntityFrameworkCore.MySql.Storage.Internal.MySqlExecutionStrategy.Execute[TState,TResult](TState state, Func`3 operation, Func`3 verifySucceeded)
   at Microsoft.EntityFrameworkCore.Query.Internal.SingleQueryingEnumerable`1.Enumerator.MoveNext()
   at lambda_method(Closure , Object , IEnumerable`1 , ResolutionContext )
   --- End of inner exception stack trace ---
   at lambda_method(Closure , Object , IEnumerable`1 , ResolutionContext )
   at CWB.Masters.Services.ItemMaster.RawMaterialDetailService.GetPartPurchasesForPartNo(Int32 partId, Int64 tenantId) in D:\DockerTestCWB\CWB-Latest\CWB\CWB.Masters\Services\ItemMaster\RawMaterialDetailService.cs:line 262
   at CWB.Masters.Controllers.RawMaterialDetailController.GetPartPurchasesForPartId(Int32 partId, Int64 tenantId) in D:\DockerTestCWB\CWB-Latest\CWB\CWB.Masters\Controllers\RawMaterialDetailController.cs:line 353
   at lambda_method(Closure , Object , Object[] )
   at Microsoft.AspNetCore.Mvc.Infrastructure.ActionMethodExecutor.SyncActionResultExecutor.Execute(IActionResultTypeMapper mapper, ObjectMethodExecutor executor, Object controller, Object[] arguments)
   at Microsoft.AspNetCore.Mvc.Infrastructure.ControllerActionInvoker.InvokeActionMethodAsync()
   at Microsoft.AspNetCore.Mvc.Infrastructure.ControllerActionInvoker.Next(State& next, Scope& scope, Object& state, Boolean& isCompleted)
   at Microsoft.AspNetCore.Mvc.Infrastructure.ControllerActionInvoker.InvokeNextActionFilterAsync()
--- End of stack trace from previous location where exception was thrown ---
   at Microsoft.AspNetCore.Mvc.Infrastructure.ControllerActionInvoker.Rethrow(ActionExecutedContextSealed context)
   at Microsoft.AspNetCore.Mvc.Infrastructure.ControllerActionInvoker.Next(State& next, Scope& scope, Object& state, Boolean& isCompleted)
   at Microsoft.AspNetCore.Mvc.Infrastructure.ControllerActionInvoker.InvokeInnerFilterAsync()
--- End of stack trace from previous location where exception was thrown ---
   at Microsoft.AspNetCore.Mvc.Infrastructure.ResourceInvoker.<InvokeFilterPipelineAsync>g__Awaited|19_0(ResourceInvoker invoker, Task lastTask, State next, Scope scope, Object state, Boolean isCompleted)
   at Microsoft.AspNetCore.Mvc.Infrastructure.ResourceInvoker.<InvokeAsync>g__Awaited|17_0(ResourceInvoker invoker, Task task, IDisposable scope)
   at Microsoft.AspNetCore.Routing.EndpointMiddleware.<Invoke>g__AwaitRequestTask|6_0(Endpoint endpoint, Task requestTask, ILogger logger)
   at Microsoft.AspNetCore.Authorization.AuthorizationMiddleware.Invoke(HttpContext context)
   at Microsoft.AspNetCore.Authentication.AuthenticationMiddleware.Invoke(HttpContext context)
   at CWB.ExceptionHandling.ExceptionMiddleware.InvokeAsync(HttpContext httpContext) in D:\EvolutionSoftware\CWB-Latest\CWB\CWB.ExceptionHandling\ExceptionMiddleware.cs:line 26
2025-12-05 05:12:03.5367 ERROR Error: AutoMapper.AutoMapperMappingException: Error mapping types.

Mapping types:
EntityQueryable`1 -> IEnumerable`1
Microsoft.EntityFrameworkCore.Query.Internal.EntityQueryable`1[[CWB.Masters.Domain.ItemMaster.PartPurchaseDetails, CWB.Masters, Version=1.0.0.0, Culture=neutral, PublicKeyToken=null]] -> System.Collections.Generic.IEnumerable`1[[CWB.Masters.ViewModels.ItemMaster.PartPurchaseDetailsVM, CWB.Masters, Version=1.0.0.0, Culture=neutral, PublicKeyToken=null]]
 ---> System.InvalidOperationException: An exception has been raised that is likely due to a transient failure. Consider enabling transient error resiliency by adding 'EnableRetryOnFailure()' to the 'UseMySql' call.
 ---> MySqlConnector.MySqlException (0x80004005): Connect Timeout expired. All pooled connections are in use.
   at MySqlConnector.MySqlConnection.CreateSessionAsync(ConnectionPool pool, Int32 startTickCount, Nullable`1 ioBehavior, CancellationToken cancellationToken) in /_/src/MySqlConnector/MySqlConnection.cs:line 902
   at MySqlConnector.MySqlConnection.OpenAsync(Nullable`1 ioBehavior, CancellationToken cancellationToken) in /_/src/MySqlConnector/MySqlConnection.cs:line 435
   at MySqlConnector.MySqlConnection.Open() in /_/src/MySqlConnector/MySqlConnection.cs:line 380
   at Microsoft.EntityFrameworkCore.Storage.RelationalConnection.OpenInternal(Boolean errorsExpected)
   at Microsoft.EntityFrameworkCore.Storage.RelationalConnection.Open(Boolean errorsExpected)
   at Pomelo.EntityFrameworkCore.MySql.Storage.Internal.MySqlRelationalConnection.Open(Boolean errorsExpected)
   at Microsoft.EntityFrameworkCore.Storage.RelationalCommand.ExecuteReader(RelationalCommandParameterObject parameterObject)
   at Microsoft.EntityFrameworkCore.Query.Internal.SingleQueryingEnumerable`1.Enumerator.InitializeReader(DbContext _, Boolean result)
   at Pomelo.EntityFrameworkCore.MySql.Storage.Internal.MySqlExecutionStrategy.Execute[TState,TResult](TState state, Func`3 operation, Func`3 verifySucceeded)
   --- End of inner exception stack trace ---
   at Pomelo.EntityFrameworkCore.MySql.Storage.Internal.MySqlExecutionStrategy.Execute[TState,TResult](TState state, Func`3 operation, Func`3 verifySucceeded)
   at Microsoft.EntityFrameworkCore.Query.Internal.SingleQueryingEnumerable`1.Enumerator.MoveNext()
   at lambda_method(Closure , Object , IEnumerable`1 , ResolutionContext )
   --- End of inner exception stack trace ---
   at lambda_method(Closure , Object , IEnumerable`1 , ResolutionContext )
   at CWB.Masters.Services.ItemMaster.RawMaterialDetailService.GetPartPurchasesForPartNo(Int32 partId, Int64 tenantId) in D:\DockerTestCWB\CWB-Latest\CWB\CWB.Masters\Services\ItemMaster\RawMaterialDetailService.cs:line 262
   at CWB.Masters.Controllers.RawMaterialDetailController.GetPartPurchasesForPartId(Int32 partId, Int64 tenantId) in D:\DockerTestCWB\CWB-Latest\CWB\CWB.Masters\Controllers\RawMaterialDetailController.cs:line 353
   at lambda_method(Closure , Object , Object[] )
   at Microsoft.AspNetCore.Mvc.Infrastructure.ActionMethodExecutor.SyncActionResultExecutor.Execute(IActionResultTypeMapper mapper, ObjectMethodExecutor executor, Object controller, Object[] arguments)
   at Microsoft.AspNetCore.Mvc.Infrastructure.ControllerActionInvoker.InvokeActionMethodAsync()
   at Microsoft.AspNetCore.Mvc.Infrastructure.ControllerActionInvoker.Next(State& next, Scope& scope, Object& state, Boolean& isCompleted)
   at Microsoft.AspNetCore.Mvc.Infrastructure.ControllerActionInvoker.InvokeNextActionFilterAsync()
--- End of stack trace from previous location where exception was thrown ---
   at Microsoft.AspNetCore.Mvc.Infrastructure.ControllerActionInvoker.Rethrow(ActionExecutedContextSealed context)
   at Microsoft.AspNetCore.Mvc.Infrastructure.ControllerActionInvoker.Next(State& next, Scope& scope, Object& state, Boolean& isCompleted)
   at Microsoft.AspNetCore.Mvc.Infrastructure.ControllerActionInvoker.InvokeInnerFilterAsync()
--- End of stack trace from previous location where exception was thrown ---
   at Microsoft.AspNetCore.Mvc.Infrastructure.ResourceInvoker.<InvokeFilterPipelineAsync>g__Awaited|19_0(ResourceInvoker invoker, Task lastTask, State next, Scope scope, Object state, Boolean isCompleted)
   at Microsoft.AspNetCore.Mvc.Infrastructure.ResourceInvoker.<InvokeAsync>g__Awaited|17_0(ResourceInvoker invoker, Task task, IDisposable scope)
   at Microsoft.AspNetCore.Routing.EndpointMiddleware.<Invoke>g__AwaitRequestTask|6_0(Endpoint endpoint, Task requestTask, ILogger logger)
   at Microsoft.AspNetCore.Authorization.AuthorizationMiddleware.Invoke(HttpContext context)
   at Microsoft.AspNetCore.Authentication.AuthenticationMiddleware.Invoke(HttpContext context)
   at CWB.ExceptionHandling.ExceptionMiddleware.InvokeAsync(HttpContext httpContext) in D:\EvolutionSoftware\CWB-Latest\CWB\CWB.ExceptionHandling\ExceptionMiddleware.cs:line 26
2025-12-05 05:12:03.5408 ERROR Error: AutoMapper.AutoMapperMappingException: Error mapping types.

Mapping types:
EntityQueryable`1 -> IEnumerable`1
Microsoft.EntityFrameworkCore.Query.Internal.EntityQueryable`1[[CWB.Masters.Domain.ItemMaster.PartPurchaseDetails, CWB.Masters, Version=1.0.0.0, Culture=neutral, PublicKeyToken=null]] -> System.Collections.Generic.IEnumerable`1[[CWB.Masters.ViewModels.ItemMaster.PartPurchaseDetailsVM, CWB.Masters, Version=1.0.0.0, Culture=neutral, PublicKeyToken=null]]
 ---> System.InvalidOperationException: An exception has been raised that is likely due to a transient failure. Consider enabling transient error resiliency by adding 'EnableRetryOnFailure()' to the 'UseMySql' call.
 ---> MySqlConnector.MySqlException (0x80004005): Connect Timeout expired. All pooled connections are in use.
   at MySqlConnector.MySqlConnection.CreateSessionAsync(ConnectionPool pool, Int32 startTickCount, Nullable`1 ioBehavior, CancellationToken cancellationToken) in /_/src/MySqlConnector/MySqlConnection.cs:line 902
   at MySqlConnector.MySqlConnection.OpenAsync(Nullable`1 ioBehavior, CancellationToken cancellationToken) in /_/src/MySqlConnector/MySqlConnection.cs:line 435
   at MySqlConnector.MySqlConnection.Open() in /_/src/MySqlConnector/MySqlConnection.cs:line 380
   at Microsoft.EntityFrameworkCore.Storage.RelationalConnection.OpenInternal(Boolean errorsExpected)
   at Microsoft.EntityFrameworkCore.Storage.RelationalConnection.Open(Boolean errorsExpected)
   at Pomelo.EntityFrameworkCore.MySql.Storage.Internal.MySqlRelationalConnection.Open(Boolean errorsExpected)
   at Microsoft.EntityFrameworkCore.Storage.RelationalCommand.ExecuteReader(RelationalCommandParameterObject parameterObject)
   at Microsoft.EntityFrameworkCore.Query.Internal.SingleQueryingEnumerable`1.Enumerator.InitializeReader(DbContext _, Boolean result)
   at Pomelo.EntityFrameworkCore.MySql.Storage.Internal.MySqlExecutionStrategy.Execute[TState,TResult](TState state, Func`3 operation, Func`3 verifySucceeded)
   --- End of inner exception stack trace ---
   at Pomelo.EntityFrameworkCore.MySql.Storage.Internal.MySqlExecutionStrategy.Execute[TState,TResult](TState state, Func`3 operation, Func`3 verifySucceeded)
   at Microsoft.EntityFrameworkCore.Query.Internal.SingleQueryingEnumerable`1.Enumerator.MoveNext()
   at lambda_method(Closure , Object , IEnumerable`1 , ResolutionContext )
   --- End of inner exception stack trace ---
   at lambda_method(Closure , Object , IEnumerable`1 , ResolutionContext )
   at CWB.Masters.Services.ItemMaster.RawMaterialDetailService.GetPartPurchasesForPartNo(Int32 partId, Int64 tenantId) in D:\DockerTestCWB\CWB-Latest\CWB\CWB.Masters\Services\ItemMaster\RawMaterialDetailService.cs:line 262
   at CWB.Masters.Controllers.RawMaterialDetailController.GetPartPurchasesForPartId(Int32 partId, Int64 tenantId) in D:\DockerTestCWB\CWB-Latest\CWB\CWB.Masters\Controllers\RawMaterialDetailController.cs:line 353
   at lambda_method(Closure , Object , Object[] )
   at Microsoft.AspNetCore.Mvc.Infrastructure.ActionMethodExecutor.SyncActionResultExecutor.Execute(IActionResultTypeMapper mapper, ObjectMethodExecutor executor, Object controller, Object[] arguments)
   at Microsoft.AspNetCore.Mvc.Infrastructure.ControllerActionInvoker.InvokeActionMethodAsync()
   at Microsoft.AspNetCore.Mvc.Infrastructure.ControllerActionInvoker.Next(State& next, Scope& scope, Object& state, Boolean& isCompleted)
   at Microsoft.AspNetCore.Mvc.Infrastructure.ControllerActionInvoker.InvokeNextActionFilterAsync()
--- End of stack trace from previous location where exception was thrown ---
   at Microsoft.AspNetCore.Mvc.Infrastructure.ControllerActionInvoker.Rethrow(ActionExecutedContextSealed context)
   at Microsoft.AspNetCore.Mvc.Infrastructure.ControllerActionInvoker.Next(State& next, Scope& scope, Object& state, Boolean& isCompleted)
   at Microsoft.AspNetCore.Mvc.Infrastructure.ControllerActionInvoker.InvokeInnerFilterAsync()
--- End of stack trace from previous location where exception was thrown ---
   at Microsoft.AspNetCore.Mvc.Infrastructure.ResourceInvoker.<InvokeFilterPipelineAsync>g__Awaited|19_0(ResourceInvoker invoker, Task lastTask, State next, Scope scope, Object state, Boolean isCompleted)
   at Microsoft.AspNetCore.Mvc.Infrastructure.ResourceInvoker.<InvokeAsync>g__Awaited|17_0(ResourceInvoker invoker, Task task, IDisposable scope)
   at Microsoft.AspNetCore.Routing.EndpointMiddleware.<Invoke>g__AwaitRequestTask|6_0(Endpoint endpoint, Task requestTask, ILogger logger)
   at Microsoft.AspNetCore.Authorization.AuthorizationMiddleware.Invoke(HttpContext context)
   at Microsoft.AspNetCore.Authentication.AuthenticationMiddleware.Invoke(HttpContext context)
   at CWB.ExceptionHandling.ExceptionMiddleware.InvokeAsync(HttpContext httpContext) in D:\EvolutionSoftware\CWB-Latest\CWB\CWB.ExceptionHandling\ExceptionMiddleware.cs:line 26
2025-12-05 05:12:03.5567 ERROR Error: AutoMapper.AutoMapperMappingException: Error mapping types.

Mapping types:
EntityQueryable`1 -> IEnumerable`1
Microsoft.EntityFrameworkCore.Query.Internal.EntityQueryable`1[[CWB.Masters.Domain.ItemMaster.PartPurchaseDetails, CWB.Masters, Version=1.0.0.0, Culture=neutral, PublicKeyToken=null]] -> System.Collections.Generic.IEnumerable`1[[CWB.Masters.ViewModels.ItemMaster.PartPurchaseDetailsVM, CWB.Masters, Version=1.0.0.0, Culture=neutral, PublicKeyToken=null]]
 ---> System.InvalidOperationException: An exception has been raised that is likely due to a transient failure. Consider enabling transient error resiliency by adding 'EnableRetryOnFailure()' to the 'UseMySql' call.
 ---> MySqlConnector.MySqlException (0x80004005): Connect Timeout expired. All pooled connections are in use.
   at MySqlConnector.MySqlConnection.CreateSessionAsync(ConnectionPool pool, Int32 startTickCount, Nullable`1 ioBehavior, CancellationToken cancellationToken) in /_/src/MySqlConnector/MySqlConnection.cs:line 902
   at MySqlConnector.MySqlConnection.OpenAsync(Nullable`1 ioBehavior, CancellationToken cancellationToken) in /_/src/MySqlConnector/MySqlConnection.cs:line 435
   at MySqlConnector.MySqlConnection.Open() in /_/src/MySqlConnector/MySqlConnection.cs:line 380
   at Microsoft.EntityFrameworkCore.Storage.RelationalConnection.OpenInternal(Boolean errorsExpected)
   at Microsoft.EntityFrameworkCore.Storage.RelationalConnection.Open(Boolean errorsExpected)
   at Pomelo.EntityFrameworkCore.MySql.Storage.Internal.MySqlRelationalConnection.Open(Boolean errorsExpected)
   at Microsoft.EntityFrameworkCore.Storage.RelationalCommand.ExecuteReader(RelationalCommandParameterObject parameterObject)
   at Microsoft.EntityFrameworkCore.Query.Internal.SingleQueryingEnumerable`1.Enumerator.InitializeReader(DbContext _, Boolean result)
   at Pomelo.EntityFrameworkCore.MySql.Storage.Internal.MySqlExecutionStrategy.Execute[TState,TResult](TState state, Func`3 operation, Func`3 verifySucceeded)
   --- End of inner exception stack trace ---
   at Pomelo.EntityFrameworkCore.MySql.Storage.Internal.MySqlExecutionStrategy.Execute[TState,TResult](TState state, Func`3 operation, Func`3 verifySucceeded)
   at Microsoft.EntityFrameworkCore.Query.Internal.SingleQueryingEnumerable`1.Enumerator.MoveNext()
   at lambda_method(Closure , Object , IEnumerable`1 , ResolutionContext )
   --- End of inner exception stack trace ---
   at lambda_method(Closure , Object , IEnumerable`1 , ResolutionContext )
   at CWB.Masters.Services.ItemMaster.RawMaterialDetailService.GetPartPurchasesForPartNo(Int32 partId, Int64 tenantId) in D:\DockerTestCWB\CWB-Latest\CWB\CWB.Masters\Services\ItemMaster\RawMaterialDetailService.cs:line 262
   at CWB.Masters.Controllers.RawMaterialDetailController.GetPartPurchasesForPartId(Int32 partId, Int64 tenantId) in D:\DockerTestCWB\CWB-Latest\CWB\CWB.Masters\Controllers\RawMaterialDetailController.cs:line 353
   at lambda_method(Closure , Object , Object[] )
   at Microsoft.AspNetCore.Mvc.Infrastructure.ActionMethodExecutor.SyncActionResultExecutor.Execute(IActionResultTypeMapper mapper, ObjectMethodExecutor executor, Object controller, Object[] arguments)
   at Microsoft.AspNetCore.Mvc.Infrastructure.ControllerActionInvoker.InvokeActionMethodAsync()
   at Microsoft.AspNetCore.Mvc.Infrastructure.ControllerActionInvoker.Next(State& next, Scope& scope, Object& state, Boolean& isCompleted)
   at Microsoft.AspNetCore.Mvc.Infrastructure.ControllerActionInvoker.InvokeNextActionFilterAsync()
--- End of stack trace from previous location where exception was thrown ---
   at Microsoft.AspNetCore.Mvc.Infrastructure.ControllerActionInvoker.Rethrow(ActionExecutedContextSealed context)
   at Microsoft.AspNetCore.Mvc.Infrastructure.ControllerActionInvoker.Next(State& next, Scope& scope, Object& state, Boolean& isCompleted)
   at Microsoft.AspNetCore.Mvc.Infrastructure.ControllerActionInvoker.InvokeInnerFilterAsync()
--- End of stack trace from previous location where exception was thrown ---
   at Microsoft.AspNetCore.Mvc.Infrastructure.ResourceInvoker.<InvokeFilterPipelineAsync>g__Awaited|19_0(ResourceInvoker invoker, Task lastTask, State next, Scope scope, Object state, Boolean isCompleted)
   at Microsoft.AspNetCore.Mvc.Infrastructure.ResourceInvoker.<InvokeAsync>g__Awaited|17_0(ResourceInvoker invoker, Task task, IDisposable scope)
   at Microsoft.AspNetCore.Routing.EndpointMiddleware.<Invoke>g__AwaitRequestTask|6_0(Endpoint endpoint, Task requestTask, ILogger logger)
   at Microsoft.AspNetCore.Authorization.AuthorizationMiddleware.Invoke(HttpContext context)
   at Microsoft.AspNetCore.Authentication.AuthenticationMiddleware.Invoke(HttpContext context)
   at CWB.ExceptionHandling.ExceptionMiddleware.InvokeAsync(HttpContext httpContext) in D:\EvolutionSoftware\CWB-Latest\CWB\CWB.ExceptionHandling\ExceptionMiddleware.cs:line 26
2025-12-05 05:12:06.7848 ERROR Error: AutoMapper.AutoMapperMappingException: Error mapping types.

Mapping types:
EntityQueryable`1 -> IEnumerable`1
Microsoft.EntityFrameworkCore.Query.Internal.EntityQueryable`1[[CWB.Masters.Domain.ItemMaster.PartPurchaseDetails, CWB.Masters, Version=1.0.0.0, Culture=neutral, PublicKeyToken=null]] -> System.Collections.Generic.IEnumerable`1[[CWB.Masters.ViewModels.ItemMaster.PartPurchaseDetailsVM, CWB.Masters, Version=1.0.0.0, Culture=neutral, PublicKeyToken=null]]
 ---> System.InvalidOperationException: An exception has been raised that is likely due to a transient failure. Consider enabling transient error resiliency by adding 'EnableRetryOnFailure()' to the 'UseMySql' call.
 ---> MySqlConnector.MySqlException (0x80004005): Connect Timeout expired. All pooled connections are in use.
   at MySqlConnector.MySqlConnection.CreateSessionAsync(ConnectionPool pool, Int32 startTickCount, Nullable`1 ioBehavior, CancellationToken cancellationToken) in /_/src/MySqlConnector/MySqlConnection.cs:line 902
   at MySqlConnector.MySqlConnection.OpenAsync(Nullable`1 ioBehavior, CancellationToken cancellationToken) in /_/src/MySqlConnector/MySqlConnection.cs:line 435
   at MySqlConnector.MySqlConnection.Open() in /_/src/MySqlConnector/MySqlConnection.cs:line 380
   at Microsoft.EntityFrameworkCore.Storage.RelationalConnection.OpenInternal(Boolean errorsExpected)
   at Microsoft.EntityFrameworkCore.Storage.RelationalConnection.Open(Boolean errorsExpected)
   at Pomelo.EntityFrameworkCore.MySql.Storage.Internal.MySqlRelationalConnection.Open(Boolean errorsExpected)
   at Microsoft.EntityFrameworkCore.Storage.RelationalCommand.ExecuteReader(RelationalCommandParameterObject parameterObject)
   at Microsoft.EntityFrameworkCore.Query.Internal.SingleQueryingEnumerable`1.Enumerator.InitializeReader(DbContext _, Boolean result)
   at Pomelo.EntityFrameworkCore.MySql.Storage.Internal.MySqlExecutionStrategy.Execute[TState,TResult](TState state, Func`3 operation, Func`3 verifySucceeded)
   --- End of inner exception stack trace ---
   at Pomelo.EntityFrameworkCore.MySql.Storage.Internal.MySqlExecutionStrategy.Execute[TState,TResult](TState state, Func`3 operation, Func`3 verifySucceeded)
   at Microsoft.EntityFrameworkCore.Query.Internal.SingleQueryingEnumerable`1.Enumerator.MoveNext()
   at lambda_method(Closure , Object , IEnumerable`1 , ResolutionContext )
   --- End of inner exception stack trace ---
   at lambda_method(Closure , Object , IEnumerable`1 , ResolutionContext )
   at CWB.Masters.Services.ItemMaster.RawMaterialDetailService.GetPartPurchasesForPartNo(Int32 partId, Int64 tenantId) in D:\DockerTestCWB\CWB-Latest\CWB\CWB.Masters\Services\ItemMaster\RawMaterialDetailService.cs:line 262
   at CWB.Masters.Controllers.RawMaterialDetailController.GetPartPurchasesForPartId(Int32 partId, Int64 tenantId) in D:\DockerTestCWB\CWB-Latest\CWB\CWB.Masters\Controllers\RawMaterialDetailController.cs:line 353
   at lambda_method(Closure , Object , Object[] )
   at Microsoft.AspNetCore.Mvc.Infrastructure.ActionMethodExecutor.SyncActionResultExecutor.Execute(IActionResultTypeMapper mapper, ObjectMethodExecutor executor, Object controller, Object[] arguments)
   at Microsoft.AspNetCore.Mvc.Infrastructure.ControllerActionInvoker.InvokeActionMethodAsync()
   at Microsoft.AspNetCore.Mvc.Infrastructure.ControllerActionInvoker.Next(State& next, Scope& scope, Object& state, Boolean& isCompleted)
   at Microsoft.AspNetCore.Mvc.Infrastructure.ControllerActionInvoker.InvokeNextActionFilterAsync()
--- End of stack trace from previous location where exception was thrown ---
   at Microsoft.AspNetCore.Mvc.Infrastructure.ControllerActionInvoker.Rethrow(ActionExecutedContextSealed context)
   at Microsoft.AspNetCore.Mvc.Infrastructure.ControllerActionInvoker.Next(State& next, Scope& scope, Object& state, Boolean& isCompleted)
   at Microsoft.AspNetCore.Mvc.Infrastructure.ControllerActionInvoker.InvokeInnerFilterAsync()
--- End of stack trace from previous location where exception was thrown ---
   at Microsoft.AspNetCore.Mvc.Infrastructure.ResourceInvoker.<InvokeFilterPipelineAsync>g__Awaited|19_0(ResourceInvoker invoker, Task lastTask, State next, Scope scope, Object state, Boolean isCompleted)
   at Microsoft.AspNetCore.Mvc.Infrastructure.ResourceInvoker.<InvokeAsync>g__Awaited|17_0(ResourceInvoker invoker, Task task, IDisposable scope)
   at Microsoft.AspNetCore.Routing.EndpointMiddleware.<Invoke>g__AwaitRequestTask|6_0(Endpoint endpoint, Task requestTask, ILogger logger)
   at Microsoft.AspNetCore.Authorization.AuthorizationMiddleware.Invoke(HttpContext context)
   at Microsoft.AspNetCore.Authentication.AuthenticationMiddleware.Invoke(HttpContext context)
   at CWB.ExceptionHandling.ExceptionMiddleware.InvokeAsync(HttpContext httpContext) in D:\EvolutionSoftware\CWB-Latest\CWB\CWB.ExceptionHandling\ExceptionMiddleware.cs:line 26
2025-12-05 05:12:08.0492 ERROR Error: AutoMapper.AutoMapperMappingException: Error mapping types.

Mapping types:
EntityQueryable`1 -> IEnumerable`1
Microsoft.EntityFrameworkCore.Query.Internal.EntityQueryable`1[[CWB.Masters.Domain.ItemMaster.PartPurchaseDetails, CWB.Masters, Version=1.0.0.0, Culture=neutral, PublicKeyToken=null]] -> System.Collections.Generic.IEnumerable`1[[CWB.Masters.ViewModels.ItemMaster.PartPurchaseDetailsVM, CWB.Masters, Version=1.0.0.0, Culture=neutral, PublicKeyToken=null]]
 ---> System.InvalidOperationException: An exception has been raised that is likely due to a transient failure. Consider enabling transient error resiliency by adding 'EnableRetryOnFailure()' to the 'UseMySql' call.
 ---> MySqlConnector.MySqlException (0x80004005): Connect Timeout expired. All pooled connections are in use.
   at MySqlConnector.MySqlConnection.CreateSessionAsync(ConnectionPool pool, Int32 startTickCount, Nullable`1 ioBehavior, CancellationToken cancellationToken) in /_/src/MySqlConnector/MySqlConnection.cs:line 902
   at MySqlConnector.MySqlConnection.OpenAsync(Nullable`1 ioBehavior, CancellationToken cancellationToken) in /_/src/MySqlConnector/MySqlConnection.cs:line 435
   at MySqlConnector.MySqlConnection.Open() in /_/src/MySqlConnector/MySqlConnection.cs:line 380
   at Microsoft.EntityFrameworkCore.Storage.RelationalConnection.OpenInternal(Boolean errorsExpected)
   at Microsoft.EntityFrameworkCore.Storage.RelationalConnection.Open(Boolean errorsExpected)
   at Pomelo.EntityFrameworkCore.MySql.Storage.Internal.MySqlRelationalConnection.Open(Boolean errorsExpected)
   at Microsoft.EntityFrameworkCore.Storage.RelationalCommand.ExecuteReader(RelationalCommandParameterObject parameterObject)
   at Microsoft.EntityFrameworkCore.Query.Internal.SingleQueryingEnumerable`1.Enumerator.InitializeReader(DbContext _, Boolean result)
   at Pomelo.EntityFrameworkCore.MySql.Storage.Internal.MySqlExecutionStrategy.Execute[TState,TResult](TState state, Func`3 operation, Func`3 verifySucceeded)
   --- End of inner exception stack trace ---
   at Pomelo.EntityFrameworkCore.MySql.Storage.Internal.MySqlExecutionStrategy.Execute[TState,TResult](TState state, Func`3 operation, Func`3 verifySucceeded)
   at Microsoft.EntityFrameworkCore.Query.Internal.SingleQueryingEnumerable`1.Enumerator.MoveNext()
   at lambda_method(Closure , Object , IEnumerable`1 , ResolutionContext )
   --- End of inner exception stack trace ---
   at lambda_method(Closure , Object , IEnumerable`1 , ResolutionContext )
   at CWB.Masters.Services.ItemMaster.RawMaterialDetailService.GetPartPurchasesForPartNo(Int32 partId, Int64 tenantId) in D:\DockerTestCWB\CWB-Latest\CWB\CWB.Masters\Services\ItemMaster\RawMaterialDetailService.cs:line 262
   at CWB.Masters.Controllers.RawMaterialDetailController.GetPartPurchasesForPartId(Int32 partId, Int64 tenantId) in D:\DockerTestCWB\CWB-Latest\CWB\CWB.Masters\Controllers\RawMaterialDetailController.cs:line 353
   at lambda_method(Closure , Object , Object[] )
   at Microsoft.AspNetCore.Mvc.Infrastructure.ActionMethodExecutor.SyncActionResultExecutor.Execute(IActionResultTypeMapper mapper, ObjectMethodExecutor executor, Object controller, Object[] arguments)
   at Microsoft.AspNetCore.Mvc.Infrastructure.ControllerActionInvoker.InvokeActionMethodAsync()
   at Microsoft.AspNetCore.Mvc.Infrastructure.ControllerActionInvoker.Next(State& next, Scope& scope, Object& state, Boolean& isCompleted)
   at Microsoft.AspNetCore.Mvc.Infrastructure.ControllerActionInvoker.InvokeNextActionFilterAsync()
--- End of stack trace from previous location where exception was thrown ---
   at Microsoft.AspNetCore.Mvc.Infrastructure.ControllerActionInvoker.Rethrow(ActionExecutedContextSealed context)
   at Microsoft.AspNetCore.Mvc.Infrastructure.ControllerActionInvoker.Next(State& next, Scope& scope, Object& state, Boolean& isCompleted)
   at Microsoft.AspNetCore.Mvc.Infrastructure.ControllerActionInvoker.InvokeInnerFilterAsync()
--- End of stack trace from previous location where exception was thrown ---
   at Microsoft.AspNetCore.Mvc.Infrastructure.ResourceInvoker.<InvokeFilterPipelineAsync>g__Awaited|19_0(ResourceInvoker invoker, Task lastTask, State next, Scope scope, Object state, Boolean isCompleted)
   at Microsoft.AspNetCore.Mvc.Infrastructure.ResourceInvoker.<InvokeAsync>g__Awaited|17_0(ResourceInvoker invoker, Task task, IDisposable scope)
   at Microsoft.AspNetCore.Routing.EndpointMiddleware.<Invoke>g__AwaitRequestTask|6_0(Endpoint endpoint, Task requestTask, ILogger logger)
   at Microsoft.AspNetCore.Authorization.AuthorizationMiddleware.Invoke(HttpContext context)
   at Microsoft.AspNetCore.Authentication.AuthenticationMiddleware.Invoke(HttpContext context)
   at CWB.ExceptionHandling.ExceptionMiddleware.InvokeAsync(HttpContext httpContext) in D:\EvolutionSoftware\CWB-Latest\CWB\CWB.ExceptionHandling\ExceptionMiddleware.cs:line 26
2025-12-05 05:12:09.3019 ERROR Error: AutoMapper.AutoMapperMappingException: Error mapping types.

Mapping types:
EntityQueryable`1 -> IEnumerable`1
Microsoft.EntityFrameworkCore.Query.Internal.EntityQueryable`1[[CWB.Masters.Domain.ItemMaster.PartPurchaseDetails, CWB.Masters, Version=1.0.0.0, Culture=neutral, PublicKeyToken=null]] -> System.Collections.Generic.IEnumerable`1[[CWB.Masters.ViewModels.ItemMaster.PartPurchaseDetailsVM, CWB.Masters, Version=1.0.0.0, Culture=neutral, PublicKeyToken=null]]
 ---> System.InvalidOperationException: An exception has been raised that is likely due to a transient failure. Consider enabling transient error resiliency by adding 'EnableRetryOnFailure()' to the 'UseMySql' call.
 ---> MySqlConnector.MySqlException (0x80004005): Connect Timeout expired. All pooled connections are in use.
   at MySqlConnector.MySqlConnection.CreateSessionAsync(ConnectionPool pool, Int32 startTickCount, Nullable`1 ioBehavior, CancellationToken cancellationToken) in /_/src/MySqlConnector/MySqlConnection.cs:line 902
   at MySqlConnector.MySqlConnection.OpenAsync(Nullable`1 ioBehavior, CancellationToken cancellationToken) in /_/src/MySqlConnector/MySqlConnection.cs:line 435
   at MySqlConnector.MySqlConnection.Open() in /_/src/MySqlConnector/MySqlConnection.cs:line 380
   at Microsoft.EntityFrameworkCore.Storage.RelationalConnection.OpenInternal(Boolean errorsExpected)
   at Microsoft.EntityFrameworkCore.Storage.RelationalConnection.Open(Boolean errorsExpected)
   at Pomelo.EntityFrameworkCore.MySql.Storage.Internal.MySqlRelationalConnection.Open(Boolean errorsExpected)
   at Microsoft.EntityFrameworkCore.Storage.RelationalCommand.ExecuteReader(RelationalCommandParameterObject parameterObject)
   at Microsoft.EntityFrameworkCore.Query.Internal.SingleQueryingEnumerable`1.Enumerator.InitializeReader(DbContext _, Boolean result)
   at Pomelo.EntityFrameworkCore.MySql.Storage.Internal.MySqlExecutionStrategy.Execute[TState,TResult](TState state, Func`3 operation, Func`3 verifySucceeded)
   --- End of inner exception stack trace ---
   at Pomelo.EntityFrameworkCore.MySql.Storage.Internal.MySqlExecutionStrategy.Execute[TState,TResult](TState state, Func`3 operation, Func`3 verifySucceeded)
   at Microsoft.EntityFrameworkCore.Query.Internal.SingleQueryingEnumerable`1.Enumerator.MoveNext()
   at lambda_method(Closure , Object , IEnumerable`1 , ResolutionContext )
   --- End of inner exception stack trace ---
   at lambda_method(Closure , Object , IEnumerable`1 , ResolutionContext )
   at CWB.Masters.Services.ItemMaster.RawMaterialDetailService.GetPartPurchasesForPartNo(Int32 partId, Int64 tenantId) in D:\DockerTestCWB\CWB-Latest\CWB\CWB.Masters\Services\ItemMaster\RawMaterialDetailService.cs:line 262
   at CWB.Masters.Controllers.RawMaterialDetailController.GetPartPurchasesForPartId(Int32 partId, Int64 tenantId) in D:\DockerTestCWB\CWB-Latest\CWB\CWB.Masters\Controllers\RawMaterialDetailController.cs:line 353
   at lambda_method(Closure , Object , Object[] )
   at Microsoft.AspNetCore.Mvc.Infrastructure.ActionMethodExecutor.SyncActionResultExecutor.Execute(IActionResultTypeMapper mapper, ObjectMethodExecutor executor, Object controller, Object[] arguments)
   at Microsoft.AspNetCore.Mvc.Infrastructure.ControllerActionInvoker.InvokeActionMethodAsync()
   at Microsoft.AspNetCore.Mvc.Infrastructure.ControllerActionInvoker.Next(State& next, Scope& scope, Object& state, Boolean& isCompleted)
   at Microsoft.AspNetCore.Mvc.Infrastructure.ControllerActionInvoker.InvokeNextActionFilterAsync()
--- End of stack trace from previous location where exception was thrown ---
   at Microsoft.AspNetCore.Mvc.Infrastructure.ControllerActionInvoker.Rethrow(ActionExecutedContextSealed context)
   at Microsoft.AspNetCore.Mvc.Infrastructure.ControllerActionInvoker.Next(State& next, Scope& scope, Object& state, Boolean& isCompleted)
   at Microsoft.AspNetCore.Mvc.Infrastructure.ControllerActionInvoker.InvokeInnerFilterAsync()
--- End of stack trace from previous location where exception was thrown ---
   at Microsoft.AspNetCore.Mvc.Infrastructure.ResourceInvoker.<InvokeFilterPipelineAsync>g__Awaited|19_0(ResourceInvoker invoker, Task lastTask, State next, Scope scope, Object state, Boolean isCompleted)
   at Microsoft.AspNetCore.Mvc.Infrastructure.ResourceInvoker.<InvokeAsync>g__Awaited|17_0(ResourceInvoker invoker, Task task, IDisposable scope)
   at Microsoft.AspNetCore.Routing.EndpointMiddleware.<Invoke>g__AwaitRequestTask|6_0(Endpoint endpoint, Task requestTask, ILogger logger)
   at Microsoft.AspNetCore.Authorization.AuthorizationMiddleware.Invoke(HttpContext context)
   at Microsoft.AspNetCore.Authentication.AuthenticationMiddleware.Invoke(HttpContext context)
   at CWB.ExceptionHandling.ExceptionMiddleware.InvokeAsync(HttpContext httpContext) in D:\EvolutionSoftware\CWB-Latest\CWB\CWB.ExceptionHandling\ExceptionMiddleware.cs:line 26
2025-12-05 05:12:09.3019 ERROR Error: AutoMapper.AutoMapperMappingException: Error mapping types.

Mapping types:
EntityQueryable`1 -> IEnumerable`1
Microsoft.EntityFrameworkCore.Query.Internal.EntityQueryable`1[[CWB.Masters.Domain.ItemMaster.PartPurchaseDetails, CWB.Masters, Version=1.0.0.0, Culture=neutral, PublicKeyToken=null]] -> System.Collections.Generic.IEnumerable`1[[CWB.Masters.ViewModels.ItemMaster.PartPurchaseDetailsVM, CWB.Masters, Version=1.0.0.0, Culture=neutral, PublicKeyToken=null]]
 ---> System.InvalidOperationException: An exception has been raised that is likely due to a transient failure. Consider enabling transient error resiliency by adding 'EnableRetryOnFailure()' to the 'UseMySql' call.
 ---> MySqlConnector.MySqlException (0x80004005): Connect Timeout expired. All pooled connections are in use.
   at MySqlConnector.MySqlConnection.CreateSessionAsync(ConnectionPool pool, Int32 startTickCount, Nullable`1 ioBehavior, CancellationToken cancellationToken) in /_/src/MySqlConnector/MySqlConnection.cs:line 902
   at MySqlConnector.MySqlConnection.OpenAsync(Nullable`1 ioBehavior, CancellationToken cancellationToken) in /_/src/MySqlConnector/MySqlConnection.cs:line 435
   at MySqlConnector.MySqlConnection.Open() in /_/src/MySqlConnector/MySqlConnection.cs:line 380
   at Microsoft.EntityFrameworkCore.Storage.RelationalConnection.OpenInternal(Boolean errorsExpected)
   at Microsoft.EntityFrameworkCore.Storage.RelationalConnection.Open(Boolean errorsExpected)
   at Pomelo.EntityFrameworkCore.MySql.Storage.Internal.MySqlRelationalConnection.Open(Boolean errorsExpected)
   at Microsoft.EntityFrameworkCore.Storage.RelationalCommand.ExecuteReader(RelationalCommandParameterObject parameterObject)
   at Microsoft.EntityFrameworkCore.Query.Internal.SingleQueryingEnumerable`1.Enumerator.InitializeReader(DbContext _, Boolean result)
   at Pomelo.EntityFrameworkCore.MySql.Storage.Internal.MySqlExecutionStrategy.Execute[TState,TResult](TState state, Func`3 operation, Func`3 verifySucceeded)
   --- End of inner exception stack trace ---
   at Pomelo.EntityFrameworkCore.MySql.Storage.Internal.MySqlExecutionStrategy.Execute[TState,TResult](TState state, Func`3 operation, Func`3 verifySucceeded)
   at Microsoft.EntityFrameworkCore.Query.Internal.SingleQueryingEnumerable`1.Enumerator.MoveNext()
   at lambda_method(Closure , Object , IEnumerable`1 , ResolutionContext )
   --- End of inner exception stack trace ---
   at lambda_method(Closure , Object , IEnumerable`1 , ResolutionContext )
   at CWB.Masters.Services.ItemMaster.RawMaterialDetailService.GetPartPurchasesForPartNo(Int32 partId, Int64 tenantId) in D:\DockerTestCWB\CWB-Latest\CWB\CWB.Masters\Services\ItemMaster\RawMaterialDetailService.cs:line 262
   at CWB.Masters.Controllers.RawMaterialDetailController.GetPartPurchasesForPartId(Int32 partId, Int64 tenantId) in D:\DockerTestCWB\CWB-Latest\CWB\CWB.Masters\Controllers\RawMaterialDetailController.cs:line 353
   at lambda_method(Closure , Object , Object[] )
   at Microsoft.AspNetCore.Mvc.Infrastructure.ActionMethodExecutor.SyncActionResultExecutor.Execute(IActionResultTypeMapper mapper, ObjectMethodExecutor executor, Object controller, Object[] arguments)
   at Microsoft.AspNetCore.Mvc.Infrastructure.ControllerActionInvoker.InvokeActionMethodAsync()
   at Microsoft.AspNetCore.Mvc.Infrastructure.ControllerActionInvoker.Next(State& next, Scope& scope, Object& state, Boolean& isCompleted)
   at Microsoft.AspNetCore.Mvc.Infrastructure.ControllerActionInvoker.InvokeNextActionFilterAsync()
--- End of stack trace from previous location where exception was thrown ---
   at Microsoft.AspNetCore.Mvc.Infrastructure.ControllerActionInvoker.Rethrow(ActionExecutedContextSealed context)
   at Microsoft.AspNetCore.Mvc.Infrastructure.ControllerActionInvoker.Next(State& next, Scope& scope, Object& state, Boolean& isCompleted)
   at Microsoft.AspNetCore.Mvc.Infrastructure.ControllerActionInvoker.InvokeInnerFilterAsync()
--- End of stack trace from previous location where exception was thrown ---
   at Microsoft.AspNetCore.Mvc.Infrastructure.ResourceInvoker.<InvokeFilterPipelineAsync>g__Awaited|19_0(ResourceInvoker invoker, Task lastTask, State next, Scope scope, Object state, Boolean isCompleted)
   at Microsoft.AspNetCore.Mvc.Infrastructure.ResourceInvoker.<InvokeAsync>g__Awaited|17_0(ResourceInvoker invoker, Task task, IDisposable scope)
   at Microsoft.AspNetCore.Routing.EndpointMiddleware.<Invoke>g__AwaitRequestTask|6_0(Endpoint endpoint, Task requestTask, ILogger logger)
   at Microsoft.AspNetCore.Authorization.AuthorizationMiddleware.Invoke(HttpContext context)
   at Microsoft.AspNetCore.Authentication.AuthenticationMiddleware.Invoke(HttpContext context)
   at CWB.ExceptionHandling.ExceptionMiddleware.InvokeAsync(HttpContext httpContext) in D:\EvolutionSoftware\CWB-Latest\CWB\CWB.ExceptionHandling\ExceptionMiddleware.cs:line 26
2025-12-05 05:12:10.5388 ERROR Error: AutoMapper.AutoMapperMappingException: Error mapping types.

Mapping types:
EntityQueryable`1 -> IEnumerable`1
Microsoft.EntityFrameworkCore.Query.Internal.EntityQueryable`1[[CWB.Masters.Domain.ItemMaster.PartPurchaseDetails, CWB.Masters, Version=1.0.0.0, Culture=neutral, PublicKeyToken=null]] -> System.Collections.Generic.IEnumerable`1[[CWB.Masters.ViewModels.ItemMaster.PartPurchaseDetailsVM, CWB.Masters, Version=1.0.0.0, Culture=neutral, PublicKeyToken=null]]
 ---> System.InvalidOperationException: An exception has been raised that is likely due to a transient failure. Consider enabling transient error resiliency by adding 'EnableRetryOnFailure()' to the 'UseMySql' call.
 ---> MySqlConnector.MySqlException (0x80004005): Connect Timeout expired. All pooled connections are in use.
   at MySqlConnector.MySqlConnection.CreateSessionAsync(ConnectionPool pool, Int32 startTickCount, Nullable`1 ioBehavior, CancellationToken cancellationToken) in /_/src/MySqlConnector/MySqlConnection.cs:line 902
   at MySqlConnector.MySqlConnection.OpenAsync(Nullable`1 ioBehavior, CancellationToken cancellationToken) in /_/src/MySqlConnector/MySqlConnection.cs:line 435
   at MySqlConnector.MySqlConnection.Open() in /_/src/MySqlConnector/MySqlConnection.cs:line 380
   at Microsoft.EntityFrameworkCore.Storage.RelationalConnection.OpenInternal(Boolean errorsExpected)
   at Microsoft.EntityFrameworkCore.Storage.RelationalConnection.Open(Boolean errorsExpected)
   at Pomelo.EntityFrameworkCore.MySql.Storage.Internal.MySqlRelationalConnection.Open(Boolean errorsExpected)
   at Microsoft.EntityFrameworkCore.Storage.RelationalCommand.ExecuteReader(RelationalCommandParameterObject parameterObject)
   at Microsoft.EntityFrameworkCore.Query.Internal.SingleQueryingEnumerable`1.Enumerator.InitializeReader(DbContext _, Boolean result)
   at Pomelo.EntityFrameworkCore.MySql.Storage.Internal.MySqlExecutionStrategy.Execute[TState,TResult](TState state, Func`3 operation, Func`3 verifySucceeded)
   --- End of inner exception stack trace ---
   at Pomelo.EntityFrameworkCore.MySql.Storage.Internal.MySqlExecutionStrategy.Execute[TState,TResult](TState state, Func`3 operation, Func`3 verifySucceeded)
   at Microsoft.EntityFrameworkCore.Query.Internal.SingleQueryingEnumerable`1.Enumerator.MoveNext()
   at lambda_method(Closure , Object , IEnumerable`1 , ResolutionContext )
   --- End of inner exception stack trace ---
   at lambda_method(Closure , Object , IEnumerable`1 , ResolutionContext )
   at CWB.Masters.Services.ItemMaster.RawMaterialDetailService.GetPartPurchasesForPartNo(Int32 partId, Int64 tenantId) in D:\DockerTestCWB\CWB-Latest\CWB\CWB.Masters\Services\ItemMaster\RawMaterialDetailService.cs:line 262
   at CWB.Masters.Controllers.RawMaterialDetailController.GetPartPurchasesForPartId(Int32 partId, Int64 tenantId) in D:\DockerTestCWB\CWB-Latest\CWB\CWB.Masters\Controllers\RawMaterialDetailController.cs:line 353
   at lambda_method(Closure , Object , Object[] )
   at Microsoft.AspNetCore.Mvc.Infrastructure.ActionMethodExecutor.SyncActionResultExecutor.Execute(IActionResultTypeMapper mapper, ObjectMethodExecutor executor, Object controller, Object[] arguments)
   at Microsoft.AspNetCore.Mvc.Infrastructure.ControllerActionInvoker.InvokeActionMethodAsync()
   at Microsoft.AspNetCore.Mvc.Infrastructure.ControllerActionInvoker.Next(State& next, Scope& scope, Object& state, Boolean& isCompleted)
   at Microsoft.AspNetCore.Mvc.Infrastructure.ControllerActionInvoker.InvokeNextActionFilterAsync()
--- End of stack trace from previous location where exception was thrown ---
   at Microsoft.AspNetCore.Mvc.Infrastructure.ControllerActionInvoker.Rethrow(ActionExecutedContextSealed context)
   at Microsoft.AspNetCore.Mvc.Infrastructure.ControllerActionInvoker.Next(State& next, Scope& scope, Object& state, Boolean& isCompleted)
   at Microsoft.AspNetCore.Mvc.Infrastructure.ControllerActionInvoker.InvokeInnerFilterAsync()
--- End of stack trace from previous location where exception was thrown ---
   at Microsoft.AspNetCore.Mvc.Infrastructure.ResourceInvoker.<InvokeFilterPipelineAsync>g__Awaited|19_0(ResourceInvoker invoker, Task lastTask, State next, Scope scope, Object state, Boolean isCompleted)
   at Microsoft.AspNetCore.Mvc.Infrastructure.ResourceInvoker.<InvokeAsync>g__Awaited|17_0(ResourceInvoker invoker, Task task, IDisposable scope)
   at Microsoft.AspNetCore.Routing.EndpointMiddleware.<Invoke>g__AwaitRequestTask|6_0(Endpoint endpoint, Task requestTask, ILogger logger)
   at Microsoft.AspNetCore.Authorization.AuthorizationMiddleware.Invoke(HttpContext context)
   at Microsoft.AspNetCore.Authentication.AuthenticationMiddleware.Invoke(HttpContext context)
   at CWB.ExceptionHandling.ExceptionMiddleware.InvokeAsync(HttpContext httpContext) in D:\EvolutionSoftware\CWB-Latest\CWB\CWB.ExceptionHandling\ExceptionMiddleware.cs:line 26
2025-12-05 05:12:18.1962 ERROR Error: AutoMapper.AutoMapperMappingException: Error mapping types.

Mapping types:
EntityQueryable`1 -> IEnumerable`1
Microsoft.EntityFrameworkCore.Query.Internal.EntityQueryable`1[[CWB.Masters.Domain.ItemMaster.PartPurchaseDetails, CWB.Masters, Version=1.0.0.0, Culture=neutral, PublicKeyToken=null]] -> System.Collections.Generic.IEnumerable`1[[CWB.Masters.ViewModels.ItemMaster.PartPurchaseDetailsVM, CWB.Masters, Version=1.0.0.0, Culture=neutral, PublicKeyToken=null]]
 ---> System.InvalidOperationException: An exception has been raised that is likely due to a transient failure. Consider enabling transient error resiliency by adding 'EnableRetryOnFailure()' to the 'UseMySql' call.
 ---> MySqlConnector.MySqlException (0x80004005): Connect Timeout expired. All pooled connections are in use.
   at MySqlConnector.MySqlConnection.CreateSessionAsync(ConnectionPool pool, Int32 startTickCount, Nullable`1 ioBehavior, CancellationToken cancellationToken) in /_/src/MySqlConnector/MySqlConnection.cs:line 902
   at MySqlConnector.MySqlConnection.OpenAsync(Nullable`1 ioBehavior, CancellationToken cancellationToken) in /_/src/MySqlConnector/MySqlConnection.cs:line 435
   at MySqlConnector.MySqlConnection.Open() in /_/src/MySqlConnector/MySqlConnection.cs:line 380
   at Microsoft.EntityFrameworkCore.Storage.RelationalConnection.OpenInternal(Boolean errorsExpected)
   at Microsoft.EntityFrameworkCore.Storage.RelationalConnection.Open(Boolean errorsExpected)
   at Pomelo.EntityFrameworkCore.MySql.Storage.Internal.MySqlRelationalConnection.Open(Boolean errorsExpected)
   at Microsoft.EntityFrameworkCore.Storage.RelationalCommand.ExecuteReader(RelationalCommandParameterObject parameterObject)
   at Microsoft.EntityFrameworkCore.Query.Internal.SingleQueryingEnumerable`1.Enumerator.InitializeReader(DbContext _, Boolean result)
   at Pomelo.EntityFrameworkCore.MySql.Storage.Internal.MySqlExecutionStrategy.Execute[TState,TResult](TState state, Func`3 operation, Func`3 verifySucceeded)
   --- End of inner exception stack trace ---
   at Pomelo.EntityFrameworkCore.MySql.Storage.Internal.MySqlExecutionStrategy.Execute[TState,TResult](TState state, Func`3 operation, Func`3 verifySucceeded)
   at Microsoft.EntityFrameworkCore.Query.Internal.SingleQueryingEnumerable`1.Enumerator.MoveNext()
   at lambda_method(Closure , Object , IEnumerable`1 , ResolutionContext )
   --- End of inner exception stack trace ---
   at lambda_method(Closure , Object , IEnumerable`1 , ResolutionContext )
   at CWB.Masters.Services.ItemMaster.RawMaterialDetailService.GetPartPurchasesForPartNo(Int32 partId, Int64 tenantId) in D:\DockerTestCWB\CWB-Latest\CWB\CWB.Masters\Services\ItemMaster\RawMaterialDetailService.cs:line 262
   at CWB.Masters.Controllers.RawMaterialDetailController.GetPartPurchasesForPartId(Int32 partId, Int64 tenantId) in D:\DockerTestCWB\CWB-Latest\CWB\CWB.Masters\Controllers\RawMaterialDetailController.cs:line 353
   at lambda_method(Closure , Object , Object[] )
   at Microsoft.AspNetCore.Mvc.Infrastructure.ActionMethodExecutor.SyncActionResultExecutor.Execute(IActionResultTypeMapper mapper, ObjectMethodExecutor executor, Object controller, Object[] arguments)
   at Microsoft.AspNetCore.Mvc.Infrastructure.ControllerActionInvoker.InvokeActionMethodAsync()
   at Microsoft.AspNetCore.Mvc.Infrastructure.ControllerActionInvoker.Next(State& next, Scope& scope, Object& state, Boolean& isCompleted)
   at Microsoft.AspNetCore.Mvc.Infrastructure.ControllerActionInvoker.InvokeNextActionFilterAsync()
--- End of stack trace from previous location where exception was thrown ---
   at Microsoft.AspNetCore.Mvc.Infrastructure.ControllerActionInvoker.Rethrow(ActionExecutedContextSealed context)
   at Microsoft.AspNetCore.Mvc.Infrastructure.ControllerActionInvoker.Next(State& next, Scope& scope, Object& state, Boolean& isCompleted)
   at Microsoft.AspNetCore.Mvc.Infrastructure.ControllerActionInvoker.InvokeInnerFilterAsync()
--- End of stack trace from previous location where exception was thrown ---
   at Microsoft.AspNetCore.Mvc.Infrastructure.ResourceInvoker.<InvokeFilterPipelineAsync>g__Awaited|19_0(ResourceInvoker invoker, Task lastTask, State next, Scope scope, Object state, Boolean isCompleted)
   at Microsoft.AspNetCore.Mvc.Infrastructure.ResourceInvoker.<InvokeAsync>g__Awaited|17_0(ResourceInvoker invoker, Task task, IDisposable scope)
   at Microsoft.AspNetCore.Routing.EndpointMiddleware.<Invoke>g__AwaitRequestTask|6_0(Endpoint endpoint, Task requestTask, ILogger logger)
   at Microsoft.AspNetCore.Authorization.AuthorizationMiddleware.Invoke(HttpContext context)
   at Microsoft.AspNetCore.Authentication.AuthenticationMiddleware.Invoke(HttpContext context)
   at CWB.ExceptionHandling.ExceptionMiddleware.InvokeAsync(HttpContext httpContext) in D:\EvolutionSoftware\CWB-Latest\CWB\CWB.ExceptionHandling\ExceptionMiddleware.cs:line 26
2025-12-05 05:12:20.4788 ERROR Error: AutoMapper.AutoMapperMappingException: Error mapping types.

Mapping types:
EntityQueryable`1 -> IEnumerable`1
Microsoft.EntityFrameworkCore.Query.Internal.EntityQueryable`1[[CWB.Masters.Domain.ItemMaster.PartPurchaseDetails, CWB.Masters, Version=1.0.0.0, Culture=neutral, PublicKeyToken=null]] -> System.Collections.Generic.IEnumerable`1[[CWB.Masters.ViewModels.ItemMaster.PartPurchaseDetailsVM, CWB.Masters, Version=1.0.0.0, Culture=neutral, PublicKeyToken=null]]
 ---> System.InvalidOperationException: An exception has been raised that is likely due to a transient failure. Consider enabling transient error resiliency by adding 'EnableRetryOnFailure()' to the 'UseMySql' call.
 ---> MySqlConnector.MySqlException (0x80004005): Connect Timeout expired. All pooled connections are in use.
   at MySqlConnector.MySqlConnection.CreateSessionAsync(ConnectionPool pool, Int32 startTickCount, Nullable`1 ioBehavior, CancellationToken cancellationToken) in /_/src/MySqlConnector/MySqlConnection.cs:line 902
   at MySqlConnector.MySqlConnection.OpenAsync(Nullable`1 ioBehavior, CancellationToken cancellationToken) in /_/src/MySqlConnector/MySqlConnection.cs:line 435
   at MySqlConnector.MySqlConnection.Open() in /_/src/MySqlConnector/MySqlConnection.cs:line 380
   at Microsoft.EntityFrameworkCore.Storage.RelationalConnection.OpenInternal(Boolean errorsExpected)
   at Microsoft.EntityFrameworkCore.Storage.RelationalConnection.Open(Boolean errorsExpected)
   at Pomelo.EntityFrameworkCore.MySql.Storage.Internal.MySqlRelationalConnection.Open(Boolean errorsExpected)
   at Microsoft.EntityFrameworkCore.Storage.RelationalCommand.ExecuteReader(RelationalCommandParameterObject parameterObject)
   at Microsoft.EntityFrameworkCore.Query.Internal.SingleQueryingEnumerable`1.Enumerator.InitializeReader(DbContext _, Boolean result)
   at Pomelo.EntityFrameworkCore.MySql.Storage.Internal.MySqlExecutionStrategy.Execute[TState,TResult](TState state, Func`3 operation, Func`3 verifySucceeded)
   --- End of inner exception stack trace ---
   at Pomelo.EntityFrameworkCore.MySql.Storage.Internal.MySqlExecutionStrategy.Execute[TState,TResult](TState state, Func`3 operation, Func`3 verifySucceeded)
   at Microsoft.EntityFrameworkCore.Query.Internal.SingleQueryingEnumerable`1.Enumerator.MoveNext()
   at lambda_method(Closure , Object , IEnumerable`1 , ResolutionContext )
   --- End of inner exception stack trace ---
   at lambda_method(Closure , Object , IEnumerable`1 , ResolutionContext )
   at CWB.Masters.Services.ItemMaster.RawMaterialDetailService.GetPartPurchasesForPartNo(Int32 partId, Int64 tenantId) in D:\DockerTestCWB\CWB-Latest\CWB\CWB.Masters\Services\ItemMaster\RawMaterialDetailService.cs:line 262
   at CWB.Masters.Controllers.RawMaterialDetailController.GetPartPurchasesForPartId(Int32 partId, Int64 tenantId) in D:\DockerTestCWB\CWB-Latest\CWB\CWB.Masters\Controllers\RawMaterialDetailController.cs:line 353
   at lambda_method(Closure , Object , Object[] )
   at Microsoft.AspNetCore.Mvc.Infrastructure.ActionMethodExecutor.SyncActionResultExecutor.Execute(IActionResultTypeMapper mapper, ObjectMethodExecutor executor, Object controller, Object[] arguments)
   at Microsoft.AspNetCore.Mvc.Infrastructure.ControllerActionInvoker.InvokeActionMethodAsync()
   at Microsoft.AspNetCore.Mvc.Infrastructure.ControllerActionInvoker.Next(State& next, Scope& scope, Object& state, Boolean& isCompleted)
   at Microsoft.AspNetCore.Mvc.Infrastructure.ControllerActionInvoker.InvokeNextActionFilterAsync()
--- End of stack trace from previous location where exception was thrown ---
   at Microsoft.AspNetCore.Mvc.Infrastructure.ControllerActionInvoker.Rethrow(ActionExecutedContextSealed context)
   at Microsoft.AspNetCore.Mvc.Infrastructure.ControllerActionInvoker.Next(State& next, Scope& scope, Object& state, Boolean& isCompleted)
   at Microsoft.AspNetCore.Mvc.Infrastructure.ControllerActionInvoker.InvokeInnerFilterAsync()
--- End of stack trace from previous location where exception was thrown ---
   at Microsoft.AspNetCore.Mvc.Infrastructure.ResourceInvoker.<InvokeFilterPipelineAsync>g__Awaited|19_0(ResourceInvoker invoker, Task lastTask, State next, Scope scope, Object state, Boolean isCompleted)
   at Microsoft.AspNetCore.Mvc.Infrastructure.ResourceInvoker.<InvokeAsync>g__Awaited|17_0(ResourceInvoker invoker, Task task, IDisposable scope)
   at Microsoft.AspNetCore.Routing.EndpointMiddleware.<Invoke>g__AwaitRequestTask|6_0(Endpoint endpoint, Task requestTask, ILogger logger)
   at Microsoft.AspNetCore.Authorization.AuthorizationMiddleware.Invoke(HttpContext context)
   at Microsoft.AspNetCore.Authentication.AuthenticationMiddleware.Invoke(HttpContext context)
   at CWB.ExceptionHandling.ExceptionMiddleware.InvokeAsync(HttpContext httpContext) in D:\EvolutionSoftware\CWB-Latest\CWB\CWB.ExceptionHandling\ExceptionMiddleware.cs:line 26
2025-12-05 05:12:22.5962 ERROR Error: AutoMapper.AutoMapperMappingException: Error mapping types.

Mapping types:
EntityQueryable`1 -> IEnumerable`1
Microsoft.EntityFrameworkCore.Query.Internal.EntityQueryable`1[[CWB.Masters.Domain.ItemMaster.PartPurchaseDetails, CWB.Masters, Version=1.0.0.0, Culture=neutral, PublicKeyToken=null]] -> System.Collections.Generic.IEnumerable`1[[CWB.Masters.ViewModels.ItemMaster.PartPurchaseDetailsVM, CWB.Masters, Version=1.0.0.0, Culture=neutral, PublicKeyToken=null]]
 ---> System.InvalidOperationException: An exception has been raised that is likely due to a transient failure. Consider enabling transient error resiliency by adding 'EnableRetryOnFailure()' to the 'UseMySql' call.
 ---> MySqlConnector.MySqlException (0x80004005): Connect Timeout expired. All pooled connections are in use.
   at MySqlConnector.MySqlConnection.CreateSessionAsync(ConnectionPool pool, Int32 startTickCount, Nullable`1 ioBehavior, CancellationToken cancellationToken) in /_/src/MySqlConnector/MySqlConnection.cs:line 902
   at MySqlConnector.MySqlConnection.OpenAsync(Nullable`1 ioBehavior, CancellationToken cancellationToken) in /_/src/MySqlConnector/MySqlConnection.cs:line 435
   at MySqlConnector.MySqlConnection.Open() in /_/src/MySqlConnector/MySqlConnection.cs:line 380
   at Microsoft.EntityFrameworkCore.Storage.RelationalConnection.OpenInternal(Boolean errorsExpected)
   at Microsoft.EntityFrameworkCore.Storage.RelationalConnection.Open(Boolean errorsExpected)
   at Pomelo.EntityFrameworkCore.MySql.Storage.Internal.MySqlRelationalConnection.Open(Boolean errorsExpected)
   at Microsoft.EntityFrameworkCore.Storage.RelationalCommand.ExecuteReader(RelationalCommandParameterObject parameterObject)
   at Microsoft.EntityFrameworkCore.Query.Internal.SingleQueryingEnumerable`1.Enumerator.InitializeReader(DbContext _, Boolean result)
   at Pomelo.EntityFrameworkCore.MySql.Storage.Internal.MySqlExecutionStrategy.Execute[TState,TResult](TState state, Func`3 operation, Func`3 verifySucceeded)
   --- End of inner exception stack trace ---
   at Pomelo.EntityFrameworkCore.MySql.Storage.Internal.MySqlExecutionStrategy.Execute[TState,TResult](TState state, Func`3 operation, Func`3 verifySucceeded)
   at Microsoft.EntityFrameworkCore.Query.Internal.SingleQueryingEnumerable`1.Enumerator.MoveNext()
   at lambda_method(Closure , Object , IEnumerable`1 , ResolutionContext )
   --- End of inner exception stack trace ---
   at lambda_method(Closure , Object , IEnumerable`1 , ResolutionContext )
   at CWB.Masters.Services.ItemMaster.RawMaterialDetailService.GetPartPurchasesForPartNo(Int32 partId, Int64 tenantId) in D:\DockerTestCWB\CWB-Latest\CWB\CWB.Masters\Services\ItemMaster\RawMaterialDetailService.cs:line 262
   at CWB.Masters.Controllers.RawMaterialDetailController.GetPartPurchasesForPartId(Int32 partId, Int64 tenantId) in D:\DockerTestCWB\CWB-Latest\CWB\CWB.Masters\Controllers\RawMaterialDetailController.cs:line 353
   at lambda_method(Closure , Object , Object[] )
   at Microsoft.AspNetCore.Mvc.Infrastructure.ActionMethodExecutor.SyncActionResultExecutor.Execute(IActionResultTypeMapper mapper, ObjectMethodExecutor executor, Object controller, Object[] arguments)
   at Microsoft.AspNetCore.Mvc.Infrastructure.ControllerActionInvoker.InvokeActionMethodAsync()
   at Microsoft.AspNetCore.Mvc.Infrastructure.ControllerActionInvoker.Next(State& next, Scope& scope, Object& state, Boolean& isCompleted)
   at Microsoft.AspNetCore.Mvc.Infrastructure.ControllerActionInvoker.InvokeNextActionFilterAsync()
--- End of stack trace from previous location where exception was thrown ---
   at Microsoft.AspNetCore.Mvc.Infrastructure.ControllerActionInvoker.Rethrow(ActionExecutedContextSealed context)
   at Microsoft.AspNetCore.Mvc.Infrastructure.ControllerActionInvoker.Next(State& next, Scope& scope, Object& state, Boolean& isCompleted)
   at Microsoft.AspNetCore.Mvc.Infrastructure.ControllerActionInvoker.InvokeInnerFilterAsync()
--- End of stack trace from previous location where exception was thrown ---
   at Microsoft.AspNetCore.Mvc.Infrastructure.ResourceInvoker.<InvokeFilterPipelineAsync>g__Awaited|19_0(ResourceInvoker invoker, Task lastTask, State next, Scope scope, Object state, Boolean isCompleted)
   at Microsoft.AspNetCore.Mvc.Infrastructure.ResourceInvoker.<InvokeAsync>g__Awaited|17_0(ResourceInvoker invoker, Task task, IDisposable scope)
   at Microsoft.AspNetCore.Routing.EndpointMiddleware.<Invoke>g__AwaitRequestTask|6_0(Endpoint endpoint, Task requestTask, ILogger logger)
   at Microsoft.AspNetCore.Authorization.AuthorizationMiddleware.Invoke(HttpContext context)
   at Microsoft.AspNetCore.Authentication.AuthenticationMiddleware.Invoke(HttpContext context)
   at CWB.ExceptionHandling.ExceptionMiddleware.InvokeAsync(HttpContext httpContext) in D:\EvolutionSoftware\CWB-Latest\CWB\CWB.ExceptionHandling\ExceptionMiddleware.cs:line 26
2025-12-05 05:12:22.5962 ERROR Error: AutoMapper.AutoMapperMappingException: Error mapping types.

Mapping types:
EntityQueryable`1 -> IEnumerable`1
Microsoft.EntityFrameworkCore.Query.Internal.EntityQueryable`1[[CWB.Masters.Domain.ItemMaster.PartPurchaseDetails, CWB.Masters, Version=1.0.0.0, Culture=neutral, PublicKeyToken=null]] -> System.Collections.Generic.IEnumerable`1[[CWB.Masters.ViewModels.ItemMaster.PartPurchaseDetailsVM, CWB.Masters, Version=1.0.0.0, Culture=neutral, PublicKeyToken=null]]
 ---> System.InvalidOperationException: An exception has been raised that is likely due to a transient failure. Consider enabling transient error resiliency by adding 'EnableRetryOnFailure()' to the 'UseMySql' call.
 ---> MySqlConnector.MySqlException (0x80004005): Connect Timeout expired. All pooled connections are in use.
   at MySqlConnector.MySqlConnection.CreateSessionAsync(ConnectionPool pool, Int32 startTickCount, Nullable`1 ioBehavior, CancellationToken cancellationToken) in /_/src/MySqlConnector/MySqlConnection.cs:line 902
   at MySqlConnector.MySqlConnection.OpenAsync(Nullable`1 ioBehavior, CancellationToken cancellationToken) in /_/src/MySqlConnector/MySqlConnection.cs:line 435
   at MySqlConnector.MySqlConnection.Open() in /_/src/MySqlConnector/MySqlConnection.cs:line 380
   at Microsoft.EntityFrameworkCore.Storage.RelationalConnection.OpenInternal(Boolean errorsExpected)
   at Microsoft.EntityFrameworkCore.Storage.RelationalConnection.Open(Boolean errorsExpected)
   at Pomelo.EntityFrameworkCore.MySql.Storage.Internal.MySqlRelationalConnection.Open(Boolean errorsExpected)
   at Microsoft.EntityFrameworkCore.Storage.RelationalCommand.ExecuteReader(RelationalCommandParameterObject parameterObject)
   at Microsoft.EntityFrameworkCore.Query.Internal.SingleQueryingEnumerable`1.Enumerator.InitializeReader(DbContext _, Boolean result)
   at Pomelo.EntityFrameworkCore.MySql.Storage.Internal.MySqlExecutionStrategy.Execute[TState,TResult](TState state, Func`3 operation, Func`3 verifySucceeded)
   --- End of inner exception stack trace ---
   at Pomelo.EntityFrameworkCore.MySql.Storage.Internal.MySqlExecutionStrategy.Execute[TState,TResult](TState state, Func`3 operation, Func`3 verifySucceeded)
   at Microsoft.EntityFrameworkCore.Query.Internal.SingleQueryingEnumerable`1.Enumerator.MoveNext()
   at lambda_method(Closure , Object , IEnumerable`1 , ResolutionContext )
   --- End of inner exception stack trace ---
   at lambda_method(Closure , Object , IEnumerable`1 , ResolutionContext )
   at CWB.Masters.Services.ItemMaster.RawMaterialDetailService.GetPartPurchasesForPartNo(Int32 partId, Int64 tenantId) in D:\DockerTestCWB\CWB-Latest\CWB\CWB.Masters\Services\ItemMaster\RawMaterialDetailService.cs:line 262
   at CWB.Masters.Controllers.RawMaterialDetailController.GetPartPurchasesForPartId(Int32 partId, Int64 tenantId) in D:\DockerTestCWB\CWB-Latest\CWB\CWB.Masters\Controllers\RawMaterialDetailController.cs:line 353
   at lambda_method(Closure , Object , Object[] )
   at Microsoft.AspNetCore.Mvc.Infrastructure.ActionMethodExecutor.SyncActionResultExecutor.Execute(IActionResultTypeMapper mapper, ObjectMethodExecutor executor, Object controller, Object[] arguments)
   at Microsoft.AspNetCore.Mvc.Infrastructure.ControllerActionInvoker.InvokeActionMethodAsync()
   at Microsoft.AspNetCore.Mvc.Infrastructure.ControllerActionInvoker.Next(State& next, Scope& scope, Object& state, Boolean& isCompleted)
   at Microsoft.AspNetCore.Mvc.Infrastructure.ControllerActionInvoker.InvokeNextActionFilterAsync()
--- End of stack trace from previous location where exception was thrown ---
   at Microsoft.AspNetCore.Mvc.Infrastructure.ControllerActionInvoker.Rethrow(ActionExecutedContextSealed context)
   at Microsoft.AspNetCore.Mvc.Infrastructure.ControllerActionInvoker.Next(State& next, Scope& scope, Object& state, Boolean& isCompleted)
   at Microsoft.AspNetCore.Mvc.Infrastructure.ControllerActionInvoker.InvokeInnerFilterAsync()
--- End of stack trace from previous location where exception was thrown ---
   at Microsoft.AspNetCore.Mvc.Infrastructure.ResourceInvoker.<InvokeFilterPipelineAsync>g__Awaited|19_0(ResourceInvoker invoker, Task lastTask, State next, Scope scope, Object state, Boolean isCompleted)
   at Microsoft.AspNetCore.Mvc.Infrastructure.ResourceInvoker.<InvokeAsync>g__Awaited|17_0(ResourceInvoker invoker, Task task, IDisposable scope)
   at Microsoft.AspNetCore.Routing.EndpointMiddleware.<Invoke>g__AwaitRequestTask|6_0(Endpoint endpoint, Task requestTask, ILogger logger)
   at Microsoft.AspNetCore.Authorization.AuthorizationMiddleware.Invoke(HttpContext context)
   at Microsoft.AspNetCore.Authentication.AuthenticationMiddleware.Invoke(HttpContext context)
   at CWB.ExceptionHandling.ExceptionMiddleware.InvokeAsync(HttpContext httpContext) in D:\EvolutionSoftware\CWB-Latest\CWB\CWB.ExceptionHandling\ExceptionMiddleware.cs:line 26
2025-12-05 05:12:24.5150 ERROR Error: AutoMapper.AutoMapperMappingException: Error mapping types.

Mapping types:
EntityQueryable`1 -> IEnumerable`1
Microsoft.EntityFrameworkCore.Query.Internal.EntityQueryable`1[[CWB.Masters.Domain.ItemMaster.PartPurchaseDetails, CWB.Masters, Version=1.0.0.0, Culture=neutral, PublicKeyToken=null]] -> System.Collections.Generic.IEnumerable`1[[CWB.Masters.ViewModels.ItemMaster.PartPurchaseDetailsVM, CWB.Masters, Version=1.0.0.0, Culture=neutral, PublicKeyToken=null]]
 ---> System.InvalidOperationException: An exception has been raised that is likely due to a transient failure. Consider enabling transient error resiliency by adding 'EnableRetryOnFailure()' to the 'UseMySql' call.
 ---> MySqlConnector.MySqlException (0x80004005): Connect Timeout expired. All pooled connections are in use.
   at MySqlConnector.MySqlConnection.CreateSessionAsync(ConnectionPool pool, Int32 startTickCount, Nullable`1 ioBehavior, CancellationToken cancellationToken) in /_/src/MySqlConnector/MySqlConnection.cs:line 902
   at MySqlConnector.MySqlConnection.OpenAsync(Nullable`1 ioBehavior, CancellationToken cancellationToken) in /_/src/MySqlConnector/MySqlConnection.cs:line 435
   at MySqlConnector.MySqlConnection.Open() in /_/src/MySqlConnector/MySqlConnection.cs:line 380
   at Microsoft.EntityFrameworkCore.Storage.RelationalConnection.OpenInternal(Boolean errorsExpected)
   at Microsoft.EntityFrameworkCore.Storage.RelationalConnection.Open(Boolean errorsExpected)
   at Pomelo.EntityFrameworkCore.MySql.Storage.Internal.MySqlRelationalConnection.Open(Boolean errorsExpected)
   at Microsoft.EntityFrameworkCore.Storage.RelationalCommand.ExecuteReader(RelationalCommandParameterObject parameterObject)
   at Microsoft.EntityFrameworkCore.Query.Internal.SingleQueryingEnumerable`1.Enumerator.InitializeReader(DbContext _, Boolean result)
   at Pomelo.EntityFrameworkCore.MySql.Storage.Internal.MySqlExecutionStrategy.Execute[TState,TResult](TState state, Func`3 operation, Func`3 verifySucceeded)
   --- End of inner exception stack trace ---
   at Pomelo.EntityFrameworkCore.MySql.Storage.Internal.MySqlExecutionStrategy.Execute[TState,TResult](TState state, Func`3 operation, Func`3 verifySucceeded)
   at Microsoft.EntityFrameworkCore.Query.Internal.SingleQueryingEnumerable`1.Enumerator.MoveNext()
   at lambda_method(Closure , Object , IEnumerable`1 , ResolutionContext )
   --- End of inner exception stack trace ---
   at lambda_method(Closure , Object , IEnumerable`1 , ResolutionContext )
   at CWB.Masters.Services.ItemMaster.RawMaterialDetailService.GetPartPurchasesForPartNo(Int32 partId, Int64 tenantId) in D:\DockerTestCWB\CWB-Latest\CWB\CWB.Masters\Services\ItemMaster\RawMaterialDetailService.cs:line 262
   at CWB.Masters.Controllers.RawMaterialDetailController.GetPartPurchasesForPartId(Int32 partId, Int64 tenantId) in D:\DockerTestCWB\CWB-Latest\CWB\CWB.Masters\Controllers\RawMaterialDetailController.cs:line 353
   at lambda_method(Closure , Object , Object[] )
   at Microsoft.AspNetCore.Mvc.Infrastructure.ActionMethodExecutor.SyncActionResultExecutor.Execute(IActionResultTypeMapper mapper, ObjectMethodExecutor executor, Object controller, Object[] arguments)
   at Microsoft.AspNetCore.Mvc.Infrastructure.ControllerActionInvoker.InvokeActionMethodAsync()
   at Microsoft.AspNetCore.Mvc.Infrastructure.ControllerActionInvoker.Next(State& next, Scope& scope, Object& state, Boolean& isCompleted)
   at Microsoft.AspNetCore.Mvc.Infrastructure.ControllerActionInvoker.InvokeNextActionFilterAsync()
--- End of stack trace from previous location where exception was thrown ---
   at Microsoft.AspNetCore.Mvc.Infrastructure.ControllerActionInvoker.Rethrow(ActionExecutedContextSealed context)
   at Microsoft.AspNetCore.Mvc.Infrastructure.ControllerActionInvoker.Next(State& next, Scope& scope, Object& state, Boolean& isCompleted)
   at Microsoft.AspNetCore.Mvc.Infrastructure.ControllerActionInvoker.InvokeInnerFilterAsync()
--- End of stack trace from previous location where exception was thrown ---
   at Microsoft.AspNetCore.Mvc.Infrastructure.ResourceInvoker.<InvokeFilterPipelineAsync>g__Awaited|19_0(ResourceInvoker invoker, Task lastTask, State next, Scope scope, Object state, Boolean isCompleted)
   at Microsoft.AspNetCore.Mvc.Infrastructure.ResourceInvoker.<InvokeAsync>g__Awaited|17_0(ResourceInvoker invoker, Task task, IDisposable scope)
   at Microsoft.AspNetCore.Routing.EndpointMiddleware.<Invoke>g__AwaitRequestTask|6_0(Endpoint endpoint, Task requestTask, ILogger logger)
   at Microsoft.AspNetCore.Authorization.AuthorizationMiddleware.Invoke(HttpContext context)
   at Microsoft.AspNetCore.Authentication.AuthenticationMiddleware.Invoke(HttpContext context)
   at CWB.ExceptionHandling.ExceptionMiddleware.InvokeAsync(HttpContext httpContext) in D:\EvolutionSoftware\CWB-Latest\CWB\CWB.ExceptionHandling\ExceptionMiddleware.cs:line 26
2025-12-05 05:12:27.1934 ERROR Error: AutoMapper.AutoMapperMappingException: Error mapping types.

Mapping types:
EntityQueryable`1 -> IEnumerable`1
Microsoft.EntityFrameworkCore.Query.Internal.EntityQueryable`1[[CWB.Masters.Domain.ItemMaster.PartPurchaseDetails, CWB.Masters, Version=1.0.0.0, Culture=neutral, PublicKeyToken=null]] -> System.Collections.Generic.IEnumerable`1[[CWB.Masters.ViewModels.ItemMaster.PartPurchaseDetailsVM, CWB.Masters, Version=1.0.0.0, Culture=neutral, PublicKeyToken=null]]
 ---> System.InvalidOperationException: An exception has been raised that is likely due to a transient failure. Consider enabling transient error resiliency by adding 'EnableRetryOnFailure()' to the 'UseMySql' call.
 ---> MySqlConnector.MySqlException (0x80004005): Connect Timeout expired. All pooled connections are in use.
   at MySqlConnector.MySqlConnection.CreateSessionAsync(ConnectionPool pool, Int32 startTickCount, Nullable`1 ioBehavior, CancellationToken cancellationToken) in /_/src/MySqlConnector/MySqlConnection.cs:line 902
   at MySqlConnector.MySqlConnection.OpenAsync(Nullable`1 ioBehavior, CancellationToken cancellationToken) in /_/src/MySqlConnector/MySqlConnection.cs:line 435
   at MySqlConnector.MySqlConnection.Open() in /_/src/MySqlConnector/MySqlConnection.cs:line 380
   at Microsoft.EntityFrameworkCore.Storage.RelationalConnection.OpenInternal(Boolean errorsExpected)
   at Microsoft.EntityFrameworkCore.Storage.RelationalConnection.Open(Boolean errorsExpected)
   at Pomelo.EntityFrameworkCore.MySql.Storage.Internal.MySqlRelationalConnection.Open(Boolean errorsExpected)
   at Microsoft.EntityFrameworkCore.Storage.RelationalCommand.ExecuteReader(RelationalCommandParameterObject parameterObject)
   at Microsoft.EntityFrameworkCore.Query.Internal.SingleQueryingEnumerable`1.Enumerator.InitializeReader(DbContext _, Boolean result)
   at Pomelo.EntityFrameworkCore.MySql.Storage.Internal.MySqlExecutionStrategy.Execute[TState,TResult](TState state, Func`3 operation, Func`3 verifySucceeded)
   --- End of inner exception stack trace ---
   at Pomelo.EntityFrameworkCore.MySql.Storage.Internal.MySqlExecutionStrategy.Execute[TState,TResult](TState state, Func`3 operation, Func`3 verifySucceeded)
   at Microsoft.EntityFrameworkCore.Query.Internal.SingleQueryingEnumerable`1.Enumerator.MoveNext()
   at lambda_method(Closure , Object , IEnumerable`1 , ResolutionContext )
   --- End of inner exception stack trace ---
   at lambda_method(Closure , Object , IEnumerable`1 , ResolutionContext )
   at CWB.Masters.Services.ItemMaster.RawMaterialDetailService.GetPartPurchasesForPartNo(Int32 partId, Int64 tenantId) in D:\DockerTestCWB\CWB-Latest\CWB\CWB.Masters\Services\ItemMaster\RawMaterialDetailService.cs:line 262
   at CWB.Masters.Controllers.RawMaterialDetailController.GetPartPurchasesForPartId(Int32 partId, Int64 tenantId) in D:\DockerTestCWB\CWB-Latest\CWB\CWB.Masters\Controllers\RawMaterialDetailController.cs:line 353
   at lambda_method(Closure , Object , Object[] )
   at Microsoft.AspNetCore.Mvc.Infrastructure.ActionMethodExecutor.SyncActionResultExecutor.Execute(IActionResultTypeMapper mapper, ObjectMethodExecutor executor, Object controller, Object[] arguments)
   at Microsoft.AspNetCore.Mvc.Infrastructure.ControllerActionInvoker.InvokeActionMethodAsync()
   at Microsoft.AspNetCore.Mvc.Infrastructure.ControllerActionInvoker.Next(State& next, Scope& scope, Object& state, Boolean& isCompleted)
   at Microsoft.AspNetCore.Mvc.Infrastructure.ControllerActionInvoker.InvokeNextActionFilterAsync()
--- End of stack trace from previous location where exception was thrown ---
   at Microsoft.AspNetCore.Mvc.Infrastructure.ControllerActionInvoker.Rethrow(ActionExecutedContextSealed context)
   at Microsoft.AspNetCore.Mvc.Infrastructure.ControllerActionInvoker.Next(State& next, Scope& scope, Object& state, Boolean& isCompleted)
   at Microsoft.AspNetCore.Mvc.Infrastructure.ControllerActionInvoker.InvokeInnerFilterAsync()
--- End of stack trace from previous location where exception was thrown ---
   at Microsoft.AspNetCore.Mvc.Infrastructure.ResourceInvoker.<InvokeFilterPipelineAsync>g__Awaited|19_0(ResourceInvoker invoker, Task lastTask, State next, Scope scope, Object state, Boolean isCompleted)
   at Microsoft.AspNetCore.Mvc.Infrastructure.ResourceInvoker.<InvokeAsync>g__Awaited|17_0(ResourceInvoker invoker, Task task, IDisposable scope)
   at Microsoft.AspNetCore.Routing.EndpointMiddleware.<Invoke>g__AwaitRequestTask|6_0(Endpoint endpoint, Task requestTask, ILogger logger)
   at Microsoft.AspNetCore.Authorization.AuthorizationMiddleware.Invoke(HttpContext context)
   at Microsoft.AspNetCore.Authentication.AuthenticationMiddleware.Invoke(HttpContext context)
   at CWB.ExceptionHandling.ExceptionMiddleware.InvokeAsync(HttpContext httpContext) in D:\EvolutionSoftware\CWB-Latest\CWB\CWB.ExceptionHandling\ExceptionMiddleware.cs:line 26
2025-12-05 05:12:27.1934 ERROR Error: AutoMapper.AutoMapperMappingException: Error mapping types.

Mapping types:
EntityQueryable`1 -> IEnumerable`1
Microsoft.EntityFrameworkCore.Query.Internal.EntityQueryable`1[[CWB.Masters.Domain.ItemMaster.PartPurchaseDetails, CWB.Masters, Version=1.0.0.0, Culture=neutral, PublicKeyToken=null]] -> System.Collections.Generic.IEnumerable`1[[CWB.Masters.ViewModels.ItemMaster.PartPurchaseDetailsVM, CWB.Masters, Version=1.0.0.0, Culture=neutral, PublicKeyToken=null]]
 ---> System.InvalidOperationException: An exception has been raised that is likely due to a transient failure. Consider enabling transient error resiliency by adding 'EnableRetryOnFailure()' to the 'UseMySql' call.
 ---> MySqlConnector.MySqlException (0x80004005): Connect Timeout expired. All pooled connections are in use.
   at MySqlConnector.MySqlConnection.CreateSessionAsync(ConnectionPool pool, Int32 startTickCount, Nullable`1 ioBehavior, CancellationToken cancellationToken) in /_/src/MySqlConnector/MySqlConnection.cs:line 902
   at MySqlConnector.MySqlConnection.OpenAsync(Nullable`1 ioBehavior, CancellationToken cancellationToken) in /_/src/MySqlConnector/MySqlConnection.cs:line 435
   at MySqlConnector.MySqlConnection.Open() in /_/src/MySqlConnector/MySqlConnection.cs:line 380
   at Microsoft.EntityFrameworkCore.Storage.RelationalConnection.OpenInternal(Boolean errorsExpected)
   at Microsoft.EntityFrameworkCore.Storage.RelationalConnection.Open(Boolean errorsExpected)
   at Pomelo.EntityFrameworkCore.MySql.Storage.Internal.MySqlRelationalConnection.Open(Boolean errorsExpected)
   at Microsoft.EntityFrameworkCore.Storage.RelationalCommand.ExecuteReader(RelationalCommandParameterObject parameterObject)
   at Microsoft.EntityFrameworkCore.Query.Internal.SingleQueryingEnumerable`1.Enumerator.InitializeReader(DbContext _, Boolean result)
   at Pomelo.EntityFrameworkCore.MySql.Storage.Internal.MySqlExecutionStrategy.Execute[TState,TResult](TState state, Func`3 operation, Func`3 verifySucceeded)
   --- End of inner exception stack trace ---
   at Pomelo.EntityFrameworkCore.MySql.Storage.Internal.MySqlExecutionStrategy.Execute[TState,TResult](TState state, Func`3 operation, Func`3 verifySucceeded)
   at Microsoft.EntityFrameworkCore.Query.Internal.SingleQueryingEnumerable`1.Enumerator.MoveNext()
   at lambda_method(Closure , Object , IEnumerable`1 , ResolutionContext )
   --- End of inner exception stack trace ---
   at lambda_method(Closure , Object , IEnumerable`1 , ResolutionContext )
   at CWB.Masters.Services.ItemMaster.RawMaterialDetailService.GetPartPurchasesForPartNo(Int32 partId, Int64 tenantId) in D:\DockerTestCWB\CWB-Latest\CWB\CWB.Masters\Services\ItemMaster\RawMaterialDetailService.cs:line 262
   at CWB.Masters.Controllers.RawMaterialDetailController.GetPartPurchasesForPartId(Int32 partId, Int64 tenantId) in D:\DockerTestCWB\CWB-Latest\CWB\CWB.Masters\Controllers\RawMaterialDetailController.cs:line 353
   at lambda_method(Closure , Object , Object[] )
   at Microsoft.AspNetCore.Mvc.Infrastructure.ActionMethodExecutor.SyncActionResultExecutor.Execute(IActionResultTypeMapper mapper, ObjectMethodExecutor executor, Object controller, Object[] arguments)
   at Microsoft.AspNetCore.Mvc.Infrastructure.ControllerActionInvoker.InvokeActionMethodAsync()
   at Microsoft.AspNetCore.Mvc.Infrastructure.ControllerActionInvoker.Next(State& next, Scope& scope, Object& state, Boolean& isCompleted)
   at Microsoft.AspNetCore.Mvc.Infrastructure.ControllerActionInvoker.InvokeNextActionFilterAsync()
--- End of stack trace from previous location where exception was thrown ---
   at Microsoft.AspNetCore.Mvc.Infrastructure.ControllerActionInvoker.Rethrow(ActionExecutedContextSealed context)
   at Microsoft.AspNetCore.Mvc.Infrastructure.ControllerActionInvoker.Next(State& next, Scope& scope, Object& state, Boolean& isCompleted)
   at Microsoft.AspNetCore.Mvc.Infrastructure.ControllerActionInvoker.InvokeInnerFilterAsync()
--- End of stack trace from previous location where exception was thrown ---
   at Microsoft.AspNetCore.Mvc.Infrastructure.ResourceInvoker.<InvokeFilterPipelineAsync>g__Awaited|19_0(ResourceInvoker invoker, Task lastTask, State next, Scope scope, Object state, Boolean isCompleted)
   at Microsoft.AspNetCore.Mvc.Infrastructure.ResourceInvoker.<InvokeAsync>g__Awaited|17_0(ResourceInvoker invoker, Task task, IDisposable scope)
   at Microsoft.AspNetCore.Routing.EndpointMiddleware.<Invoke>g__AwaitRequestTask|6_0(Endpoint endpoint, Task requestTask, ILogger logger)
   at Microsoft.AspNetCore.Authorization.AuthorizationMiddleware.Invoke(HttpContext context)
   at Microsoft.AspNetCore.Authentication.AuthenticationMiddleware.Invoke(HttpContext context)
   at CWB.ExceptionHandling.ExceptionMiddleware.InvokeAsync(HttpContext httpContext) in D:\EvolutionSoftware\CWB-Latest\CWB\CWB.ExceptionHandling\ExceptionMiddleware.cs:line 26
2025-12-05 05:12:32.2666 ERROR Error: AutoMapper.AutoMapperMappingException: Error mapping types.

Mapping types:
EntityQueryable`1 -> IEnumerable`1
Microsoft.EntityFrameworkCore.Query.Internal.EntityQueryable`1[[CWB.Masters.Domain.ItemMaster.PartPurchaseDetails, CWB.Masters, Version=1.0.0.0, Culture=neutral, PublicKeyToken=null]] -> System.Collections.Generic.IEnumerable`1[[CWB.Masters.ViewModels.ItemMaster.PartPurchaseDetailsVM, CWB.Masters, Version=1.0.0.0, Culture=neutral, PublicKeyToken=null]]
 ---> System.InvalidOperationException: An exception has been raised that is likely due to a transient failure. Consider enabling transient error resiliency by adding 'EnableRetryOnFailure()' to the 'UseMySql' call.
 ---> MySqlConnector.MySqlException (0x80004005): Connect Timeout expired. All pooled connections are in use.
   at MySqlConnector.MySqlConnection.CreateSessionAsync(ConnectionPool pool, Int32 startTickCount, Nullable`1 ioBehavior, CancellationToken cancellationToken) in /_/src/MySqlConnector/MySqlConnection.cs:line 902
   at MySqlConnector.MySqlConnection.OpenAsync(Nullable`1 ioBehavior, CancellationToken cancellationToken) in /_/src/MySqlConnector/MySqlConnection.cs:line 435
   at MySqlConnector.MySqlConnection.Open() in /_/src/MySqlConnector/MySqlConnection.cs:line 380
   at Microsoft.EntityFrameworkCore.Storage.RelationalConnection.OpenInternal(Boolean errorsExpected)
   at Microsoft.EntityFrameworkCore.Storage.RelationalConnection.Open(Boolean errorsExpected)
   at Pomelo.EntityFrameworkCore.MySql.Storage.Internal.MySqlRelationalConnection.Open(Boolean errorsExpected)
   at Microsoft.EntityFrameworkCore.Storage.RelationalCommand.ExecuteReader(RelationalCommandParameterObject parameterObject)
   at Microsoft.EntityFrameworkCore.Query.Internal.SingleQueryingEnumerable`1.Enumerator.InitializeReader(DbContext _, Boolean result)
   at Pomelo.EntityFrameworkCore.MySql.Storage.Internal.MySqlExecutionStrategy.Execute[TState,TResult](TState state, Func`3 operation, Func`3 verifySucceeded)
   --- End of inner exception stack trace ---
   at Pomelo.EntityFrameworkCore.MySql.Storage.Internal.MySqlExecutionStrategy.Execute[TState,TResult](TState state, Func`3 operation, Func`3 verifySucceeded)
   at Microsoft.EntityFrameworkCore.Query.Internal.SingleQueryingEnumerable`1.Enumerator.MoveNext()
   at lambda_method(Closure , Object , IEnumerable`1 , ResolutionContext )
   --- End of inner exception stack trace ---
   at lambda_method(Closure , Object , IEnumerable`1 , ResolutionContext )
   at CWB.Masters.Services.ItemMaster.RawMaterialDetailService.GetPartPurchasesForPartNo(Int32 partId, Int64 tenantId) in D:\DockerTestCWB\CWB-Latest\CWB\CWB.Masters\Services\ItemMaster\RawMaterialDetailService.cs:line 262
   at CWB.Masters.Controllers.RawMaterialDetailController.GetPartPurchasesForPartId(Int32 partId, Int64 tenantId) in D:\DockerTestCWB\CWB-Latest\CWB\CWB.Masters\Controllers\RawMaterialDetailController.cs:line 353
   at lambda_method(Closure , Object , Object[] )
   at Microsoft.AspNetCore.Mvc.Infrastructure.ActionMethodExecutor.SyncActionResultExecutor.Execute(IActionResultTypeMapper mapper, ObjectMethodExecutor executor, Object controller, Object[] arguments)
   at Microsoft.AspNetCore.Mvc.Infrastructure.ControllerActionInvoker.InvokeActionMethodAsync()
   at Microsoft.AspNetCore.Mvc.Infrastructure.ControllerActionInvoker.Next(State& next, Scope& scope, Object& state, Boolean& isCompleted)
   at Microsoft.AspNetCore.Mvc.Infrastructure.ControllerActionInvoker.InvokeNextActionFilterAsync()
--- End of stack trace from previous location where exception was thrown ---
   at Microsoft.AspNetCore.Mvc.Infrastructure.ControllerActionInvoker.Rethrow(ActionExecutedContextSealed context)
   at Microsoft.AspNetCore.Mvc.Infrastructure.ControllerActionInvoker.Next(State& next, Scope& scope, Object& state, Boolean& isCompleted)
   at Microsoft.AspNetCore.Mvc.Infrastructure.ControllerActionInvoker.InvokeInnerFilterAsync()
--- End of stack trace from previous location where exception was thrown ---
   at Microsoft.AspNetCore.Mvc.Infrastructure.ResourceInvoker.<InvokeFilterPipelineAsync>g__Awaited|19_0(ResourceInvoker invoker, Task lastTask, State next, Scope scope, Object state, Boolean isCompleted)
   at Microsoft.AspNetCore.Mvc.Infrastructure.ResourceInvoker.<InvokeAsync>g__Awaited|17_0(ResourceInvoker invoker, Task task, IDisposable scope)
   at Microsoft.AspNetCore.Routing.EndpointMiddleware.<Invoke>g__AwaitRequestTask|6_0(Endpoint endpoint, Task requestTask, ILogger logger)
   at Microsoft.AspNetCore.Authorization.AuthorizationMiddleware.Invoke(HttpContext context)
   at Microsoft.AspNetCore.Authentication.AuthenticationMiddleware.Invoke(HttpContext context)
   at CWB.ExceptionHandling.ExceptionMiddleware.InvokeAsync(HttpContext httpContext) in D:\EvolutionSoftware\CWB-Latest\CWB\CWB.ExceptionHandling\ExceptionMiddleware.cs:line 26
2025-12-05 05:12:32.2666 ERROR Error: AutoMapper.AutoMapperMappingException: Error mapping types.

Mapping types:
EntityQueryable`1 -> IEnumerable`1
Microsoft.EntityFrameworkCore.Query.Internal.EntityQueryable`1[[CWB.Masters.Domain.ItemMaster.PartPurchaseDetails, CWB.Masters, Version=1.0.0.0, Culture=neutral, PublicKeyToken=null]] -> System.Collections.Generic.IEnumerable`1[[CWB.Masters.ViewModels.ItemMaster.PartPurchaseDetailsVM, CWB.Masters, Version=1.0.0.0, Culture=neutral, PublicKeyToken=null]]
 ---> System.InvalidOperationException: An exception has been raised that is likely due to a transient failure. Consider enabling transient error resiliency by adding 'EnableRetryOnFailure()' to the 'UseMySql' call.
 ---> MySqlConnector.MySqlException (0x80004005): Connect Timeout expired. All pooled connections are in use.
   at MySqlConnector.MySqlConnection.CreateSessionAsync(ConnectionPool pool, Int32 startTickCount, Nullable`1 ioBehavior, CancellationToken cancellationToken) in /_/src/MySqlConnector/MySqlConnection.cs:line 902
   at MySqlConnector.MySqlConnection.OpenAsync(Nullable`1 ioBehavior, CancellationToken cancellationToken) in /_/src/MySqlConnector/MySqlConnection.cs:line 435
   at MySqlConnector.MySqlConnection.Open() in /_/src/MySqlConnector/MySqlConnection.cs:line 380
   at Microsoft.EntityFrameworkCore.Storage.RelationalConnection.OpenInternal(Boolean errorsExpected)
   at Microsoft.EntityFrameworkCore.Storage.RelationalConnection.Open(Boolean errorsExpected)
   at Pomelo.EntityFrameworkCore.MySql.Storage.Internal.MySqlRelationalConnection.Open(Boolean errorsExpected)
   at Microsoft.EntityFrameworkCore.Storage.RelationalCommand.ExecuteReader(RelationalCommandParameterObject parameterObject)
   at Microsoft.EntityFrameworkCore.Query.Internal.SingleQueryingEnumerable`1.Enumerator.InitializeReader(DbContext _, Boolean result)
   at Pomelo.EntityFrameworkCore.MySql.Storage.Internal.MySqlExecutionStrategy.Execute[TState,TResult](TState state, Func`3 operation, Func`3 verifySucceeded)
   --- End of inner exception stack trace ---
   at Pomelo.EntityFrameworkCore.MySql.Storage.Internal.MySqlExecutionStrategy.Execute[TState,TResult](TState state, Func`3 operation, Func`3 verifySucceeded)
   at Microsoft.EntityFrameworkCore.Query.Internal.SingleQueryingEnumerable`1.Enumerator.MoveNext()
   at lambda_method(Closure , Object , IEnumerable`1 , ResolutionContext )
   --- End of inner exception stack trace ---
   at lambda_method(Closure , Object , IEnumerable`1 , ResolutionContext )
   at CWB.Masters.Services.ItemMaster.RawMaterialDetailService.GetPartPurchasesForPartNo(Int32 partId, Int64 tenantId) in D:\DockerTestCWB\CWB-Latest\CWB\CWB.Masters\Services\ItemMaster\RawMaterialDetailService.cs:line 262
   at CWB.Masters.Controllers.RawMaterialDetailController.GetPartPurchasesForPartId(Int32 partId, Int64 tenantId) in D:\DockerTestCWB\CWB-Latest\CWB\CWB.Masters\Controllers\RawMaterialDetailController.cs:line 353
   at lambda_method(Closure , Object , Object[] )
   at Microsoft.AspNetCore.Mvc.Infrastructure.ActionMethodExecutor.SyncActionResultExecutor.Execute(IActionResultTypeMapper mapper, ObjectMethodExecutor executor, Object controller, Object[] arguments)
   at Microsoft.AspNetCore.Mvc.Infrastructure.ControllerActionInvoker.InvokeActionMethodAsync()
   at Microsoft.AspNetCore.Mvc.Infrastructure.ControllerActionInvoker.Next(State& next, Scope& scope, Object& state, Boolean& isCompleted)
   at Microsoft.AspNetCore.Mvc.Infrastructure.ControllerActionInvoker.InvokeNextActionFilterAsync()
--- End of stack trace from previous location where exception was thrown ---
   at Microsoft.AspNetCore.Mvc.Infrastructure.ControllerActionInvoker.Rethrow(ActionExecutedContextSealed context)
   at Microsoft.AspNetCore.Mvc.Infrastructure.ControllerActionInvoker.Next(State& next, Scope& scope, Object& state, Boolean& isCompleted)
   at Microsoft.AspNetCore.Mvc.Infrastructure.ControllerActionInvoker.InvokeInnerFilterAsync()
--- End of stack trace from previous location where exception was thrown ---
   at Microsoft.AspNetCore.Mvc.Infrastructure.ResourceInvoker.<InvokeFilterPipelineAsync>g__Awaited|19_0(ResourceInvoker invoker, Task lastTask, State next, Scope scope, Object state, Boolean isCompleted)
   at Microsoft.AspNetCore.Mvc.Infrastructure.ResourceInvoker.<InvokeAsync>g__Awaited|17_0(ResourceInvoker invoker, Task task, IDisposable scope)
   at Microsoft.AspNetCore.Routing.EndpointMiddleware.<Invoke>g__AwaitRequestTask|6_0(Endpoint endpoint, Task requestTask, ILogger logger)
   at Microsoft.AspNetCore.Authorization.AuthorizationMiddleware.Invoke(HttpContext context)
   at Microsoft.AspNetCore.Authentication.AuthenticationMiddleware.Invoke(HttpContext context)
   at CWB.ExceptionHandling.ExceptionMiddleware.InvokeAsync(HttpContext httpContext) in D:\EvolutionSoftware\CWB-Latest\CWB\CWB.ExceptionHandling\ExceptionMiddleware.cs:line 26
2025-12-05 05:12:32.2666 ERROR Error: AutoMapper.AutoMapperMappingException: Error mapping types.

Mapping types:
EntityQueryable`1 -> IEnumerable`1
Microsoft.EntityFrameworkCore.Query.Internal.EntityQueryable`1[[CWB.Masters.Domain.ItemMaster.PartPurchaseDetails, CWB.Masters, Version=1.0.0.0, Culture=neutral, PublicKeyToken=null]] -> System.Collections.Generic.IEnumerable`1[[CWB.Masters.ViewModels.ItemMaster.PartPurchaseDetailsVM, CWB.Masters, Version=1.0.0.0, Culture=neutral, PublicKeyToken=null]]
 ---> System.InvalidOperationException: An exception has been raised that is likely due to a transient failure. Consider enabling transient error resiliency by adding 'EnableRetryOnFailure()' to the 'UseMySql' call.
 ---> MySqlConnector.MySqlException (0x80004005): Connect Timeout expired. All pooled connections are in use.
   at MySqlConnector.MySqlConnection.CreateSessionAsync(ConnectionPool pool, Int32 startTickCount, Nullable`1 ioBehavior, CancellationToken cancellationToken) in /_/src/MySqlConnector/MySqlConnection.cs:line 902
   at MySqlConnector.MySqlConnection.OpenAsync(Nullable`1 ioBehavior, CancellationToken cancellationToken) in /_/src/MySqlConnector/MySqlConnection.cs:line 435
   at MySqlConnector.MySqlConnection.Open() in /_/src/MySqlConnector/MySqlConnection.cs:line 380
   at Microsoft.EntityFrameworkCore.Storage.RelationalConnection.OpenInternal(Boolean errorsExpected)
   at Microsoft.EntityFrameworkCore.Storage.RelationalConnection.Open(Boolean errorsExpected)
   at Pomelo.EntityFrameworkCore.MySql.Storage.Internal.MySqlRelationalConnection.Open(Boolean errorsExpected)
   at Microsoft.EntityFrameworkCore.Storage.RelationalCommand.ExecuteReader(RelationalCommandParameterObject parameterObject)
   at Microsoft.EntityFrameworkCore.Query.Internal.SingleQueryingEnumerable`1.Enumerator.InitializeReader(DbContext _, Boolean result)
   at Pomelo.EntityFrameworkCore.MySql.Storage.Internal.MySqlExecutionStrategy.Execute[TState,TResult](TState state, Func`3 operation, Func`3 verifySucceeded)
   --- End of inner exception stack trace ---
   at Pomelo.EntityFrameworkCore.MySql.Storage.Internal.MySqlExecutionStrategy.Execute[TState,TResult](TState state, Func`3 operation, Func`3 verifySucceeded)
   at Microsoft.EntityFrameworkCore.Query.Internal.SingleQueryingEnumerable`1.Enumerator.MoveNext()
   at lambda_method(Closure , Object , IEnumerable`1 , ResolutionContext )
   --- End of inner exception stack trace ---
   at lambda_method(Closure , Object , IEnumerable`1 , ResolutionContext )
   at CWB.Masters.Services.ItemMaster.RawMaterialDetailService.GetPartPurchasesForPartNo(Int32 partId, Int64 tenantId) in D:\DockerTestCWB\CWB-Latest\CWB\CWB.Masters\Services\ItemMaster\RawMaterialDetailService.cs:line 262
   at CWB.Masters.Controllers.RawMaterialDetailController.GetPartPurchasesForPartId(Int32 partId, Int64 tenantId) in D:\DockerTestCWB\CWB-Latest\CWB\CWB.Masters\Controllers\RawMaterialDetailController.cs:line 353
   at lambda_method(Closure , Object , Object[] )
   at Microsoft.AspNetCore.Mvc.Infrastructure.ActionMethodExecutor.SyncActionResultExecutor.Execute(IActionResultTypeMapper mapper, ObjectMethodExecutor executor, Object controller, Object[] arguments)
   at Microsoft.AspNetCore.Mvc.Infrastructure.ControllerActionInvoker.InvokeActionMethodAsync()
   at Microsoft.AspNetCore.Mvc.Infrastructure.ControllerActionInvoker.Next(State& next, Scope& scope, Object& state, Boolean& isCompleted)
   at Microsoft.AspNetCore.Mvc.Infrastructure.ControllerActionInvoker.InvokeNextActionFilterAsync()
--- End of stack trace from previous location where exception was thrown ---
   at Microsoft.AspNetCore.Mvc.Infrastructure.ControllerActionInvoker.Rethrow(ActionExecutedContextSealed context)
   at Microsoft.AspNetCore.Mvc.Infrastructure.ControllerActionInvoker.Next(State& next, Scope& scope, Object& state, Boolean& isCompleted)
   at Microsoft.AspNetCore.Mvc.Infrastructure.ControllerActionInvoker.InvokeInnerFilterAsync()
--- End of stack trace from previous location where exception was thrown ---
   at Microsoft.AspNetCore.Mvc.Infrastructure.ResourceInvoker.<InvokeFilterPipelineAsync>g__Awaited|19_0(ResourceInvoker invoker, Task lastTask, State next, Scope scope, Object state, Boolean isCompleted)
   at Microsoft.AspNetCore.Mvc.Infrastructure.ResourceInvoker.<InvokeAsync>g__Awaited|17_0(ResourceInvoker invoker, Task task, IDisposable scope)
   at Microsoft.AspNetCore.Routing.EndpointMiddleware.<Invoke>g__AwaitRequestTask|6_0(Endpoint endpoint, Task requestTask, ILogger logger)
   at Microsoft.AspNetCore.Authorization.AuthorizationMiddleware.Invoke(HttpContext context)
   at Microsoft.AspNetCore.Authentication.AuthenticationMiddleware.Invoke(HttpContext context)
   at CWB.ExceptionHandling.ExceptionMiddleware.InvokeAsync(HttpContext httpContext) in D:\EvolutionSoftware\CWB-Latest\CWB\CWB.ExceptionHandling\ExceptionMiddleware.cs:line 26
2025-12-05 05:12:34.1343 ERROR Error: AutoMapper.AutoMapperMappingException: Error mapping types.

Mapping types:
EntityQueryable`1 -> IEnumerable`1
Microsoft.EntityFrameworkCore.Query.Internal.EntityQueryable`1[[CWB.Masters.Domain.ItemMaster.PartPurchaseDetails, CWB.Masters, Version=1.0.0.0, Culture=neutral, PublicKeyToken=null]] -> System.Collections.Generic.IEnumerable`1[[CWB.Masters.ViewModels.ItemMaster.PartPurchaseDetailsVM, CWB.Masters, Version=1.0.0.0, Culture=neutral, PublicKeyToken=null]]
 ---> System.InvalidOperationException: An exception has been raised that is likely due to a transient failure. Consider enabling transient error resiliency by adding 'EnableRetryOnFailure()' to the 'UseMySql' call.
 ---> MySqlConnector.MySqlException (0x80004005): Connect Timeout expired. All pooled connections are in use.
   at MySqlConnector.MySqlConnection.CreateSessionAsync(ConnectionPool pool, Int32 startTickCount, Nullable`1 ioBehavior, CancellationToken cancellationToken) in /_/src/MySqlConnector/MySqlConnection.cs:line 902
   at MySqlConnector.MySqlConnection.OpenAsync(Nullable`1 ioBehavior, CancellationToken cancellationToken) in /_/src/MySqlConnector/MySqlConnection.cs:line 435
   at MySqlConnector.MySqlConnection.Open() in /_/src/MySqlConnector/MySqlConnection.cs:line 380
   at Microsoft.EntityFrameworkCore.Storage.RelationalConnection.OpenInternal(Boolean errorsExpected)
   at Microsoft.EntityFrameworkCore.Storage.RelationalConnection.Open(Boolean errorsExpected)
   at Pomelo.EntityFrameworkCore.MySql.Storage.Internal.MySqlRelationalConnection.Open(Boolean errorsExpected)
   at Microsoft.EntityFrameworkCore.Storage.RelationalCommand.ExecuteReader(RelationalCommandParameterObject parameterObject)
   at Microsoft.EntityFrameworkCore.Query.Internal.SingleQueryingEnumerable`1.Enumerator.InitializeReader(DbContext _, Boolean result)
   at Pomelo.EntityFrameworkCore.MySql.Storage.Internal.MySqlExecutionStrategy.Execute[TState,TResult](TState state, Func`3 operation, Func`3 verifySucceeded)
   --- End of inner exception stack trace ---
   at Pomelo.EntityFrameworkCore.MySql.Storage.Internal.MySqlExecutionStrategy.Execute[TState,TResult](TState state, Func`3 operation, Func`3 verifySucceeded)
   at Microsoft.EntityFrameworkCore.Query.Internal.SingleQueryingEnumerable`1.Enumerator.MoveNext()
   at lambda_method(Closure , Object , IEnumerable`1 , ResolutionContext )
   --- End of inner exception stack trace ---
   at lambda_method(Closure , Object , IEnumerable`1 , ResolutionContext )
   at CWB.Masters.Services.ItemMaster.RawMaterialDetailService.GetPartPurchasesForPartNo(Int32 partId, Int64 tenantId) in D:\DockerTestCWB\CWB-Latest\CWB\CWB.Masters\Services\ItemMaster\RawMaterialDetailService.cs:line 262
   at CWB.Masters.Controllers.RawMaterialDetailController.GetPartPurchasesForPartId(Int32 partId, Int64 tenantId) in D:\DockerTestCWB\CWB-Latest\CWB\CWB.Masters\Controllers\RawMaterialDetailController.cs:line 353
   at lambda_method(Closure , Object , Object[] )
   at Microsoft.AspNetCore.Mvc.Infrastructure.ActionMethodExecutor.SyncActionResultExecutor.Execute(IActionResultTypeMapper mapper, ObjectMethodExecutor executor, Object controller, Object[] arguments)
   at Microsoft.AspNetCore.Mvc.Infrastructure.ControllerActionInvoker.InvokeActionMethodAsync()
   at Microsoft.AspNetCore.Mvc.Infrastructure.ControllerActionInvoker.Next(State& next, Scope& scope, Object& state, Boolean& isCompleted)
   at Microsoft.AspNetCore.Mvc.Infrastructure.ControllerActionInvoker.InvokeNextActionFilterAsync()
--- End of stack trace from previous location where exception was thrown ---
   at Microsoft.AspNetCore.Mvc.Infrastructure.ControllerActionInvoker.Rethrow(ActionExecutedContextSealed context)
   at Microsoft.AspNetCore.Mvc.Infrastructure.ControllerActionInvoker.Next(State& next, Scope& scope, Object& state, Boolean& isCompleted)
   at Microsoft.AspNetCore.Mvc.Infrastructure.ControllerActionInvoker.InvokeInnerFilterAsync()
--- End of stack trace from previous location where exception was thrown ---
   at Microsoft.AspNetCore.Mvc.Infrastructure.ResourceInvoker.<InvokeFilterPipelineAsync>g__Awaited|19_0(ResourceInvoker invoker, Task lastTask, State next, Scope scope, Object state, Boolean isCompleted)
   at Microsoft.AspNetCore.Mvc.Infrastructure.ResourceInvoker.<InvokeAsync>g__Awaited|17_0(ResourceInvoker invoker, Task task, IDisposable scope)
   at Microsoft.AspNetCore.Routing.EndpointMiddleware.<Invoke>g__AwaitRequestTask|6_0(Endpoint endpoint, Task requestTask, ILogger logger)
   at Microsoft.AspNetCore.Authorization.AuthorizationMiddleware.Invoke(HttpContext context)
   at Microsoft.AspNetCore.Authentication.AuthenticationMiddleware.Invoke(HttpContext context)
   at CWB.ExceptionHandling.ExceptionMiddleware.InvokeAsync(HttpContext httpContext) in D:\EvolutionSoftware\CWB-Latest\CWB\CWB.ExceptionHandling\ExceptionMiddleware.cs:line 26
2025-12-05 05:12:35.2362 ERROR Error: AutoMapper.AutoMapperMappingException: Error mapping types.

Mapping types:
EntityQueryable`1 -> IEnumerable`1
Microsoft.EntityFrameworkCore.Query.Internal.EntityQueryable`1[[CWB.Masters.Domain.ItemMaster.PartPurchaseDetails, CWB.Masters, Version=1.0.0.0, Culture=neutral, PublicKeyToken=null]] -> System.Collections.Generic.IEnumerable`1[[CWB.Masters.ViewModels.ItemMaster.PartPurchaseDetailsVM, CWB.Masters, Version=1.0.0.0, Culture=neutral, PublicKeyToken=null]]
 ---> System.InvalidOperationException: An exception has been raised that is likely due to a transient failure. Consider enabling transient error resiliency by adding 'EnableRetryOnFailure()' to the 'UseMySql' call.
 ---> MySqlConnector.MySqlException (0x80004005): Connect Timeout expired. All pooled connections are in use.
   at MySqlConnector.MySqlConnection.CreateSessionAsync(ConnectionPool pool, Int32 startTickCount, Nullable`1 ioBehavior, CancellationToken cancellationToken) in /_/src/MySqlConnector/MySqlConnection.cs:line 902
   at MySqlConnector.MySqlConnection.OpenAsync(Nullable`1 ioBehavior, CancellationToken cancellationToken) in /_/src/MySqlConnector/MySqlConnection.cs:line 435
   at MySqlConnector.MySqlConnection.Open() in /_/src/MySqlConnector/MySqlConnection.cs:line 380
   at Microsoft.EntityFrameworkCore.Storage.RelationalConnection.OpenInternal(Boolean errorsExpected)
   at Microsoft.EntityFrameworkCore.Storage.RelationalConnection.Open(Boolean errorsExpected)
   at Pomelo.EntityFrameworkCore.MySql.Storage.Internal.MySqlRelationalConnection.Open(Boolean errorsExpected)
   at Microsoft.EntityFrameworkCore.Storage.RelationalCommand.ExecuteReader(RelationalCommandParameterObject parameterObject)
   at Microsoft.EntityFrameworkCore.Query.Internal.SingleQueryingEnumerable`1.Enumerator.InitializeReader(DbContext _, Boolean result)
   at Pomelo.EntityFrameworkCore.MySql.Storage.Internal.MySqlExecutionStrategy.Execute[TState,TResult](TState state, Func`3 operation, Func`3 verifySucceeded)
   --- End of inner exception stack trace ---
   at Pomelo.EntityFrameworkCore.MySql.Storage.Internal.MySqlExecutionStrategy.Execute[TState,TResult](TState state, Func`3 operation, Func`3 verifySucceeded)
   at Microsoft.EntityFrameworkCore.Query.Internal.SingleQueryingEnumerable`1.Enumerator.MoveNext()
   at lambda_method(Closure , Object , IEnumerable`1 , ResolutionContext )
   --- End of inner exception stack trace ---
   at lambda_method(Closure , Object , IEnumerable`1 , ResolutionContext )
   at CWB.Masters.Services.ItemMaster.RawMaterialDetailService.GetPartPurchasesForPartNo(Int32 partId, Int64 tenantId) in D:\DockerTestCWB\CWB-Latest\CWB\CWB.Masters\Services\ItemMaster\RawMaterialDetailService.cs:line 262
   at CWB.Masters.Controllers.RawMaterialDetailController.GetPartPurchasesForPartId(Int32 partId, Int64 tenantId) in D:\DockerTestCWB\CWB-Latest\CWB\CWB.Masters\Controllers\RawMaterialDetailController.cs:line 353
   at lambda_method(Closure , Object , Object[] )
   at Microsoft.AspNetCore.Mvc.Infrastructure.ActionMethodExecutor.SyncActionResultExecutor.Execute(IActionResultTypeMapper mapper, ObjectMethodExecutor executor, Object controller, Object[] arguments)
   at Microsoft.AspNetCore.Mvc.Infrastructure.ControllerActionInvoker.InvokeActionMethodAsync()
   at Microsoft.AspNetCore.Mvc.Infrastructure.ControllerActionInvoker.Next(State& next, Scope& scope, Object& state, Boolean& isCompleted)
   at Microsoft.AspNetCore.Mvc.Infrastructure.ControllerActionInvoker.InvokeNextActionFilterAsync()
--- End of stack trace from previous location where exception was thrown ---
   at Microsoft.AspNetCore.Mvc.Infrastructure.ControllerActionInvoker.Rethrow(ActionExecutedContextSealed context)
   at Microsoft.AspNetCore.Mvc.Infrastructure.ControllerActionInvoker.Next(State& next, Scope& scope, Object& state, Boolean& isCompleted)
   at Microsoft.AspNetCore.Mvc.Infrastructure.ControllerActionInvoker.InvokeInnerFilterAsync()
--- End of stack trace from previous location where exception was thrown ---
   at Microsoft.AspNetCore.Mvc.Infrastructure.ResourceInvoker.<InvokeFilterPipelineAsync>g__Awaited|19_0(ResourceInvoker invoker, Task lastTask, State next, Scope scope, Object state, Boolean isCompleted)
   at Microsoft.AspNetCore.Mvc.Infrastructure.ResourceInvoker.<InvokeAsync>g__Awaited|17_0(ResourceInvoker invoker, Task task, IDisposable scope)
   at Microsoft.AspNetCore.Routing.EndpointMiddleware.<Invoke>g__AwaitRequestTask|6_0(Endpoint endpoint, Task requestTask, ILogger logger)
   at Microsoft.AspNetCore.Authorization.AuthorizationMiddleware.Invoke(HttpContext context)
   at Microsoft.AspNetCore.Authentication.AuthenticationMiddleware.Invoke(HttpContext context)
   at CWB.ExceptionHandling.ExceptionMiddleware.InvokeAsync(HttpContext httpContext) in D:\EvolutionSoftware\CWB-Latest\CWB\CWB.ExceptionHandling\ExceptionMiddleware.cs:line 26
2025-12-05 05:12:36.4760 ERROR Error: AutoMapper.AutoMapperMappingException: Error mapping types.

Mapping types:
EntityQueryable`1 -> IEnumerable`1
Microsoft.EntityFrameworkCore.Query.Internal.EntityQueryable`1[[CWB.Masters.Domain.ItemMaster.PartPurchaseDetails, CWB.Masters, Version=1.0.0.0, Culture=neutral, PublicKeyToken=null]] -> System.Collections.Generic.IEnumerable`1[[CWB.Masters.ViewModels.ItemMaster.PartPurchaseDetailsVM, CWB.Masters, Version=1.0.0.0, Culture=neutral, PublicKeyToken=null]]
 ---> System.InvalidOperationException: An exception has been raised that is likely due to a transient failure. Consider enabling transient error resiliency by adding 'EnableRetryOnFailure()' to the 'UseMySql' call.
 ---> MySqlConnector.MySqlException (0x80004005): Connect Timeout expired. All pooled connections are in use.
   at MySqlConnector.MySqlConnection.CreateSessionAsync(ConnectionPool pool, Int32 startTickCount, Nullable`1 ioBehavior, CancellationToken cancellationToken) in /_/src/MySqlConnector/MySqlConnection.cs:line 902
   at MySqlConnector.MySqlConnection.OpenAsync(Nullable`1 ioBehavior, CancellationToken cancellationToken) in /_/src/MySqlConnector/MySqlConnection.cs:line 435
   at MySqlConnector.MySqlConnection.Open() in /_/src/MySqlConnector/MySqlConnection.cs:line 380
   at Microsoft.EntityFrameworkCore.Storage.RelationalConnection.OpenInternal(Boolean errorsExpected)
   at Microsoft.EntityFrameworkCore.Storage.RelationalConnection.Open(Boolean errorsExpected)
   at Pomelo.EntityFrameworkCore.MySql.Storage.Internal.MySqlRelationalConnection.Open(Boolean errorsExpected)
   at Microsoft.EntityFrameworkCore.Storage.RelationalCommand.ExecuteReader(RelationalCommandParameterObject parameterObject)
   at Microsoft.EntityFrameworkCore.Query.Internal.SingleQueryingEnumerable`1.Enumerator.InitializeReader(DbContext _, Boolean result)
   at Pomelo.EntityFrameworkCore.MySql.Storage.Internal.MySqlExecutionStrategy.Execute[TState,TResult](TState state, Func`3 operation, Func`3 verifySucceeded)
   --- End of inner exception stack trace ---
   at Pomelo.EntityFrameworkCore.MySql.Storage.Internal.MySqlExecutionStrategy.Execute[TState,TResult](TState state, Func`3 operation, Func`3 verifySucceeded)
   at Microsoft.EntityFrameworkCore.Query.Internal.SingleQueryingEnumerable`1.Enumerator.MoveNext()
   at lambda_method(Closure , Object , IEnumerable`1 , ResolutionContext )
   --- End of inner exception stack trace ---
   at lambda_method(Closure , Object , IEnumerable`1 , ResolutionContext )
   at CWB.Masters.Services.ItemMaster.RawMaterialDetailService.GetPartPurchasesForPartNo(Int32 partId, Int64 tenantId) in D:\DockerTestCWB\CWB-Latest\CWB\CWB.Masters\Services\ItemMaster\RawMaterialDetailService.cs:line 262
   at CWB.Masters.Controllers.RawMaterialDetailController.GetPartPurchasesForPartId(Int32 partId, Int64 tenantId) in D:\DockerTestCWB\CWB-Latest\CWB\CWB.Masters\Controllers\RawMaterialDetailController.cs:line 353
   at lambda_method(Closure , Object , Object[] )
   at Microsoft.AspNetCore.Mvc.Infrastructure.ActionMethodExecutor.SyncActionResultExecutor.Execute(IActionResultTypeMapper mapper, ObjectMethodExecutor executor, Object controller, Object[] arguments)
   at Microsoft.AspNetCore.Mvc.Infrastructure.ControllerActionInvoker.InvokeActionMethodAsync()
   at Microsoft.AspNetCore.Mvc.Infrastructure.ControllerActionInvoker.Next(State& next, Scope& scope, Object& state, Boolean& isCompleted)
   at Microsoft.AspNetCore.Mvc.Infrastructure.ControllerActionInvoker.InvokeNextActionFilterAsync()
--- End of stack trace from previous location where exception was thrown ---
   at Microsoft.AspNetCore.Mvc.Infrastructure.ControllerActionInvoker.Rethrow(ActionExecutedContextSealed context)
   at Microsoft.AspNetCore.Mvc.Infrastructure.ControllerActionInvoker.Next(State& next, Scope& scope, Object& state, Boolean& isCompleted)
   at Microsoft.AspNetCore.Mvc.Infrastructure.ControllerActionInvoker.InvokeInnerFilterAsync()
--- End of stack trace from previous location where exception was thrown ---
   at Microsoft.AspNetCore.Mvc.Infrastructure.ResourceInvoker.<InvokeFilterPipelineAsync>g__Awaited|19_0(ResourceInvoker invoker, Task lastTask, State next, Scope scope, Object state, Boolean isCompleted)
   at Microsoft.AspNetCore.Mvc.Infrastructure.ResourceInvoker.<InvokeAsync>g__Awaited|17_0(ResourceInvoker invoker, Task task, IDisposable scope)
   at Microsoft.AspNetCore.Routing.EndpointMiddleware.<Invoke>g__AwaitRequestTask|6_0(Endpoint endpoint, Task requestTask, ILogger logger)
   at Microsoft.AspNetCore.Authorization.AuthorizationMiddleware.Invoke(HttpContext context)
   at Microsoft.AspNetCore.Authentication.AuthenticationMiddleware.Invoke(HttpContext context)
   at CWB.ExceptionHandling.ExceptionMiddleware.InvokeAsync(HttpContext httpContext) in D:\EvolutionSoftware\CWB-Latest\CWB\CWB.ExceptionHandling\ExceptionMiddleware.cs:line 26
2025-12-05 05:12:45.8905 ERROR Error: AutoMapper.AutoMapperMappingException: Error mapping types.

Mapping types:
EntityQueryable`1 -> IEnumerable`1
Microsoft.EntityFrameworkCore.Query.Internal.EntityQueryable`1[[CWB.Masters.Domain.ItemMaster.PartPurchaseDetails, CWB.Masters, Version=1.0.0.0, Culture=neutral, PublicKeyToken=null]] -> System.Collections.Generic.IEnumerable`1[[CWB.Masters.ViewModels.ItemMaster.PartPurchaseDetailsVM, CWB.Masters, Version=1.0.0.0, Culture=neutral, PublicKeyToken=null]]
 ---> System.InvalidOperationException: An exception has been raised that is likely due to a transient failure. Consider enabling transient error resiliency by adding 'EnableRetryOnFailure()' to the 'UseMySql' call.
 ---> MySqlConnector.MySqlException (0x80004005): Connect Timeout expired. All pooled connections are in use.
   at MySqlConnector.MySqlConnection.CreateSessionAsync(ConnectionPool pool, Int32 startTickCount, Nullable`1 ioBehavior, CancellationToken cancellationToken) in /_/src/MySqlConnector/MySqlConnection.cs:line 902
   at MySqlConnector.MySqlConnection.OpenAsync(Nullable`1 ioBehavior, CancellationToken cancellationToken) in /_/src/MySqlConnector/MySqlConnection.cs:line 435
   at MySqlConnector.MySqlConnection.Open() in /_/src/MySqlConnector/MySqlConnection.cs:line 380
   at Microsoft.EntityFrameworkCore.Storage.RelationalConnection.OpenInternal(Boolean errorsExpected)
   at Microsoft.EntityFrameworkCore.Storage.RelationalConnection.Open(Boolean errorsExpected)
   at Pomelo.EntityFrameworkCore.MySql.Storage.Internal.MySqlRelationalConnection.Open(Boolean errorsExpected)
   at Microsoft.EntityFrameworkCore.Storage.RelationalCommand.ExecuteReader(RelationalCommandParameterObject parameterObject)
   at Microsoft.EntityFrameworkCore.Query.Internal.SingleQueryingEnumerable`1.Enumerator.InitializeReader(DbContext _, Boolean result)
   at Pomelo.EntityFrameworkCore.MySql.Storage.Internal.MySqlExecutionStrategy.Execute[TState,TResult](TState state, Func`3 operation, Func`3 verifySucceeded)
   --- End of inner exception stack trace ---
   at Pomelo.EntityFrameworkCore.MySql.Storage.Internal.MySqlExecutionStrategy.Execute[TState,TResult](TState state, Func`3 operation, Func`3 verifySucceeded)
   at Microsoft.EntityFrameworkCore.Query.Internal.SingleQueryingEnumerable`1.Enumerator.MoveNext()
   at lambda_method(Closure , Object , IEnumerable`1 , ResolutionContext )
   --- End of inner exception stack trace ---
   at lambda_method(Closure , Object , IEnumerable`1 , ResolutionContext )
   at CWB.Masters.Services.ItemMaster.RawMaterialDetailService.GetPartPurchasesForPartNo(Int32 partId, Int64 tenantId) in D:\DockerTestCWB\CWB-Latest\CWB\CWB.Masters\Services\ItemMaster\RawMaterialDetailService.cs:line 262
   at CWB.Masters.Controllers.RawMaterialDetailController.GetPartPurchasesForPartId(Int32 partId, Int64 tenantId) in D:\DockerTestCWB\CWB-Latest\CWB\CWB.Masters\Controllers\RawMaterialDetailController.cs:line 353
   at lambda_method(Closure , Object , Object[] )
   at Microsoft.AspNetCore.Mvc.Infrastructure.ActionMethodExecutor.SyncActionResultExecutor.Execute(IActionResultTypeMapper mapper, ObjectMethodExecutor executor, Object controller, Object[] arguments)
   at Microsoft.AspNetCore.Mvc.Infrastructure.ControllerActionInvoker.InvokeActionMethodAsync()
   at Microsoft.AspNetCore.Mvc.Infrastructure.ControllerActionInvoker.Next(State& next, Scope& scope, Object& state, Boolean& isCompleted)
   at Microsoft.AspNetCore.Mvc.Infrastructure.ControllerActionInvoker.InvokeNextActionFilterAsync()
--- End of stack trace from previous location where exception was thrown ---
   at Microsoft.AspNetCore.Mvc.Infrastructure.ControllerActionInvoker.Rethrow(ActionExecutedContextSealed context)
   at Microsoft.AspNetCore.Mvc.Infrastructure.ControllerActionInvoker.Next(State& next, Scope& scope, Object& state, Boolean& isCompleted)
   at Microsoft.AspNetCore.Mvc.Infrastructure.ControllerActionInvoker.InvokeInnerFilterAsync()
--- End of stack trace from previous location where exception was thrown ---
   at Microsoft.AspNetCore.Mvc.Infrastructure.ResourceInvoker.<InvokeFilterPipelineAsync>g__Awaited|19_0(ResourceInvoker invoker, Task lastTask, State next, Scope scope, Object state, Boolean isCompleted)
   at Microsoft.AspNetCore.Mvc.Infrastructure.ResourceInvoker.<InvokeAsync>g__Awaited|17_0(ResourceInvoker invoker, Task task, IDisposable scope)
   at Microsoft.AspNetCore.Routing.EndpointMiddleware.<Invoke>g__AwaitRequestTask|6_0(Endpoint endpoint, Task requestTask, ILogger logger)
   at Microsoft.AspNetCore.Authorization.AuthorizationMiddleware.Invoke(HttpContext context)
   at Microsoft.AspNetCore.Authentication.AuthenticationMiddleware.Invoke(HttpContext context)
   at CWB.ExceptionHandling.ExceptionMiddleware.InvokeAsync(HttpContext httpContext) in D:\EvolutionSoftware\CWB-Latest\CWB\CWB.ExceptionHandling\ExceptionMiddleware.cs:line 26
2025-12-05 05:13:21.2006 ERROR Error: AutoMapper.AutoMapperMappingException: Error mapping types.

Mapping types:
EntityQueryable`1 -> IEnumerable`1
Microsoft.EntityFrameworkCore.Query.Internal.EntityQueryable`1[[CWB.Masters.Domain.ItemMaster.PartPurchaseDetails, CWB.Masters, Version=1.0.0.0, Culture=neutral, PublicKeyToken=null]] -> System.Collections.Generic.IEnumerable`1[[CWB.Masters.ViewModels.ItemMaster.PartPurchaseDetailsVM, CWB.Masters, Version=1.0.0.0, Culture=neutral, PublicKeyToken=null]]
 ---> System.InvalidOperationException: An exception has been raised that is likely due to a transient failure. Consider enabling transient error resiliency by adding 'EnableRetryOnFailure()' to the 'UseMySql' call.
 ---> MySqlConnector.MySqlException (0x80004005): Connect Timeout expired. All pooled connections are in use.
   at MySqlConnector.MySqlConnection.CreateSessionAsync(ConnectionPool pool, Int32 startTickCount, Nullable`1 ioBehavior, CancellationToken cancellationToken) in /_/src/MySqlConnector/MySqlConnection.cs:line 902
   at MySqlConnector.MySqlConnection.OpenAsync(Nullable`1 ioBehavior, CancellationToken cancellationToken) in /_/src/MySqlConnector/MySqlConnection.cs:line 435
   at MySqlConnector.MySqlConnection.Open() in /_/src/MySqlConnector/MySqlConnection.cs:line 380
   at Microsoft.EntityFrameworkCore.Storage.RelationalConnection.OpenInternal(Boolean errorsExpected)
   at Microsoft.EntityFrameworkCore.Storage.RelationalConnection.Open(Boolean errorsExpected)
   at Pomelo.EntityFrameworkCore.MySql.Storage.Internal.MySqlRelationalConnection.Open(Boolean errorsExpected)
   at Microsoft.EntityFrameworkCore.Storage.RelationalCommand.ExecuteReader(RelationalCommandParameterObject parameterObject)
   at Microsoft.EntityFrameworkCore.Query.Internal.SingleQueryingEnumerable`1.Enumerator.InitializeReader(DbContext _, Boolean result)
   at Pomelo.EntityFrameworkCore.MySql.Storage.Internal.MySqlExecutionStrategy.Execute[TState,TResult](TState state, Func`3 operation, Func`3 verifySucceeded)
   --- End of inner exception stack trace ---
   at Pomelo.EntityFrameworkCore.MySql.Storage.Internal.MySqlExecutionStrategy.Execute[TState,TResult](TState state, Func`3 operation, Func`3 verifySucceeded)
   at Microsoft.EntityFrameworkCore.Query.Internal.SingleQueryingEnumerable`1.Enumerator.MoveNext()
   at lambda_method(Closure , Object , IEnumerable`1 , ResolutionContext )
   --- End of inner exception stack trace ---
   at lambda_method(Closure , Object , IEnumerable`1 , ResolutionContext )
   at CWB.Masters.Services.ItemMaster.RawMaterialDetailService.GetPartPurchasesForPartNo(Int32 partId, Int64 tenantId) in D:\DockerTestCWB\CWB-Latest\CWB\CWB.Masters\Services\ItemMaster\RawMaterialDetailService.cs:line 262
   at CWB.Masters.Controllers.RawMaterialDetailController.GetPartPurchasesForPartId(Int32 partId, Int64 tenantId) in D:\DockerTestCWB\CWB-Latest\CWB\CWB.Masters\Controllers\RawMaterialDetailController.cs:line 353
   at lambda_method(Closure , Object , Object[] )
   at Microsoft.AspNetCore.Mvc.Infrastructure.ActionMethodExecutor.SyncActionResultExecutor.Execute(IActionResultTypeMapper mapper, ObjectMethodExecutor executor, Object controller, Object[] arguments)
   at Microsoft.AspNetCore.Mvc.Infrastructure.ControllerActionInvoker.InvokeActionMethodAsync()
   at Microsoft.AspNetCore.Mvc.Infrastructure.ControllerActionInvoker.Next(State& next, Scope& scope, Object& state, Boolean& isCompleted)
   at Microsoft.AspNetCore.Mvc.Infrastructure.ControllerActionInvoker.InvokeNextActionFilterAsync()
--- End of stack trace from previous location where exception was thrown ---
   at Microsoft.AspNetCore.Mvc.Infrastructure.ControllerActionInvoker.Rethrow(ActionExecutedContextSealed context)
   at Microsoft.AspNetCore.Mvc.Infrastructure.ControllerActionInvoker.Next(State& next, Scope& scope, Object& state, Boolean& isCompleted)
   at Microsoft.AspNetCore.Mvc.Infrastructure.ControllerActionInvoker.InvokeInnerFilterAsync()
--- End of stack trace from previous location where exception was thrown ---
   at Microsoft.AspNetCore.Mvc.Infrastructure.ResourceInvoker.<InvokeFilterPipelineAsync>g__Awaited|19_0(ResourceInvoker invoker, Task lastTask, State next, Scope scope, Object state, Boolean isCompleted)
   at Microsoft.AspNetCore.Mvc.Infrastructure.ResourceInvoker.<InvokeAsync>g__Awaited|17_0(ResourceInvoker invoker, Task task, IDisposable scope)
   at Microsoft.AspNetCore.Routing.EndpointMiddleware.<Invoke>g__AwaitRequestTask|6_0(Endpoint endpoint, Task requestTask, ILogger logger)
   at Microsoft.AspNetCore.Authorization.AuthorizationMiddleware.Invoke(HttpContext context)
   at Microsoft.AspNetCore.Authentication.AuthenticationMiddleware.Invoke(HttpContext context)
   at CWB.ExceptionHandling.ExceptionMiddleware.InvokeAsync(HttpContext httpContext) in D:\EvolutionSoftware\CWB-Latest\CWB\CWB.ExceptionHandling\ExceptionMiddleware.cs:line 26
2025-12-05 05:13:21.2389 ERROR Error: AutoMapper.AutoMapperMappingException: Error mapping types.

Mapping types:
EntityQueryable`1 -> IEnumerable`1
Microsoft.EntityFrameworkCore.Query.Internal.EntityQueryable`1[[CWB.Masters.Domain.ItemMaster.PartPurchaseDetails, CWB.Masters, Version=1.0.0.0, Culture=neutral, PublicKeyToken=null]] -> System.Collections.Generic.IEnumerable`1[[CWB.Masters.ViewModels.ItemMaster.PartPurchaseDetailsVM, CWB.Masters, Version=1.0.0.0, Culture=neutral, PublicKeyToken=null]]
 ---> System.InvalidOperationException: An exception has been raised that is likely due to a transient failure. Consider enabling transient error resiliency by adding 'EnableRetryOnFailure()' to the 'UseMySql' call.
 ---> MySqlConnector.MySqlException (0x80004005): Connect Timeout expired. All pooled connections are in use.
   at MySqlConnector.MySqlConnection.CreateSessionAsync(ConnectionPool pool, Int32 startTickCount, Nullable`1 ioBehavior, CancellationToken cancellationToken) in /_/src/MySqlConnector/MySqlConnection.cs:line 902
   at MySqlConnector.MySqlConnection.OpenAsync(Nullable`1 ioBehavior, CancellationToken cancellationToken) in /_/src/MySqlConnector/MySqlConnection.cs:line 435
   at MySqlConnector.MySqlConnection.Open() in /_/src/MySqlConnector/MySqlConnection.cs:line 380
   at Microsoft.EntityFrameworkCore.Storage.RelationalConnection.OpenInternal(Boolean errorsExpected)
   at Microsoft.EntityFrameworkCore.Storage.RelationalConnection.Open(Boolean errorsExpected)
   at Pomelo.EntityFrameworkCore.MySql.Storage.Internal.MySqlRelationalConnection.Open(Boolean errorsExpected)
   at Microsoft.EntityFrameworkCore.Storage.RelationalCommand.ExecuteReader(RelationalCommandParameterObject parameterObject)
   at Microsoft.EntityFrameworkCore.Query.Internal.SingleQueryingEnumerable`1.Enumerator.InitializeReader(DbContext _, Boolean result)
   at Pomelo.EntityFrameworkCore.MySql.Storage.Internal.MySqlExecutionStrategy.Execute[TState,TResult](TState state, Func`3 operation, Func`3 verifySucceeded)
   --- End of inner exception stack trace ---
   at Pomelo.EntityFrameworkCore.MySql.Storage.Internal.MySqlExecutionStrategy.Execute[TState,TResult](TState state, Func`3 operation, Func`3 verifySucceeded)
   at Microsoft.EntityFrameworkCore.Query.Internal.SingleQueryingEnumerable`1.Enumerator.MoveNext()
   at lambda_method(Closure , Object , IEnumerable`1 , ResolutionContext )
   --- End of inner exception stack trace ---
   at lambda_method(Closure , Object , IEnumerable`1 , ResolutionContext )
   at CWB.Masters.Services.ItemMaster.RawMaterialDetailService.GetPartPurchasesForPartNo(Int32 partId, Int64 tenantId) in D:\DockerTestCWB\CWB-Latest\CWB\CWB.Masters\Services\ItemMaster\RawMaterialDetailService.cs:line 262
   at CWB.Masters.Controllers.RawMaterialDetailController.GetPartPurchasesForPartId(Int32 partId, Int64 tenantId) in D:\DockerTestCWB\CWB-Latest\CWB\CWB.Masters\Controllers\RawMaterialDetailController.cs:line 353
   at lambda_method(Closure , Object , Object[] )
   at Microsoft.AspNetCore.Mvc.Infrastructure.ActionMethodExecutor.SyncActionResultExecutor.Execute(IActionResultTypeMapper mapper, ObjectMethodExecutor executor, Object controller, Object[] arguments)
   at Microsoft.AspNetCore.Mvc.Infrastructure.ControllerActionInvoker.InvokeActionMethodAsync()
   at Microsoft.AspNetCore.Mvc.Infrastructure.ControllerActionInvoker.Next(State& next, Scope& scope, Object& state, Boolean& isCompleted)
   at Microsoft.AspNetCore.Mvc.Infrastructure.ControllerActionInvoker.InvokeNextActionFilterAsync()
--- End of stack trace from previous location where exception was thrown ---
   at Microsoft.AspNetCore.Mvc.Infrastructure.ControllerActionInvoker.Rethrow(ActionExecutedContextSealed context)
   at Microsoft.AspNetCore.Mvc.Infrastructure.ControllerActionInvoker.Next(State& next, Scope& scope, Object& state, Boolean& isCompleted)
   at Microsoft.AspNetCore.Mvc.Infrastructure.ControllerActionInvoker.InvokeInnerFilterAsync()
--- End of stack trace from previous location where exception was thrown ---
   at Microsoft.AspNetCore.Mvc.Infrastructure.ResourceInvoker.<InvokeFilterPipelineAsync>g__Awaited|19_0(ResourceInvoker invoker, Task lastTask, State next, Scope scope, Object state, Boolean isCompleted)
   at Microsoft.AspNetCore.Mvc.Infrastructure.ResourceInvoker.<InvokeAsync>g__Awaited|17_0(ResourceInvoker invoker, Task task, IDisposable scope)
   at Microsoft.AspNetCore.Routing.EndpointMiddleware.<Invoke>g__AwaitRequestTask|6_0(Endpoint endpoint, Task requestTask, ILogger logger)
   at Microsoft.AspNetCore.Authorization.AuthorizationMiddleware.Invoke(HttpContext context)
   at Microsoft.AspNetCore.Authentication.AuthenticationMiddleware.Invoke(HttpContext context)
   at CWB.ExceptionHandling.ExceptionMiddleware.InvokeAsync(HttpContext httpContext) in D:\EvolutionSoftware\CWB-Latest\CWB\CWB.ExceptionHandling\ExceptionMiddleware.cs:line 26
2025-12-05 05:13:21.2389 ERROR Error: AutoMapper.AutoMapperMappingException: Error mapping types.

Mapping types:
EntityQueryable`1 -> IEnumerable`1
Microsoft.EntityFrameworkCore.Query.Internal.EntityQueryable`1[[CWB.Masters.Domain.ItemMaster.PartPurchaseDetails, CWB.Masters, Version=1.0.0.0, Culture=neutral, PublicKeyToken=null]] -> System.Collections.Generic.IEnumerable`1[[CWB.Masters.ViewModels.ItemMaster.PartPurchaseDetailsVM, CWB.Masters, Version=1.0.0.0, Culture=neutral, PublicKeyToken=null]]
 ---> System.InvalidOperationException: An exception has been raised that is likely due to a transient failure. Consider enabling transient error resiliency by adding 'EnableRetryOnFailure()' to the 'UseMySql' call.
 ---> MySqlConnector.MySqlException (0x80004005): Connect Timeout expired. All pooled connections are in use.
   at MySqlConnector.MySqlConnection.CreateSessionAsync(ConnectionPool pool, Int32 startTickCount, Nullable`1 ioBehavior, CancellationToken cancellationToken) in /_/src/MySqlConnector/MySqlConnection.cs:line 902
   at MySqlConnector.MySqlConnection.OpenAsync(Nullable`1 ioBehavior, CancellationToken cancellationToken) in /_/src/MySqlConnector/MySqlConnection.cs:line 435
   at MySqlConnector.MySqlConnection.Open() in /_/src/MySqlConnector/MySqlConnection.cs:line 380
   at Microsoft.EntityFrameworkCore.Storage.RelationalConnection.OpenInternal(Boolean errorsExpected)
   at Microsoft.EntityFrameworkCore.Storage.RelationalConnection.Open(Boolean errorsExpected)
   at Pomelo.EntityFrameworkCore.MySql.Storage.Internal.MySqlRelationalConnection.Open(Boolean errorsExpected)
   at Microsoft.EntityFrameworkCore.Storage.RelationalCommand.ExecuteReader(RelationalCommandParameterObject parameterObject)
   at Microsoft.EntityFrameworkCore.Query.Internal.SingleQueryingEnumerable`1.Enumerator.InitializeReader(DbContext _, Boolean result)
   at Pomelo.EntityFrameworkCore.MySql.Storage.Internal.MySqlExecutionStrategy.Execute[TState,TResult](TState state, Func`3 operation, Func`3 verifySucceeded)
   --- End of inner exception stack trace ---
   at Pomelo.EntityFrameworkCore.MySql.Storage.Internal.MySqlExecutionStrategy.Execute[TState,TResult](TState state, Func`3 operation, Func`3 verifySucceeded)
   at Microsoft.EntityFrameworkCore.Query.Internal.SingleQueryingEnumerable`1.Enumerator.MoveNext()
   at lambda_method(Closure , Object , IEnumerable`1 , ResolutionContext )
   --- End of inner exception stack trace ---
   at lambda_method(Closure , Object , IEnumerable`1 , ResolutionContext )
   at CWB.Masters.Services.ItemMaster.RawMaterialDetailService.GetPartPurchasesForPartNo(Int32 partId, Int64 tenantId) in D:\DockerTestCWB\CWB-Latest\CWB\CWB.Masters\Services\ItemMaster\RawMaterialDetailService.cs:line 262
   at CWB.Masters.Controllers.RawMaterialDetailController.GetPartPurchasesForPartId(Int32 partId, Int64 tenantId) in D:\DockerTestCWB\CWB-Latest\CWB\CWB.Masters\Controllers\RawMaterialDetailController.cs:line 353
   at lambda_method(Closure , Object , Object[] )
   at Microsoft.AspNetCore.Mvc.Infrastructure.ActionMethodExecutor.SyncActionResultExecutor.Execute(IActionResultTypeMapper mapper, ObjectMethodExecutor executor, Object controller, Object[] arguments)
   at Microsoft.AspNetCore.Mvc.Infrastructure.ControllerActionInvoker.InvokeActionMethodAsync()
   at Microsoft.AspNetCore.Mvc.Infrastructure.ControllerActionInvoker.Next(State& next, Scope& scope, Object& state, Boolean& isCompleted)
   at Microsoft.AspNetCore.Mvc.Infrastructure.ControllerActionInvoker.InvokeNextActionFilterAsync()
--- End of stack trace from previous location where exception was thrown ---
   at Microsoft.AspNetCore.Mvc.Infrastructure.ControllerActionInvoker.Rethrow(ActionExecutedContextSealed context)
   at Microsoft.AspNetCore.Mvc.Infrastructure.ControllerActionInvoker.Next(State& next, Scope& scope, Object& state, Boolean& isCompleted)
   at Microsoft.AspNetCore.Mvc.Infrastructure.ControllerActionInvoker.InvokeInnerFilterAsync()
--- End of stack trace from previous location where exception was thrown ---
   at Microsoft.AspNetCore.Mvc.Infrastructure.ResourceInvoker.<InvokeFilterPipelineAsync>g__Awaited|19_0(ResourceInvoker invoker, Task lastTask, State next, Scope scope, Object state, Boolean isCompleted)
   at Microsoft.AspNetCore.Mvc.Infrastructure.ResourceInvoker.<InvokeAsync>g__Awaited|17_0(ResourceInvoker invoker, Task task, IDisposable scope)
   at Microsoft.AspNetCore.Routing.EndpointMiddleware.<Invoke>g__AwaitRequestTask|6_0(Endpoint endpoint, Task requestTask, ILogger logger)
   at Microsoft.AspNetCore.Authorization.AuthorizationMiddleware.Invoke(HttpContext context)
   at Microsoft.AspNetCore.Authentication.AuthenticationMiddleware.Invoke(HttpContext context)
   at CWB.ExceptionHandling.ExceptionMiddleware.InvokeAsync(HttpContext httpContext) in D:\EvolutionSoftware\CWB-Latest\CWB\CWB.ExceptionHandling\ExceptionMiddleware.cs:line 26
2025-12-05 05:13:21.2399 ERROR Error: AutoMapper.AutoMapperMappingException: Error mapping types.

Mapping types:
EntityQueryable`1 -> IEnumerable`1
Microsoft.EntityFrameworkCore.Query.Internal.EntityQueryable`1[[CWB.Masters.Domain.ItemMaster.PartPurchaseDetails, CWB.Masters, Version=1.0.0.0, Culture=neutral, PublicKeyToken=null]] -> System.Collections.Generic.IEnumerable`1[[CWB.Masters.ViewModels.ItemMaster.PartPurchaseDetailsVM, CWB.Masters, Version=1.0.0.0, Culture=neutral, PublicKeyToken=null]]
 ---> System.InvalidOperationException: An exception has been raised that is likely due to a transient failure. Consider enabling transient error resiliency by adding 'EnableRetryOnFailure()' to the 'UseMySql' call.
 ---> MySqlConnector.MySqlException (0x80004005): Connect Timeout expired. All pooled connections are in use.
   at MySqlConnector.MySqlConnection.CreateSessionAsync(ConnectionPool pool, Int32 startTickCount, Nullable`1 ioBehavior, CancellationToken cancellationToken) in /_/src/MySqlConnector/MySqlConnection.cs:line 902
   at MySqlConnector.MySqlConnection.OpenAsync(Nullable`1 ioBehavior, CancellationToken cancellationToken) in /_/src/MySqlConnector/MySqlConnection.cs:line 435
   at MySqlConnector.MySqlConnection.Open() in /_/src/MySqlConnector/MySqlConnection.cs:line 380
   at Microsoft.EntityFrameworkCore.Storage.RelationalConnection.OpenInternal(Boolean errorsExpected)
   at Microsoft.EntityFrameworkCore.Storage.RelationalConnection.Open(Boolean errorsExpected)
   at Pomelo.EntityFrameworkCore.MySql.Storage.Internal.MySqlRelationalConnection.Open(Boolean errorsExpected)
   at Microsoft.EntityFrameworkCore.Storage.RelationalCommand.ExecuteReader(RelationalCommandParameterObject parameterObject)
   at Microsoft.EntityFrameworkCore.Query.Internal.SingleQueryingEnumerable`1.Enumerator.InitializeReader(DbContext _, Boolean result)
   at Pomelo.EntityFrameworkCore.MySql.Storage.Internal.MySqlExecutionStrategy.Execute[TState,TResult](TState state, Func`3 operation, Func`3 verifySucceeded)
   --- End of inner exception stack trace ---
   at Pomelo.EntityFrameworkCore.MySql.Storage.Internal.MySqlExecutionStrategy.Execute[TState,TResult](TState state, Func`3 operation, Func`3 verifySucceeded)
   at Microsoft.EntityFrameworkCore.Query.Internal.SingleQueryingEnumerable`1.Enumerator.MoveNext()
   at lambda_method(Closure , Object , IEnumerable`1 , ResolutionContext )
   --- End of inner exception stack trace ---
   at lambda_method(Closure , Object , IEnumerable`1 , ResolutionContext )
   at CWB.Masters.Services.ItemMaster.RawMaterialDetailService.GetPartPurchasesForPartNo(Int32 partId, Int64 tenantId) in D:\DockerTestCWB\CWB-Latest\CWB\CWB.Masters\Services\ItemMaster\RawMaterialDetailService.cs:line 262
   at CWB.Masters.Controllers.RawMaterialDetailController.GetPartPurchasesForPartId(Int32 partId, Int64 tenantId) in D:\DockerTestCWB\CWB-Latest\CWB\CWB.Masters\Controllers\RawMaterialDetailController.cs:line 353
   at lambda_method(Closure , Object , Object[] )
   at Microsoft.AspNetCore.Mvc.Infrastructure.ActionMethodExecutor.SyncActionResultExecutor.Execute(IActionResultTypeMapper mapper, ObjectMethodExecutor executor, Object controller, Object[] arguments)
   at Microsoft.AspNetCore.Mvc.Infrastructure.ControllerActionInvoker.InvokeActionMethodAsync()
   at Microsoft.AspNetCore.Mvc.Infrastructure.ControllerActionInvoker.Next(State& next, Scope& scope, Object& state, Boolean& isCompleted)
   at Microsoft.AspNetCore.Mvc.Infrastructure.ControllerActionInvoker.InvokeNextActionFilterAsync()
--- End of stack trace from previous location where exception was thrown ---
   at Microsoft.AspNetCore.Mvc.Infrastructure.ControllerActionInvoker.Rethrow(ActionExecutedContextSealed context)
   at Microsoft.AspNetCore.Mvc.Infrastructure.ControllerActionInvoker.Next(State& next, Scope& scope, Object& state, Boolean& isCompleted)
   at Microsoft.AspNetCore.Mvc.Infrastructure.ControllerActionInvoker.InvokeInnerFilterAsync()
--- End of stack trace from previous location where exception was thrown ---
   at Microsoft.AspNetCore.Mvc.Infrastructure.ResourceInvoker.<InvokeFilterPipelineAsync>g__Awaited|19_0(ResourceInvoker invoker, Task lastTask, State next, Scope scope, Object state, Boolean isCompleted)
   at Microsoft.AspNetCore.Mvc.Infrastructure.ResourceInvoker.<InvokeAsync>g__Awaited|17_0(ResourceInvoker invoker, Task task, IDisposable scope)
   at Microsoft.AspNetCore.Routing.EndpointMiddleware.<Invoke>g__AwaitRequestTask|6_0(Endpoint endpoint, Task requestTask, ILogger logger)
   at Microsoft.AspNetCore.Authorization.AuthorizationMiddleware.Invoke(HttpContext context)
   at Microsoft.AspNetCore.Authentication.AuthenticationMiddleware.Invoke(HttpContext context)
   at CWB.ExceptionHandling.ExceptionMiddleware.InvokeAsync(HttpContext httpContext) in D:\EvolutionSoftware\CWB-Latest\CWB\CWB.ExceptionHandling\ExceptionMiddleware.cs:line 26
2025-12-05 05:13:27.0389 ERROR Error: AutoMapper.AutoMapperMappingException: Error mapping types.

Mapping types:
EntityQueryable`1 -> IEnumerable`1
Microsoft.EntityFrameworkCore.Query.Internal.EntityQueryable`1[[CWB.Masters.Domain.ItemMaster.PartPurchaseDetails, CWB.Masters, Version=1.0.0.0, Culture=neutral, PublicKeyToken=null]] -> System.Collections.Generic.IEnumerable`1[[CWB.Masters.ViewModels.ItemMaster.PartPurchaseDetailsVM, CWB.Masters, Version=1.0.0.0, Culture=neutral, PublicKeyToken=null]]
 ---> System.InvalidOperationException: An exception has been raised that is likely due to a transient failure. Consider enabling transient error resiliency by adding 'EnableRetryOnFailure()' to the 'UseMySql' call.
 ---> MySqlConnector.MySqlException (0x80004005): Connect Timeout expired. All pooled connections are in use.
   at MySqlConnector.MySqlConnection.CreateSessionAsync(ConnectionPool pool, Int32 startTickCount, Nullable`1 ioBehavior, CancellationToken cancellationToken) in /_/src/MySqlConnector/MySqlConnection.cs:line 902
   at MySqlConnector.MySqlConnection.OpenAsync(Nullable`1 ioBehavior, CancellationToken cancellationToken) in /_/src/MySqlConnector/MySqlConnection.cs:line 435
   at MySqlConnector.MySqlConnection.Open() in /_/src/MySqlConnector/MySqlConnection.cs:line 380
   at Microsoft.EntityFrameworkCore.Storage.RelationalConnection.OpenInternal(Boolean errorsExpected)
   at Microsoft.EntityFrameworkCore.Storage.RelationalConnection.Open(Boolean errorsExpected)
   at Pomelo.EntityFrameworkCore.MySql.Storage.Internal.MySqlRelationalConnection.Open(Boolean errorsExpected)
   at Microsoft.EntityFrameworkCore.Storage.RelationalCommand.ExecuteReader(RelationalCommandParameterObject parameterObject)
   at Microsoft.EntityFrameworkCore.Query.Internal.SingleQueryingEnumerable`1.Enumerator.InitializeReader(DbContext _, Boolean result)
   at Pomelo.EntityFrameworkCore.MySql.Storage.Internal.MySqlExecutionStrategy.Execute[TState,TResult](TState state, Func`3 operation, Func`3 verifySucceeded)
   --- End of inner exception stack trace ---
   at Pomelo.EntityFrameworkCore.MySql.Storage.Internal.MySqlExecutionStrategy.Execute[TState,TResult](TState state, Func`3 operation, Func`3 verifySucceeded)
   at Microsoft.EntityFrameworkCore.Query.Internal.SingleQueryingEnumerable`1.Enumerator.MoveNext()
   at lambda_method(Closure , Object , IEnumerable`1 , ResolutionContext )
   --- End of inner exception stack trace ---
   at lambda_method(Closure , Object , IEnumerable`1 , ResolutionContext )
   at CWB.Masters.Services.ItemMaster.RawMaterialDetailService.GetPartPurchasesForPartNo(Int32 partId, Int64 tenantId) in D:\DockerTestCWB\CWB-Latest\CWB\CWB.Masters\Services\ItemMaster\RawMaterialDetailService.cs:line 262
   at CWB.Masters.Controllers.RawMaterialDetailController.GetPartPurchasesForPartId(Int32 partId, Int64 tenantId) in D:\DockerTestCWB\CWB-Latest\CWB\CWB.Masters\Controllers\RawMaterialDetailController.cs:line 353
   at lambda_method(Closure , Object , Object[] )
   at Microsoft.AspNetCore.Mvc.Infrastructure.ActionMethodExecutor.SyncActionResultExecutor.Execute(IActionResultTypeMapper mapper, ObjectMethodExecutor executor, Object controller, Object[] arguments)
   at Microsoft.AspNetCore.Mvc.Infrastructure.ControllerActionInvoker.InvokeActionMethodAsync()
   at Microsoft.AspNetCore.Mvc.Infrastructure.ControllerActionInvoker.Next(State& next, Scope& scope, Object& state, Boolean& isCompleted)
   at Microsoft.AspNetCore.Mvc.Infrastructure.ControllerActionInvoker.InvokeNextActionFilterAsync()
--- End of stack trace from previous location where exception was thrown ---
   at Microsoft.AspNetCore.Mvc.Infrastructure.ControllerActionInvoker.Rethrow(ActionExecutedContextSealed context)
   at Microsoft.AspNetCore.Mvc.Infrastructure.ControllerActionInvoker.Next(State& next, Scope& scope, Object& state, Boolean& isCompleted)
   at Microsoft.AspNetCore.Mvc.Infrastructure.ControllerActionInvoker.InvokeInnerFilterAsync()
--- End of stack trace from previous location where exception was thrown ---
   at Microsoft.AspNetCore.Mvc.Infrastructure.ResourceInvoker.<InvokeFilterPipelineAsync>g__Awaited|19_0(ResourceInvoker invoker, Task lastTask, State next, Scope scope, Object state, Boolean isCompleted)
   at Microsoft.AspNetCore.Mvc.Infrastructure.ResourceInvoker.<InvokeAsync>g__Awaited|17_0(ResourceInvoker invoker, Task task, IDisposable scope)
   at Microsoft.AspNetCore.Routing.EndpointMiddleware.<Invoke>g__AwaitRequestTask|6_0(Endpoint endpoint, Task requestTask, ILogger logger)
   at Microsoft.AspNetCore.Authorization.AuthorizationMiddleware.Invoke(HttpContext context)
   at Microsoft.AspNetCore.Authentication.AuthenticationMiddleware.Invoke(HttpContext context)
   at CWB.ExceptionHandling.ExceptionMiddleware.InvokeAsync(HttpContext httpContext) in D:\EvolutionSoftware\CWB-Latest\CWB\CWB.ExceptionHandling\ExceptionMiddleware.cs:line 26
2025-12-05 05:13:27.0401 ERROR Error: AutoMapper.AutoMapperMappingException: Error mapping types.

Mapping types:
EntityQueryable`1 -> IEnumerable`1
Microsoft.EntityFrameworkCore.Query.Internal.EntityQueryable`1[[CWB.Masters.Domain.ItemMaster.PartPurchaseDetails, CWB.Masters, Version=1.0.0.0, Culture=neutral, PublicKeyToken=null]] -> System.Collections.Generic.IEnumerable`1[[CWB.Masters.ViewModels.ItemMaster.PartPurchaseDetailsVM, CWB.Masters, Version=1.0.0.0, Culture=neutral, PublicKeyToken=null]]
 ---> System.InvalidOperationException: An exception has been raised that is likely due to a transient failure. Consider enabling transient error resiliency by adding 'EnableRetryOnFailure()' to the 'UseMySql' call.
 ---> MySqlConnector.MySqlException (0x80004005): Connect Timeout expired. All pooled connections are in use.
   at MySqlConnector.MySqlConnection.CreateSessionAsync(ConnectionPool pool, Int32 startTickCount, Nullable`1 ioBehavior, CancellationToken cancellationToken) in /_/src/MySqlConnector/MySqlConnection.cs:line 902
   at MySqlConnector.MySqlConnection.OpenAsync(Nullable`1 ioBehavior, CancellationToken cancellationToken) in /_/src/MySqlConnector/MySqlConnection.cs:line 435
   at MySqlConnector.MySqlConnection.Open() in /_/src/MySqlConnector/MySqlConnection.cs:line 380
   at Microsoft.EntityFrameworkCore.Storage.RelationalConnection.OpenInternal(Boolean errorsExpected)
   at Microsoft.EntityFrameworkCore.Storage.RelationalConnection.Open(Boolean errorsExpected)
   at Pomelo.EntityFrameworkCore.MySql.Storage.Internal.MySqlRelationalConnection.Open(Boolean errorsExpected)
   at Microsoft.EntityFrameworkCore.Storage.RelationalCommand.ExecuteReader(RelationalCommandParameterObject parameterObject)
   at Microsoft.EntityFrameworkCore.Query.Internal.SingleQueryingEnumerable`1.Enumerator.InitializeReader(DbContext _, Boolean result)
   at Pomelo.EntityFrameworkCore.MySql.Storage.Internal.MySqlExecutionStrategy.Execute[TState,TResult](TState state, Func`3 operation, Func`3 verifySucceeded)
   --- End of inner exception stack trace ---
   at Pomelo.EntityFrameworkCore.MySql.Storage.Internal.MySqlExecutionStrategy.Execute[TState,TResult](TState state, Func`3 operation, Func`3 verifySucceeded)
   at Microsoft.EntityFrameworkCore.Query.Internal.SingleQueryingEnumerable`1.Enumerator.MoveNext()
   at lambda_method(Closure , Object , IEnumerable`1 , ResolutionContext )
   --- End of inner exception stack trace ---
   at lambda_method(Closure , Object , IEnumerable`1 , ResolutionContext )
   at CWB.Masters.Services.ItemMaster.RawMaterialDetailService.GetPartPurchasesForPartNo(Int32 partId, Int64 tenantId) in D:\DockerTestCWB\CWB-Latest\CWB\CWB.Masters\Services\ItemMaster\RawMaterialDetailService.cs:line 262
   at CWB.Masters.Controllers.RawMaterialDetailController.GetPartPurchasesForPartId(Int32 partId, Int64 tenantId) in D:\DockerTestCWB\CWB-Latest\CWB\CWB.Masters\Controllers\RawMaterialDetailController.cs:line 353
   at lambda_method(Closure , Object , Object[] )
   at Microsoft.AspNetCore.Mvc.Infrastructure.ActionMethodExecutor.SyncActionResultExecutor.Execute(IActionResultTypeMapper mapper, ObjectMethodExecutor executor, Object controller, Object[] arguments)
   at Microsoft.AspNetCore.Mvc.Infrastructure.ControllerActionInvoker.InvokeActionMethodAsync()
   at Microsoft.AspNetCore.Mvc.Infrastructure.ControllerActionInvoker.Next(State& next, Scope& scope, Object& state, Boolean& isCompleted)
   at Microsoft.AspNetCore.Mvc.Infrastructure.ControllerActionInvoker.InvokeNextActionFilterAsync()
--- End of stack trace from previous location where exception was thrown ---
   at Microsoft.AspNetCore.Mvc.Infrastructure.ControllerActionInvoker.Rethrow(ActionExecutedContextSealed context)
   at Microsoft.AspNetCore.Mvc.Infrastructure.ControllerActionInvoker.Next(State& next, Scope& scope, Object& state, Boolean& isCompleted)
   at Microsoft.AspNetCore.Mvc.Infrastructure.ControllerActionInvoker.InvokeInnerFilterAsync()
--- End of stack trace from previous location where exception was thrown ---
   at Microsoft.AspNetCore.Mvc.Infrastructure.ResourceInvoker.<InvokeFilterPipelineAsync>g__Awaited|19_0(ResourceInvoker invoker, Task lastTask, State next, Scope scope, Object state, Boolean isCompleted)
   at Microsoft.AspNetCore.Mvc.Infrastructure.ResourceInvoker.<InvokeAsync>g__Awaited|17_0(ResourceInvoker invoker, Task task, IDisposable scope)
   at Microsoft.AspNetCore.Routing.EndpointMiddleware.<Invoke>g__AwaitRequestTask|6_0(Endpoint endpoint, Task requestTask, ILogger logger)
   at Microsoft.AspNetCore.Authorization.AuthorizationMiddleware.Invoke(HttpContext context)
   at Microsoft.AspNetCore.Authentication.AuthenticationMiddleware.Invoke(HttpContext context)
   at CWB.ExceptionHandling.ExceptionMiddleware.InvokeAsync(HttpContext httpContext) in D:\EvolutionSoftware\CWB-Latest\CWB\CWB.ExceptionHandling\ExceptionMiddleware.cs:line 26
2025-12-05 05:13:27.0921 ERROR Error: AutoMapper.AutoMapperMappingException: Error mapping types.

Mapping types:
EntityQueryable`1 -> IEnumerable`1
Microsoft.EntityFrameworkCore.Query.Internal.EntityQueryable`1[[CWB.Masters.Domain.ItemMaster.PartPurchaseDetails, CWB.Masters, Version=1.0.0.0, Culture=neutral, PublicKeyToken=null]] -> System.Collections.Generic.IEnumerable`1[[CWB.Masters.ViewModels.ItemMaster.PartPurchaseDetailsVM, CWB.Masters, Version=1.0.0.0, Culture=neutral, PublicKeyToken=null]]
 ---> System.InvalidOperationException: An exception has been raised that is likely due to a transient failure. Consider enabling transient error resiliency by adding 'EnableRetryOnFailure()' to the 'UseMySql' call.
 ---> MySqlConnector.MySqlException (0x80004005): Connect Timeout expired. All pooled connections are in use.
   at MySqlConnector.MySqlConnection.CreateSessionAsync(ConnectionPool pool, Int32 startTickCount, Nullable`1 ioBehavior, CancellationToken cancellationToken) in /_/src/MySqlConnector/MySqlConnection.cs:line 902
   at MySqlConnector.MySqlConnection.OpenAsync(Nullable`1 ioBehavior, CancellationToken cancellationToken) in /_/src/MySqlConnector/MySqlConnection.cs:line 435
   at MySqlConnector.MySqlConnection.Open() in /_/src/MySqlConnector/MySqlConnection.cs:line 380
   at Microsoft.EntityFrameworkCore.Storage.RelationalConnection.OpenInternal(Boolean errorsExpected)
   at Microsoft.EntityFrameworkCore.Storage.RelationalConnection.Open(Boolean errorsExpected)
   at Pomelo.EntityFrameworkCore.MySql.Storage.Internal.MySqlRelationalConnection.Open(Boolean errorsExpected)
   at Microsoft.EntityFrameworkCore.Storage.RelationalCommand.ExecuteReader(RelationalCommandParameterObject parameterObject)
   at Microsoft.EntityFrameworkCore.Query.Internal.SingleQueryingEnumerable`1.Enumerator.InitializeReader(DbContext _, Boolean result)
   at Pomelo.EntityFrameworkCore.MySql.Storage.Internal.MySqlExecutionStrategy.Execute[TState,TResult](TState state, Func`3 operation, Func`3 verifySucceeded)
   --- End of inner exception stack trace ---
   at Pomelo.EntityFrameworkCore.MySql.Storage.Internal.MySqlExecutionStrategy.Execute[TState,TResult](TState state, Func`3 operation, Func`3 verifySucceeded)
   at Microsoft.EntityFrameworkCore.Query.Internal.SingleQueryingEnumerable`1.Enumerator.MoveNext()
   at lambda_method(Closure , Object , IEnumerable`1 , ResolutionContext )
   --- End of inner exception stack trace ---
   at lambda_method(Closure , Object , IEnumerable`1 , ResolutionContext )
   at CWB.Masters.Services.ItemMaster.RawMaterialDetailService.GetPartPurchasesForPartNo(Int32 partId, Int64 tenantId) in D:\DockerTestCWB\CWB-Latest\CWB\CWB.Masters\Services\ItemMaster\RawMaterialDetailService.cs:line 262
   at CWB.Masters.Controllers.RawMaterialDetailController.GetPartPurchasesForPartId(Int32 partId, Int64 tenantId) in D:\DockerTestCWB\CWB-Latest\CWB\CWB.Masters\Controllers\RawMaterialDetailController.cs:line 353
   at lambda_method(Closure , Object , Object[] )
   at Microsoft.AspNetCore.Mvc.Infrastructure.ActionMethodExecutor.SyncActionResultExecutor.Execute(IActionResultTypeMapper mapper, ObjectMethodExecutor executor, Object controller, Object[] arguments)
   at Microsoft.AspNetCore.Mvc.Infrastructure.ControllerActionInvoker.InvokeActionMethodAsync()
   at Microsoft.AspNetCore.Mvc.Infrastructure.ControllerActionInvoker.Next(State& next, Scope& scope, Object& state, Boolean& isCompleted)
   at Microsoft.AspNetCore.Mvc.Infrastructure.ControllerActionInvoker.InvokeNextActionFilterAsync()
--- End of stack trace from previous location where exception was thrown ---
   at Microsoft.AspNetCore.Mvc.Infrastructure.ControllerActionInvoker.Rethrow(ActionExecutedContextSealed context)
   at Microsoft.AspNetCore.Mvc.Infrastructure.ControllerActionInvoker.Next(State& next, Scope& scope, Object& state, Boolean& isCompleted)
   at Microsoft.AspNetCore.Mvc.Infrastructure.ControllerActionInvoker.InvokeInnerFilterAsync()
--- End of stack trace from previous location where exception was thrown ---
   at Microsoft.AspNetCore.Mvc.Infrastructure.ResourceInvoker.<InvokeFilterPipelineAsync>g__Awaited|19_0(ResourceInvoker invoker, Task lastTask, State next, Scope scope, Object state, Boolean isCompleted)
   at Microsoft.AspNetCore.Mvc.Infrastructure.ResourceInvoker.<InvokeAsync>g__Awaited|17_0(ResourceInvoker invoker, Task task, IDisposable scope)
   at Microsoft.AspNetCore.Routing.EndpointMiddleware.<Invoke>g__AwaitRequestTask|6_0(Endpoint endpoint, Task requestTask, ILogger logger)
   at Microsoft.AspNetCore.Authorization.AuthorizationMiddleware.Invoke(HttpContext context)
   at Microsoft.AspNetCore.Authentication.AuthenticationMiddleware.Invoke(HttpContext context)
   at CWB.ExceptionHandling.ExceptionMiddleware.InvokeAsync(HttpContext httpContext) in D:\EvolutionSoftware\CWB-Latest\CWB\CWB.ExceptionHandling\ExceptionMiddleware.cs:line 26
2025-12-05 05:13:27.0921 ERROR Error: AutoMapper.AutoMapperMappingException: Error mapping types.

Mapping types:
EntityQueryable`1 -> IEnumerable`1
Microsoft.EntityFrameworkCore.Query.Internal.EntityQueryable`1[[CWB.Masters.Domain.ItemMaster.PartPurchaseDetails, CWB.Masters, Version=1.0.0.0, Culture=neutral, PublicKeyToken=null]] -> System.Collections.Generic.IEnumerable`1[[CWB.Masters.ViewModels.ItemMaster.PartPurchaseDetailsVM, CWB.Masters, Version=1.0.0.0, Culture=neutral, PublicKeyToken=null]]
 ---> System.InvalidOperationException: An exception has been raised that is likely due to a transient failure. Consider enabling transient error resiliency by adding 'EnableRetryOnFailure()' to the 'UseMySql' call.
 ---> MySqlConnector.MySqlException (0x80004005): Connect Timeout expired. All pooled connections are in use.
   at MySqlConnector.MySqlConnection.CreateSessionAsync(ConnectionPool pool, Int32 startTickCount, Nullable`1 ioBehavior, CancellationToken cancellationToken) in /_/src/MySqlConnector/MySqlConnection.cs:line 902
   at MySqlConnector.MySqlConnection.OpenAsync(Nullable`1 ioBehavior, CancellationToken cancellationToken) in /_/src/MySqlConnector/MySqlConnection.cs:line 435
   at MySqlConnector.MySqlConnection.Open() in /_/src/MySqlConnector/MySqlConnection.cs:line 380
   at Microsoft.EntityFrameworkCore.Storage.RelationalConnection.OpenInternal(Boolean errorsExpected)
   at Microsoft.EntityFrameworkCore.Storage.RelationalConnection.Open(Boolean errorsExpected)
   at Pomelo.EntityFrameworkCore.MySql.Storage.Internal.MySqlRelationalConnection.Open(Boolean errorsExpected)
   at Microsoft.EntityFrameworkCore.Storage.RelationalCommand.ExecuteReader(RelationalCommandParameterObject parameterObject)
   at Microsoft.EntityFrameworkCore.Query.Internal.SingleQueryingEnumerable`1.Enumerator.InitializeReader(DbContext _, Boolean result)
   at Pomelo.EntityFrameworkCore.MySql.Storage.Internal.MySqlExecutionStrategy.Execute[TState,TResult](TState state, Func`3 operation, Func`3 verifySucceeded)
   --- End of inner exception stack trace ---
   at Pomelo.EntityFrameworkCore.MySql.Storage.Internal.MySqlExecutionStrategy.Execute[TState,TResult](TState state, Func`3 operation, Func`3 verifySucceeded)
   at Microsoft.EntityFrameworkCore.Query.Internal.SingleQueryingEnumerable`1.Enumerator.MoveNext()
   at lambda_method(Closure , Object , IEnumerable`1 , ResolutionContext )
   --- End of inner exception stack trace ---
   at lambda_method(Closure , Object , IEnumerable`1 , ResolutionContext )
   at CWB.Masters.Services.ItemMaster.RawMaterialDetailService.GetPartPurchasesForPartNo(Int32 partId, Int64 tenantId) in D:\DockerTestCWB\CWB-Latest\CWB\CWB.Masters\Services\ItemMaster\RawMaterialDetailService.cs:line 262
   at CWB.Masters.Controllers.RawMaterialDetailController.GetPartPurchasesForPartId(Int32 partId, Int64 tenantId) in D:\DockerTestCWB\CWB-Latest\CWB\CWB.Masters\Controllers\RawMaterialDetailController.cs:line 353
   at lambda_method(Closure , Object , Object[] )
   at Microsoft.AspNetCore.Mvc.Infrastructure.ActionMethodExecutor.SyncActionResultExecutor.Execute(IActionResultTypeMapper mapper, ObjectMethodExecutor executor, Object controller, Object[] arguments)
   at Microsoft.AspNetCore.Mvc.Infrastructure.ControllerActionInvoker.InvokeActionMethodAsync()
   at Microsoft.AspNetCore.Mvc.Infrastructure.ControllerActionInvoker.Next(State& next, Scope& scope, Object& state, Boolean& isCompleted)
   at Microsoft.AspNetCore.Mvc.Infrastructure.ControllerActionInvoker.InvokeNextActionFilterAsync()
--- End of stack trace from previous location where exception was thrown ---
   at Microsoft.AspNetCore.Mvc.Infrastructure.ControllerActionInvoker.Rethrow(ActionExecutedContextSealed context)
   at Microsoft.AspNetCore.Mvc.Infrastructure.ControllerActionInvoker.Next(State& next, Scope& scope, Object& state, Boolean& isCompleted)
   at Microsoft.AspNetCore.Mvc.Infrastructure.ControllerActionInvoker.InvokeInnerFilterAsync()
--- End of stack trace from previous location where exception was thrown ---
   at Microsoft.AspNetCore.Mvc.Infrastructure.ResourceInvoker.<InvokeFilterPipelineAsync>g__Awaited|19_0(ResourceInvoker invoker, Task lastTask, State next, Scope scope, Object state, Boolean isCompleted)
   at Microsoft.AspNetCore.Mvc.Infrastructure.ResourceInvoker.<InvokeAsync>g__Awaited|17_0(ResourceInvoker invoker, Task task, IDisposable scope)
   at Microsoft.AspNetCore.Routing.EndpointMiddleware.<Invoke>g__AwaitRequestTask|6_0(Endpoint endpoint, Task requestTask, ILogger logger)
   at Microsoft.AspNetCore.Authorization.AuthorizationMiddleware.Invoke(HttpContext context)
   at Microsoft.AspNetCore.Authentication.AuthenticationMiddleware.Invoke(HttpContext context)
   at CWB.ExceptionHandling.ExceptionMiddleware.InvokeAsync(HttpContext httpContext) in D:\EvolutionSoftware\CWB-Latest\CWB\CWB.ExceptionHandling\ExceptionMiddleware.cs:line 26
2025-12-05 05:13:27.0921 ERROR Error: AutoMapper.AutoMapperMappingException: Error mapping types.

Mapping types:
EntityQueryable`1 -> IEnumerable`1
Microsoft.EntityFrameworkCore.Query.Internal.EntityQueryable`1[[CWB.Masters.Domain.ItemMaster.PartPurchaseDetails, CWB.Masters, Version=1.0.0.0, Culture=neutral, PublicKeyToken=null]] -> System.Collections.Generic.IEnumerable`1[[CWB.Masters.ViewModels.ItemMaster.PartPurchaseDetailsVM, CWB.Masters, Version=1.0.0.0, Culture=neutral, PublicKeyToken=null]]
 ---> System.InvalidOperationException: An exception has been raised that is likely due to a transient failure. Consider enabling transient error resiliency by adding 'EnableRetryOnFailure()' to the 'UseMySql' call.
 ---> MySqlConnector.MySqlException (0x80004005): Connect Timeout expired. All pooled connections are in use.
   at MySqlConnector.MySqlConnection.CreateSessionAsync(ConnectionPool pool, Int32 startTickCount, Nullable`1 ioBehavior, CancellationToken cancellationToken) in /_/src/MySqlConnector/MySqlConnection.cs:line 902
   at MySqlConnector.MySqlConnection.OpenAsync(Nullable`1 ioBehavior, CancellationToken cancellationToken) in /_/src/MySqlConnector/MySqlConnection.cs:line 435
   at MySqlConnector.MySqlConnection.Open() in /_/src/MySqlConnector/MySqlConnection.cs:line 380
   at Microsoft.EntityFrameworkCore.Storage.RelationalConnection.OpenInternal(Boolean errorsExpected)
   at Microsoft.EntityFrameworkCore.Storage.RelationalConnection.Open(Boolean errorsExpected)
   at Pomelo.EntityFrameworkCore.MySql.Storage.Internal.MySqlRelationalConnection.Open(Boolean errorsExpected)
   at Microsoft.EntityFrameworkCore.Storage.RelationalCommand.ExecuteReader(RelationalCommandParameterObject parameterObject)
   at Microsoft.EntityFrameworkCore.Query.Internal.SingleQueryingEnumerable`1.Enumerator.InitializeReader(DbContext _, Boolean result)
   at Pomelo.EntityFrameworkCore.MySql.Storage.Internal.MySqlExecutionStrategy.Execute[TState,TResult](TState state, Func`3 operation, Func`3 verifySucceeded)
   --- End of inner exception stack trace ---
   at Pomelo.EntityFrameworkCore.MySql.Storage.Internal.MySqlExecutionStrategy.Execute[TState,TResult](TState state, Func`3 operation, Func`3 verifySucceeded)
   at Microsoft.EntityFrameworkCore.Query.Internal.SingleQueryingEnumerable`1.Enumerator.MoveNext()
   at lambda_method(Closure , Object , IEnumerable`1 , ResolutionContext )
   --- End of inner exception stack trace ---
   at lambda_method(Closure , Object , IEnumerable`1 , ResolutionContext )
   at CWB.Masters.Services.ItemMaster.RawMaterialDetailService.GetPartPurchasesForPartNo(Int32 partId, Int64 tenantId) in D:\DockerTestCWB\CWB-Latest\CWB\CWB.Masters\Services\ItemMaster\RawMaterialDetailService.cs:line 262
   at CWB.Masters.Controllers.RawMaterialDetailController.GetPartPurchasesForPartId(Int32 partId, Int64 tenantId) in D:\DockerTestCWB\CWB-Latest\CWB\CWB.Masters\Controllers\RawMaterialDetailController.cs:line 353
   at lambda_method(Closure , Object , Object[] )
   at Microsoft.AspNetCore.Mvc.Infrastructure.ActionMethodExecutor.SyncActionResultExecutor.Execute(IActionResultTypeMapper mapper, ObjectMethodExecutor executor, Object controller, Object[] arguments)
   at Microsoft.AspNetCore.Mvc.Infrastructure.ControllerActionInvoker.InvokeActionMethodAsync()
   at Microsoft.AspNetCore.Mvc.Infrastructure.ControllerActionInvoker.Next(State& next, Scope& scope, Object& state, Boolean& isCompleted)
   at Microsoft.AspNetCore.Mvc.Infrastructure.ControllerActionInvoker.InvokeNextActionFilterAsync()
--- End of stack trace from previous location where exception was thrown ---
   at Microsoft.AspNetCore.Mvc.Infrastructure.ControllerActionInvoker.Rethrow(ActionExecutedContextSealed context)
   at Microsoft.AspNetCore.Mvc.Infrastructure.ControllerActionInvoker.Next(State& next, Scope& scope, Object& state, Boolean& isCompleted)
   at Microsoft.AspNetCore.Mvc.Infrastructure.ControllerActionInvoker.InvokeInnerFilterAsync()
--- End of stack trace from previous location where exception was thrown ---
   at Microsoft.AspNetCore.Mvc.Infrastructure.ResourceInvoker.<InvokeFilterPipelineAsync>g__Awaited|19_0(ResourceInvoker invoker, Task lastTask, State next, Scope scope, Object state, Boolean isCompleted)
   at Microsoft.AspNetCore.Mvc.Infrastructure.ResourceInvoker.<InvokeAsync>g__Awaited|17_0(ResourceInvoker invoker, Task task, IDisposable scope)
   at Microsoft.AspNetCore.Routing.EndpointMiddleware.<Invoke>g__AwaitRequestTask|6_0(Endpoint endpoint, Task requestTask, ILogger logger)
   at Microsoft.AspNetCore.Authorization.AuthorizationMiddleware.Invoke(HttpContext context)
   at Microsoft.AspNetCore.Authentication.AuthenticationMiddleware.Invoke(HttpContext context)
   at CWB.ExceptionHandling.ExceptionMiddleware.InvokeAsync(HttpContext httpContext) in D:\EvolutionSoftware\CWB-Latest\CWB\CWB.ExceptionHandling\ExceptionMiddleware.cs:line 26
2025-12-05 05:13:44.4549 ERROR Error: AutoMapper.AutoMapperMappingException: Error mapping types.

Mapping types:
EntityQueryable`1 -> IEnumerable`1
Microsoft.EntityFrameworkCore.Query.Internal.EntityQueryable`1[[CWB.Masters.Domain.ItemMaster.PartPurchaseDetails, CWB.Masters, Version=1.0.0.0, Culture=neutral, PublicKeyToken=null]] -> System.Collections.Generic.IEnumerable`1[[CWB.Masters.ViewModels.ItemMaster.PartPurchaseDetailsVM, CWB.Masters, Version=1.0.0.0, Culture=neutral, PublicKeyToken=null]]
 ---> System.InvalidOperationException: An exception has been raised that is likely due to a transient failure. Consider enabling transient error resiliency by adding 'EnableRetryOnFailure()' to the 'UseMySql' call.
 ---> MySqlConnector.MySqlException (0x80004005): Connect Timeout expired. All pooled connections are in use.
   at MySqlConnector.MySqlConnection.CreateSessionAsync(ConnectionPool pool, Int32 startTickCount, Nullable`1 ioBehavior, CancellationToken cancellationToken) in /_/src/MySqlConnector/MySqlConnection.cs:line 902
   at MySqlConnector.MySqlConnection.OpenAsync(Nullable`1 ioBehavior, CancellationToken cancellationToken) in /_/src/MySqlConnector/MySqlConnection.cs:line 435
   at MySqlConnector.MySqlConnection.Open() in /_/src/MySqlConnector/MySqlConnection.cs:line 380
   at Microsoft.EntityFrameworkCore.Storage.RelationalConnection.OpenInternal(Boolean errorsExpected)
   at Microsoft.EntityFrameworkCore.Storage.RelationalConnection.Open(Boolean errorsExpected)
   at Pomelo.EntityFrameworkCore.MySql.Storage.Internal.MySqlRelationalConnection.Open(Boolean errorsExpected)
   at Microsoft.EntityFrameworkCore.Storage.RelationalCommand.ExecuteReader(RelationalCommandParameterObject parameterObject)
   at Microsoft.EntityFrameworkCore.Query.Internal.SingleQueryingEnumerable`1.Enumerator.InitializeReader(DbContext _, Boolean result)
   at Pomelo.EntityFrameworkCore.MySql.Storage.Internal.MySqlExecutionStrategy.Execute[TState,TResult](TState state, Func`3 operation, Func`3 verifySucceeded)
   --- End of inner exception stack trace ---
   at Pomelo.EntityFrameworkCore.MySql.Storage.Internal.MySqlExecutionStrategy.Execute[TState,TResult](TState state, Func`3 operation, Func`3 verifySucceeded)
   at Microsoft.EntityFrameworkCore.Query.Internal.SingleQueryingEnumerable`1.Enumerator.MoveNext()
   at lambda_method(Closure , Object , IEnumerable`1 , ResolutionContext )
   --- End of inner exception stack trace ---
   at lambda_method(Closure , Object , IEnumerable`1 , ResolutionContext )
   at CWB.Masters.Services.ItemMaster.RawMaterialDetailService.GetPartPurchasesForPartNo(Int32 partId, Int64 tenantId) in D:\DockerTestCWB\CWB-Latest\CWB\CWB.Masters\Services\ItemMaster\RawMaterialDetailService.cs:line 262
   at CWB.Masters.Controllers.RawMaterialDetailController.GetPartPurchasesForPartId(Int32 partId, Int64 tenantId) in D:\DockerTestCWB\CWB-Latest\CWB\CWB.Masters\Controllers\RawMaterialDetailController.cs:line 353
   at lambda_method(Closure , Object , Object[] )
   at Microsoft.AspNetCore.Mvc.Infrastructure.ActionMethodExecutor.SyncActionResultExecutor.Execute(IActionResultTypeMapper mapper, ObjectMethodExecutor executor, Object controller, Object[] arguments)
   at Microsoft.AspNetCore.Mvc.Infrastructure.ControllerActionInvoker.InvokeActionMethodAsync()
   at Microsoft.AspNetCore.Mvc.Infrastructure.ControllerActionInvoker.Next(State& next, Scope& scope, Object& state, Boolean& isCompleted)
   at Microsoft.AspNetCore.Mvc.Infrastructure.ControllerActionInvoker.InvokeNextActionFilterAsync()
--- End of stack trace from previous location where exception was thrown ---
   at Microsoft.AspNetCore.Mvc.Infrastructure.ControllerActionInvoker.Rethrow(ActionExecutedContextSealed context)
   at Microsoft.AspNetCore.Mvc.Infrastructure.ControllerActionInvoker.Next(State& next, Scope& scope, Object& state, Boolean& isCompleted)
   at Microsoft.AspNetCore.Mvc.Infrastructure.ControllerActionInvoker.InvokeInnerFilterAsync()
--- End of stack trace from previous location where exception was thrown ---
   at Microsoft.AspNetCore.Mvc.Infrastructure.ResourceInvoker.<InvokeFilterPipelineAsync>g__Awaited|19_0(ResourceInvoker invoker, Task lastTask, State next, Scope scope, Object state, Boolean isCompleted)
   at Microsoft.AspNetCore.Mvc.Infrastructure.ResourceInvoker.<InvokeAsync>g__Awaited|17_0(ResourceInvoker invoker, Task task, IDisposable scope)
   at Microsoft.AspNetCore.Routing.EndpointMiddleware.<Invoke>g__AwaitRequestTask|6_0(Endpoint endpoint, Task requestTask, ILogger logger)
   at Microsoft.AspNetCore.Authorization.AuthorizationMiddleware.Invoke(HttpContext context)
   at Microsoft.AspNetCore.Authentication.AuthenticationMiddleware.Invoke(HttpContext context)
   at CWB.ExceptionHandling.ExceptionMiddleware.InvokeAsync(HttpContext httpContext) in D:\EvolutionSoftware\CWB-Latest\CWB\CWB.ExceptionHandling\ExceptionMiddleware.cs:line 26
2025-12-05 05:13:50.2758 ERROR Error: AutoMapper.AutoMapperMappingException: Error mapping types.

Mapping types:
EntityQueryable`1 -> IEnumerable`1
Microsoft.EntityFrameworkCore.Query.Internal.EntityQueryable`1[[CWB.Masters.Domain.ItemMaster.PartPurchaseDetails, CWB.Masters, Version=1.0.0.0, Culture=neutral, PublicKeyToken=null]] -> System.Collections.Generic.IEnumerable`1[[CWB.Masters.ViewModels.ItemMaster.PartPurchaseDetailsVM, CWB.Masters, Version=1.0.0.0, Culture=neutral, PublicKeyToken=null]]
 ---> System.InvalidOperationException: An exception has been raised that is likely due to a transient failure. Consider enabling transient error resiliency by adding 'EnableRetryOnFailure()' to the 'UseMySql' call.
 ---> MySqlConnector.MySqlException (0x80004005): Connect Timeout expired. All pooled connections are in use.
   at MySqlConnector.MySqlConnection.CreateSessionAsync(ConnectionPool pool, Int32 startTickCount, Nullable`1 ioBehavior, CancellationToken cancellationToken) in /_/src/MySqlConnector/MySqlConnection.cs:line 902
   at MySqlConnector.MySqlConnection.OpenAsync(Nullable`1 ioBehavior, CancellationToken cancellationToken) in /_/src/MySqlConnector/MySqlConnection.cs:line 435
   at MySqlConnector.MySqlConnection.Open() in /_/src/MySqlConnector/MySqlConnection.cs:line 380
   at Microsoft.EntityFrameworkCore.Storage.RelationalConnection.OpenInternal(Boolean errorsExpected)
   at Microsoft.EntityFrameworkCore.Storage.RelationalConnection.Open(Boolean errorsExpected)
   at Pomelo.EntityFrameworkCore.MySql.Storage.Internal.MySqlRelationalConnection.Open(Boolean errorsExpected)
   at Microsoft.EntityFrameworkCore.Storage.RelationalCommand.ExecuteReader(RelationalCommandParameterObject parameterObject)
   at Microsoft.EntityFrameworkCore.Query.Internal.SingleQueryingEnumerable`1.Enumerator.InitializeReader(DbContext _, Boolean result)
   at Pomelo.EntityFrameworkCore.MySql.Storage.Internal.MySqlExecutionStrategy.Execute[TState,TResult](TState state, Func`3 operation, Func`3 verifySucceeded)
   --- End of inner exception stack trace ---
   at Pomelo.EntityFrameworkCore.MySql.Storage.Internal.MySqlExecutionStrategy.Execute[TState,TResult](TState state, Func`3 operation, Func`3 verifySucceeded)
   at Microsoft.EntityFrameworkCore.Query.Internal.SingleQueryingEnumerable`1.Enumerator.MoveNext()
   at lambda_method(Closure , Object , IEnumerable`1 , ResolutionContext )
   --- End of inner exception stack trace ---
   at lambda_method(Closure , Object , IEnumerable`1 , ResolutionContext )
   at CWB.Masters.Services.ItemMaster.RawMaterialDetailService.GetPartPurchasesForPartNo(Int32 partId, Int64 tenantId) in D:\DockerTestCWB\CWB-Latest\CWB\CWB.Masters\Services\ItemMaster\RawMaterialDetailService.cs:line 262
   at CWB.Masters.Controllers.RawMaterialDetailController.GetPartPurchasesForPartId(Int32 partId, Int64 tenantId) in D:\DockerTestCWB\CWB-Latest\CWB\CWB.Masters\Controllers\RawMaterialDetailController.cs:line 353
   at lambda_method(Closure , Object , Object[] )
   at Microsoft.AspNetCore.Mvc.Infrastructure.ActionMethodExecutor.SyncActionResultExecutor.Execute(IActionResultTypeMapper mapper, ObjectMethodExecutor executor, Object controller, Object[] arguments)
   at Microsoft.AspNetCore.Mvc.Infrastructure.ControllerActionInvoker.InvokeActionMethodAsync()
   at Microsoft.AspNetCore.Mvc.Infrastructure.ControllerActionInvoker.Next(State& next, Scope& scope, Object& state, Boolean& isCompleted)
   at Microsoft.AspNetCore.Mvc.Infrastructure.ControllerActionInvoker.InvokeNextActionFilterAsync()
--- End of stack trace from previous location where exception was thrown ---
   at Microsoft.AspNetCore.Mvc.Infrastructure.ControllerActionInvoker.Rethrow(ActionExecutedContextSealed context)
   at Microsoft.AspNetCore.Mvc.Infrastructure.ControllerActionInvoker.Next(State& next, Scope& scope, Object& state, Boolean& isCompleted)
   at Microsoft.AspNetCore.Mvc.Infrastructure.ControllerActionInvoker.InvokeInnerFilterAsync()
--- End of stack trace from previous location where exception was thrown ---
   at Microsoft.AspNetCore.Mvc.Infrastructure.ResourceInvoker.<InvokeFilterPipelineAsync>g__Awaited|19_0(ResourceInvoker invoker, Task lastTask, State next, Scope scope, Object state, Boolean isCompleted)
   at Microsoft.AspNetCore.Mvc.Infrastructure.ResourceInvoker.<InvokeAsync>g__Awaited|17_0(ResourceInvoker invoker, Task task, IDisposable scope)
   at Microsoft.AspNetCore.Routing.EndpointMiddleware.<Invoke>g__AwaitRequestTask|6_0(Endpoint endpoint, Task requestTask, ILogger logger)
   at Microsoft.AspNetCore.Authorization.AuthorizationMiddleware.Invoke(HttpContext context)
   at Microsoft.AspNetCore.Authentication.AuthenticationMiddleware.Invoke(HttpContext context)
   at CWB.ExceptionHandling.ExceptionMiddleware.InvokeAsync(HttpContext httpContext) in D:\EvolutionSoftware\CWB-Latest\CWB\CWB.ExceptionHandling\ExceptionMiddleware.cs:line 26
2025-12-05 05:13:50.2758 ERROR Error: AutoMapper.AutoMapperMappingException: Error mapping types.

Mapping types:
EntityQueryable`1 -> IEnumerable`1
Microsoft.EntityFrameworkCore.Query.Internal.EntityQueryable`1[[CWB.Masters.Domain.ItemMaster.PartPurchaseDetails, CWB.Masters, Version=1.0.0.0, Culture=neutral, PublicKeyToken=null]] -> System.Collections.Generic.IEnumerable`1[[CWB.Masters.ViewModels.ItemMaster.PartPurchaseDetailsVM, CWB.Masters, Version=1.0.0.0, Culture=neutral, PublicKeyToken=null]]
 ---> System.InvalidOperationException: An exception has been raised that is likely due to a transient failure. Consider enabling transient error resiliency by adding 'EnableRetryOnFailure()' to the 'UseMySql' call.
 ---> MySqlConnector.MySqlException (0x80004005): Connect Timeout expired. All pooled connections are in use.
   at MySqlConnector.MySqlConnection.CreateSessionAsync(ConnectionPool pool, Int32 startTickCount, Nullable`1 ioBehavior, CancellationToken cancellationToken) in /_/src/MySqlConnector/MySqlConnection.cs:line 902
   at MySqlConnector.MySqlConnection.OpenAsync(Nullable`1 ioBehavior, CancellationToken cancellationToken) in /_/src/MySqlConnector/MySqlConnection.cs:line 435
   at MySqlConnector.MySqlConnection.Open() in /_/src/MySqlConnector/MySqlConnection.cs:line 380
   at Microsoft.EntityFrameworkCore.Storage.RelationalConnection.OpenInternal(Boolean errorsExpected)
   at Microsoft.EntityFrameworkCore.Storage.RelationalConnection.Open(Boolean errorsExpected)
   at Pomelo.EntityFrameworkCore.MySql.Storage.Internal.MySqlRelationalConnection.Open(Boolean errorsExpected)
   at Microsoft.EntityFrameworkCore.Storage.RelationalCommand.ExecuteReader(RelationalCommandParameterObject parameterObject)
   at Microsoft.EntityFrameworkCore.Query.Internal.SingleQueryingEnumerable`1.Enumerator.InitializeReader(DbContext _, Boolean result)
   at Pomelo.EntityFrameworkCore.MySql.Storage.Internal.MySqlExecutionStrategy.Execute[TState,TResult](TState state, Func`3 operation, Func`3 verifySucceeded)
   --- End of inner exception stack trace ---
   at Pomelo.EntityFrameworkCore.MySql.Storage.Internal.MySqlExecutionStrategy.Execute[TState,TResult](TState state, Func`3 operation, Func`3 verifySucceeded)
   at Microsoft.EntityFrameworkCore.Query.Internal.SingleQueryingEnumerable`1.Enumerator.MoveNext()
   at lambda_method(Closure , Object , IEnumerable`1 , ResolutionContext )
   --- End of inner exception stack trace ---
   at lambda_method(Closure , Object , IEnumerable`1 , ResolutionContext )
   at CWB.Masters.Services.ItemMaster.RawMaterialDetailService.GetPartPurchasesForPartNo(Int32 partId, Int64 tenantId) in D:\DockerTestCWB\CWB-Latest\CWB\CWB.Masters\Services\ItemMaster\RawMaterialDetailService.cs:line 262
   at CWB.Masters.Controllers.RawMaterialDetailController.GetPartPurchasesForPartId(Int32 partId, Int64 tenantId) in D:\DockerTestCWB\CWB-Latest\CWB\CWB.Masters\Controllers\RawMaterialDetailController.cs:line 353
   at lambda_method(Closure , Object , Object[] )
   at Microsoft.AspNetCore.Mvc.Infrastructure.ActionMethodExecutor.SyncActionResultExecutor.Execute(IActionResultTypeMapper mapper, ObjectMethodExecutor executor, Object controller, Object[] arguments)
   at Microsoft.AspNetCore.Mvc.Infrastructure.ControllerActionInvoker.InvokeActionMethodAsync()
   at Microsoft.AspNetCore.Mvc.Infrastructure.ControllerActionInvoker.Next(State& next, Scope& scope, Object& state, Boolean& isCompleted)
   at Microsoft.AspNetCore.Mvc.Infrastructure.ControllerActionInvoker.InvokeNextActionFilterAsync()
--- End of stack trace from previous location where exception was thrown ---
   at Microsoft.AspNetCore.Mvc.Infrastructure.ControllerActionInvoker.Rethrow(ActionExecutedContextSealed context)
   at Microsoft.AspNetCore.Mvc.Infrastructure.ControllerActionInvoker.Next(State& next, Scope& scope, Object& state, Boolean& isCompleted)
   at Microsoft.AspNetCore.Mvc.Infrastructure.ControllerActionInvoker.InvokeInnerFilterAsync()
--- End of stack trace from previous location where exception was thrown ---
   at Microsoft.AspNetCore.Mvc.Infrastructure.ResourceInvoker.<InvokeFilterPipelineAsync>g__Awaited|19_0(ResourceInvoker invoker, Task lastTask, State next, Scope scope, Object state, Boolean isCompleted)
   at Microsoft.AspNetCore.Mvc.Infrastructure.ResourceInvoker.<InvokeAsync>g__Awaited|17_0(ResourceInvoker invoker, Task task, IDisposable scope)
   at Microsoft.AspNetCore.Routing.EndpointMiddleware.<Invoke>g__AwaitRequestTask|6_0(Endpoint endpoint, Task requestTask, ILogger logger)
   at Microsoft.AspNetCore.Authorization.AuthorizationMiddleware.Invoke(HttpContext context)
   at Microsoft.AspNetCore.Authentication.AuthenticationMiddleware.Invoke(HttpContext context)
   at CWB.ExceptionHandling.ExceptionMiddleware.InvokeAsync(HttpContext httpContext) in D:\EvolutionSoftware\CWB-Latest\CWB\CWB.ExceptionHandling\ExceptionMiddleware.cs:line 26
2025-12-05 05:13:50.2779 ERROR Error: AutoMapper.AutoMapperMappingException: Error mapping types.

Mapping types:
EntityQueryable`1 -> IEnumerable`1
Microsoft.EntityFrameworkCore.Query.Internal.EntityQueryable`1[[CWB.Masters.Domain.ItemMaster.PartPurchaseDetails, CWB.Masters, Version=1.0.0.0, Culture=neutral, PublicKeyToken=null]] -> System.Collections.Generic.IEnumerable`1[[CWB.Masters.ViewModels.ItemMaster.PartPurchaseDetailsVM, CWB.Masters, Version=1.0.0.0, Culture=neutral, PublicKeyToken=null]]
 ---> System.InvalidOperationException: An exception has been raised that is likely due to a transient failure. Consider enabling transient error resiliency by adding 'EnableRetryOnFailure()' to the 'UseMySql' call.
 ---> MySqlConnector.MySqlException (0x80004005): Connect Timeout expired. All pooled connections are in use.
   at MySqlConnector.MySqlConnection.CreateSessionAsync(ConnectionPool pool, Int32 startTickCount, Nullable`1 ioBehavior, CancellationToken cancellationToken) in /_/src/MySqlConnector/MySqlConnection.cs:line 902
   at MySqlConnector.MySqlConnection.OpenAsync(Nullable`1 ioBehavior, CancellationToken cancellationToken) in /_/src/MySqlConnector/MySqlConnection.cs:line 435
   at MySqlConnector.MySqlConnection.Open() in /_/src/MySqlConnector/MySqlConnection.cs:line 380
   at Microsoft.EntityFrameworkCore.Storage.RelationalConnection.OpenInternal(Boolean errorsExpected)
   at Microsoft.EntityFrameworkCore.Storage.RelationalConnection.Open(Boolean errorsExpected)
   at Pomelo.EntityFrameworkCore.MySql.Storage.Internal.MySqlRelationalConnection.Open(Boolean errorsExpected)
   at Microsoft.EntityFrameworkCore.Storage.RelationalCommand.ExecuteReader(RelationalCommandParameterObject parameterObject)
   at Microsoft.EntityFrameworkCore.Query.Internal.SingleQueryingEnumerable`1.Enumerator.InitializeReader(DbContext _, Boolean result)
   at Pomelo.EntityFrameworkCore.MySql.Storage.Internal.MySqlExecutionStrategy.Execute[TState,TResult](TState state, Func`3 operation, Func`3 verifySucceeded)
   --- End of inner exception stack trace ---
   at Pomelo.EntityFrameworkCore.MySql.Storage.Internal.MySqlExecutionStrategy.Execute[TState,TResult](TState state, Func`3 operation, Func`3 verifySucceeded)
   at Microsoft.EntityFrameworkCore.Query.Internal.SingleQueryingEnumerable`1.Enumerator.MoveNext()
   at lambda_method(Closure , Object , IEnumerable`1 , ResolutionContext )
   --- End of inner exception stack trace ---
   at lambda_method(Closure , Object , IEnumerable`1 , ResolutionContext )
   at CWB.Masters.Services.ItemMaster.RawMaterialDetailService.GetPartPurchasesForPartNo(Int32 partId, Int64 tenantId) in D:\DockerTestCWB\CWB-Latest\CWB\CWB.Masters\Services\ItemMaster\RawMaterialDetailService.cs:line 262
   at CWB.Masters.Controllers.RawMaterialDetailController.GetPartPurchasesForPartId(Int32 partId, Int64 tenantId) in D:\DockerTestCWB\CWB-Latest\CWB\CWB.Masters\Controllers\RawMaterialDetailController.cs:line 353
   at lambda_method(Closure , Object , Object[] )
   at Microsoft.AspNetCore.Mvc.Infrastructure.ActionMethodExecutor.SyncActionResultExecutor.Execute(IActionResultTypeMapper mapper, ObjectMethodExecutor executor, Object controller, Object[] arguments)
   at Microsoft.AspNetCore.Mvc.Infrastructure.ControllerActionInvoker.InvokeActionMethodAsync()
   at Microsoft.AspNetCore.Mvc.Infrastructure.ControllerActionInvoker.Next(State& next, Scope& scope, Object& state, Boolean& isCompleted)
   at Microsoft.AspNetCore.Mvc.Infrastructure.ControllerActionInvoker.InvokeNextActionFilterAsync()
--- End of stack trace from previous location where exception was thrown ---
   at Microsoft.AspNetCore.Mvc.Infrastructure.ControllerActionInvoker.Rethrow(ActionExecutedContextSealed context)
   at Microsoft.AspNetCore.Mvc.Infrastructure.ControllerActionInvoker.Next(State& next, Scope& scope, Object& state, Boolean& isCompleted)
   at Microsoft.AspNetCore.Mvc.Infrastructure.ControllerActionInvoker.InvokeInnerFilterAsync()
--- End of stack trace from previous location where exception was thrown ---
   at Microsoft.AspNetCore.Mvc.Infrastructure.ResourceInvoker.<InvokeFilterPipelineAsync>g__Awaited|19_0(ResourceInvoker invoker, Task lastTask, State next, Scope scope, Object state, Boolean isCompleted)
   at Microsoft.AspNetCore.Mvc.Infrastructure.ResourceInvoker.<InvokeAsync>g__Awaited|17_0(ResourceInvoker invoker, Task task, IDisposable scope)
   at Microsoft.AspNetCore.Routing.EndpointMiddleware.<Invoke>g__AwaitRequestTask|6_0(Endpoint endpoint, Task requestTask, ILogger logger)
   at Microsoft.AspNetCore.Authorization.AuthorizationMiddleware.Invoke(HttpContext context)
   at Microsoft.AspNetCore.Authentication.AuthenticationMiddleware.Invoke(HttpContext context)
   at CWB.ExceptionHandling.ExceptionMiddleware.InvokeAsync(HttpContext httpContext) in D:\EvolutionSoftware\CWB-Latest\CWB\CWB.ExceptionHandling\ExceptionMiddleware.cs:line 26
2025-12-05 05:13:50.2779 ERROR Error: AutoMapper.AutoMapperMappingException: Error mapping types.

Mapping types:
EntityQueryable`1 -> IEnumerable`1
Microsoft.EntityFrameworkCore.Query.Internal.EntityQueryable`1[[CWB.Masters.Domain.ItemMaster.PartPurchaseDetails, CWB.Masters, Version=1.0.0.0, Culture=neutral, PublicKeyToken=null]] -> System.Collections.Generic.IEnumerable`1[[CWB.Masters.ViewModels.ItemMaster.PartPurchaseDetailsVM, CWB.Masters, Version=1.0.0.0, Culture=neutral, PublicKeyToken=null]]
 ---> System.InvalidOperationException: An exception has been raised that is likely due to a transient failure. Consider enabling transient error resiliency by adding 'EnableRetryOnFailure()' to the 'UseMySql' call.
 ---> MySqlConnector.MySqlException (0x80004005): Connect Timeout expired. All pooled connections are in use.
   at MySqlConnector.MySqlConnection.CreateSessionAsync(ConnectionPool pool, Int32 startTickCount, Nullable`1 ioBehavior, CancellationToken cancellationToken) in /_/src/MySqlConnector/MySqlConnection.cs:line 902
   at MySqlConnector.MySqlConnection.OpenAsync(Nullable`1 ioBehavior, CancellationToken cancellationToken) in /_/src/MySqlConnector/MySqlConnection.cs:line 435
   at MySqlConnector.MySqlConnection.Open() in /_/src/MySqlConnector/MySqlConnection.cs:line 380
   at Microsoft.EntityFrameworkCore.Storage.RelationalConnection.OpenInternal(Boolean errorsExpected)
   at Microsoft.EntityFrameworkCore.Storage.RelationalConnection.Open(Boolean errorsExpected)
   at Pomelo.EntityFrameworkCore.MySql.Storage.Internal.MySqlRelationalConnection.Open(Boolean errorsExpected)
   at Microsoft.EntityFrameworkCore.Storage.RelationalCommand.ExecuteReader(RelationalCommandParameterObject parameterObject)
   at Microsoft.EntityFrameworkCore.Query.Internal.SingleQueryingEnumerable`1.Enumerator.InitializeReader(DbContext _, Boolean result)
   at Pomelo.EntityFrameworkCore.MySql.Storage.Internal.MySqlExecutionStrategy.Execute[TState,TResult](TState state, Func`3 operation, Func`3 verifySucceeded)
   --- End of inner exception stack trace ---
   at Pomelo.EntityFrameworkCore.MySql.Storage.Internal.MySqlExecutionStrategy.Execute[TState,TResult](TState state, Func`3 operation, Func`3 verifySucceeded)
   at Microsoft.EntityFrameworkCore.Query.Internal.SingleQueryingEnumerable`1.Enumerator.MoveNext()
   at lambda_method(Closure , Object , IEnumerable`1 , ResolutionContext )
   --- End of inner exception stack trace ---
   at lambda_method(Closure , Object , IEnumerable`1 , ResolutionContext )
   at CWB.Masters.Services.ItemMaster.RawMaterialDetailService.GetPartPurchasesForPartNo(Int32 partId, Int64 tenantId) in D:\DockerTestCWB\CWB-Latest\CWB\CWB.Masters\Services\ItemMaster\RawMaterialDetailService.cs:line 262
   at CWB.Masters.Controllers.RawMaterialDetailController.GetPartPurchasesForPartId(Int32 partId, Int64 tenantId) in D:\DockerTestCWB\CWB-Latest\CWB\CWB.Masters\Controllers\RawMaterialDetailController.cs:line 353
   at lambda_method(Closure , Object , Object[] )
   at Microsoft.AspNetCore.Mvc.Infrastructure.ActionMethodExecutor.SyncActionResultExecutor.Execute(IActionResultTypeMapper mapper, ObjectMethodExecutor executor, Object controller, Object[] arguments)
   at Microsoft.AspNetCore.Mvc.Infrastructure.ControllerActionInvoker.InvokeActionMethodAsync()
   at Microsoft.AspNetCore.Mvc.Infrastructure.ControllerActionInvoker.Next(State& next, Scope& scope, Object& state, Boolean& isCompleted)
   at Microsoft.AspNetCore.Mvc.Infrastructure.ControllerActionInvoker.InvokeNextActionFilterAsync()
--- End of stack trace from previous location where exception was thrown ---
   at Microsoft.AspNetCore.Mvc.Infrastructure.ControllerActionInvoker.Rethrow(ActionExecutedContextSealed context)
   at Microsoft.AspNetCore.Mvc.Infrastructure.ControllerActionInvoker.Next(State& next, Scope& scope, Object& state, Boolean& isCompleted)
   at Microsoft.AspNetCore.Mvc.Infrastructure.ControllerActionInvoker.InvokeInnerFilterAsync()
--- End of stack trace from previous location where exception was thrown ---
   at Microsoft.AspNetCore.Mvc.Infrastructure.ResourceInvoker.<InvokeFilterPipelineAsync>g__Awaited|19_0(ResourceInvoker invoker, Task lastTask, State next, Scope scope, Object state, Boolean isCompleted)
   at Microsoft.AspNetCore.Mvc.Infrastructure.ResourceInvoker.<InvokeAsync>g__Awaited|17_0(ResourceInvoker invoker, Task task, IDisposable scope)
   at Microsoft.AspNetCore.Routing.EndpointMiddleware.<Invoke>g__AwaitRequestTask|6_0(Endpoint endpoint, Task requestTask, ILogger logger)
   at Microsoft.AspNetCore.Authorization.AuthorizationMiddleware.Invoke(HttpContext context)
   at Microsoft.AspNetCore.Authentication.AuthenticationMiddleware.Invoke(HttpContext context)
   at CWB.ExceptionHandling.ExceptionMiddleware.InvokeAsync(HttpContext httpContext) in D:\EvolutionSoftware\CWB-Latest\CWB\CWB.ExceptionHandling\ExceptionMiddleware.cs:line 26
2025-12-05 05:13:50.2779 ERROR Error: AutoMapper.AutoMapperMappingException: Error mapping types.

Mapping types:
EntityQueryable`1 -> IEnumerable`1
Microsoft.EntityFrameworkCore.Query.Internal.EntityQueryable`1[[CWB.Masters.Domain.ItemMaster.PartPurchaseDetails, CWB.Masters, Version=1.0.0.0, Culture=neutral, PublicKeyToken=null]] -> System.Collections.Generic.IEnumerable`1[[CWB.Masters.ViewModels.ItemMaster.PartPurchaseDetailsVM, CWB.Masters, Version=1.0.0.0, Culture=neutral, PublicKeyToken=null]]
 ---> System.InvalidOperationException: An exception has been raised that is likely due to a transient failure. Consider enabling transient error resiliency by adding 'EnableRetryOnFailure()' to the 'UseMySql' call.
 ---> MySqlConnector.MySqlException (0x80004005): Connect Timeout expired. All pooled connections are in use.
   at MySqlConnector.MySqlConnection.CreateSessionAsync(ConnectionPool pool, Int32 startTickCount, Nullable`1 ioBehavior, CancellationToken cancellationToken) in /_/src/MySqlConnector/MySqlConnection.cs:line 902
   at MySqlConnector.MySqlConnection.OpenAsync(Nullable`1 ioBehavior, CancellationToken cancellationToken) in /_/src/MySqlConnector/MySqlConnection.cs:line 435
   at MySqlConnector.MySqlConnection.Open() in /_/src/MySqlConnector/MySqlConnection.cs:line 380
   at Microsoft.EntityFrameworkCore.Storage.RelationalConnection.OpenInternal(Boolean errorsExpected)
   at Microsoft.EntityFrameworkCore.Storage.RelationalConnection.Open(Boolean errorsExpected)
   at Pomelo.EntityFrameworkCore.MySql.Storage.Internal.MySqlRelationalConnection.Open(Boolean errorsExpected)
   at Microsoft.EntityFrameworkCore.Storage.RelationalCommand.ExecuteReader(RelationalCommandParameterObject parameterObject)
   at Microsoft.EntityFrameworkCore.Query.Internal.SingleQueryingEnumerable`1.Enumerator.InitializeReader(DbContext _, Boolean result)
   at Pomelo.EntityFrameworkCore.MySql.Storage.Internal.MySqlExecutionStrategy.Execute[TState,TResult](TState state, Func`3 operation, Func`3 verifySucceeded)
   --- End of inner exception stack trace ---
   at Pomelo.EntityFrameworkCore.MySql.Storage.Internal.MySqlExecutionStrategy.Execute[TState,TResult](TState state, Func`3 operation, Func`3 verifySucceeded)
   at Microsoft.EntityFrameworkCore.Query.Internal.SingleQueryingEnumerable`1.Enumerator.MoveNext()
   at lambda_method(Closure , Object , IEnumerable`1 , ResolutionContext )
   --- End of inner exception stack trace ---
   at lambda_method(Closure , Object , IEnumerable`1 , ResolutionContext )
   at CWB.Masters.Services.ItemMaster.RawMaterialDetailService.GetPartPurchasesForPartNo(Int32 partId, Int64 tenantId) in D:\DockerTestCWB\CWB-Latest\CWB\CWB.Masters\Services\ItemMaster\RawMaterialDetailService.cs:line 262
   at CWB.Masters.Controllers.RawMaterialDetailController.GetPartPurchasesForPartId(Int32 partId, Int64 tenantId) in D:\DockerTestCWB\CWB-Latest\CWB\CWB.Masters\Controllers\RawMaterialDetailController.cs:line 353
   at lambda_method(Closure , Object , Object[] )
   at Microsoft.AspNetCore.Mvc.Infrastructure.ActionMethodExecutor.SyncActionResultExecutor.Execute(IActionResultTypeMapper mapper, ObjectMethodExecutor executor, Object controller, Object[] arguments)
   at Microsoft.AspNetCore.Mvc.Infrastructure.ControllerActionInvoker.InvokeActionMethodAsync()
   at Microsoft.AspNetCore.Mvc.Infrastructure.ControllerActionInvoker.Next(State& next, Scope& scope, Object& state, Boolean& isCompleted)
   at Microsoft.AspNetCore.Mvc.Infrastructure.ControllerActionInvoker.InvokeNextActionFilterAsync()
--- End of stack trace from previous location where exception was thrown ---
   at Microsoft.AspNetCore.Mvc.Infrastructure.ControllerActionInvoker.Rethrow(ActionExecutedContextSealed context)
   at Microsoft.AspNetCore.Mvc.Infrastructure.ControllerActionInvoker.Next(State& next, Scope& scope, Object& state, Boolean& isCompleted)
   at Microsoft.AspNetCore.Mvc.Infrastructure.ControllerActionInvoker.InvokeInnerFilterAsync()
--- End of stack trace from previous location where exception was thrown ---
   at Microsoft.AspNetCore.Mvc.Infrastructure.ResourceInvoker.<InvokeFilterPipelineAsync>g__Awaited|19_0(ResourceInvoker invoker, Task lastTask, State next, Scope scope, Object state, Boolean isCompleted)
   at Microsoft.AspNetCore.Mvc.Infrastructure.ResourceInvoker.<InvokeAsync>g__Awaited|17_0(ResourceInvoker invoker, Task task, IDisposable scope)
   at Microsoft.AspNetCore.Routing.EndpointMiddleware.<Invoke>g__AwaitRequestTask|6_0(Endpoint endpoint, Task requestTask, ILogger logger)
   at Microsoft.AspNetCore.Authorization.AuthorizationMiddleware.Invoke(HttpContext context)
   at Microsoft.AspNetCore.Authentication.AuthenticationMiddleware.Invoke(HttpContext context)
   at CWB.ExceptionHandling.ExceptionMiddleware.InvokeAsync(HttpContext httpContext) in D:\EvolutionSoftware\CWB-Latest\CWB\CWB.ExceptionHandling\ExceptionMiddleware.cs:line 26
2025-12-05 05:13:55.8347 ERROR Error: AutoMapper.AutoMapperMappingException: Error mapping types.

Mapping types:
EntityQueryable`1 -> IEnumerable`1
Microsoft.EntityFrameworkCore.Query.Internal.EntityQueryable`1[[CWB.Masters.Domain.ItemMaster.PartPurchaseDetails, CWB.Masters, Version=1.0.0.0, Culture=neutral, PublicKeyToken=null]] -> System.Collections.Generic.IEnumerable`1[[CWB.Masters.ViewModels.ItemMaster.PartPurchaseDetailsVM, CWB.Masters, Version=1.0.0.0, Culture=neutral, PublicKeyToken=null]]
 ---> System.InvalidOperationException: An exception has been raised that is likely due to a transient failure. Consider enabling transient error resiliency by adding 'EnableRetryOnFailure()' to the 'UseMySql' call.
 ---> MySqlConnector.MySqlException (0x80004005): Connect Timeout expired. All pooled connections are in use.
   at MySqlConnector.MySqlConnection.CreateSessionAsync(ConnectionPool pool, Int32 startTickCount, Nullable`1 ioBehavior, CancellationToken cancellationToken) in /_/src/MySqlConnector/MySqlConnection.cs:line 902
   at MySqlConnector.MySqlConnection.OpenAsync(Nullable`1 ioBehavior, CancellationToken cancellationToken) in /_/src/MySqlConnector/MySqlConnection.cs:line 435
   at MySqlConnector.MySqlConnection.Open() in /_/src/MySqlConnector/MySqlConnection.cs:line 380
   at Microsoft.EntityFrameworkCore.Storage.RelationalConnection.OpenInternal(Boolean errorsExpected)
   at Microsoft.EntityFrameworkCore.Storage.RelationalConnection.Open(Boolean errorsExpected)
   at Pomelo.EntityFrameworkCore.MySql.Storage.Internal.MySqlRelationalConnection.Open(Boolean errorsExpected)
   at Microsoft.EntityFrameworkCore.Storage.RelationalCommand.ExecuteReader(RelationalCommandParameterObject parameterObject)
   at Microsoft.EntityFrameworkCore.Query.Internal.SingleQueryingEnumerable`1.Enumerator.InitializeReader(DbContext _, Boolean result)
   at Pomelo.EntityFrameworkCore.MySql.Storage.Internal.MySqlExecutionStrategy.Execute[TState,TResult](TState state, Func`3 operation, Func`3 verifySucceeded)
   --- End of inner exception stack trace ---
   at Pomelo.EntityFrameworkCore.MySql.Storage.Internal.MySqlExecutionStrategy.Execute[TState,TResult](TState state, Func`3 operation, Func`3 verifySucceeded)
   at Microsoft.EntityFrameworkCore.Query.Internal.SingleQueryingEnumerable`1.Enumerator.MoveNext()
   at lambda_method(Closure , Object , IEnumerable`1 , ResolutionContext )
   --- End of inner exception stack trace ---
   at lambda_method(Closure , Object , IEnumerable`1 , ResolutionContext )
   at CWB.Masters.Services.ItemMaster.RawMaterialDetailService.GetPartPurchasesForPartNo(Int32 partId, Int64 tenantId) in D:\DockerTestCWB\CWB-Latest\CWB\CWB.Masters\Services\ItemMaster\RawMaterialDetailService.cs:line 262
   at CWB.Masters.Controllers.RawMaterialDetailController.GetPartPurchasesForPartId(Int32 partId, Int64 tenantId) in D:\DockerTestCWB\CWB-Latest\CWB\CWB.Masters\Controllers\RawMaterialDetailController.cs:line 353
   at lambda_method(Closure , Object , Object[] )
   at Microsoft.AspNetCore.Mvc.Infrastructure.ActionMethodExecutor.SyncActionResultExecutor.Execute(IActionResultTypeMapper mapper, ObjectMethodExecutor executor, Object controller, Object[] arguments)
   at Microsoft.AspNetCore.Mvc.Infrastructure.ControllerActionInvoker.InvokeActionMethodAsync()
   at Microsoft.AspNetCore.Mvc.Infrastructure.ControllerActionInvoker.Next(State& next, Scope& scope, Object& state, Boolean& isCompleted)
   at Microsoft.AspNetCore.Mvc.Infrastructure.ControllerActionInvoker.InvokeNextActionFilterAsync()
--- End of stack trace from previous location where exception was thrown ---
   at Microsoft.AspNetCore.Mvc.Infrastructure.ControllerActionInvoker.Rethrow(ActionExecutedContextSealed context)
   at Microsoft.AspNetCore.Mvc.Infrastructure.ControllerActionInvoker.Next(State& next, Scope& scope, Object& state, Boolean& isCompleted)
   at Microsoft.AspNetCore.Mvc.Infrastructure.ControllerActionInvoker.InvokeInnerFilterAsync()
--- End of stack trace from previous location where exception was thrown ---
   at Microsoft.AspNetCore.Mvc.Infrastructure.ResourceInvoker.<InvokeFilterPipelineAsync>g__Awaited|19_0(ResourceInvoker invoker, Task lastTask, State next, Scope scope, Object state, Boolean isCompleted)
   at Microsoft.AspNetCore.Mvc.Infrastructure.ResourceInvoker.<InvokeAsync>g__Awaited|17_0(ResourceInvoker invoker, Task task, IDisposable scope)
   at Microsoft.AspNetCore.Routing.EndpointMiddleware.<Invoke>g__AwaitRequestTask|6_0(Endpoint endpoint, Task requestTask, ILogger logger)
   at Microsoft.AspNetCore.Authorization.AuthorizationMiddleware.Invoke(HttpContext context)
   at Microsoft.AspNetCore.Authentication.AuthenticationMiddleware.Invoke(HttpContext context)
   at CWB.ExceptionHandling.ExceptionMiddleware.InvokeAsync(HttpContext httpContext) in D:\EvolutionSoftware\CWB-Latest\CWB\CWB.ExceptionHandling\ExceptionMiddleware.cs:line 26
2025-12-05 05:13:55.9440 ERROR Error: AutoMapper.AutoMapperMappingException: Error mapping types.

Mapping types:
EntityQueryable`1 -> IEnumerable`1
Microsoft.EntityFrameworkCore.Query.Internal.EntityQueryable`1[[CWB.Masters.Domain.ItemMaster.PartPurchaseDetails, CWB.Masters, Version=1.0.0.0, Culture=neutral, PublicKeyToken=null]] -> System.Collections.Generic.IEnumerable`1[[CWB.Masters.ViewModels.ItemMaster.PartPurchaseDetailsVM, CWB.Masters, Version=1.0.0.0, Culture=neutral, PublicKeyToken=null]]
 ---> System.InvalidOperationException: An exception has been raised that is likely due to a transient failure. Consider enabling transient error resiliency by adding 'EnableRetryOnFailure()' to the 'UseMySql' call.
 ---> MySqlConnector.MySqlException (0x80004005): Connect Timeout expired. All pooled connections are in use.
   at MySqlConnector.MySqlConnection.CreateSessionAsync(ConnectionPool pool, Int32 startTickCount, Nullable`1 ioBehavior, CancellationToken cancellationToken) in /_/src/MySqlConnector/MySqlConnection.cs:line 902
   at MySqlConnector.MySqlConnection.OpenAsync(Nullable`1 ioBehavior, CancellationToken cancellationToken) in /_/src/MySqlConnector/MySqlConnection.cs:line 435
   at MySqlConnector.MySqlConnection.Open() in /_/src/MySqlConnector/MySqlConnection.cs:line 380
   at Microsoft.EntityFrameworkCore.Storage.RelationalConnection.OpenInternal(Boolean errorsExpected)
   at Microsoft.EntityFrameworkCore.Storage.RelationalConnection.Open(Boolean errorsExpected)
   at Pomelo.EntityFrameworkCore.MySql.Storage.Internal.MySqlRelationalConnection.Open(Boolean errorsExpected)
   at Microsoft.EntityFrameworkCore.Storage.RelationalCommand.ExecuteReader(RelationalCommandParameterObject parameterObject)
   at Microsoft.EntityFrameworkCore.Query.Internal.SingleQueryingEnumerable`1.Enumerator.InitializeReader(DbContext _, Boolean result)
   at Pomelo.EntityFrameworkCore.MySql.Storage.Internal.MySqlExecutionStrategy.Execute[TState,TResult](TState state, Func`3 operation, Func`3 verifySucceeded)
   --- End of inner exception stack trace ---
   at Pomelo.EntityFrameworkCore.MySql.Storage.Internal.MySqlExecutionStrategy.Execute[TState,TResult](TState state, Func`3 operation, Func`3 verifySucceeded)
   at Microsoft.EntityFrameworkCore.Query.Internal.SingleQueryingEnumerable`1.Enumerator.MoveNext()
   at lambda_method(Closure , Object , IEnumerable`1 , ResolutionContext )
   --- End of inner exception stack trace ---
   at lambda_method(Closure , Object , IEnumerable`1 , ResolutionContext )
   at CWB.Masters.Services.ItemMaster.RawMaterialDetailService.GetPartPurchasesForPartNo(Int32 partId, Int64 tenantId) in D:\DockerTestCWB\CWB-Latest\CWB\CWB.Masters\Services\ItemMaster\RawMaterialDetailService.cs:line 262
   at CWB.Masters.Controllers.RawMaterialDetailController.GetPartPurchasesForPartId(Int32 partId, Int64 tenantId) in D:\DockerTestCWB\CWB-Latest\CWB\CWB.Masters\Controllers\RawMaterialDetailController.cs:line 353
   at lambda_method(Closure , Object , Object[] )
   at Microsoft.AspNetCore.Mvc.Infrastructure.ActionMethodExecutor.SyncActionResultExecutor.Execute(IActionResultTypeMapper mapper, ObjectMethodExecutor executor, Object controller, Object[] arguments)
   at Microsoft.AspNetCore.Mvc.Infrastructure.ControllerActionInvoker.InvokeActionMethodAsync()
   at Microsoft.AspNetCore.Mvc.Infrastructure.ControllerActionInvoker.Next(State& next, Scope& scope, Object& state, Boolean& isCompleted)
   at Microsoft.AspNetCore.Mvc.Infrastructure.ControllerActionInvoker.InvokeNextActionFilterAsync()
--- End of stack trace from previous location where exception was thrown ---
   at Microsoft.AspNetCore.Mvc.Infrastructure.ControllerActionInvoker.Rethrow(ActionExecutedContextSealed context)
   at Microsoft.AspNetCore.Mvc.Infrastructure.ControllerActionInvoker.Next(State& next, Scope& scope, Object& state, Boolean& isCompleted)
   at Microsoft.AspNetCore.Mvc.Infrastructure.ControllerActionInvoker.InvokeInnerFilterAsync()
--- End of stack trace from previous location where exception was thrown ---
   at Microsoft.AspNetCore.Mvc.Infrastructure.ResourceInvoker.<InvokeFilterPipelineAsync>g__Awaited|19_0(ResourceInvoker invoker, Task lastTask, State next, Scope scope, Object state, Boolean isCompleted)
   at Microsoft.AspNetCore.Mvc.Infrastructure.ResourceInvoker.<InvokeAsync>g__Awaited|17_0(ResourceInvoker invoker, Task task, IDisposable scope)
   at Microsoft.AspNetCore.Routing.EndpointMiddleware.<Invoke>g__AwaitRequestTask|6_0(Endpoint endpoint, Task requestTask, ILogger logger)
   at Microsoft.AspNetCore.Authorization.AuthorizationMiddleware.Invoke(HttpContext context)
   at Microsoft.AspNetCore.Authentication.AuthenticationMiddleware.Invoke(HttpContext context)
   at CWB.ExceptionHandling.ExceptionMiddleware.InvokeAsync(HttpContext httpContext) in D:\EvolutionSoftware\CWB-Latest\CWB\CWB.ExceptionHandling\ExceptionMiddleware.cs:line 26
2025-12-05 05:13:56.0106 ERROR Error: AutoMapper.AutoMapperMappingException: Error mapping types.

Mapping types:
EntityQueryable`1 -> IEnumerable`1
Microsoft.EntityFrameworkCore.Query.Internal.EntityQueryable`1[[CWB.Masters.Domain.ItemMaster.PartPurchaseDetails, CWB.Masters, Version=1.0.0.0, Culture=neutral, PublicKeyToken=null]] -> System.Collections.Generic.IEnumerable`1[[CWB.Masters.ViewModels.ItemMaster.PartPurchaseDetailsVM, CWB.Masters, Version=1.0.0.0, Culture=neutral, PublicKeyToken=null]]
 ---> System.InvalidOperationException: An exception has been raised that is likely due to a transient failure. Consider enabling transient error resiliency by adding 'EnableRetryOnFailure()' to the 'UseMySql' call.
 ---> MySqlConnector.MySqlException (0x80004005): Connect Timeout expired. All pooled connections are in use.
   at MySqlConnector.MySqlConnection.CreateSessionAsync(ConnectionPool pool, Int32 startTickCount, Nullable`1 ioBehavior, CancellationToken cancellationToken) in /_/src/MySqlConnector/MySqlConnection.cs:line 902
   at MySqlConnector.MySqlConnection.OpenAsync(Nullable`1 ioBehavior, CancellationToken cancellationToken) in /_/src/MySqlConnector/MySqlConnection.cs:line 435
   at MySqlConnector.MySqlConnection.Open() in /_/src/MySqlConnector/MySqlConnection.cs:line 380
   at Microsoft.EntityFrameworkCore.Storage.RelationalConnection.OpenInternal(Boolean errorsExpected)
   at Microsoft.EntityFrameworkCore.Storage.RelationalConnection.Open(Boolean errorsExpected)
   at Pomelo.EntityFrameworkCore.MySql.Storage.Internal.MySqlRelationalConnection.Open(Boolean errorsExpected)
   at Microsoft.EntityFrameworkCore.Storage.RelationalCommand.ExecuteReader(RelationalCommandParameterObject parameterObject)
   at Microsoft.EntityFrameworkCore.Query.Internal.SingleQueryingEnumerable`1.Enumerator.InitializeReader(DbContext _, Boolean result)
   at Pomelo.EntityFrameworkCore.MySql.Storage.Internal.MySqlExecutionStrategy.Execute[TState,TResult](TState state, Func`3 operation, Func`3 verifySucceeded)
   --- End of inner exception stack trace ---
   at Pomelo.EntityFrameworkCore.MySql.Storage.Internal.MySqlExecutionStrategy.Execute[TState,TResult](TState state, Func`3 operation, Func`3 verifySucceeded)
   at Microsoft.EntityFrameworkCore.Query.Internal.SingleQueryingEnumerable`1.Enumerator.MoveNext()
   at lambda_method(Closure , Object , IEnumerable`1 , ResolutionContext )
   --- End of inner exception stack trace ---
   at lambda_method(Closure , Object , IEnumerable`1 , ResolutionContext )
   at CWB.Masters.Services.ItemMaster.RawMaterialDetailService.GetPartPurchasesForPartNo(Int32 partId, Int64 tenantId) in D:\DockerTestCWB\CWB-Latest\CWB\CWB.Masters\Services\ItemMaster\RawMaterialDetailService.cs:line 262
   at CWB.Masters.Controllers.RawMaterialDetailController.GetPartPurchasesForPartId(Int32 partId, Int64 tenantId) in D:\DockerTestCWB\CWB-Latest\CWB\CWB.Masters\Controllers\RawMaterialDetailController.cs:line 353
   at lambda_method(Closure , Object , Object[] )
   at Microsoft.AspNetCore.Mvc.Infrastructure.ActionMethodExecutor.SyncActionResultExecutor.Execute(IActionResultTypeMapper mapper, ObjectMethodExecutor executor, Object controller, Object[] arguments)
   at Microsoft.AspNetCore.Mvc.Infrastructure.ControllerActionInvoker.InvokeActionMethodAsync()
   at Microsoft.AspNetCore.Mvc.Infrastructure.ControllerActionInvoker.Next(State& next, Scope& scope, Object& state, Boolean& isCompleted)
   at Microsoft.AspNetCore.Mvc.Infrastructure.ControllerActionInvoker.InvokeNextActionFilterAsync()
--- End of stack trace from previous location where exception was thrown ---
   at Microsoft.AspNetCore.Mvc.Infrastructure.ControllerActionInvoker.Rethrow(ActionExecutedContextSealed context)
   at Microsoft.AspNetCore.Mvc.Infrastructure.ControllerActionInvoker.Next(State& next, Scope& scope, Object& state, Boolean& isCompleted)
   at Microsoft.AspNetCore.Mvc.Infrastructure.ControllerActionInvoker.InvokeInnerFilterAsync()
--- End of stack trace from previous location where exception was thrown ---
   at Microsoft.AspNetCore.Mvc.Infrastructure.ResourceInvoker.<InvokeFilterPipelineAsync>g__Awaited|19_0(ResourceInvoker invoker, Task lastTask, State next, Scope scope, Object state, Boolean isCompleted)
   at Microsoft.AspNetCore.Mvc.Infrastructure.ResourceInvoker.<InvokeAsync>g__Awaited|17_0(ResourceInvoker invoker, Task task, IDisposable scope)
   at Microsoft.AspNetCore.Routing.EndpointMiddleware.<Invoke>g__AwaitRequestTask|6_0(Endpoint endpoint, Task requestTask, ILogger logger)
   at Microsoft.AspNetCore.Authorization.AuthorizationMiddleware.Invoke(HttpContext context)
   at Microsoft.AspNetCore.Authentication.AuthenticationMiddleware.Invoke(HttpContext context)
   at CWB.ExceptionHandling.ExceptionMiddleware.InvokeAsync(HttpContext httpContext) in D:\EvolutionSoftware\CWB-Latest\CWB\CWB.ExceptionHandling\ExceptionMiddleware.cs:line 26
2025-12-05 05:13:56.0106 ERROR Error: AutoMapper.AutoMapperMappingException: Error mapping types.

Mapping types:
EntityQueryable`1 -> IEnumerable`1
Microsoft.EntityFrameworkCore.Query.Internal.EntityQueryable`1[[CWB.Masters.Domain.ItemMaster.PartPurchaseDetails, CWB.Masters, Version=1.0.0.0, Culture=neutral, PublicKeyToken=null]] -> System.Collections.Generic.IEnumerable`1[[CWB.Masters.ViewModels.ItemMaster.PartPurchaseDetailsVM, CWB.Masters, Version=1.0.0.0, Culture=neutral, PublicKeyToken=null]]
 ---> System.InvalidOperationException: An exception has been raised that is likely due to a transient failure. Consider enabling transient error resiliency by adding 'EnableRetryOnFailure()' to the 'UseMySql' call.
 ---> MySqlConnector.MySqlException (0x80004005): Connect Timeout expired. All pooled connections are in use.
   at MySqlConnector.MySqlConnection.CreateSessionAsync(ConnectionPool pool, Int32 startTickCount, Nullable`1 ioBehavior, CancellationToken cancellationToken) in /_/src/MySqlConnector/MySqlConnection.cs:line 902
   at MySqlConnector.MySqlConnection.OpenAsync(Nullable`1 ioBehavior, CancellationToken cancellationToken) in /_/src/MySqlConnector/MySqlConnection.cs:line 435
   at MySqlConnector.MySqlConnection.Open() in /_/src/MySqlConnector/MySqlConnection.cs:line 380
   at Microsoft.EntityFrameworkCore.Storage.RelationalConnection.OpenInternal(Boolean errorsExpected)
   at Microsoft.EntityFrameworkCore.Storage.RelationalConnection.Open(Boolean errorsExpected)
   at Pomelo.EntityFrameworkCore.MySql.Storage.Internal.MySqlRelationalConnection.Open(Boolean errorsExpected)
   at Microsoft.EntityFrameworkCore.Storage.RelationalCommand.ExecuteReader(RelationalCommandParameterObject parameterObject)
   at Microsoft.EntityFrameworkCore.Query.Internal.SingleQueryingEnumerable`1.Enumerator.InitializeReader(DbContext _, Boolean result)
   at Pomelo.EntityFrameworkCore.MySql.Storage.Internal.MySqlExecutionStrategy.Execute[TState,TResult](TState state, Func`3 operation, Func`3 verifySucceeded)
   --- End of inner exception stack trace ---
   at Pomelo.EntityFrameworkCore.MySql.Storage.Internal.MySqlExecutionStrategy.Execute[TState,TResult](TState state, Func`3 operation, Func`3 verifySucceeded)
   at Microsoft.EntityFrameworkCore.Query.Internal.SingleQueryingEnumerable`1.Enumerator.MoveNext()
   at lambda_method(Closure , Object , IEnumerable`1 , ResolutionContext )
   --- End of inner exception stack trace ---
   at lambda_method(Closure , Object , IEnumerable`1 , ResolutionContext )
   at CWB.Masters.Services.ItemMaster.RawMaterialDetailService.GetPartPurchasesForPartNo(Int32 partId, Int64 tenantId) in D:\DockerTestCWB\CWB-Latest\CWB\CWB.Masters\Services\ItemMaster\RawMaterialDetailService.cs:line 262
   at CWB.Masters.Controllers.RawMaterialDetailController.GetPartPurchasesForPartId(Int32 partId, Int64 tenantId) in D:\DockerTestCWB\CWB-Latest\CWB\CWB.Masters\Controllers\RawMaterialDetailController.cs:line 353
   at lambda_method(Closure , Object , Object[] )
   at Microsoft.AspNetCore.Mvc.Infrastructure.ActionMethodExecutor.SyncActionResultExecutor.Execute(IActionResultTypeMapper mapper, ObjectMethodExecutor executor, Object controller, Object[] arguments)
   at Microsoft.AspNetCore.Mvc.Infrastructure.ControllerActionInvoker.InvokeActionMethodAsync()
   at Microsoft.AspNetCore.Mvc.Infrastructure.ControllerActionInvoker.Next(State& next, Scope& scope, Object& state, Boolean& isCompleted)
   at Microsoft.AspNetCore.Mvc.Infrastructure.ControllerActionInvoker.InvokeNextActionFilterAsync()
--- End of stack trace from previous location where exception was thrown ---
   at Microsoft.AspNetCore.Mvc.Infrastructure.ControllerActionInvoker.Rethrow(ActionExecutedContextSealed context)
   at Microsoft.AspNetCore.Mvc.Infrastructure.ControllerActionInvoker.Next(State& next, Scope& scope, Object& state, Boolean& isCompleted)
   at Microsoft.AspNetCore.Mvc.Infrastructure.ControllerActionInvoker.InvokeInnerFilterAsync()
--- End of stack trace from previous location where exception was thrown ---
   at Microsoft.AspNetCore.Mvc.Infrastructure.ResourceInvoker.<InvokeFilterPipelineAsync>g__Awaited|19_0(ResourceInvoker invoker, Task lastTask, State next, Scope scope, Object state, Boolean isCompleted)
   at Microsoft.AspNetCore.Mvc.Infrastructure.ResourceInvoker.<InvokeAsync>g__Awaited|17_0(ResourceInvoker invoker, Task task, IDisposable scope)
   at Microsoft.AspNetCore.Routing.EndpointMiddleware.<Invoke>g__AwaitRequestTask|6_0(Endpoint endpoint, Task requestTask, ILogger logger)
   at Microsoft.AspNetCore.Authorization.AuthorizationMiddleware.Invoke(HttpContext context)
   at Microsoft.AspNetCore.Authentication.AuthenticationMiddleware.Invoke(HttpContext context)
   at CWB.ExceptionHandling.ExceptionMiddleware.InvokeAsync(HttpContext httpContext) in D:\EvolutionSoftware\CWB-Latest\CWB\CWB.ExceptionHandling\ExceptionMiddleware.cs:line 26
2025-12-05 05:13:56.0106 ERROR Error: AutoMapper.AutoMapperMappingException: Error mapping types.

Mapping types:
EntityQueryable`1 -> IEnumerable`1
Microsoft.EntityFrameworkCore.Query.Internal.EntityQueryable`1[[CWB.Masters.Domain.ItemMaster.PartPurchaseDetails, CWB.Masters, Version=1.0.0.0, Culture=neutral, PublicKeyToken=null]] -> System.Collections.Generic.IEnumerable`1[[CWB.Masters.ViewModels.ItemMaster.PartPurchaseDetailsVM, CWB.Masters, Version=1.0.0.0, Culture=neutral, PublicKeyToken=null]]
 ---> System.InvalidOperationException: An exception has been raised that is likely due to a transient failure. Consider enabling transient error resiliency by adding 'EnableRetryOnFailure()' to the 'UseMySql' call.
 ---> MySqlConnector.MySqlException (0x80004005): Connect Timeout expired. All pooled connections are in use.
   at MySqlConnector.MySqlConnection.CreateSessionAsync(ConnectionPool pool, Int32 startTickCount, Nullable`1 ioBehavior, CancellationToken cancellationToken) in /_/src/MySqlConnector/MySqlConnection.cs:line 902
   at MySqlConnector.MySqlConnection.OpenAsync(Nullable`1 ioBehavior, CancellationToken cancellationToken) in /_/src/MySqlConnector/MySqlConnection.cs:line 435
   at MySqlConnector.MySqlConnection.Open() in /_/src/MySqlConnector/MySqlConnection.cs:line 380
   at Microsoft.EntityFrameworkCore.Storage.RelationalConnection.OpenInternal(Boolean errorsExpected)
   at Microsoft.EntityFrameworkCore.Storage.RelationalConnection.Open(Boolean errorsExpected)
   at Pomelo.EntityFrameworkCore.MySql.Storage.Internal.MySqlRelationalConnection.Open(Boolean errorsExpected)
   at Microsoft.EntityFrameworkCore.Storage.RelationalCommand.ExecuteReader(RelationalCommandParameterObject parameterObject)
   at Microsoft.EntityFrameworkCore.Query.Internal.SingleQueryingEnumerable`1.Enumerator.InitializeReader(DbContext _, Boolean result)
   at Pomelo.EntityFrameworkCore.MySql.Storage.Internal.MySqlExecutionStrategy.Execute[TState,TResult](TState state, Func`3 operation, Func`3 verifySucceeded)
   --- End of inner exception stack trace ---
   at Pomelo.EntityFrameworkCore.MySql.Storage.Internal.MySqlExecutionStrategy.Execute[TState,TResult](TState state, Func`3 operation, Func`3 verifySucceeded)
   at Microsoft.EntityFrameworkCore.Query.Internal.SingleQueryingEnumerable`1.Enumerator.MoveNext()
   at lambda_method(Closure , Object , IEnumerable`1 , ResolutionContext )
   --- End of inner exception stack trace ---
   at lambda_method(Closure , Object , IEnumerable`1 , ResolutionContext )
   at CWB.Masters.Services.ItemMaster.RawMaterialDetailService.GetPartPurchasesForPartNo(Int32 partId, Int64 tenantId) in D:\DockerTestCWB\CWB-Latest\CWB\CWB.Masters\Services\ItemMaster\RawMaterialDetailService.cs:line 262
   at CWB.Masters.Controllers.RawMaterialDetailController.GetPartPurchasesForPartId(Int32 partId, Int64 tenantId) in D:\DockerTestCWB\CWB-Latest\CWB\CWB.Masters\Controllers\RawMaterialDetailController.cs:line 353
   at lambda_method(Closure , Object , Object[] )
   at Microsoft.AspNetCore.Mvc.Infrastructure.ActionMethodExecutor.SyncActionResultExecutor.Execute(IActionResultTypeMapper mapper, ObjectMethodExecutor executor, Object controller, Object[] arguments)
   at Microsoft.AspNetCore.Mvc.Infrastructure.ControllerActionInvoker.InvokeActionMethodAsync()
   at Microsoft.AspNetCore.Mvc.Infrastructure.ControllerActionInvoker.Next(State& next, Scope& scope, Object& state, Boolean& isCompleted)
   at Microsoft.AspNetCore.Mvc.Infrastructure.ControllerActionInvoker.InvokeNextActionFilterAsync()
--- End of stack trace from previous location where exception was thrown ---
   at Microsoft.AspNetCore.Mvc.Infrastructure.ControllerActionInvoker.Rethrow(ActionExecutedContextSealed context)
   at Microsoft.AspNetCore.Mvc.Infrastructure.ControllerActionInvoker.Next(State& next, Scope& scope, Object& state, Boolean& isCompleted)
   at Microsoft.AspNetCore.Mvc.Infrastructure.ControllerActionInvoker.InvokeInnerFilterAsync()
--- End of stack trace from previous location where exception was thrown ---
   at Microsoft.AspNetCore.Mvc.Infrastructure.ResourceInvoker.<InvokeFilterPipelineAsync>g__Awaited|19_0(ResourceInvoker invoker, Task lastTask, State next, Scope scope, Object state, Boolean isCompleted)
   at Microsoft.AspNetCore.Mvc.Infrastructure.ResourceInvoker.<InvokeAsync>g__Awaited|17_0(ResourceInvoker invoker, Task task, IDisposable scope)
   at Microsoft.AspNetCore.Routing.EndpointMiddleware.<Invoke>g__AwaitRequestTask|6_0(Endpoint endpoint, Task requestTask, ILogger logger)
   at Microsoft.AspNetCore.Authorization.AuthorizationMiddleware.Invoke(HttpContext context)
   at Microsoft.AspNetCore.Authentication.AuthenticationMiddleware.Invoke(HttpContext context)
   at CWB.ExceptionHandling.ExceptionMiddleware.InvokeAsync(HttpContext httpContext) in D:\EvolutionSoftware\CWB-Latest\CWB\CWB.ExceptionHandling\ExceptionMiddleware.cs:line 26
2025-12-05 05:13:57.2301 ERROR Error: AutoMapper.AutoMapperMappingException: Error mapping types.

Mapping types:
EntityQueryable`1 -> IEnumerable`1
Microsoft.EntityFrameworkCore.Query.Internal.EntityQueryable`1[[CWB.Masters.Domain.ItemMaster.PartPurchaseDetails, CWB.Masters, Version=1.0.0.0, Culture=neutral, PublicKeyToken=null]] -> System.Collections.Generic.IEnumerable`1[[CWB.Masters.ViewModels.ItemMaster.PartPurchaseDetailsVM, CWB.Masters, Version=1.0.0.0, Culture=neutral, PublicKeyToken=null]]
 ---> System.InvalidOperationException: An exception has been raised that is likely due to a transient failure. Consider enabling transient error resiliency by adding 'EnableRetryOnFailure()' to the 'UseMySql' call.
 ---> MySqlConnector.MySqlException (0x80004005): Connect Timeout expired. All pooled connections are in use.
   at MySqlConnector.MySqlConnection.CreateSessionAsync(ConnectionPool pool, Int32 startTickCount, Nullable`1 ioBehavior, CancellationToken cancellationToken) in /_/src/MySqlConnector/MySqlConnection.cs:line 902
   at MySqlConnector.MySqlConnection.OpenAsync(Nullable`1 ioBehavior, CancellationToken cancellationToken) in /_/src/MySqlConnector/MySqlConnection.cs:line 435
   at MySqlConnector.MySqlConnection.Open() in /_/src/MySqlConnector/MySqlConnection.cs:line 380
   at Microsoft.EntityFrameworkCore.Storage.RelationalConnection.OpenInternal(Boolean errorsExpected)
   at Microsoft.EntityFrameworkCore.Storage.RelationalConnection.Open(Boolean errorsExpected)
   at Pomelo.EntityFrameworkCore.MySql.Storage.Internal.MySqlRelationalConnection.Open(Boolean errorsExpected)
   at Microsoft.EntityFrameworkCore.Storage.RelationalCommand.ExecuteReader(RelationalCommandParameterObject parameterObject)
   at Microsoft.EntityFrameworkCore.Query.Internal.SingleQueryingEnumerable`1.Enumerator.InitializeReader(DbContext _, Boolean result)
   at Pomelo.EntityFrameworkCore.MySql.Storage.Internal.MySqlExecutionStrategy.Execute[TState,TResult](TState state, Func`3 operation, Func`3 verifySucceeded)
   --- End of inner exception stack trace ---
   at Pomelo.EntityFrameworkCore.MySql.Storage.Internal.MySqlExecutionStrategy.Execute[TState,TResult](TState state, Func`3 operation, Func`3 verifySucceeded)
   at Microsoft.EntityFrameworkCore.Query.Internal.SingleQueryingEnumerable`1.Enumerator.MoveNext()
   at lambda_method(Closure , Object , IEnumerable`1 , ResolutionContext )
   --- End of inner exception stack trace ---
   at lambda_method(Closure , Object , IEnumerable`1 , ResolutionContext )
   at CWB.Masters.Services.ItemMaster.RawMaterialDetailService.GetPartPurchasesForPartNo(Int32 partId, Int64 tenantId) in D:\DockerTestCWB\CWB-Latest\CWB\CWB.Masters\Services\ItemMaster\RawMaterialDetailService.cs:line 262
   at CWB.Masters.Controllers.RawMaterialDetailController.GetPartPurchasesForPartId(Int32 partId, Int64 tenantId) in D:\DockerTestCWB\CWB-Latest\CWB\CWB.Masters\Controllers\RawMaterialDetailController.cs:line 353
   at lambda_method(Closure , Object , Object[] )
   at Microsoft.AspNetCore.Mvc.Infrastructure.ActionMethodExecutor.SyncActionResultExecutor.Execute(IActionResultTypeMapper mapper, ObjectMethodExecutor executor, Object controller, Object[] arguments)
   at Microsoft.AspNetCore.Mvc.Infrastructure.ControllerActionInvoker.InvokeActionMethodAsync()
   at Microsoft.AspNetCore.Mvc.Infrastructure.ControllerActionInvoker.Next(State& next, Scope& scope, Object& state, Boolean& isCompleted)
   at Microsoft.AspNetCore.Mvc.Infrastructure.ControllerActionInvoker.InvokeNextActionFilterAsync()
--- End of stack trace from previous location where exception was thrown ---
   at Microsoft.AspNetCore.Mvc.Infrastructure.ControllerActionInvoker.Rethrow(ActionExecutedContextSealed context)
   at Microsoft.AspNetCore.Mvc.Infrastructure.ControllerActionInvoker.Next(State& next, Scope& scope, Object& state, Boolean& isCompleted)
   at Microsoft.AspNetCore.Mvc.Infrastructure.ControllerActionInvoker.InvokeInnerFilterAsync()
--- End of stack trace from previous location where exception was thrown ---
   at Microsoft.AspNetCore.Mvc.Infrastructure.ResourceInvoker.<InvokeFilterPipelineAsync>g__Awaited|19_0(ResourceInvoker invoker, Task lastTask, State next, Scope scope, Object state, Boolean isCompleted)
   at Microsoft.AspNetCore.Mvc.Infrastructure.ResourceInvoker.<InvokeAsync>g__Awaited|17_0(ResourceInvoker invoker, Task task, IDisposable scope)
   at Microsoft.AspNetCore.Routing.EndpointMiddleware.<Invoke>g__AwaitRequestTask|6_0(Endpoint endpoint, Task requestTask, ILogger logger)
   at Microsoft.AspNetCore.Authorization.AuthorizationMiddleware.Invoke(HttpContext context)
   at Microsoft.AspNetCore.Authentication.AuthenticationMiddleware.Invoke(HttpContext context)
   at CWB.ExceptionHandling.ExceptionMiddleware.InvokeAsync(HttpContext httpContext) in D:\EvolutionSoftware\CWB-Latest\CWB\CWB.ExceptionHandling\ExceptionMiddleware.cs:line 26
2025-12-05 05:13:58.2611 ERROR Error: AutoMapper.AutoMapperMappingException: Error mapping types.

Mapping types:
EntityQueryable`1 -> IEnumerable`1
Microsoft.EntityFrameworkCore.Query.Internal.EntityQueryable`1[[CWB.Masters.Domain.ItemMaster.PartPurchaseDetails, CWB.Masters, Version=1.0.0.0, Culture=neutral, PublicKeyToken=null]] -> System.Collections.Generic.IEnumerable`1[[CWB.Masters.ViewModels.ItemMaster.PartPurchaseDetailsVM, CWB.Masters, Version=1.0.0.0, Culture=neutral, PublicKeyToken=null]]
 ---> System.InvalidOperationException: An exception has been raised that is likely due to a transient failure. Consider enabling transient error resiliency by adding 'EnableRetryOnFailure()' to the 'UseMySql' call.
 ---> MySqlConnector.MySqlException (0x80004005): Connect Timeout expired. All pooled connections are in use.
   at MySqlConnector.MySqlConnection.CreateSessionAsync(ConnectionPool pool, Int32 startTickCount, Nullable`1 ioBehavior, CancellationToken cancellationToken) in /_/src/MySqlConnector/MySqlConnection.cs:line 902
   at MySqlConnector.MySqlConnection.OpenAsync(Nullable`1 ioBehavior, CancellationToken cancellationToken) in /_/src/MySqlConnector/MySqlConnection.cs:line 435
   at MySqlConnector.MySqlConnection.Open() in /_/src/MySqlConnector/MySqlConnection.cs:line 380
   at Microsoft.EntityFrameworkCore.Storage.RelationalConnection.OpenInternal(Boolean errorsExpected)
   at Microsoft.EntityFrameworkCore.Storage.RelationalConnection.Open(Boolean errorsExpected)
   at Pomelo.EntityFrameworkCore.MySql.Storage.Internal.MySqlRelationalConnection.Open(Boolean errorsExpected)
   at Microsoft.EntityFrameworkCore.Storage.RelationalCommand.ExecuteReader(RelationalCommandParameterObject parameterObject)
   at Microsoft.EntityFrameworkCore.Query.Internal.SingleQueryingEnumerable`1.Enumerator.InitializeReader(DbContext _, Boolean result)
   at Pomelo.EntityFrameworkCore.MySql.Storage.Internal.MySqlExecutionStrategy.Execute[TState,TResult](TState state, Func`3 operation, Func`3 verifySucceeded)
   --- End of inner exception stack trace ---
   at Pomelo.EntityFrameworkCore.MySql.Storage.Internal.MySqlExecutionStrategy.Execute[TState,TResult](TState state, Func`3 operation, Func`3 verifySucceeded)
   at Microsoft.EntityFrameworkCore.Query.Internal.SingleQueryingEnumerable`1.Enumerator.MoveNext()
   at lambda_method(Closure , Object , IEnumerable`1 , ResolutionContext )
   --- End of inner exception stack trace ---
   at lambda_method(Closure , Object , IEnumerable`1 , ResolutionContext )
   at CWB.Masters.Services.ItemMaster.RawMaterialDetailService.GetPartPurchasesForPartNo(Int32 partId, Int64 tenantId) in D:\DockerTestCWB\CWB-Latest\CWB\CWB.Masters\Services\ItemMaster\RawMaterialDetailService.cs:line 262
   at CWB.Masters.Controllers.RawMaterialDetailController.GetPartPurchasesForPartId(Int32 partId, Int64 tenantId) in D:\DockerTestCWB\CWB-Latest\CWB\CWB.Masters\Controllers\RawMaterialDetailController.cs:line 353
   at lambda_method(Closure , Object , Object[] )
   at Microsoft.AspNetCore.Mvc.Infrastructure.ActionMethodExecutor.SyncActionResultExecutor.Execute(IActionResultTypeMapper mapper, ObjectMethodExecutor executor, Object controller, Object[] arguments)
   at Microsoft.AspNetCore.Mvc.Infrastructure.ControllerActionInvoker.InvokeActionMethodAsync()
   at Microsoft.AspNetCore.Mvc.Infrastructure.ControllerActionInvoker.Next(State& next, Scope& scope, Object& state, Boolean& isCompleted)
   at Microsoft.AspNetCore.Mvc.Infrastructure.ControllerActionInvoker.InvokeNextActionFilterAsync()
--- End of stack trace from previous location where exception was thrown ---
   at Microsoft.AspNetCore.Mvc.Infrastructure.ControllerActionInvoker.Rethrow(ActionExecutedContextSealed context)
   at Microsoft.AspNetCore.Mvc.Infrastructure.ControllerActionInvoker.Next(State& next, Scope& scope, Object& state, Boolean& isCompleted)
   at Microsoft.AspNetCore.Mvc.Infrastructure.ControllerActionInvoker.InvokeInnerFilterAsync()
--- End of stack trace from previous location where exception was thrown ---
   at Microsoft.AspNetCore.Mvc.Infrastructure.ResourceInvoker.<InvokeFilterPipelineAsync>g__Awaited|19_0(ResourceInvoker invoker, Task lastTask, State next, Scope scope, Object state, Boolean isCompleted)
   at Microsoft.AspNetCore.Mvc.Infrastructure.ResourceInvoker.<InvokeAsync>g__Awaited|17_0(ResourceInvoker invoker, Task task, IDisposable scope)
   at Microsoft.AspNetCore.Routing.EndpointMiddleware.<Invoke>g__AwaitRequestTask|6_0(Endpoint endpoint, Task requestTask, ILogger logger)
   at Microsoft.AspNetCore.Authorization.AuthorizationMiddleware.Invoke(HttpContext context)
   at Microsoft.AspNetCore.Authentication.AuthenticationMiddleware.Invoke(HttpContext context)
   at CWB.ExceptionHandling.ExceptionMiddleware.InvokeAsync(HttpContext httpContext) in D:\EvolutionSoftware\CWB-Latest\CWB\CWB.ExceptionHandling\ExceptionMiddleware.cs:line 26
2025-12-05 05:14:03.0034 ERROR Error: AutoMapper.AutoMapperMappingException: Error mapping types.

Mapping types:
EntityQueryable`1 -> IEnumerable`1
Microsoft.EntityFrameworkCore.Query.Internal.EntityQueryable`1[[CWB.Masters.Domain.ItemMaster.PartPurchaseDetails, CWB.Masters, Version=1.0.0.0, Culture=neutral, PublicKeyToken=null]] -> System.Collections.Generic.IEnumerable`1[[CWB.Masters.ViewModels.ItemMaster.PartPurchaseDetailsVM, CWB.Masters, Version=1.0.0.0, Culture=neutral, PublicKeyToken=null]]
 ---> System.InvalidOperationException: An exception has been raised that is likely due to a transient failure. Consider enabling transient error resiliency by adding 'EnableRetryOnFailure()' to the 'UseMySql' call.
 ---> MySqlConnector.MySqlException (0x80004005): Connect Timeout expired. All pooled connections are in use.
   at MySqlConnector.MySqlConnection.CreateSessionAsync(ConnectionPool pool, Int32 startTickCount, Nullable`1 ioBehavior, CancellationToken cancellationToken) in /_/src/MySqlConnector/MySqlConnection.cs:line 902
   at MySqlConnector.MySqlConnection.OpenAsync(Nullable`1 ioBehavior, CancellationToken cancellationToken) in /_/src/MySqlConnector/MySqlConnection.cs:line 435
   at MySqlConnector.MySqlConnection.Open() in /_/src/MySqlConnector/MySqlConnection.cs:line 380
   at Microsoft.EntityFrameworkCore.Storage.RelationalConnection.OpenInternal(Boolean errorsExpected)
   at Microsoft.EntityFrameworkCore.Storage.RelationalConnection.Open(Boolean errorsExpected)
   at Pomelo.EntityFrameworkCore.MySql.Storage.Internal.MySqlRelationalConnection.Open(Boolean errorsExpected)
   at Microsoft.EntityFrameworkCore.Storage.RelationalCommand.ExecuteReader(RelationalCommandParameterObject parameterObject)
   at Microsoft.EntityFrameworkCore.Query.Internal.SingleQueryingEnumerable`1.Enumerator.InitializeReader(DbContext _, Boolean result)
   at Pomelo.EntityFrameworkCore.MySql.Storage.Internal.MySqlExecutionStrategy.Execute[TState,TResult](TState state, Func`3 operation, Func`3 verifySucceeded)
   --- End of inner exception stack trace ---
   at Pomelo.EntityFrameworkCore.MySql.Storage.Internal.MySqlExecutionStrategy.Execute[TState,TResult](TState state, Func`3 operation, Func`3 verifySucceeded)
   at Microsoft.EntityFrameworkCore.Query.Internal.SingleQueryingEnumerable`1.Enumerator.MoveNext()
   at lambda_method(Closure , Object , IEnumerable`1 , ResolutionContext )
   --- End of inner exception stack trace ---
   at lambda_method(Closure , Object , IEnumerable`1 , ResolutionContext )
   at CWB.Masters.Services.ItemMaster.RawMaterialDetailService.GetPartPurchasesForPartNo(Int32 partId, Int64 tenantId) in D:\DockerTestCWB\CWB-Latest\CWB\CWB.Masters\Services\ItemMaster\RawMaterialDetailService.cs:line 262
   at CWB.Masters.Controllers.RawMaterialDetailController.GetPartPurchasesForPartId(Int32 partId, Int64 tenantId) in D:\DockerTestCWB\CWB-Latest\CWB\CWB.Masters\Controllers\RawMaterialDetailController.cs:line 353
   at lambda_method(Closure , Object , Object[] )
   at Microsoft.AspNetCore.Mvc.Infrastructure.ActionMethodExecutor.SyncActionResultExecutor.Execute(IActionResultTypeMapper mapper, ObjectMethodExecutor executor, Object controller, Object[] arguments)
   at Microsoft.AspNetCore.Mvc.Infrastructure.ControllerActionInvoker.InvokeActionMethodAsync()
   at Microsoft.AspNetCore.Mvc.Infrastructure.ControllerActionInvoker.Next(State& next, Scope& scope, Object& state, Boolean& isCompleted)
   at Microsoft.AspNetCore.Mvc.Infrastructure.ControllerActionInvoker.InvokeNextActionFilterAsync()
--- End of stack trace from previous location where exception was thrown ---
   at Microsoft.AspNetCore.Mvc.Infrastructure.ControllerActionInvoker.Rethrow(ActionExecutedContextSealed context)
   at Microsoft.AspNetCore.Mvc.Infrastructure.ControllerActionInvoker.Next(State& next, Scope& scope, Object& state, Boolean& isCompleted)
   at Microsoft.AspNetCore.Mvc.Infrastructure.ControllerActionInvoker.InvokeInnerFilterAsync()
--- End of stack trace from previous location where exception was thrown ---
   at Microsoft.AspNetCore.Mvc.Infrastructure.ResourceInvoker.<InvokeFilterPipelineAsync>g__Awaited|19_0(ResourceInvoker invoker, Task lastTask, State next, Scope scope, Object state, Boolean isCompleted)
   at Microsoft.AspNetCore.Mvc.Infrastructure.ResourceInvoker.<InvokeAsync>g__Awaited|17_0(ResourceInvoker invoker, Task task, IDisposable scope)
   at Microsoft.AspNetCore.Routing.EndpointMiddleware.<Invoke>g__AwaitRequestTask|6_0(Endpoint endpoint, Task requestTask, ILogger logger)
   at Microsoft.AspNetCore.Authorization.AuthorizationMiddleware.Invoke(HttpContext context)
   at Microsoft.AspNetCore.Authentication.AuthenticationMiddleware.Invoke(HttpContext context)
   at CWB.ExceptionHandling.ExceptionMiddleware.InvokeAsync(HttpContext httpContext) in D:\EvolutionSoftware\CWB-Latest\CWB\CWB.ExceptionHandling\ExceptionMiddleware.cs:line 26
2025-12-05 05:14:11.6838 ERROR Error: AutoMapper.AutoMapperMappingException: Error mapping types.

Mapping types:
EntityQueryable`1 -> IEnumerable`1
Microsoft.EntityFrameworkCore.Query.Internal.EntityQueryable`1[[CWB.Masters.Domain.ItemMaster.PartPurchaseDetails, CWB.Masters, Version=1.0.0.0, Culture=neutral, PublicKeyToken=null]] -> System.Collections.Generic.IEnumerable`1[[CWB.Masters.ViewModels.ItemMaster.PartPurchaseDetailsVM, CWB.Masters, Version=1.0.0.0, Culture=neutral, PublicKeyToken=null]]
 ---> System.InvalidOperationException: An exception has been raised that is likely due to a transient failure. Consider enabling transient error resiliency by adding 'EnableRetryOnFailure()' to the 'UseMySql' call.
 ---> MySqlConnector.MySqlException (0x80004005): Connect Timeout expired. All pooled connections are in use.
   at MySqlConnector.MySqlConnection.CreateSessionAsync(ConnectionPool pool, Int32 startTickCount, Nullable`1 ioBehavior, CancellationToken cancellationToken) in /_/src/MySqlConnector/MySqlConnection.cs:line 902
   at MySqlConnector.MySqlConnection.OpenAsync(Nullable`1 ioBehavior, CancellationToken cancellationToken) in /_/src/MySqlConnector/MySqlConnection.cs:line 435
   at MySqlConnector.MySqlConnection.Open() in /_/src/MySqlConnector/MySqlConnection.cs:line 380
   at Microsoft.EntityFrameworkCore.Storage.RelationalConnection.OpenInternal(Boolean errorsExpected)
   at Microsoft.EntityFrameworkCore.Storage.RelationalConnection.Open(Boolean errorsExpected)
   at Pomelo.EntityFrameworkCore.MySql.Storage.Internal.MySqlRelationalConnection.Open(Boolean errorsExpected)
   at Microsoft.EntityFrameworkCore.Storage.RelationalCommand.ExecuteReader(RelationalCommandParameterObject parameterObject)
   at Microsoft.EntityFrameworkCore.Query.Internal.SingleQueryingEnumerable`1.Enumerator.InitializeReader(DbContext _, Boolean result)
   at Pomelo.EntityFrameworkCore.MySql.Storage.Internal.MySqlExecutionStrategy.Execute[TState,TResult](TState state, Func`3 operation, Func`3 verifySucceeded)
   --- End of inner exception stack trace ---
   at Pomelo.EntityFrameworkCore.MySql.Storage.Internal.MySqlExecutionStrategy.Execute[TState,TResult](TState state, Func`3 operation, Func`3 verifySucceeded)
   at Microsoft.EntityFrameworkCore.Query.Internal.SingleQueryingEnumerable`1.Enumerator.MoveNext()
   at lambda_method(Closure , Object , IEnumerable`1 , ResolutionContext )
   --- End of inner exception stack trace ---
   at lambda_method(Closure , Object , IEnumerable`1 , ResolutionContext )
   at CWB.Masters.Services.ItemMaster.RawMaterialDetailService.GetPartPurchasesForPartNo(Int32 partId, Int64 tenantId) in D:\DockerTestCWB\CWB-Latest\CWB\CWB.Masters\Services\ItemMaster\RawMaterialDetailService.cs:line 262
   at CWB.Masters.Controllers.RawMaterialDetailController.GetPartPurchasesForPartId(Int32 partId, Int64 tenantId) in D:\DockerTestCWB\CWB-Latest\CWB\CWB.Masters\Controllers\RawMaterialDetailController.cs:line 353
   at lambda_method(Closure , Object , Object[] )
   at Microsoft.AspNetCore.Mvc.Infrastructure.ActionMethodExecutor.SyncActionResultExecutor.Execute(IActionResultTypeMapper mapper, ObjectMethodExecutor executor, Object controller, Object[] arguments)
   at Microsoft.AspNetCore.Mvc.Infrastructure.ControllerActionInvoker.InvokeActionMethodAsync()
   at Microsoft.AspNetCore.Mvc.Infrastructure.ControllerActionInvoker.Next(State& next, Scope& scope, Object& state, Boolean& isCompleted)
   at Microsoft.AspNetCore.Mvc.Infrastructure.ControllerActionInvoker.InvokeNextActionFilterAsync()
--- End of stack trace from previous location where exception was thrown ---
   at Microsoft.AspNetCore.Mvc.Infrastructure.ControllerActionInvoker.Rethrow(ActionExecutedContextSealed context)
   at Microsoft.AspNetCore.Mvc.Infrastructure.ControllerActionInvoker.Next(State& next, Scope& scope, Object& state, Boolean& isCompleted)
   at Microsoft.AspNetCore.Mvc.Infrastructure.ControllerActionInvoker.InvokeInnerFilterAsync()
--- End of stack trace from previous location where exception was thrown ---
   at Microsoft.AspNetCore.Mvc.Infrastructure.ResourceInvoker.<InvokeFilterPipelineAsync>g__Awaited|19_0(ResourceInvoker invoker, Task lastTask, State next, Scope scope, Object state, Boolean isCompleted)
   at Microsoft.AspNetCore.Mvc.Infrastructure.ResourceInvoker.<InvokeAsync>g__Awaited|17_0(ResourceInvoker invoker, Task task, IDisposable scope)
   at Microsoft.AspNetCore.Routing.EndpointMiddleware.<Invoke>g__AwaitRequestTask|6_0(Endpoint endpoint, Task requestTask, ILogger logger)
   at Microsoft.AspNetCore.Authorization.AuthorizationMiddleware.Invoke(HttpContext context)
   at Microsoft.AspNetCore.Authentication.AuthenticationMiddleware.Invoke(HttpContext context)
   at CWB.ExceptionHandling.ExceptionMiddleware.InvokeAsync(HttpContext httpContext) in D:\EvolutionSoftware\CWB-Latest\CWB\CWB.ExceptionHandling\ExceptionMiddleware.cs:line 26
2025-12-05 05:14:22.9237 ERROR Error: AutoMapper.AutoMapperMappingException: Error mapping types.

Mapping types:
EntityQueryable`1 -> IEnumerable`1
Microsoft.EntityFrameworkCore.Query.Internal.EntityQueryable`1[[CWB.Masters.Domain.ItemMaster.PartPurchaseDetails, CWB.Masters, Version=1.0.0.0, Culture=neutral, PublicKeyToken=null]] -> System.Collections.Generic.IEnumerable`1[[CWB.Masters.ViewModels.ItemMaster.PartPurchaseDetailsVM, CWB.Masters, Version=1.0.0.0, Culture=neutral, PublicKeyToken=null]]
 ---> System.InvalidOperationException: An exception has been raised that is likely due to a transient failure. Consider enabling transient error resiliency by adding 'EnableRetryOnFailure()' to the 'UseMySql' call.
 ---> MySqlConnector.MySqlException (0x80004005): Connect Timeout expired. All pooled connections are in use.
   at MySqlConnector.MySqlConnection.CreateSessionAsync(ConnectionPool pool, Int32 startTickCount, Nullable`1 ioBehavior, CancellationToken cancellationToken) in /_/src/MySqlConnector/MySqlConnection.cs:line 902
   at MySqlConnector.MySqlConnection.OpenAsync(Nullable`1 ioBehavior, CancellationToken cancellationToken) in /_/src/MySqlConnector/MySqlConnection.cs:line 435
   at MySqlConnector.MySqlConnection.Open() in /_/src/MySqlConnector/MySqlConnection.cs:line 380
   at Microsoft.EntityFrameworkCore.Storage.RelationalConnection.OpenInternal(Boolean errorsExpected)
   at Microsoft.EntityFrameworkCore.Storage.RelationalConnection.Open(Boolean errorsExpected)
   at Pomelo.EntityFrameworkCore.MySql.Storage.Internal.MySqlRelationalConnection.Open(Boolean errorsExpected)
   at Microsoft.EntityFrameworkCore.Storage.RelationalCommand.ExecuteReader(RelationalCommandParameterObject parameterObject)
   at Microsoft.EntityFrameworkCore.Query.Internal.SingleQueryingEnumerable`1.Enumerator.InitializeReader(DbContext _, Boolean result)
   at Pomelo.EntityFrameworkCore.MySql.Storage.Internal.MySqlExecutionStrategy.Execute[TState,TResult](TState state, Func`3 operation, Func`3 verifySucceeded)
   --- End of inner exception stack trace ---
   at Pomelo.EntityFrameworkCore.MySql.Storage.Internal.MySqlExecutionStrategy.Execute[TState,TResult](TState state, Func`3 operation, Func`3 verifySucceeded)
   at Microsoft.EntityFrameworkCore.Query.Internal.SingleQueryingEnumerable`1.Enumerator.MoveNext()
   at lambda_method(Closure , Object , IEnumerable`1 , ResolutionContext )
   --- End of inner exception stack trace ---
   at lambda_method(Closure , Object , IEnumerable`1 , ResolutionContext )
   at CWB.Masters.Services.ItemMaster.RawMaterialDetailService.GetPartPurchasesForPartNo(Int32 partId, Int64 tenantId) in D:\DockerTestCWB\CWB-Latest\CWB\CWB.Masters\Services\ItemMaster\RawMaterialDetailService.cs:line 262
   at CWB.Masters.Controllers.RawMaterialDetailController.GetPartPurchasesForPartId(Int32 partId, Int64 tenantId) in D:\DockerTestCWB\CWB-Latest\CWB\CWB.Masters\Controllers\RawMaterialDetailController.cs:line 353
   at lambda_method(Closure , Object , Object[] )
   at Microsoft.AspNetCore.Mvc.Infrastructure.ActionMethodExecutor.SyncActionResultExecutor.Execute(IActionResultTypeMapper mapper, ObjectMethodExecutor executor, Object controller, Object[] arguments)
   at Microsoft.AspNetCore.Mvc.Infrastructure.ControllerActionInvoker.InvokeActionMethodAsync()
   at Microsoft.AspNetCore.Mvc.Infrastructure.ControllerActionInvoker.Next(State& next, Scope& scope, Object& state, Boolean& isCompleted)
   at Microsoft.AspNetCore.Mvc.Infrastructure.ControllerActionInvoker.InvokeNextActionFilterAsync()
--- End of stack trace from previous location where exception was thrown ---
   at Microsoft.AspNetCore.Mvc.Infrastructure.ControllerActionInvoker.Rethrow(ActionExecutedContextSealed context)
   at Microsoft.AspNetCore.Mvc.Infrastructure.ControllerActionInvoker.Next(State& next, Scope& scope, Object& state, Boolean& isCompleted)
   at Microsoft.AspNetCore.Mvc.Infrastructure.ControllerActionInvoker.InvokeInnerFilterAsync()
--- End of stack trace from previous location where exception was thrown ---
   at Microsoft.AspNetCore.Mvc.Infrastructure.ResourceInvoker.<InvokeFilterPipelineAsync>g__Awaited|19_0(ResourceInvoker invoker, Task lastTask, State next, Scope scope, Object state, Boolean isCompleted)
   at Microsoft.AspNetCore.Mvc.Infrastructure.ResourceInvoker.<InvokeAsync>g__Awaited|17_0(ResourceInvoker invoker, Task task, IDisposable scope)
   at Microsoft.AspNetCore.Routing.EndpointMiddleware.<Invoke>g__AwaitRequestTask|6_0(Endpoint endpoint, Task requestTask, ILogger logger)
   at Microsoft.AspNetCore.Authorization.AuthorizationMiddleware.Invoke(HttpContext context)
   at Microsoft.AspNetCore.Authentication.AuthenticationMiddleware.Invoke(HttpContext context)
   at CWB.ExceptionHandling.ExceptionMiddleware.InvokeAsync(HttpContext httpContext) in D:\EvolutionSoftware\CWB-Latest\CWB\CWB.ExceptionHandling\ExceptionMiddleware.cs:line 26
2025-12-05 05:14:22.9839 ERROR Error: AutoMapper.AutoMapperMappingException: Error mapping types.

Mapping types:
EntityQueryable`1 -> IEnumerable`1
Microsoft.EntityFrameworkCore.Query.Internal.EntityQueryable`1[[CWB.Masters.Domain.ItemMaster.PartPurchaseDetails, CWB.Masters, Version=1.0.0.0, Culture=neutral, PublicKeyToken=null]] -> System.Collections.Generic.IEnumerable`1[[CWB.Masters.ViewModels.ItemMaster.PartPurchaseDetailsVM, CWB.Masters, Version=1.0.0.0, Culture=neutral, PublicKeyToken=null]]
 ---> System.InvalidOperationException: An exception has been raised that is likely due to a transient failure. Consider enabling transient error resiliency by adding 'EnableRetryOnFailure()' to the 'UseMySql' call.
 ---> MySqlConnector.MySqlException (0x80004005): Connect Timeout expired. All pooled connections are in use.
   at MySqlConnector.MySqlConnection.CreateSessionAsync(ConnectionPool pool, Int32 startTickCount, Nullable`1 ioBehavior, CancellationToken cancellationToken) in /_/src/MySqlConnector/MySqlConnection.cs:line 902
   at MySqlConnector.MySqlConnection.OpenAsync(Nullable`1 ioBehavior, CancellationToken cancellationToken) in /_/src/MySqlConnector/MySqlConnection.cs:line 435
   at MySqlConnector.MySqlConnection.Open() in /_/src/MySqlConnector/MySqlConnection.cs:line 380
   at Microsoft.EntityFrameworkCore.Storage.RelationalConnection.OpenInternal(Boolean errorsExpected)
   at Microsoft.EntityFrameworkCore.Storage.RelationalConnection.Open(Boolean errorsExpected)
   at Pomelo.EntityFrameworkCore.MySql.Storage.Internal.MySqlRelationalConnection.Open(Boolean errorsExpected)
   at Microsoft.EntityFrameworkCore.Storage.RelationalCommand.ExecuteReader(RelationalCommandParameterObject parameterObject)
   at Microsoft.EntityFrameworkCore.Query.Internal.SingleQueryingEnumerable`1.Enumerator.InitializeReader(DbContext _, Boolean result)
   at Pomelo.EntityFrameworkCore.MySql.Storage.Internal.MySqlExecutionStrategy.Execute[TState,TResult](TState state, Func`3 operation, Func`3 verifySucceeded)
   --- End of inner exception stack trace ---
   at Pomelo.EntityFrameworkCore.MySql.Storage.Internal.MySqlExecutionStrategy.Execute[TState,TResult](TState state, Func`3 operation, Func`3 verifySucceeded)
   at Microsoft.EntityFrameworkCore.Query.Internal.SingleQueryingEnumerable`1.Enumerator.MoveNext()
   at lambda_method(Closure , Object , IEnumerable`1 , ResolutionContext )
   --- End of inner exception stack trace ---
   at lambda_method(Closure , Object , IEnumerable`1 , ResolutionContext )
   at CWB.Masters.Services.ItemMaster.RawMaterialDetailService.GetPartPurchasesForPartNo(Int32 partId, Int64 tenantId) in D:\DockerTestCWB\CWB-Latest\CWB\CWB.Masters\Services\ItemMaster\RawMaterialDetailService.cs:line 262
   at CWB.Masters.Controllers.RawMaterialDetailController.GetPartPurchasesForPartId(Int32 partId, Int64 tenantId) in D:\DockerTestCWB\CWB-Latest\CWB\CWB.Masters\Controllers\RawMaterialDetailController.cs:line 353
   at lambda_method(Closure , Object , Object[] )
   at Microsoft.AspNetCore.Mvc.Infrastructure.ActionMethodExecutor.SyncActionResultExecutor.Execute(IActionResultTypeMapper mapper, ObjectMethodExecutor executor, Object controller, Object[] arguments)
   at Microsoft.AspNetCore.Mvc.Infrastructure.ControllerActionInvoker.InvokeActionMethodAsync()
   at Microsoft.AspNetCore.Mvc.Infrastructure.ControllerActionInvoker.Next(State& next, Scope& scope, Object& state, Boolean& isCompleted)
   at Microsoft.AspNetCore.Mvc.Infrastructure.ControllerActionInvoker.InvokeNextActionFilterAsync()
--- End of stack trace from previous location where exception was thrown ---
   at Microsoft.AspNetCore.Mvc.Infrastructure.ControllerActionInvoker.Rethrow(ActionExecutedContextSealed context)
   at Microsoft.AspNetCore.Mvc.Infrastructure.ControllerActionInvoker.Next(State& next, Scope& scope, Object& state, Boolean& isCompleted)
   at Microsoft.AspNetCore.Mvc.Infrastructure.ControllerActionInvoker.InvokeInnerFilterAsync()
--- End of stack trace from previous location where exception was thrown ---
   at Microsoft.AspNetCore.Mvc.Infrastructure.ResourceInvoker.<InvokeFilterPipelineAsync>g__Awaited|19_0(ResourceInvoker invoker, Task lastTask, State next, Scope scope, Object state, Boolean isCompleted)
   at Microsoft.AspNetCore.Mvc.Infrastructure.ResourceInvoker.<InvokeAsync>g__Awaited|17_0(ResourceInvoker invoker, Task task, IDisposable scope)
   at Microsoft.AspNetCore.Routing.EndpointMiddleware.<Invoke>g__AwaitRequestTask|6_0(Endpoint endpoint, Task requestTask, ILogger logger)
   at Microsoft.AspNetCore.Authorization.AuthorizationMiddleware.Invoke(HttpContext context)
   at Microsoft.AspNetCore.Authentication.AuthenticationMiddleware.Invoke(HttpContext context)
   at CWB.ExceptionHandling.ExceptionMiddleware.InvokeAsync(HttpContext httpContext) in D:\EvolutionSoftware\CWB-Latest\CWB\CWB.ExceptionHandling\ExceptionMiddleware.cs:line 26
2025-12-05 05:14:22.9839 ERROR Error: AutoMapper.AutoMapperMappingException: Error mapping types.

Mapping types:
EntityQueryable`1 -> IEnumerable`1
Microsoft.EntityFrameworkCore.Query.Internal.EntityQueryable`1[[CWB.Masters.Domain.ItemMaster.PartPurchaseDetails, CWB.Masters, Version=1.0.0.0, Culture=neutral, PublicKeyToken=null]] -> System.Collections.Generic.IEnumerable`1[[CWB.Masters.ViewModels.ItemMaster.PartPurchaseDetailsVM, CWB.Masters, Version=1.0.0.0, Culture=neutral, PublicKeyToken=null]]
 ---> System.InvalidOperationException: An exception has been raised that is likely due to a transient failure. Consider enabling transient error resiliency by adding 'EnableRetryOnFailure()' to the 'UseMySql' call.
 ---> MySqlConnector.MySqlException (0x80004005): Connect Timeout expired. All pooled connections are in use.
   at MySqlConnector.MySqlConnection.CreateSessionAsync(ConnectionPool pool, Int32 startTickCount, Nullable`1 ioBehavior, CancellationToken cancellationToken) in /_/src/MySqlConnector/MySqlConnection.cs:line 902
   at MySqlConnector.MySqlConnection.OpenAsync(Nullable`1 ioBehavior, CancellationToken cancellationToken) in /_/src/MySqlConnector/MySqlConnection.cs:line 435
   at MySqlConnector.MySqlConnection.Open() in /_/src/MySqlConnector/MySqlConnection.cs:line 380
   at Microsoft.EntityFrameworkCore.Storage.RelationalConnection.OpenInternal(Boolean errorsExpected)
   at Microsoft.EntityFrameworkCore.Storage.RelationalConnection.Open(Boolean errorsExpected)
   at Pomelo.EntityFrameworkCore.MySql.Storage.Internal.MySqlRelationalConnection.Open(Boolean errorsExpected)
   at Microsoft.EntityFrameworkCore.Storage.RelationalCommand.ExecuteReader(RelationalCommandParameterObject parameterObject)
   at Microsoft.EntityFrameworkCore.Query.Internal.SingleQueryingEnumerable`1.Enumerator.InitializeReader(DbContext _, Boolean result)
   at Pomelo.EntityFrameworkCore.MySql.Storage.Internal.MySqlExecutionStrategy.Execute[TState,TResult](TState state, Func`3 operation, Func`3 verifySucceeded)
   --- End of inner exception stack trace ---
   at Pomelo.EntityFrameworkCore.MySql.Storage.Internal.MySqlExecutionStrategy.Execute[TState,TResult](TState state, Func`3 operation, Func`3 verifySucceeded)
   at Microsoft.EntityFrameworkCore.Query.Internal.SingleQueryingEnumerable`1.Enumerator.MoveNext()
   at lambda_method(Closure , Object , IEnumerable`1 , ResolutionContext )
   --- End of inner exception stack trace ---
   at lambda_method(Closure , Object , IEnumerable`1 , ResolutionContext )
   at CWB.Masters.Services.ItemMaster.RawMaterialDetailService.GetPartPurchasesForPartNo(Int32 partId, Int64 tenantId) in D:\DockerTestCWB\CWB-Latest\CWB\CWB.Masters\Services\ItemMaster\RawMaterialDetailService.cs:line 262
   at CWB.Masters.Controllers.RawMaterialDetailController.GetPartPurchasesForPartId(Int32 partId, Int64 tenantId) in D:\DockerTestCWB\CWB-Latest\CWB\CWB.Masters\Controllers\RawMaterialDetailController.cs:line 353
   at lambda_method(Closure , Object , Object[] )
   at Microsoft.AspNetCore.Mvc.Infrastructure.ActionMethodExecutor.SyncActionResultExecutor.Execute(IActionResultTypeMapper mapper, ObjectMethodExecutor executor, Object controller, Object[] arguments)
   at Microsoft.AspNetCore.Mvc.Infrastructure.ControllerActionInvoker.InvokeActionMethodAsync()
   at Microsoft.AspNetCore.Mvc.Infrastructure.ControllerActionInvoker.Next(State& next, Scope& scope, Object& state, Boolean& isCompleted)
   at Microsoft.AspNetCore.Mvc.Infrastructure.ControllerActionInvoker.InvokeNextActionFilterAsync()
--- End of stack trace from previous location where exception was thrown ---
   at Microsoft.AspNetCore.Mvc.Infrastructure.ControllerActionInvoker.Rethrow(ActionExecutedContextSealed context)
   at Microsoft.AspNetCore.Mvc.Infrastructure.ControllerActionInvoker.Next(State& next, Scope& scope, Object& state, Boolean& isCompleted)
   at Microsoft.AspNetCore.Mvc.Infrastructure.ControllerActionInvoker.InvokeInnerFilterAsync()
--- End of stack trace from previous location where exception was thrown ---
   at Microsoft.AspNetCore.Mvc.Infrastructure.ResourceInvoker.<InvokeFilterPipelineAsync>g__Awaited|19_0(ResourceInvoker invoker, Task lastTask, State next, Scope scope, Object state, Boolean isCompleted)
   at Microsoft.AspNetCore.Mvc.Infrastructure.ResourceInvoker.<InvokeAsync>g__Awaited|17_0(ResourceInvoker invoker, Task task, IDisposable scope)
   at Microsoft.AspNetCore.Routing.EndpointMiddleware.<Invoke>g__AwaitRequestTask|6_0(Endpoint endpoint, Task requestTask, ILogger logger)
   at Microsoft.AspNetCore.Authorization.AuthorizationMiddleware.Invoke(HttpContext context)
   at Microsoft.AspNetCore.Authentication.AuthenticationMiddleware.Invoke(HttpContext context)
   at CWB.ExceptionHandling.ExceptionMiddleware.InvokeAsync(HttpContext httpContext) in D:\EvolutionSoftware\CWB-Latest\CWB\CWB.ExceptionHandling\ExceptionMiddleware.cs:line 26
2025-12-05 05:14:22.9972 ERROR Error: AutoMapper.AutoMapperMappingException: Error mapping types.

Mapping types:
EntityQueryable`1 -> IEnumerable`1
Microsoft.EntityFrameworkCore.Query.Internal.EntityQueryable`1[[CWB.Masters.Domain.ItemMaster.PartPurchaseDetails, CWB.Masters, Version=1.0.0.0, Culture=neutral, PublicKeyToken=null]] -> System.Collections.Generic.IEnumerable`1[[CWB.Masters.ViewModels.ItemMaster.PartPurchaseDetailsVM, CWB.Masters, Version=1.0.0.0, Culture=neutral, PublicKeyToken=null]]
 ---> System.InvalidOperationException: An exception has been raised that is likely due to a transient failure. Consider enabling transient error resiliency by adding 'EnableRetryOnFailure()' to the 'UseMySql' call.
 ---> MySqlConnector.MySqlException (0x80004005): Connect Timeout expired. All pooled connections are in use.
   at MySqlConnector.MySqlConnection.CreateSessionAsync(ConnectionPool pool, Int32 startTickCount, Nullable`1 ioBehavior, CancellationToken cancellationToken) in /_/src/MySqlConnector/MySqlConnection.cs:line 902
   at MySqlConnector.MySqlConnection.OpenAsync(Nullable`1 ioBehavior, CancellationToken cancellationToken) in /_/src/MySqlConnector/MySqlConnection.cs:line 435
   at MySqlConnector.MySqlConnection.Open() in /_/src/MySqlConnector/MySqlConnection.cs:line 380
   at Microsoft.EntityFrameworkCore.Storage.RelationalConnection.OpenInternal(Boolean errorsExpected)
   at Microsoft.EntityFrameworkCore.Storage.RelationalConnection.Open(Boolean errorsExpected)
   at Pomelo.EntityFrameworkCore.MySql.Storage.Internal.MySqlRelationalConnection.Open(Boolean errorsExpected)
   at Microsoft.EntityFrameworkCore.Storage.RelationalCommand.ExecuteReader(RelationalCommandParameterObject parameterObject)
   at Microsoft.EntityFrameworkCore.Query.Internal.SingleQueryingEnumerable`1.Enumerator.InitializeReader(DbContext _, Boolean result)
   at Pomelo.EntityFrameworkCore.MySql.Storage.Internal.MySqlExecutionStrategy.Execute[TState,TResult](TState state, Func`3 operation, Func`3 verifySucceeded)
   --- End of inner exception stack trace ---
   at Pomelo.EntityFrameworkCore.MySql.Storage.Internal.MySqlExecutionStrategy.Execute[TState,TResult](TState state, Func`3 operation, Func`3 verifySucceeded)
   at Microsoft.EntityFrameworkCore.Query.Internal.SingleQueryingEnumerable`1.Enumerator.MoveNext()
   at lambda_method(Closure , Object , IEnumerable`1 , ResolutionContext )
   --- End of inner exception stack trace ---
   at lambda_method(Closure , Object , IEnumerable`1 , ResolutionContext )
   at CWB.Masters.Services.ItemMaster.RawMaterialDetailService.GetPartPurchasesForPartNo(Int32 partId, Int64 tenantId) in D:\DockerTestCWB\CWB-Latest\CWB\CWB.Masters\Services\ItemMaster\RawMaterialDetailService.cs:line 262
   at CWB.Masters.Controllers.RawMaterialDetailController.GetPartPurchasesForPartId(Int32 partId, Int64 tenantId) in D:\DockerTestCWB\CWB-Latest\CWB\CWB.Masters\Controllers\RawMaterialDetailController.cs:line 353
   at lambda_method(Closure , Object , Object[] )
   at Microsoft.AspNetCore.Mvc.Infrastructure.ActionMethodExecutor.SyncActionResultExecutor.Execute(IActionResultTypeMapper mapper, ObjectMethodExecutor executor, Object controller, Object[] arguments)
   at Microsoft.AspNetCore.Mvc.Infrastructure.ControllerActionInvoker.InvokeActionMethodAsync()
   at Microsoft.AspNetCore.Mvc.Infrastructure.ControllerActionInvoker.Next(State& next, Scope& scope, Object& state, Boolean& isCompleted)
   at Microsoft.AspNetCore.Mvc.Infrastructure.ControllerActionInvoker.InvokeNextActionFilterAsync()
--- End of stack trace from previous location where exception was thrown ---
   at Microsoft.AspNetCore.Mvc.Infrastructure.ControllerActionInvoker.Rethrow(ActionExecutedContextSealed context)
   at Microsoft.AspNetCore.Mvc.Infrastructure.ControllerActionInvoker.Next(State& next, Scope& scope, Object& state, Boolean& isCompleted)
   at Microsoft.AspNetCore.Mvc.Infrastructure.ControllerActionInvoker.InvokeInnerFilterAsync()
--- End of stack trace from previous location where exception was thrown ---
   at Microsoft.AspNetCore.Mvc.Infrastructure.ResourceInvoker.<InvokeFilterPipelineAsync>g__Awaited|19_0(ResourceInvoker invoker, Task lastTask, State next, Scope scope, Object state, Boolean isCompleted)
   at Microsoft.AspNetCore.Mvc.Infrastructure.ResourceInvoker.<InvokeAsync>g__Awaited|17_0(ResourceInvoker invoker, Task task, IDisposable scope)
   at Microsoft.AspNetCore.Routing.EndpointMiddleware.<Invoke>g__AwaitRequestTask|6_0(Endpoint endpoint, Task requestTask, ILogger logger)
   at Microsoft.AspNetCore.Authorization.AuthorizationMiddleware.Invoke(HttpContext context)
   at Microsoft.AspNetCore.Authentication.AuthenticationMiddleware.Invoke(HttpContext context)
   at CWB.ExceptionHandling.ExceptionMiddleware.InvokeAsync(HttpContext httpContext) in D:\EvolutionSoftware\CWB-Latest\CWB\CWB.ExceptionHandling\ExceptionMiddleware.cs:line 26
2025-12-05 05:14:25.7595 ERROR Error: AutoMapper.AutoMapperMappingException: Error mapping types.

Mapping types:
EntityQueryable`1 -> IEnumerable`1
Microsoft.EntityFrameworkCore.Query.Internal.EntityQueryable`1[[CWB.Masters.Domain.ItemMaster.PartPurchaseDetails, CWB.Masters, Version=1.0.0.0, Culture=neutral, PublicKeyToken=null]] -> System.Collections.Generic.IEnumerable`1[[CWB.Masters.ViewModels.ItemMaster.PartPurchaseDetailsVM, CWB.Masters, Version=1.0.0.0, Culture=neutral, PublicKeyToken=null]]
 ---> System.InvalidOperationException: An exception has been raised that is likely due to a transient failure. Consider enabling transient error resiliency by adding 'EnableRetryOnFailure()' to the 'UseMySql' call.
 ---> MySqlConnector.MySqlException (0x80004005): Connect Timeout expired. All pooled connections are in use.
   at MySqlConnector.MySqlConnection.CreateSessionAsync(ConnectionPool pool, Int32 startTickCount, Nullable`1 ioBehavior, CancellationToken cancellationToken) in /_/src/MySqlConnector/MySqlConnection.cs:line 902
   at MySqlConnector.MySqlConnection.OpenAsync(Nullable`1 ioBehavior, CancellationToken cancellationToken) in /_/src/MySqlConnector/MySqlConnection.cs:line 435
   at MySqlConnector.MySqlConnection.Open() in /_/src/MySqlConnector/MySqlConnection.cs:line 380
   at Microsoft.EntityFrameworkCore.Storage.RelationalConnection.OpenInternal(Boolean errorsExpected)
   at Microsoft.EntityFrameworkCore.Storage.RelationalConnection.Open(Boolean errorsExpected)
   at Pomelo.EntityFrameworkCore.MySql.Storage.Internal.MySqlRelationalConnection.Open(Boolean errorsExpected)
   at Microsoft.EntityFrameworkCore.Storage.RelationalCommand.ExecuteReader(RelationalCommandParameterObject parameterObject)
   at Microsoft.EntityFrameworkCore.Query.Internal.SingleQueryingEnumerable`1.Enumerator.InitializeReader(DbContext _, Boolean result)
   at Pomelo.EntityFrameworkCore.MySql.Storage.Internal.MySqlExecutionStrategy.Execute[TState,TResult](TState state, Func`3 operation, Func`3 verifySucceeded)
   --- End of inner exception stack trace ---
   at Pomelo.EntityFrameworkCore.MySql.Storage.Internal.MySqlExecutionStrategy.Execute[TState,TResult](TState state, Func`3 operation, Func`3 verifySucceeded)
   at Microsoft.EntityFrameworkCore.Query.Internal.SingleQueryingEnumerable`1.Enumerator.MoveNext()
   at lambda_method(Closure , Object , IEnumerable`1 , ResolutionContext )
   --- End of inner exception stack trace ---
   at lambda_method(Closure , Object , IEnumerable`1 , ResolutionContext )
   at CWB.Masters.Services.ItemMaster.RawMaterialDetailService.GetPartPurchasesForPartNo(Int32 partId, Int64 tenantId) in D:\DockerTestCWB\CWB-Latest\CWB\CWB.Masters\Services\ItemMaster\RawMaterialDetailService.cs:line 262
   at CWB.Masters.Controllers.RawMaterialDetailController.GetPartPurchasesForPartId(Int32 partId, Int64 tenantId) in D:\DockerTestCWB\CWB-Latest\CWB\CWB.Masters\Controllers\RawMaterialDetailController.cs:line 353
   at lambda_method(Closure , Object , Object[] )
   at Microsoft.AspNetCore.Mvc.Infrastructure.ActionMethodExecutor.SyncActionResultExecutor.Execute(IActionResultTypeMapper mapper, ObjectMethodExecutor executor, Object controller, Object[] arguments)
   at Microsoft.AspNetCore.Mvc.Infrastructure.ControllerActionInvoker.InvokeActionMethodAsync()
   at Microsoft.AspNetCore.Mvc.Infrastructure.ControllerActionInvoker.Next(State& next, Scope& scope, Object& state, Boolean& isCompleted)
   at Microsoft.AspNetCore.Mvc.Infrastructure.ControllerActionInvoker.InvokeNextActionFilterAsync()
--- End of stack trace from previous location where exception was thrown ---
   at Microsoft.AspNetCore.Mvc.Infrastructure.ControllerActionInvoker.Rethrow(ActionExecutedContextSealed context)
   at Microsoft.AspNetCore.Mvc.Infrastructure.ControllerActionInvoker.Next(State& next, Scope& scope, Object& state, Boolean& isCompleted)
   at Microsoft.AspNetCore.Mvc.Infrastructure.ControllerActionInvoker.InvokeInnerFilterAsync()
--- End of stack trace from previous location where exception was thrown ---
   at Microsoft.AspNetCore.Mvc.Infrastructure.ResourceInvoker.<InvokeFilterPipelineAsync>g__Awaited|19_0(ResourceInvoker invoker, Task lastTask, State next, Scope scope, Object state, Boolean isCompleted)
   at Microsoft.AspNetCore.Mvc.Infrastructure.ResourceInvoker.<InvokeAsync>g__Awaited|17_0(ResourceInvoker invoker, Task task, IDisposable scope)
   at Microsoft.AspNetCore.Routing.EndpointMiddleware.<Invoke>g__AwaitRequestTask|6_0(Endpoint endpoint, Task requestTask, ILogger logger)
   at Microsoft.AspNetCore.Authorization.AuthorizationMiddleware.Invoke(HttpContext context)
   at Microsoft.AspNetCore.Authentication.AuthenticationMiddleware.Invoke(HttpContext context)
   at CWB.ExceptionHandling.ExceptionMiddleware.InvokeAsync(HttpContext httpContext) in D:\EvolutionSoftware\CWB-Latest\CWB\CWB.ExceptionHandling\ExceptionMiddleware.cs:line 26
2025-12-05 05:14:31.2099 ERROR Error: AutoMapper.AutoMapperMappingException: Error mapping types.

Mapping types:
EntityQueryable`1 -> IEnumerable`1
Microsoft.EntityFrameworkCore.Query.Internal.EntityQueryable`1[[CWB.Masters.Domain.ItemMaster.PartPurchaseDetails, CWB.Masters, Version=1.0.0.0, Culture=neutral, PublicKeyToken=null]] -> System.Collections.Generic.IEnumerable`1[[CWB.Masters.ViewModels.ItemMaster.PartPurchaseDetailsVM, CWB.Masters, Version=1.0.0.0, Culture=neutral, PublicKeyToken=null]]
 ---> System.InvalidOperationException: An exception has been raised that is likely due to a transient failure. Consider enabling transient error resiliency by adding 'EnableRetryOnFailure()' to the 'UseMySql' call.
 ---> MySqlConnector.MySqlException (0x80004005): Connect Timeout expired. All pooled connections are in use.
   at MySqlConnector.MySqlConnection.CreateSessionAsync(ConnectionPool pool, Int32 startTickCount, Nullable`1 ioBehavior, CancellationToken cancellationToken) in /_/src/MySqlConnector/MySqlConnection.cs:line 902
   at MySqlConnector.MySqlConnection.OpenAsync(Nullable`1 ioBehavior, CancellationToken cancellationToken) in /_/src/MySqlConnector/MySqlConnection.cs:line 435
   at MySqlConnector.MySqlConnection.Open() in /_/src/MySqlConnector/MySqlConnection.cs:line 380
   at Microsoft.EntityFrameworkCore.Storage.RelationalConnection.OpenInternal(Boolean errorsExpected)
   at Microsoft.EntityFrameworkCore.Storage.RelationalConnection.Open(Boolean errorsExpected)
   at Pomelo.EntityFrameworkCore.MySql.Storage.Internal.MySqlRelationalConnection.Open(Boolean errorsExpected)
   at Microsoft.EntityFrameworkCore.Storage.RelationalCommand.ExecuteReader(RelationalCommandParameterObject parameterObject)
   at Microsoft.EntityFrameworkCore.Query.Internal.SingleQueryingEnumerable`1.Enumerator.InitializeReader(DbContext _, Boolean result)
   at Pomelo.EntityFrameworkCore.MySql.Storage.Internal.MySqlExecutionStrategy.Execute[TState,TResult](TState state, Func`3 operation, Func`3 verifySucceeded)
   --- End of inner exception stack trace ---
   at Pomelo.EntityFrameworkCore.MySql.Storage.Internal.MySqlExecutionStrategy.Execute[TState,TResult](TState state, Func`3 operation, Func`3 verifySucceeded)
   at Microsoft.EntityFrameworkCore.Query.Internal.SingleQueryingEnumerable`1.Enumerator.MoveNext()
   at lambda_method(Closure , Object , IEnumerable`1 , ResolutionContext )
   --- End of inner exception stack trace ---
   at lambda_method(Closure , Object , IEnumerable`1 , ResolutionContext )
   at CWB.Masters.Services.ItemMaster.RawMaterialDetailService.GetPartPurchasesForPartNo(Int32 partId, Int64 tenantId) in D:\DockerTestCWB\CWB-Latest\CWB\CWB.Masters\Services\ItemMaster\RawMaterialDetailService.cs:line 262
   at CWB.Masters.Controllers.RawMaterialDetailController.GetPartPurchasesForPartId(Int32 partId, Int64 tenantId) in D:\DockerTestCWB\CWB-Latest\CWB\CWB.Masters\Controllers\RawMaterialDetailController.cs:line 353
   at lambda_method(Closure , Object , Object[] )
   at Microsoft.AspNetCore.Mvc.Infrastructure.ActionMethodExecutor.SyncActionResultExecutor.Execute(IActionResultTypeMapper mapper, ObjectMethodExecutor executor, Object controller, Object[] arguments)
   at Microsoft.AspNetCore.Mvc.Infrastructure.ControllerActionInvoker.InvokeActionMethodAsync()
   at Microsoft.AspNetCore.Mvc.Infrastructure.ControllerActionInvoker.Next(State& next, Scope& scope, Object& state, Boolean& isCompleted)
   at Microsoft.AspNetCore.Mvc.Infrastructure.ControllerActionInvoker.InvokeNextActionFilterAsync()
--- End of stack trace from previous location where exception was thrown ---
   at Microsoft.AspNetCore.Mvc.Infrastructure.ControllerActionInvoker.Rethrow(ActionExecutedContextSealed context)
   at Microsoft.AspNetCore.Mvc.Infrastructure.ControllerActionInvoker.Next(State& next, Scope& scope, Object& state, Boolean& isCompleted)
   at Microsoft.AspNetCore.Mvc.Infrastructure.ControllerActionInvoker.InvokeInnerFilterAsync()
--- End of stack trace from previous location where exception was thrown ---
   at Microsoft.AspNetCore.Mvc.Infrastructure.ResourceInvoker.<InvokeFilterPipelineAsync>g__Awaited|19_0(ResourceInvoker invoker, Task lastTask, State next, Scope scope, Object state, Boolean isCompleted)
   at Microsoft.AspNetCore.Mvc.Infrastructure.ResourceInvoker.<InvokeAsync>g__Awaited|17_0(ResourceInvoker invoker, Task task, IDisposable scope)
   at Microsoft.AspNetCore.Routing.EndpointMiddleware.<Invoke>g__AwaitRequestTask|6_0(Endpoint endpoint, Task requestTask, ILogger logger)
   at Microsoft.AspNetCore.Authorization.AuthorizationMiddleware.Invoke(HttpContext context)
   at Microsoft.AspNetCore.Authentication.AuthenticationMiddleware.Invoke(HttpContext context)
   at CWB.ExceptionHandling.ExceptionMiddleware.InvokeAsync(HttpContext httpContext) in D:\EvolutionSoftware\CWB-Latest\CWB\CWB.ExceptionHandling\ExceptionMiddleware.cs:line 26
2025-12-05 05:14:31.3773 ERROR Error: AutoMapper.AutoMapperMappingException: Error mapping types.

Mapping types:
EntityQueryable`1 -> IEnumerable`1
Microsoft.EntityFrameworkCore.Query.Internal.EntityQueryable`1[[CWB.Masters.Domain.ItemMaster.PartPurchaseDetails, CWB.Masters, Version=1.0.0.0, Culture=neutral, PublicKeyToken=null]] -> System.Collections.Generic.IEnumerable`1[[CWB.Masters.ViewModels.ItemMaster.PartPurchaseDetailsVM, CWB.Masters, Version=1.0.0.0, Culture=neutral, PublicKeyToken=null]]
 ---> System.InvalidOperationException: An exception has been raised that is likely due to a transient failure. Consider enabling transient error resiliency by adding 'EnableRetryOnFailure()' to the 'UseMySql' call.
 ---> MySqlConnector.MySqlException (0x80004005): Connect Timeout expired. All pooled connections are in use.
   at MySqlConnector.MySqlConnection.CreateSessionAsync(ConnectionPool pool, Int32 startTickCount, Nullable`1 ioBehavior, CancellationToken cancellationToken) in /_/src/MySqlConnector/MySqlConnection.cs:line 902
   at MySqlConnector.MySqlConnection.OpenAsync(Nullable`1 ioBehavior, CancellationToken cancellationToken) in /_/src/MySqlConnector/MySqlConnection.cs:line 435
   at MySqlConnector.MySqlConnection.Open() in /_/src/MySqlConnector/MySqlConnection.cs:line 380
   at Microsoft.EntityFrameworkCore.Storage.RelationalConnection.OpenInternal(Boolean errorsExpected)
   at Microsoft.EntityFrameworkCore.Storage.RelationalConnection.Open(Boolean errorsExpected)
   at Pomelo.EntityFrameworkCore.MySql.Storage.Internal.MySqlRelationalConnection.Open(Boolean errorsExpected)
   at Microsoft.EntityFrameworkCore.Storage.RelationalCommand.ExecuteReader(RelationalCommandParameterObject parameterObject)
   at Microsoft.EntityFrameworkCore.Query.Internal.SingleQueryingEnumerable`1.Enumerator.InitializeReader(DbContext _, Boolean result)
   at Pomelo.EntityFrameworkCore.MySql.Storage.Internal.MySqlExecutionStrategy.Execute[TState,TResult](TState state, Func`3 operation, Func`3 verifySucceeded)
   --- End of inner exception stack trace ---
   at Pomelo.EntityFrameworkCore.MySql.Storage.Internal.MySqlExecutionStrategy.Execute[TState,TResult](TState state, Func`3 operation, Func`3 verifySucceeded)
   at Microsoft.EntityFrameworkCore.Query.Internal.SingleQueryingEnumerable`1.Enumerator.MoveNext()
   at lambda_method(Closure , Object , IEnumerable`1 , ResolutionContext )
   --- End of inner exception stack trace ---
   at lambda_method(Closure , Object , IEnumerable`1 , ResolutionContext )
   at CWB.Masters.Services.ItemMaster.RawMaterialDetailService.GetPartPurchasesForPartNo(Int32 partId, Int64 tenantId) in D:\DockerTestCWB\CWB-Latest\CWB\CWB.Masters\Services\ItemMaster\RawMaterialDetailService.cs:line 262
   at CWB.Masters.Controllers.RawMaterialDetailController.GetPartPurchasesForPartId(Int32 partId, Int64 tenantId) in D:\DockerTestCWB\CWB-Latest\CWB\CWB.Masters\Controllers\RawMaterialDetailController.cs:line 353
   at lambda_method(Closure , Object , Object[] )
   at Microsoft.AspNetCore.Mvc.Infrastructure.ActionMethodExecutor.SyncActionResultExecutor.Execute(IActionResultTypeMapper mapper, ObjectMethodExecutor executor, Object controller, Object[] arguments)
   at Microsoft.AspNetCore.Mvc.Infrastructure.ControllerActionInvoker.InvokeActionMethodAsync()
   at Microsoft.AspNetCore.Mvc.Infrastructure.ControllerActionInvoker.Next(State& next, Scope& scope, Object& state, Boolean& isCompleted)
   at Microsoft.AspNetCore.Mvc.Infrastructure.ControllerActionInvoker.InvokeNextActionFilterAsync()
--- End of stack trace from previous location where exception was thrown ---
   at Microsoft.AspNetCore.Mvc.Infrastructure.ControllerActionInvoker.Rethrow(ActionExecutedContextSealed context)
   at Microsoft.AspNetCore.Mvc.Infrastructure.ControllerActionInvoker.Next(State& next, Scope& scope, Object& state, Boolean& isCompleted)
   at Microsoft.AspNetCore.Mvc.Infrastructure.ControllerActionInvoker.InvokeInnerFilterAsync()
--- End of stack trace from previous location where exception was thrown ---
   at Microsoft.AspNetCore.Mvc.Infrastructure.ResourceInvoker.<InvokeFilterPipelineAsync>g__Awaited|19_0(ResourceInvoker invoker, Task lastTask, State next, Scope scope, Object state, Boolean isCompleted)
   at Microsoft.AspNetCore.Mvc.Infrastructure.ResourceInvoker.<InvokeAsync>g__Awaited|17_0(ResourceInvoker invoker, Task task, IDisposable scope)
   at Microsoft.AspNetCore.Routing.EndpointMiddleware.<Invoke>g__AwaitRequestTask|6_0(Endpoint endpoint, Task requestTask, ILogger logger)
   at Microsoft.AspNetCore.Authorization.AuthorizationMiddleware.Invoke(HttpContext context)
   at Microsoft.AspNetCore.Authentication.AuthenticationMiddleware.Invoke(HttpContext context)
   at CWB.ExceptionHandling.ExceptionMiddleware.InvokeAsync(HttpContext httpContext) in D:\EvolutionSoftware\CWB-Latest\CWB\CWB.ExceptionHandling\ExceptionMiddleware.cs:line 26
2025-12-05 05:14:31.3850 ERROR Error: AutoMapper.AutoMapperMappingException: Error mapping types.

Mapping types:
EntityQueryable`1 -> IEnumerable`1
Microsoft.EntityFrameworkCore.Query.Internal.EntityQueryable`1[[CWB.Masters.Domain.ItemMaster.PartPurchaseDetails, CWB.Masters, Version=1.0.0.0, Culture=neutral, PublicKeyToken=null]] -> System.Collections.Generic.IEnumerable`1[[CWB.Masters.ViewModels.ItemMaster.PartPurchaseDetailsVM, CWB.Masters, Version=1.0.0.0, Culture=neutral, PublicKeyToken=null]]
 ---> System.InvalidOperationException: An exception has been raised that is likely due to a transient failure. Consider enabling transient error resiliency by adding 'EnableRetryOnFailure()' to the 'UseMySql' call.
 ---> MySqlConnector.MySqlException (0x80004005): Connect Timeout expired. All pooled connections are in use.
   at MySqlConnector.MySqlConnection.CreateSessionAsync(ConnectionPool pool, Int32 startTickCount, Nullable`1 ioBehavior, CancellationToken cancellationToken) in /_/src/MySqlConnector/MySqlConnection.cs:line 902
   at MySqlConnector.MySqlConnection.OpenAsync(Nullable`1 ioBehavior, CancellationToken cancellationToken) in /_/src/MySqlConnector/MySqlConnection.cs:line 435
   at MySqlConnector.MySqlConnection.Open() in /_/src/MySqlConnector/MySqlConnection.cs:line 380
   at Microsoft.EntityFrameworkCore.Storage.RelationalConnection.OpenInternal(Boolean errorsExpected)
   at Microsoft.EntityFrameworkCore.Storage.RelationalConnection.Open(Boolean errorsExpected)
   at Pomelo.EntityFrameworkCore.MySql.Storage.Internal.MySqlRelationalConnection.Open(Boolean errorsExpected)
   at Microsoft.EntityFrameworkCore.Storage.RelationalCommand.ExecuteReader(RelationalCommandParameterObject parameterObject)
   at Microsoft.EntityFrameworkCore.Query.Internal.SingleQueryingEnumerable`1.Enumerator.InitializeReader(DbContext _, Boolean result)
   at Pomelo.EntityFrameworkCore.MySql.Storage.Internal.MySqlExecutionStrategy.Execute[TState,TResult](TState state, Func`3 operation, Func`3 verifySucceeded)
   --- End of inner exception stack trace ---
   at Pomelo.EntityFrameworkCore.MySql.Storage.Internal.MySqlExecutionStrategy.Execute[TState,TResult](TState state, Func`3 operation, Func`3 verifySucceeded)
   at Microsoft.EntityFrameworkCore.Query.Internal.SingleQueryingEnumerable`1.Enumerator.MoveNext()
   at lambda_method(Closure , Object , IEnumerable`1 , ResolutionContext )
   --- End of inner exception stack trace ---
   at lambda_method(Closure , Object , IEnumerable`1 , ResolutionContext )
   at CWB.Masters.Services.ItemMaster.RawMaterialDetailService.GetPartPurchasesForPartNo(Int32 partId, Int64 tenantId) in D:\DockerTestCWB\CWB-Latest\CWB\CWB.Masters\Services\ItemMaster\RawMaterialDetailService.cs:line 262
   at CWB.Masters.Controllers.RawMaterialDetailController.GetPartPurchasesForPartId(Int32 partId, Int64 tenantId) in D:\DockerTestCWB\CWB-Latest\CWB\CWB.Masters\Controllers\RawMaterialDetailController.cs:line 353
   at lambda_method(Closure , Object , Object[] )
   at Microsoft.AspNetCore.Mvc.Infrastructure.ActionMethodExecutor.SyncActionResultExecutor.Execute(IActionResultTypeMapper mapper, ObjectMethodExecutor executor, Object controller, Object[] arguments)
   at Microsoft.AspNetCore.Mvc.Infrastructure.ControllerActionInvoker.InvokeActionMethodAsync()
   at Microsoft.AspNetCore.Mvc.Infrastructure.ControllerActionInvoker.Next(State& next, Scope& scope, Object& state, Boolean& isCompleted)
   at Microsoft.AspNetCore.Mvc.Infrastructure.ControllerActionInvoker.InvokeNextActionFilterAsync()
--- End of stack trace from previous location where exception was thrown ---
   at Microsoft.AspNetCore.Mvc.Infrastructure.ControllerActionInvoker.Rethrow(ActionExecutedContextSealed context)
   at Microsoft.AspNetCore.Mvc.Infrastructure.ControllerActionInvoker.Next(State& next, Scope& scope, Object& state, Boolean& isCompleted)
   at Microsoft.AspNetCore.Mvc.Infrastructure.ControllerActionInvoker.InvokeInnerFilterAsync()
--- End of stack trace from previous location where exception was thrown ---
   at Microsoft.AspNetCore.Mvc.Infrastructure.ResourceInvoker.<InvokeFilterPipelineAsync>g__Awaited|19_0(ResourceInvoker invoker, Task lastTask, State next, Scope scope, Object state, Boolean isCompleted)
   at Microsoft.AspNetCore.Mvc.Infrastructure.ResourceInvoker.<InvokeAsync>g__Awaited|17_0(ResourceInvoker invoker, Task task, IDisposable scope)
   at Microsoft.AspNetCore.Routing.EndpointMiddleware.<Invoke>g__AwaitRequestTask|6_0(Endpoint endpoint, Task requestTask, ILogger logger)
   at Microsoft.AspNetCore.Authorization.AuthorizationMiddleware.Invoke(HttpContext context)
   at Microsoft.AspNetCore.Authentication.AuthenticationMiddleware.Invoke(HttpContext context)
   at CWB.ExceptionHandling.ExceptionMiddleware.InvokeAsync(HttpContext httpContext) in D:\EvolutionSoftware\CWB-Latest\CWB\CWB.ExceptionHandling\ExceptionMiddleware.cs:line 26
2025-12-05 05:14:31.3850 ERROR Error: AutoMapper.AutoMapperMappingException: Error mapping types.

Mapping types:
EntityQueryable`1 -> IEnumerable`1
Microsoft.EntityFrameworkCore.Query.Internal.EntityQueryable`1[[CWB.Masters.Domain.ItemMaster.PartPurchaseDetails, CWB.Masters, Version=1.0.0.0, Culture=neutral, PublicKeyToken=null]] -> System.Collections.Generic.IEnumerable`1[[CWB.Masters.ViewModels.ItemMaster.PartPurchaseDetailsVM, CWB.Masters, Version=1.0.0.0, Culture=neutral, PublicKeyToken=null]]
 ---> System.InvalidOperationException: An exception has been raised that is likely due to a transient failure. Consider enabling transient error resiliency by adding 'EnableRetryOnFailure()' to the 'UseMySql' call.
 ---> MySqlConnector.MySqlException (0x80004005): Connect Timeout expired. All pooled connections are in use.
   at MySqlConnector.MySqlConnection.CreateSessionAsync(ConnectionPool pool, Int32 startTickCount, Nullable`1 ioBehavior, CancellationToken cancellationToken) in /_/src/MySqlConnector/MySqlConnection.cs:line 902
   at MySqlConnector.MySqlConnection.OpenAsync(Nullable`1 ioBehavior, CancellationToken cancellationToken) in /_/src/MySqlConnector/MySqlConnection.cs:line 435
   at MySqlConnector.MySqlConnection.Open() in /_/src/MySqlConnector/MySqlConnection.cs:line 380
   at Microsoft.EntityFrameworkCore.Storage.RelationalConnection.OpenInternal(Boolean errorsExpected)
   at Microsoft.EntityFrameworkCore.Storage.RelationalConnection.Open(Boolean errorsExpected)
   at Pomelo.EntityFrameworkCore.MySql.Storage.Internal.MySqlRelationalConnection.Open(Boolean errorsExpected)
   at Microsoft.EntityFrameworkCore.Storage.RelationalCommand.ExecuteReader(RelationalCommandParameterObject parameterObject)
   at Microsoft.EntityFrameworkCore.Query.Internal.SingleQueryingEnumerable`1.Enumerator.InitializeReader(DbContext _, Boolean result)
   at Pomelo.EntityFrameworkCore.MySql.Storage.Internal.MySqlExecutionStrategy.Execute[TState,TResult](TState state, Func`3 operation, Func`3 verifySucceeded)
   --- End of inner exception stack trace ---
   at Pomelo.EntityFrameworkCore.MySql.Storage.Internal.MySqlExecutionStrategy.Execute[TState,TResult](TState state, Func`3 operation, Func`3 verifySucceeded)
   at Microsoft.EntityFrameworkCore.Query.Internal.SingleQueryingEnumerable`1.Enumerator.MoveNext()
   at lambda_method(Closure , Object , IEnumerable`1 , ResolutionContext )
   --- End of inner exception stack trace ---
   at lambda_method(Closure , Object , IEnumerable`1 , ResolutionContext )
   at CWB.Masters.Services.ItemMaster.RawMaterialDetailService.GetPartPurchasesForPartNo(Int32 partId, Int64 tenantId) in D:\DockerTestCWB\CWB-Latest\CWB\CWB.Masters\Services\ItemMaster\RawMaterialDetailService.cs:line 262
   at CWB.Masters.Controllers.RawMaterialDetailController.GetPartPurchasesForPartId(Int32 partId, Int64 tenantId) in D:\DockerTestCWB\CWB-Latest\CWB\CWB.Masters\Controllers\RawMaterialDetailController.cs:line 353
   at lambda_method(Closure , Object , Object[] )
   at Microsoft.AspNetCore.Mvc.Infrastructure.ActionMethodExecutor.SyncActionResultExecutor.Execute(IActionResultTypeMapper mapper, ObjectMethodExecutor executor, Object controller, Object[] arguments)
   at Microsoft.AspNetCore.Mvc.Infrastructure.ControllerActionInvoker.InvokeActionMethodAsync()
   at Microsoft.AspNetCore.Mvc.Infrastructure.ControllerActionInvoker.Next(State& next, Scope& scope, Object& state, Boolean& isCompleted)
   at Microsoft.AspNetCore.Mvc.Infrastructure.ControllerActionInvoker.InvokeNextActionFilterAsync()
--- End of stack trace from previous location where exception was thrown ---
   at Microsoft.AspNetCore.Mvc.Infrastructure.ControllerActionInvoker.Rethrow(ActionExecutedContextSealed context)
   at Microsoft.AspNetCore.Mvc.Infrastructure.ControllerActionInvoker.Next(State& next, Scope& scope, Object& state, Boolean& isCompleted)
   at Microsoft.AspNetCore.Mvc.Infrastructure.ControllerActionInvoker.InvokeInnerFilterAsync()
--- End of stack trace from previous location where exception was thrown ---
   at Microsoft.AspNetCore.Mvc.Infrastructure.ResourceInvoker.<InvokeFilterPipelineAsync>g__Awaited|19_0(ResourceInvoker invoker, Task lastTask, State next, Scope scope, Object state, Boolean isCompleted)
   at Microsoft.AspNetCore.Mvc.Infrastructure.ResourceInvoker.<InvokeAsync>g__Awaited|17_0(ResourceInvoker invoker, Task task, IDisposable scope)
   at Microsoft.AspNetCore.Routing.EndpointMiddleware.<Invoke>g__AwaitRequestTask|6_0(Endpoint endpoint, Task requestTask, ILogger logger)
   at Microsoft.AspNetCore.Authorization.AuthorizationMiddleware.Invoke(HttpContext context)
   at Microsoft.AspNetCore.Authentication.AuthenticationMiddleware.Invoke(HttpContext context)
   at CWB.ExceptionHandling.ExceptionMiddleware.InvokeAsync(HttpContext httpContext) in D:\EvolutionSoftware\CWB-Latest\CWB\CWB.ExceptionHandling\ExceptionMiddleware.cs:line 26
2025-12-05 05:14:31.3850 ERROR Error: AutoMapper.AutoMapperMappingException: Error mapping types.

Mapping types:
EntityQueryable`1 -> IEnumerable`1
Microsoft.EntityFrameworkCore.Query.Internal.EntityQueryable`1[[CWB.Masters.Domain.ItemMaster.PartPurchaseDetails, CWB.Masters, Version=1.0.0.0, Culture=neutral, PublicKeyToken=null]] -> System.Collections.Generic.IEnumerable`1[[CWB.Masters.ViewModels.ItemMaster.PartPurchaseDetailsVM, CWB.Masters, Version=1.0.0.0, Culture=neutral, PublicKeyToken=null]]
 ---> System.InvalidOperationException: An exception has been raised that is likely due to a transient failure. Consider enabling transient error resiliency by adding 'EnableRetryOnFailure()' to the 'UseMySql' call.
 ---> MySqlConnector.MySqlException (0x80004005): Connect Timeout expired. All pooled connections are in use.
   at MySqlConnector.MySqlConnection.CreateSessionAsync(ConnectionPool pool, Int32 startTickCount, Nullable`1 ioBehavior, CancellationToken cancellationToken) in /_/src/MySqlConnector/MySqlConnection.cs:line 902
   at MySqlConnector.MySqlConnection.OpenAsync(Nullable`1 ioBehavior, CancellationToken cancellationToken) in /_/src/MySqlConnector/MySqlConnection.cs:line 435
   at MySqlConnector.MySqlConnection.Open() in /_/src/MySqlConnector/MySqlConnection.cs:line 380
   at Microsoft.EntityFrameworkCore.Storage.RelationalConnection.OpenInternal(Boolean errorsExpected)
   at Microsoft.EntityFrameworkCore.Storage.RelationalConnection.Open(Boolean errorsExpected)
   at Pomelo.EntityFrameworkCore.MySql.Storage.Internal.MySqlRelationalConnection.Open(Boolean errorsExpected)
   at Microsoft.EntityFrameworkCore.Storage.RelationalCommand.ExecuteReader(RelationalCommandParameterObject parameterObject)
   at Microsoft.EntityFrameworkCore.Query.Internal.SingleQueryingEnumerable`1.Enumerator.InitializeReader(DbContext _, Boolean result)
   at Pomelo.EntityFrameworkCore.MySql.Storage.Internal.MySqlExecutionStrategy.Execute[TState,TResult](TState state, Func`3 operation, Func`3 verifySucceeded)
   --- End of inner exception stack trace ---
   at Pomelo.EntityFrameworkCore.MySql.Storage.Internal.MySqlExecutionStrategy.Execute[TState,TResult](TState state, Func`3 operation, Func`3 verifySucceeded)
   at Microsoft.EntityFrameworkCore.Query.Internal.SingleQueryingEnumerable`1.Enumerator.MoveNext()
   at lambda_method(Closure , Object , IEnumerable`1 , ResolutionContext )
   --- End of inner exception stack trace ---
   at lambda_method(Closure , Object , IEnumerable`1 , ResolutionContext )
   at CWB.Masters.Services.ItemMaster.RawMaterialDetailService.GetPartPurchasesForPartNo(Int32 partId, Int64 tenantId) in D:\DockerTestCWB\CWB-Latest\CWB\CWB.Masters\Services\ItemMaster\RawMaterialDetailService.cs:line 262
   at CWB.Masters.Controllers.RawMaterialDetailController.GetPartPurchasesForPartId(Int32 partId, Int64 tenantId) in D:\DockerTestCWB\CWB-Latest\CWB\CWB.Masters\Controllers\RawMaterialDetailController.cs:line 353
   at lambda_method(Closure , Object , Object[] )
   at Microsoft.AspNetCore.Mvc.Infrastructure.ActionMethodExecutor.SyncActionResultExecutor.Execute(IActionResultTypeMapper mapper, ObjectMethodExecutor executor, Object controller, Object[] arguments)
   at Microsoft.AspNetCore.Mvc.Infrastructure.ControllerActionInvoker.InvokeActionMethodAsync()
   at Microsoft.AspNetCore.Mvc.Infrastructure.ControllerActionInvoker.Next(State& next, Scope& scope, Object& state, Boolean& isCompleted)
   at Microsoft.AspNetCore.Mvc.Infrastructure.ControllerActionInvoker.InvokeNextActionFilterAsync()
--- End of stack trace from previous location where exception was thrown ---
   at Microsoft.AspNetCore.Mvc.Infrastructure.ControllerActionInvoker.Rethrow(ActionExecutedContextSealed context)
   at Microsoft.AspNetCore.Mvc.Infrastructure.ControllerActionInvoker.Next(State& next, Scope& scope, Object& state, Boolean& isCompleted)
   at Microsoft.AspNetCore.Mvc.Infrastructure.ControllerActionInvoker.InvokeInnerFilterAsync()
--- End of stack trace from previous location where exception was thrown ---
   at Microsoft.AspNetCore.Mvc.Infrastructure.ResourceInvoker.<InvokeFilterPipelineAsync>g__Awaited|19_0(ResourceInvoker invoker, Task lastTask, State next, Scope scope, Object state, Boolean isCompleted)
   at Microsoft.AspNetCore.Mvc.Infrastructure.ResourceInvoker.<InvokeAsync>g__Awaited|17_0(ResourceInvoker invoker, Task task, IDisposable scope)
   at Microsoft.AspNetCore.Routing.EndpointMiddleware.<Invoke>g__AwaitRequestTask|6_0(Endpoint endpoint, Task requestTask, ILogger logger)
   at Microsoft.AspNetCore.Authorization.AuthorizationMiddleware.Invoke(HttpContext context)
   at Microsoft.AspNetCore.Authentication.AuthenticationMiddleware.Invoke(HttpContext context)
   at CWB.ExceptionHandling.ExceptionMiddleware.InvokeAsync(HttpContext httpContext) in D:\EvolutionSoftware\CWB-Latest\CWB\CWB.ExceptionHandling\ExceptionMiddleware.cs:line 26
2025-12-05 05:14:32.4463 ERROR Error: AutoMapper.AutoMapperMappingException: Error mapping types.

Mapping types:
EntityQueryable`1 -> IEnumerable`1
Microsoft.EntityFrameworkCore.Query.Internal.EntityQueryable`1[[CWB.Masters.Domain.ItemMaster.PartPurchaseDetails, CWB.Masters, Version=1.0.0.0, Culture=neutral, PublicKeyToken=null]] -> System.Collections.Generic.IEnumerable`1[[CWB.Masters.ViewModels.ItemMaster.PartPurchaseDetailsVM, CWB.Masters, Version=1.0.0.0, Culture=neutral, PublicKeyToken=null]]
 ---> System.InvalidOperationException: An exception has been raised that is likely due to a transient failure. Consider enabling transient error resiliency by adding 'EnableRetryOnFailure()' to the 'UseMySql' call.
 ---> MySqlConnector.MySqlException (0x80004005): Connect Timeout expired. All pooled connections are in use.
   at MySqlConnector.MySqlConnection.CreateSessionAsync(ConnectionPool pool, Int32 startTickCount, Nullable`1 ioBehavior, CancellationToken cancellationToken) in /_/src/MySqlConnector/MySqlConnection.cs:line 902
   at MySqlConnector.MySqlConnection.OpenAsync(Nullable`1 ioBehavior, CancellationToken cancellationToken) in /_/src/MySqlConnector/MySqlConnection.cs:line 435
   at MySqlConnector.MySqlConnection.Open() in /_/src/MySqlConnector/MySqlConnection.cs:line 380
   at Microsoft.EntityFrameworkCore.Storage.RelationalConnection.OpenInternal(Boolean errorsExpected)
   at Microsoft.EntityFrameworkCore.Storage.RelationalConnection.Open(Boolean errorsExpected)
   at Pomelo.EntityFrameworkCore.MySql.Storage.Internal.MySqlRelationalConnection.Open(Boolean errorsExpected)
   at Microsoft.EntityFrameworkCore.Storage.RelationalCommand.ExecuteReader(RelationalCommandParameterObject parameterObject)
   at Microsoft.EntityFrameworkCore.Query.Internal.SingleQueryingEnumerable`1.Enumerator.InitializeReader(DbContext _, Boolean result)
   at Pomelo.EntityFrameworkCore.MySql.Storage.Internal.MySqlExecutionStrategy.Execute[TState,TResult](TState state, Func`3 operation, Func`3 verifySucceeded)
   --- End of inner exception stack trace ---
   at Pomelo.EntityFrameworkCore.MySql.Storage.Internal.MySqlExecutionStrategy.Execute[TState,TResult](TState state, Func`3 operation, Func`3 verifySucceeded)
   at Microsoft.EntityFrameworkCore.Query.Internal.SingleQueryingEnumerable`1.Enumerator.MoveNext()
   at lambda_method(Closure , Object , IEnumerable`1 , ResolutionContext )
   --- End of inner exception stack trace ---
   at lambda_method(Closure , Object , IEnumerable`1 , ResolutionContext )
   at CWB.Masters.Services.ItemMaster.RawMaterialDetailService.GetPartPurchasesForPartNo(Int32 partId, Int64 tenantId) in D:\DockerTestCWB\CWB-Latest\CWB\CWB.Masters\Services\ItemMaster\RawMaterialDetailService.cs:line 262
   at CWB.Masters.Controllers.RawMaterialDetailController.GetPartPurchasesForPartId(Int32 partId, Int64 tenantId) in D:\DockerTestCWB\CWB-Latest\CWB\CWB.Masters\Controllers\RawMaterialDetailController.cs:line 353
   at lambda_method(Closure , Object , Object[] )
   at Microsoft.AspNetCore.Mvc.Infrastructure.ActionMethodExecutor.SyncActionResultExecutor.Execute(IActionResultTypeMapper mapper, ObjectMethodExecutor executor, Object controller, Object[] arguments)
   at Microsoft.AspNetCore.Mvc.Infrastructure.ControllerActionInvoker.InvokeActionMethodAsync()
   at Microsoft.AspNetCore.Mvc.Infrastructure.ControllerActionInvoker.Next(State& next, Scope& scope, Object& state, Boolean& isCompleted)
   at Microsoft.AspNetCore.Mvc.Infrastructure.ControllerActionInvoker.InvokeNextActionFilterAsync()
--- End of stack trace from previous location where exception was thrown ---
   at Microsoft.AspNetCore.Mvc.Infrastructure.ControllerActionInvoker.Rethrow(ActionExecutedContextSealed context)
   at Microsoft.AspNetCore.Mvc.Infrastructure.ControllerActionInvoker.Next(State& next, Scope& scope, Object& state, Boolean& isCompleted)
   at Microsoft.AspNetCore.Mvc.Infrastructure.ControllerActionInvoker.InvokeInnerFilterAsync()
--- End of stack trace from previous location where exception was thrown ---
   at Microsoft.AspNetCore.Mvc.Infrastructure.ResourceInvoker.<InvokeFilterPipelineAsync>g__Awaited|19_0(ResourceInvoker invoker, Task lastTask, State next, Scope scope, Object state, Boolean isCompleted)
   at Microsoft.AspNetCore.Mvc.Infrastructure.ResourceInvoker.<InvokeAsync>g__Awaited|17_0(ResourceInvoker invoker, Task task, IDisposable scope)
   at Microsoft.AspNetCore.Routing.EndpointMiddleware.<Invoke>g__AwaitRequestTask|6_0(Endpoint endpoint, Task requestTask, ILogger logger)
   at Microsoft.AspNetCore.Authorization.AuthorizationMiddleware.Invoke(HttpContext context)
   at Microsoft.AspNetCore.Authentication.AuthenticationMiddleware.Invoke(HttpContext context)
   at CWB.ExceptionHandling.ExceptionMiddleware.InvokeAsync(HttpContext httpContext) in D:\EvolutionSoftware\CWB-Latest\CWB\CWB.ExceptionHandling\ExceptionMiddleware.cs:line 26
2025-12-05 05:14:42.1492 ERROR Error: AutoMapper.AutoMapperMappingException: Error mapping types.

Mapping types:
EntityQueryable`1 -> IEnumerable`1
Microsoft.EntityFrameworkCore.Query.Internal.EntityQueryable`1[[CWB.Masters.Domain.ItemMaster.PartPurchaseDetails, CWB.Masters, Version=1.0.0.0, Culture=neutral, PublicKeyToken=null]] -> System.Collections.Generic.IEnumerable`1[[CWB.Masters.ViewModels.ItemMaster.PartPurchaseDetailsVM, CWB.Masters, Version=1.0.0.0, Culture=neutral, PublicKeyToken=null]]
 ---> System.InvalidOperationException: An exception has been raised that is likely due to a transient failure. Consider enabling transient error resiliency by adding 'EnableRetryOnFailure()' to the 'UseMySql' call.
 ---> MySqlConnector.MySqlException (0x80004005): Connect Timeout expired. All pooled connections are in use.
   at MySqlConnector.MySqlConnection.CreateSessionAsync(ConnectionPool pool, Int32 startTickCount, Nullable`1 ioBehavior, CancellationToken cancellationToken) in /_/src/MySqlConnector/MySqlConnection.cs:line 902
   at MySqlConnector.MySqlConnection.OpenAsync(Nullable`1 ioBehavior, CancellationToken cancellationToken) in /_/src/MySqlConnector/MySqlConnection.cs:line 435
   at MySqlConnector.MySqlConnection.Open() in /_/src/MySqlConnector/MySqlConnection.cs:line 380
   at Microsoft.EntityFrameworkCore.Storage.RelationalConnection.OpenInternal(Boolean errorsExpected)
   at Microsoft.EntityFrameworkCore.Storage.RelationalConnection.Open(Boolean errorsExpected)
   at Pomelo.EntityFrameworkCore.MySql.Storage.Internal.MySqlRelationalConnection.Open(Boolean errorsExpected)
   at Microsoft.EntityFrameworkCore.Storage.RelationalCommand.ExecuteReader(RelationalCommandParameterObject parameterObject)
   at Microsoft.EntityFrameworkCore.Query.Internal.SingleQueryingEnumerable`1.Enumerator.InitializeReader(DbContext _, Boolean result)
   at Pomelo.EntityFrameworkCore.MySql.Storage.Internal.MySqlExecutionStrategy.Execute[TState,TResult](TState state, Func`3 operation, Func`3 verifySucceeded)
   --- End of inner exception stack trace ---
   at Pomelo.EntityFrameworkCore.MySql.Storage.Internal.MySqlExecutionStrategy.Execute[TState,TResult](TState state, Func`3 operation, Func`3 verifySucceeded)
   at Microsoft.EntityFrameworkCore.Query.Internal.SingleQueryingEnumerable`1.Enumerator.MoveNext()
   at lambda_method(Closure , Object , IEnumerable`1 , ResolutionContext )
   --- End of inner exception stack trace ---
   at lambda_method(Closure , Object , IEnumerable`1 , ResolutionContext )
   at CWB.Masters.Services.ItemMaster.RawMaterialDetailService.GetPartPurchasesForPartNo(Int32 partId, Int64 tenantId) in D:\DockerTestCWB\CWB-Latest\CWB\CWB.Masters\Services\ItemMaster\RawMaterialDetailService.cs:line 262
   at CWB.Masters.Controllers.RawMaterialDetailController.GetPartPurchasesForPartId(Int32 partId, Int64 tenantId) in D:\DockerTestCWB\CWB-Latest\CWB\CWB.Masters\Controllers\RawMaterialDetailController.cs:line 353
   at lambda_method(Closure , Object , Object[] )
   at Microsoft.AspNetCore.Mvc.Infrastructure.ActionMethodExecutor.SyncActionResultExecutor.Execute(IActionResultTypeMapper mapper, ObjectMethodExecutor executor, Object controller, Object[] arguments)
   at Microsoft.AspNetCore.Mvc.Infrastructure.ControllerActionInvoker.InvokeActionMethodAsync()
   at Microsoft.AspNetCore.Mvc.Infrastructure.ControllerActionInvoker.Next(State& next, Scope& scope, Object& state, Boolean& isCompleted)
   at Microsoft.AspNetCore.Mvc.Infrastructure.ControllerActionInvoker.InvokeNextActionFilterAsync()
--- End of stack trace from previous location where exception was thrown ---
   at Microsoft.AspNetCore.Mvc.Infrastructure.ControllerActionInvoker.Rethrow(ActionExecutedContextSealed context)
   at Microsoft.AspNetCore.Mvc.Infrastructure.ControllerActionInvoker.Next(State& next, Scope& scope, Object& state, Boolean& isCompleted)
   at Microsoft.AspNetCore.Mvc.Infrastructure.ControllerActionInvoker.InvokeInnerFilterAsync()
--- End of stack trace from previous location where exception was thrown ---
   at Microsoft.AspNetCore.Mvc.Infrastructure.ResourceInvoker.<InvokeFilterPipelineAsync>g__Awaited|19_0(ResourceInvoker invoker, Task lastTask, State next, Scope scope, Object state, Boolean isCompleted)
   at Microsoft.AspNetCore.Mvc.Infrastructure.ResourceInvoker.<InvokeAsync>g__Awaited|17_0(ResourceInvoker invoker, Task task, IDisposable scope)
   at Microsoft.AspNetCore.Routing.EndpointMiddleware.<Invoke>g__AwaitRequestTask|6_0(Endpoint endpoint, Task requestTask, ILogger logger)
   at Microsoft.AspNetCore.Authorization.AuthorizationMiddleware.Invoke(HttpContext context)
   at Microsoft.AspNetCore.Authentication.AuthenticationMiddleware.Invoke(HttpContext context)
   at CWB.ExceptionHandling.ExceptionMiddleware.InvokeAsync(HttpContext httpContext) in D:\EvolutionSoftware\CWB-Latest\CWB\CWB.ExceptionHandling\ExceptionMiddleware.cs:line 26
2025-12-05 05:42:26.1341 ERROR Error: MySqlConnector.MySqlException (0x80004005): Got timeout reading communication packets
   at MySqlConnector.Core.ServerSession.ConnectAsync(ConnectionSettings cs, Int32 startTickCount, ILoadBalancer loadBalancer, IOBehavior ioBehavior, CancellationToken cancellationToken) in /_/src/MySqlConnector/Core/ServerSession.cs:line 498
   at MySqlConnector.Core.ConnectionPool.ConnectSessionAsync(String logMessage, Int32 startTickCount, IOBehavior ioBehavior, CancellationToken cancellationToken) in /_/src/MySqlConnector/Core/ConnectionPool.cs:line 435
   at MySqlConnector.Core.ConnectionPool.GetSessionAsync(MySqlConnection connection, Int32 startTickCount, IOBehavior ioBehavior, CancellationToken cancellationToken) in /_/src/MySqlConnector/Core/ConnectionPool.cs:line 139
   at MySqlConnector.Core.ConnectionPool.GetSessionAsync(MySqlConnection connection, Int32 startTickCount, IOBehavior ioBehavior, CancellationToken cancellationToken) in /_/src/MySqlConnector/Core/ConnectionPool.cs:line 139
   at MySqlConnector.MySqlConnection.CreateSessionAsync(ConnectionPool pool, Int32 startTickCount, Nullable`1 ioBehavior, CancellationToken cancellationToken) in /_/src/MySqlConnector/MySqlConnection.cs:line 902
   at MySqlConnector.MySqlConnection.OpenAsync(Nullable`1 ioBehavior, CancellationToken cancellationToken) in /_/src/MySqlConnector/MySqlConnection.cs:line 435
   at MySqlConnector.MySqlConnection.Open() in /_/src/MySqlConnector/MySqlConnection.cs:line 380
   at Microsoft.EntityFrameworkCore.Storage.RelationalConnection.OpenInternal(Boolean errorsExpected)
   at Microsoft.EntityFrameworkCore.Storage.RelationalConnection.Open(Boolean errorsExpected)
   at Pomelo.EntityFrameworkCore.MySql.Storage.Internal.MySqlRelationalConnection.Open(Boolean errorsExpected)
   at Microsoft.EntityFrameworkCore.Storage.RelationalCommand.ExecuteReader(RelationalCommandParameterObject parameterObject)
   at Microsoft.EntityFrameworkCore.Query.Internal.SingleQueryingEnumerable`1.Enumerator.InitializeReader(DbContext _, Boolean result)
   at Pomelo.EntityFrameworkCore.MySql.Storage.Internal.MySqlExecutionStrategy.Execute[TState,TResult](TState state, Func`3 operation, Func`3 verifySucceeded)
   at Microsoft.EntityFrameworkCore.Query.Internal.SingleQueryingEnumerable`1.Enumerator.MoveNext()
   at System.Collections.Generic.List`1..ctor(IEnumerable`1 collection)
   at System.Linq.Enumerable.ToList[TSource](IEnumerable`1 source)
   at CWB.Masters.Services.ItemMaster.ManufacturedPartNoDetailService.GetMPBOMList(String manufPartId, Int64 tenantId) in D:\DockerTestCWB\CWB-Latest\CWB\CWB.Masters\Services\ItemMaster\ManufacturedPartNoDetailService.cs:line 253
   at CWB.Masters.Controllers.ManufacturedPartNoDetailController.GetMPBOMList(String partId) in D:\DockerTestCWB\CWB-Latest\CWB\CWB.Masters\Controllers\ManufacturedPartNoDetailController.cs:line 220
   at lambda_method(Closure , Object , Object[] )
   at Microsoft.AspNetCore.Mvc.Infrastructure.ActionMethodExecutor.SyncActionResultExecutor.Execute(IActionResultTypeMapper mapper, ObjectMethodExecutor executor, Object controller, Object[] arguments)
   at Microsoft.AspNetCore.Mvc.Infrastructure.ControllerActionInvoker.InvokeActionMethodAsync()
   at Microsoft.AspNetCore.Mvc.Infrastructure.ControllerActionInvoker.Next(State& next, Scope& scope, Object& state, Boolean& isCompleted)
   at Microsoft.AspNetCore.Mvc.Infrastructure.ControllerActionInvoker.InvokeNextActionFilterAsync()
--- End of stack trace from previous location where exception was thrown ---
   at Microsoft.AspNetCore.Mvc.Infrastructure.ControllerActionInvoker.Rethrow(ActionExecutedContextSealed context)
   at Microsoft.AspNetCore.Mvc.Infrastructure.ControllerActionInvoker.Next(State& next, Scope& scope, Object& state, Boolean& isCompleted)
   at Microsoft.AspNetCore.Mvc.Infrastructure.ControllerActionInvoker.InvokeInnerFilterAsync()
--- End of stack trace from previous location where exception was thrown ---
   at Microsoft.AspNetCore.Mvc.Infrastructure.ResourceInvoker.<InvokeFilterPipelineAsync>g__Awaited|19_0(ResourceInvoker invoker, Task lastTask, State next, Scope scope, Object state, Boolean isCompleted)
   at Microsoft.AspNetCore.Mvc.Infrastructure.ResourceInvoker.<InvokeAsync>g__Awaited|17_0(ResourceInvoker invoker, Task task, IDisposable scope)
   at Microsoft.AspNetCore.Routing.EndpointMiddleware.<Invoke>g__AwaitRequestTask|6_0(Endpoint endpoint, Task requestTask, ILogger logger)
   at Microsoft.AspNetCore.Authorization.AuthorizationMiddleware.Invoke(HttpContext context)
   at Microsoft.AspNetCore.Authentication.AuthenticationMiddleware.Invoke(HttpContext context)
   at CWB.ExceptionHandling.ExceptionMiddleware.InvokeAsync(HttpContext httpContext) in D:\EvolutionSoftware\CWB-Latest\CWB\CWB.ExceptionHandling\ExceptionMiddleware.cs:line 26
2025-12-05 05:42:27.7346 ERROR Error: System.InvalidOperationException: An exception has been raised that is likely due to a transient failure. Consider enabling transient error resiliency by adding 'EnableRetryOnFailure()' to the 'UseMySql' call.
 ---> MySqlConnector.MySqlException (0x80004005): Connect Timeout expired.
 ---> MySqlConnector.MySqlException (0x80004005): Got timeout reading communication packets
   at MySqlConnector.Core.ServerSession.ConnectAsync(ConnectionSettings cs, Int32 startTickCount, ILoadBalancer loadBalancer, IOBehavior ioBehavior, CancellationToken cancellationToken) in /_/src/MySqlConnector/Core/ServerSession.cs:line 498
   at MySqlConnector.Core.ConnectionPool.ConnectSessionAsync(String logMessage, Int32 startTickCount, IOBehavior ioBehavior, CancellationToken cancellationToken) in /_/src/MySqlConnector/Core/ConnectionPool.cs:line 435
   at MySqlConnector.Core.ConnectionPool.GetSessionAsync(MySqlConnection connection, Int32 startTickCount, IOBehavior ioBehavior, CancellationToken cancellationToken) in /_/src/MySqlConnector/Core/ConnectionPool.cs:line 139
   at MySqlConnector.Core.ConnectionPool.GetSessionAsync(MySqlConnection connection, Int32 startTickCount, IOBehavior ioBehavior, CancellationToken cancellationToken) in /_/src/MySqlConnector/Core/ConnectionPool.cs:line 139
   at MySqlConnector.MySqlConnection.CreateSessionAsync(ConnectionPool pool, Int32 startTickCount, Nullable`1 ioBehavior, CancellationToken cancellationToken) in /_/src/MySqlConnector/MySqlConnection.cs:line 902
   at MySqlConnector.MySqlConnection.CreateSessionAsync(ConnectionPool pool, Int32 startTickCount, Nullable`1 ioBehavior, CancellationToken cancellationToken) in /_/src/MySqlConnector/MySqlConnection.cs:line 902
   at MySqlConnector.MySqlConnection.OpenAsync(Nullable`1 ioBehavior, CancellationToken cancellationToken) in /_/src/MySqlConnector/MySqlConnection.cs:line 435
   at Microsoft.EntityFrameworkCore.Storage.RelationalConnection.OpenInternalAsync(Boolean errorsExpected, CancellationToken cancellationToken)
   at Microsoft.EntityFrameworkCore.Storage.RelationalConnection.OpenInternalAsync(Boolean errorsExpected, CancellationToken cancellationToken)
   at Microsoft.EntityFrameworkCore.Storage.RelationalConnection.OpenAsync(CancellationToken cancellationToken, Boolean errorsExpected)
   at Pomelo.EntityFrameworkCore.MySql.Storage.Internal.MySqlRelationalConnection.OpenAsync(CancellationToken cancellationToken, Boolean errorsExpected)
   at Microsoft.EntityFrameworkCore.Storage.RelationalCommand.ExecuteReaderAsync(RelationalCommandParameterObject parameterObject, CancellationToken cancellationToken)
   at Microsoft.EntityFrameworkCore.Query.Internal.SingleQueryingEnumerable`1.AsyncEnumerator.InitializeReaderAsync(DbContext _, Boolean result, CancellationToken cancellationToken)
   at Pomelo.EntityFrameworkCore.MySql.Storage.Internal.MySqlExecutionStrategy.ExecuteAsync[TState,TResult](TState state, Func`4 operation, Func`4 verifySucceeded, CancellationToken cancellationToken)
   --- End of inner exception stack trace ---
   at Pomelo.EntityFrameworkCore.MySql.Storage.Internal.MySqlExecutionStrategy.ExecuteAsync[TState,TResult](TState state, Func`4 operation, Func`4 verifySucceeded, CancellationToken cancellationToken)
   at Microsoft.EntityFrameworkCore.Query.Internal.SingleQueryingEnumerable`1.AsyncEnumerator.MoveNextAsync()
   at Microsoft.EntityFrameworkCore.Query.ShapedQueryCompilingExpressionVisitor.SingleOrDefaultAsync[TSource](IAsyncEnumerable`1 asyncEnumerable, CancellationToken cancellationToken)
   at Microsoft.EntityFrameworkCore.Query.ShapedQueryCompilingExpressionVisitor.SingleOrDefaultAsync[TSource](IAsyncEnumerable`1 asyncEnumerable, CancellationToken cancellationToken)
   at CWB.Masters.Services.ItemMaster.ManufacturedPartNoDetailService.GetManuPart(Int32 partId, Int64 tenantId) in D:\DockerTestCWB\CWB-Latest\CWB\CWB.Masters\Services\ItemMaster\ManufacturedPartNoDetailService.cs:line 383
   at CWB.Masters.Services.ItemMaster.MasterPartService.GetManufPart(Int32 partId, Int64 tenantId) in D:\DockerTestCWB\CWB-Latest\CWB\CWB.Masters\Services\ItemMaster\MasterPartServer.cs:line 137
   at CWB.Masters.Controllers.ManufacturedPartNoDetailController.GetManufPart(Int32 partId, Int64 tenantId) in D:\DockerTestCWB\CWB-Latest\CWB\CWB.Masters\Controllers\ManufacturedPartNoDetailController.cs:line 42
   at Microsoft.AspNetCore.Mvc.Infrastructure.ActionMethodExecutor.TaskOfIActionResultExecutor.Execute(IActionResultTypeMapper mapper, ObjectMethodExecutor executor, Object controller, Object[] arguments)
   at Microsoft.AspNetCore.Mvc.Infrastructure.ControllerActionInvoker.<InvokeActionMethodAsync>g__Awaited|12_0(ControllerActionInvoker invoker, ValueTask`1 actionResultValueTask)
   at Microsoft.AspNetCore.Mvc.Infrastructure.ControllerActionInvoker.<InvokeNextActionFilterAsync>g__Awaited|10_0(ControllerActionInvoker invoker, Task lastTask, State next, Scope scope, Object state, Boolean isCompleted)
   at Microsoft.AspNetCore.Mvc.Infrastructure.ControllerActionInvoker.Rethrow(ActionExecutedContextSealed context)
   at Microsoft.AspNetCore.Mvc.Infrastructure.ControllerActionInvoker.Next(State& next, Scope& scope, Object& state, Boolean& isCompleted)
   at Microsoft.AspNetCore.Mvc.Infrastructure.ControllerActionInvoker.<InvokeInnerFilterAsync>g__Awaited|13_0(ControllerActionInvoker invoker, Task lastTask, State next, Scope scope, Object state, Boolean isCompleted)
   at Microsoft.AspNetCore.Mvc.Infrastructure.ResourceInvoker.<InvokeFilterPipelineAsync>g__Awaited|19_0(ResourceInvoker invoker, Task lastTask, State next, Scope scope, Object state, Boolean isCompleted)
   at Microsoft.AspNetCore.Mvc.Infrastructure.ResourceInvoker.<InvokeAsync>g__Awaited|17_0(ResourceInvoker invoker, Task task, IDisposable scope)
   at Microsoft.AspNetCore.Routing.EndpointMiddleware.<Invoke>g__AwaitRequestTask|6_0(Endpoint endpoint, Task requestTask, ILogger logger)
   at Microsoft.AspNetCore.Authorization.AuthorizationMiddleware.Invoke(HttpContext context)
   at Microsoft.AspNetCore.Authentication.AuthenticationMiddleware.Invoke(HttpContext context)
   at CWB.ExceptionHandling.ExceptionMiddleware.InvokeAsync(HttpContext httpContext) in D:\EvolutionSoftware\CWB-Latest\CWB\CWB.ExceptionHandling\ExceptionMiddleware.cs:line 26
2025-12-05 05:42:36.3875 ERROR Error: System.InvalidOperationException: An exception has been raised that is likely due to a transient failure. Consider enabling transient error resiliency by adding 'EnableRetryOnFailure()' to the 'UseMySql' call.
 ---> MySqlConnector.MySqlException (0x80004005): Connect Timeout expired.
 ---> MySqlConnector.MySqlException (0x80004005): Got timeout reading communication packets
   at MySqlConnector.Core.ServerSession.ConnectAsync(ConnectionSettings cs, Int32 startTickCount, ILoadBalancer loadBalancer, IOBehavior ioBehavior, CancellationToken cancellationToken) in /_/src/MySqlConnector/Core/ServerSession.cs:line 498
   at MySqlConnector.Core.ConnectionPool.ConnectSessionAsync(String logMessage, Int32 startTickCount, IOBehavior ioBehavior, CancellationToken cancellationToken) in /_/src/MySqlConnector/Core/ConnectionPool.cs:line 435
   at MySqlConnector.Core.ConnectionPool.GetSessionAsync(MySqlConnection connection, Int32 startTickCount, IOBehavior ioBehavior, CancellationToken cancellationToken) in /_/src/MySqlConnector/Core/ConnectionPool.cs:line 139
   at MySqlConnector.Core.ConnectionPool.GetSessionAsync(MySqlConnection connection, Int32 startTickCount, IOBehavior ioBehavior, CancellationToken cancellationToken) in /_/src/MySqlConnector/Core/ConnectionPool.cs:line 139
   at MySqlConnector.MySqlConnection.CreateSessionAsync(ConnectionPool pool, Int32 startTickCount, Nullable`1 ioBehavior, CancellationToken cancellationToken) in /_/src/MySqlConnector/MySqlConnection.cs:line 902
   at MySqlConnector.MySqlConnection.CreateSessionAsync(ConnectionPool pool, Int32 startTickCount, Nullable`1 ioBehavior, CancellationToken cancellationToken) in /_/src/MySqlConnector/MySqlConnection.cs:line 902
   at MySqlConnector.MySqlConnection.OpenAsync(Nullable`1 ioBehavior, CancellationToken cancellationToken) in /_/src/MySqlConnector/MySqlConnection.cs:line 435
   at MySqlConnector.MySqlConnection.Open() in /_/src/MySqlConnector/MySqlConnection.cs:line 380
   at Microsoft.EntityFrameworkCore.Storage.RelationalConnection.OpenInternal(Boolean errorsExpected)
   at Microsoft.EntityFrameworkCore.Storage.RelationalConnection.Open(Boolean errorsExpected)
   at Pomelo.EntityFrameworkCore.MySql.Storage.Internal.MySqlRelationalConnection.Open(Boolean errorsExpected)
   at Microsoft.EntityFrameworkCore.Storage.RelationalCommand.ExecuteReader(RelationalCommandParameterObject parameterObject)
   at Microsoft.EntityFrameworkCore.Query.Internal.SingleQueryingEnumerable`1.Enumerator.InitializeReader(DbContext _, Boolean result)
   at Pomelo.EntityFrameworkCore.MySql.Storage.Internal.MySqlExecutionStrategy.Execute[TState,TResult](TState state, Func`3 operation, Func`3 verifySucceeded)
   --- End of inner exception stack trace ---
   at Pomelo.EntityFrameworkCore.MySql.Storage.Internal.MySqlExecutionStrategy.Execute[TState,TResult](TState state, Func`3 operation, Func`3 verifySucceeded)
   at Microsoft.EntityFrameworkCore.Query.Internal.SingleQueryingEnumerable`1.Enumerator.MoveNext()
   at System.Collections.Generic.List`1..ctor(IEnumerable`1 collection)
   at System.Linq.Enumerable.ToList[TSource](IEnumerable`1 source)
   at CWB.Masters.Services.ItemMaster.ManufacturedPartNoDetailService.GetMPBOMList(String manufPartId, Int64 tenantId) in D:\DockerTestCWB\CWB-Latest\CWB\CWB.Masters\Services\ItemMaster\ManufacturedPartNoDetailService.cs:line 253
   at CWB.Masters.Controllers.ManufacturedPartNoDetailController.GetMPBOMList(String partId) in D:\DockerTestCWB\CWB-Latest\CWB\CWB.Masters\Controllers\ManufacturedPartNoDetailController.cs:line 220
   at lambda_method(Closure , Object , Object[] )
   at Microsoft.AspNetCore.Mvc.Infrastructure.ActionMethodExecutor.SyncActionResultExecutor.Execute(IActionResultTypeMapper mapper, ObjectMethodExecutor executor, Object controller, Object[] arguments)
   at Microsoft.AspNetCore.Mvc.Infrastructure.ControllerActionInvoker.InvokeActionMethodAsync()
   at Microsoft.AspNetCore.Mvc.Infrastructure.ControllerActionInvoker.Next(State& next, Scope& scope, Object& state, Boolean& isCompleted)
   at Microsoft.AspNetCore.Mvc.Infrastructure.ControllerActionInvoker.InvokeNextActionFilterAsync()
--- End of stack trace from previous location where exception was thrown ---
   at Microsoft.AspNetCore.Mvc.Infrastructure.ControllerActionInvoker.Rethrow(ActionExecutedContextSealed context)
   at Microsoft.AspNetCore.Mvc.Infrastructure.ControllerActionInvoker.Next(State& next, Scope& scope, Object& state, Boolean& isCompleted)
   at Microsoft.AspNetCore.Mvc.Infrastructure.ControllerActionInvoker.InvokeInnerFilterAsync()
--- End of stack trace from previous location where exception was thrown ---
   at Microsoft.AspNetCore.Mvc.Infrastructure.ResourceInvoker.<InvokeFilterPipelineAsync>g__Awaited|19_0(ResourceInvoker invoker, Task lastTask, State next, Scope scope, Object state, Boolean isCompleted)
   at Microsoft.AspNetCore.Mvc.Infrastructure.ResourceInvoker.<InvokeAsync>g__Awaited|17_0(ResourceInvoker invoker, Task task, IDisposable scope)
   at Microsoft.AspNetCore.Routing.EndpointMiddleware.<Invoke>g__AwaitRequestTask|6_0(Endpoint endpoint, Task requestTask, ILogger logger)
   at Microsoft.AspNetCore.Authorization.AuthorizationMiddleware.Invoke(HttpContext context)
   at Microsoft.AspNetCore.Authentication.AuthenticationMiddleware.Invoke(HttpContext context)
   at CWB.ExceptionHandling.ExceptionMiddleware.InvokeAsync(HttpContext httpContext) in D:\EvolutionSoftware\CWB-Latest\CWB\CWB.ExceptionHandling\ExceptionMiddleware.cs:line 26
2025-12-05 05:42:42.6664 ERROR Error: System.InvalidOperationException: An exception has been raised that is likely due to a transient failure. Consider enabling transient error resiliency by adding 'EnableRetryOnFailure()' to the 'UseMySql' call.
 ---> MySqlConnector.MySqlException (0x80004005): Connect Timeout expired.
 ---> MySqlConnector.MySqlException (0x80004005): Got timeout reading communication packets
   at MySqlConnector.Core.ServerSession.ConnectAsync(ConnectionSettings cs, Int32 startTickCount, ILoadBalancer loadBalancer, IOBehavior ioBehavior, CancellationToken cancellationToken) in /_/src/MySqlConnector/Core/ServerSession.cs:line 498
   at MySqlConnector.Core.ConnectionPool.ConnectSessionAsync(String logMessage, Int32 startTickCount, IOBehavior ioBehavior, CancellationToken cancellationToken) in /_/src/MySqlConnector/Core/ConnectionPool.cs:line 435
   at MySqlConnector.Core.ConnectionPool.GetSessionAsync(MySqlConnection connection, Int32 startTickCount, IOBehavior ioBehavior, CancellationToken cancellationToken) in /_/src/MySqlConnector/Core/ConnectionPool.cs:line 139
   at MySqlConnector.Core.ConnectionPool.GetSessionAsync(MySqlConnection connection, Int32 startTickCount, IOBehavior ioBehavior, CancellationToken cancellationToken) in /_/src/MySqlConnector/Core/ConnectionPool.cs:line 139
   at MySqlConnector.MySqlConnection.CreateSessionAsync(ConnectionPool pool, Int32 startTickCount, Nullable`1 ioBehavior, CancellationToken cancellationToken) in /_/src/MySqlConnector/MySqlConnection.cs:line 902
   at MySqlConnector.MySqlConnection.CreateSessionAsync(ConnectionPool pool, Int32 startTickCount, Nullable`1 ioBehavior, CancellationToken cancellationToken) in /_/src/MySqlConnector/MySqlConnection.cs:line 902
   at MySqlConnector.MySqlConnection.OpenAsync(Nullable`1 ioBehavior, CancellationToken cancellationToken) in /_/src/MySqlConnector/MySqlConnection.cs:line 435
   at Microsoft.EntityFrameworkCore.Storage.RelationalConnection.OpenInternalAsync(Boolean errorsExpected, CancellationToken cancellationToken)
   at Microsoft.EntityFrameworkCore.Storage.RelationalConnection.OpenInternalAsync(Boolean errorsExpected, CancellationToken cancellationToken)
   at Microsoft.EntityFrameworkCore.Storage.RelationalConnection.OpenAsync(CancellationToken cancellationToken, Boolean errorsExpected)
   at Pomelo.EntityFrameworkCore.MySql.Storage.Internal.MySqlRelationalConnection.OpenAsync(CancellationToken cancellationToken, Boolean errorsExpected)
   at Microsoft.EntityFrameworkCore.Storage.RelationalCommand.ExecuteReaderAsync(RelationalCommandParameterObject parameterObject, CancellationToken cancellationToken)
   at Microsoft.EntityFrameworkCore.Query.Internal.SingleQueryingEnumerable`1.AsyncEnumerator.InitializeReaderAsync(DbContext _, Boolean result, CancellationToken cancellationToken)
   at Pomelo.EntityFrameworkCore.MySql.Storage.Internal.MySqlExecutionStrategy.ExecuteAsync[TState,TResult](TState state, Func`4 operation, Func`4 verifySucceeded, CancellationToken cancellationToken)
   --- End of inner exception stack trace ---
   at Pomelo.EntityFrameworkCore.MySql.Storage.Internal.MySqlExecutionStrategy.ExecuteAsync[TState,TResult](TState state, Func`4 operation, Func`4 verifySucceeded, CancellationToken cancellationToken)
   at Microsoft.EntityFrameworkCore.Query.Internal.SingleQueryingEnumerable`1.AsyncEnumerator.MoveNextAsync()
   at Microsoft.EntityFrameworkCore.Query.ShapedQueryCompilingExpressionVisitor.SingleOrDefaultAsync[TSource](IAsyncEnumerable`1 asyncEnumerable, CancellationToken cancellationToken)
   at Microsoft.EntityFrameworkCore.Query.ShapedQueryCompilingExpressionVisitor.SingleOrDefaultAsync[TSource](IAsyncEnumerable`1 asyncEnumerable, CancellationToken cancellationToken)
   at CWB.Masters.Services.ItemMaster.ManufacturedPartNoDetailService.GetManuPart(Int32 partId, Int64 tenantId) in D:\DockerTestCWB\CWB-Latest\CWB\CWB.Masters\Services\ItemMaster\ManufacturedPartNoDetailService.cs:line 383
   at CWB.Masters.Services.ItemMaster.MasterPartService.GetManufPart(Int32 partId, Int64 tenantId) in D:\DockerTestCWB\CWB-Latest\CWB\CWB.Masters\Services\ItemMaster\MasterPartServer.cs:line 137
   at CWB.Masters.Controllers.ManufacturedPartNoDetailController.GetManufPart(Int32 partId, Int64 tenantId) in D:\DockerTestCWB\CWB-Latest\CWB\CWB.Masters\Controllers\ManufacturedPartNoDetailController.cs:line 42
   at Microsoft.AspNetCore.Mvc.Infrastructure.ActionMethodExecutor.TaskOfIActionResultExecutor.Execute(IActionResultTypeMapper mapper, ObjectMethodExecutor executor, Object controller, Object[] arguments)
   at Microsoft.AspNetCore.Mvc.Infrastructure.ControllerActionInvoker.<InvokeActionMethodAsync>g__Awaited|12_0(ControllerActionInvoker invoker, ValueTask`1 actionResultValueTask)
   at Microsoft.AspNetCore.Mvc.Infrastructure.ControllerActionInvoker.<InvokeNextActionFilterAsync>g__Awaited|10_0(ControllerActionInvoker invoker, Task lastTask, State next, Scope scope, Object state, Boolean isCompleted)
   at Microsoft.AspNetCore.Mvc.Infrastructure.ControllerActionInvoker.Rethrow(ActionExecutedContextSealed context)
   at Microsoft.AspNetCore.Mvc.Infrastructure.ControllerActionInvoker.Next(State& next, Scope& scope, Object& state, Boolean& isCompleted)
   at Microsoft.AspNetCore.Mvc.Infrastructure.ControllerActionInvoker.<InvokeInnerFilterAsync>g__Awaited|13_0(ControllerActionInvoker invoker, Task lastTask, State next, Scope scope, Object state, Boolean isCompleted)
   at Microsoft.AspNetCore.Mvc.Infrastructure.ResourceInvoker.<InvokeFilterPipelineAsync>g__Awaited|19_0(ResourceInvoker invoker, Task lastTask, State next, Scope scope, Object state, Boolean isCompleted)
   at Microsoft.AspNetCore.Mvc.Infrastructure.ResourceInvoker.<InvokeAsync>g__Awaited|17_0(ResourceInvoker invoker, Task task, IDisposable scope)
   at Microsoft.AspNetCore.Routing.EndpointMiddleware.<Invoke>g__AwaitRequestTask|6_0(Endpoint endpoint, Task requestTask, ILogger logger)
   at Microsoft.AspNetCore.Authorization.AuthorizationMiddleware.Invoke(HttpContext context)
   at Microsoft.AspNetCore.Authentication.AuthenticationMiddleware.Invoke(HttpContext context)
   at CWB.ExceptionHandling.ExceptionMiddleware.InvokeAsync(HttpContext httpContext) in D:\EvolutionSoftware\CWB-Latest\CWB\CWB.ExceptionHandling\ExceptionMiddleware.cs:line 26
2025-12-05 05:42:45.0356 ERROR Error: System.InvalidOperationException: An exception has been raised that is likely due to a transient failure. Consider enabling transient error resiliency by adding 'EnableRetryOnFailure()' to the 'UseMySql' call.
 ---> MySqlConnector.MySqlException (0x80004005): Connect Timeout expired.
 ---> MySqlConnector.MySqlException (0x80004005): Got timeout reading communication packets
   at MySqlConnector.Core.ServerSession.ConnectAsync(ConnectionSettings cs, Int32 startTickCount, ILoadBalancer loadBalancer, IOBehavior ioBehavior, CancellationToken cancellationToken) in /_/src/MySqlConnector/Core/ServerSession.cs:line 498
   at MySqlConnector.Core.ConnectionPool.ConnectSessionAsync(String logMessage, Int32 startTickCount, IOBehavior ioBehavior, CancellationToken cancellationToken) in /_/src/MySqlConnector/Core/ConnectionPool.cs:line 435
   at MySqlConnector.Core.ConnectionPool.GetSessionAsync(MySqlConnection connection, Int32 startTickCount, IOBehavior ioBehavior, CancellationToken cancellationToken) in /_/src/MySqlConnector/Core/ConnectionPool.cs:line 139
   at MySqlConnector.Core.ConnectionPool.GetSessionAsync(MySqlConnection connection, Int32 startTickCount, IOBehavior ioBehavior, CancellationToken cancellationToken) in /_/src/MySqlConnector/Core/ConnectionPool.cs:line 139
   at MySqlConnector.MySqlConnection.CreateSessionAsync(ConnectionPool pool, Int32 startTickCount, Nullable`1 ioBehavior, CancellationToken cancellationToken) in /_/src/MySqlConnector/MySqlConnection.cs:line 902
   at MySqlConnector.MySqlConnection.CreateSessionAsync(ConnectionPool pool, Int32 startTickCount, Nullable`1 ioBehavior, CancellationToken cancellationToken) in /_/src/MySqlConnector/MySqlConnection.cs:line 902
   at MySqlConnector.MySqlConnection.OpenAsync(Nullable`1 ioBehavior, CancellationToken cancellationToken) in /_/src/MySqlConnector/MySqlConnection.cs:line 435
   at Microsoft.EntityFrameworkCore.Storage.RelationalConnection.OpenInternalAsync(Boolean errorsExpected, CancellationToken cancellationToken)
   at Microsoft.EntityFrameworkCore.Storage.RelationalConnection.OpenInternalAsync(Boolean errorsExpected, CancellationToken cancellationToken)
   at Microsoft.EntityFrameworkCore.Storage.RelationalConnection.OpenAsync(CancellationToken cancellationToken, Boolean errorsExpected)
   at Pomelo.EntityFrameworkCore.MySql.Storage.Internal.MySqlRelationalConnection.OpenAsync(CancellationToken cancellationToken, Boolean errorsExpected)
   at Microsoft.EntityFrameworkCore.Storage.RelationalCommand.ExecuteReaderAsync(RelationalCommandParameterObject parameterObject, CancellationToken cancellationToken)
   at Microsoft.EntityFrameworkCore.Query.Internal.SingleQueryingEnumerable`1.AsyncEnumerator.InitializeReaderAsync(DbContext _, Boolean result, CancellationToken cancellationToken)
   at Pomelo.EntityFrameworkCore.MySql.Storage.Internal.MySqlExecutionStrategy.ExecuteAsync[TState,TResult](TState state, Func`4 operation, Func`4 verifySucceeded, CancellationToken cancellationToken)
   --- End of inner exception stack trace ---
   at Pomelo.EntityFrameworkCore.MySql.Storage.Internal.MySqlExecutionStrategy.ExecuteAsync[TState,TResult](TState state, Func`4 operation, Func`4 verifySucceeded, CancellationToken cancellationToken)
   at Microsoft.EntityFrameworkCore.Query.Internal.SingleQueryingEnumerable`1.AsyncEnumerator.MoveNextAsync()
   at Microsoft.EntityFrameworkCore.Query.ShapedQueryCompilingExpressionVisitor.SingleOrDefaultAsync[TSource](IAsyncEnumerable`1 asyncEnumerable, CancellationToken cancellationToken)
   at Microsoft.EntityFrameworkCore.Query.ShapedQueryCompilingExpressionVisitor.SingleOrDefaultAsync[TSource](IAsyncEnumerable`1 asyncEnumerable, CancellationToken cancellationToken)
   at CWB.Masters.Services.ItemMaster.ManufacturedPartNoDetailService.GetManuPart(Int32 partId, Int64 tenantId) in D:\DockerTestCWB\CWB-Latest\CWB\CWB.Masters\Services\ItemMaster\ManufacturedPartNoDetailService.cs:line 383
   at CWB.Masters.Services.ItemMaster.MasterPartService.GetManufPart(Int32 partId, Int64 tenantId) in D:\DockerTestCWB\CWB-Latest\CWB\CWB.Masters\Services\ItemMaster\MasterPartServer.cs:line 137
   at CWB.Masters.Controllers.ManufacturedPartNoDetailController.GetManufPart(Int32 partId, Int64 tenantId) in D:\DockerTestCWB\CWB-Latest\CWB\CWB.Masters\Controllers\ManufacturedPartNoDetailController.cs:line 42
   at Microsoft.AspNetCore.Mvc.Infrastructure.ActionMethodExecutor.TaskOfIActionResultExecutor.Execute(IActionResultTypeMapper mapper, ObjectMethodExecutor executor, Object controller, Object[] arguments)
   at Microsoft.AspNetCore.Mvc.Infrastructure.ControllerActionInvoker.<InvokeActionMethodAsync>g__Awaited|12_0(ControllerActionInvoker invoker, ValueTask`1 actionResultValueTask)
   at Microsoft.AspNetCore.Mvc.Infrastructure.ControllerActionInvoker.<InvokeNextActionFilterAsync>g__Awaited|10_0(ControllerActionInvoker invoker, Task lastTask, State next, Scope scope, Object state, Boolean isCompleted)
   at Microsoft.AspNetCore.Mvc.Infrastructure.ControllerActionInvoker.Rethrow(ActionExecutedContextSealed context)
   at Microsoft.AspNetCore.Mvc.Infrastructure.ControllerActionInvoker.Next(State& next, Scope& scope, Object& state, Boolean& isCompleted)
   at Microsoft.AspNetCore.Mvc.Infrastructure.ControllerActionInvoker.<InvokeInnerFilterAsync>g__Awaited|13_0(ControllerActionInvoker invoker, Task lastTask, State next, Scope scope, Object state, Boolean isCompleted)
   at Microsoft.AspNetCore.Mvc.Infrastructure.ResourceInvoker.<InvokeFilterPipelineAsync>g__Awaited|19_0(ResourceInvoker invoker, Task lastTask, State next, Scope scope, Object state, Boolean isCompleted)
   at Microsoft.AspNetCore.Mvc.Infrastructure.ResourceInvoker.<InvokeAsync>g__Awaited|17_0(ResourceInvoker invoker, Task task, IDisposable scope)
   at Microsoft.AspNetCore.Routing.EndpointMiddleware.<Invoke>g__AwaitRequestTask|6_0(Endpoint endpoint, Task requestTask, ILogger logger)
   at Microsoft.AspNetCore.Authorization.AuthorizationMiddleware.Invoke(HttpContext context)
   at Microsoft.AspNetCore.Authentication.AuthenticationMiddleware.Invoke(HttpContext context)
   at CWB.ExceptionHandling.ExceptionMiddleware.InvokeAsync(HttpContext httpContext) in D:\EvolutionSoftware\CWB-Latest\CWB\CWB.ExceptionHandling\ExceptionMiddleware.cs:line 26
